customer_id,tenure,monthly_charges,contract,payment_method,internet_service,senior_citizen,partner,dependents,num_addons_active,total_logins_90d,recent_30d_vs_older_60d_ratio,avg_session_duration_recent_30d,num_tickets,pct_unresolved,avg_resolution_time_hours,avg_usage_count
7590-VHVEG,1,29.85,Month-to-month,Electronic check,DSL,0,Yes,No,1,11,0.2222222222222222,422.5,2,0.0,22.46,8.714285714285714
5575-GNVDE,34,56.95,One year,Mailed check,DSL,0,No,No,2,23,0.4375,413.2857142857143,5,0.2,6.42,12.222222222222221
3668-QPYBK,2,53.85,Month-to-month,Mailed check,DSL,0,No,No,2,13,0.3,231.66666666666666,1,0.0,48.04,1.9166666666666667
7795-CFOCW,45,42.3,One year,Bank transfer (automatic),DSL,0,No,No,3,16,0.7777777777777778,437.0,1,0.0,7.59,6.888888888888889
9237-HQITU,2,70.7,Month-to-month,Electronic check,Fiber optic,0,No,No,0,20,0.3333333333333333,524.2,1,1.0,0.0,0.0
9305-CDSKC,8,99.65,Month-to-month,Electronic check,Fiber optic,0,No,No,3,20,0.17647058823529413,365.3333333333333,3,0.3333333333333333,31.904999999999998,5.133333333333334
1452-KIOVK,22,89.1,Month-to-month,Credit card (automatic),Fiber optic,0,No,Yes,2,29,0.7058823529411765,556.0,2,0.0,15.655,5.583333333333333
6713-OKOMC,10,29.75,Month-to-month,Mailed check,DSL,0,No,No,1,10,0.1111111111111111,970.0,1,0.0,8.67,14.0
7892-POOKP,28,104.8,Month-to-month,Electronic check,Fiber optic,0,Yes,No,4,17,0.5454545454545454,330.3333333333333,2,0.5,34.67,6.083333333333333
6388-TABGU,62,56.15,One year,Bank transfer (automatic),DSL,0,No,Yes,2,21,0.3125,532.2,4,0.25,17.033333333333335,3.357142857142857
9763-GRSKD,13,49.95,Month-to-month,Mailed check,DSL,0,Yes,Yes,1,25,0.7857142857142857,533.0909090909091,2,0.0,16.9,9.461538461538462
7469-LKBCI,16,18.95,Two year,Credit card (automatic),No,0,No,No,0,11,0.5714285714285714,472.5,1,0.0,12.66,0.0
8091-TTVAX,58,100.35,One year,Credit card (automatic),Fiber optic,0,Yes,No,3,11,0.8333333333333334,680.0,0,0.0,0.0,2.7
0280-XJGEX,49,103.7,Month-to-month,Bank transfer (automatic),Fiber optic,0,No,No,4,17,0.21428571428571427,409.0,2,0.0,10.405,6.277777777777778
5129-JLPIS,25,105.5,Month-to-month,Electronic check,Fiber optic,0,No,No,5,26,1.0,637.1538461538462,3,0.0,2.4633333333333334,9.695652173913043
3655-SNQYZ,69,113.25,Two year,Credit card (automatic),Fiber optic,0,Yes,Yes,6,13,0.3,626.6666666666666,1,0.0,13.89,4.909090909090909
8191-XWSZG,52,20.65,One year,Mailed check,No,0,No,No,0,25,0.3157894736842105,487.5,2,0.0,3.885,0.0
9959-WOFKT,71,106.7,Two year,Bank transfer (automatic),Fiber optic,0,No,Yes,4,18,1.0,658.4444444444445,3,0.0,6.223333333333334,3.918918918918919
4190-MFLUW,10,55.2,Month-to-month,Credit card (automatic),DSL,0,Yes,Yes,2,13,0.4444444444444444,313.25,1,1.0,0.0,3.5
4183-MYFRB,21,90.05,Month-to-month,Electronic check,Fiber optic,0,No,No,3,11,0.375,627.3333333333334,3,0.3333333333333333,46.925,6.545454545454546
8779-QRDMV,1,39.65,Month-to-month,Electronic check,DSL,1,No,No,2,21,0.5,717.2857142857143,2,0.5,3.79,4.142857142857143
1680-VDCWW,12,19.8,One year,Bank transfer (automatic),No,0,Yes,No,0,14,0.75,526.6666666666666,1,0.0,23.54,0.0
1066-JKSGK,1,20.15,Month-to-month,Mailed check,No,0,No,No,0,16,0.6,646.5,3,0.0,19.94333333333333,0.0
3638-WEABW,58,59.9,Two year,Credit card (automatic),DSL,0,Yes,No,2,28,0.47368421052631576,419.77777777777777,1,0.0,12.7,6.5
6322-HRPFA,49,59.6,Month-to-month,Credit card (automatic),DSL,0,Yes,Yes,3,27,0.5882352941176471,611.9,1,0.0,9.44,7.583333333333333
6865-JZNKO,30,55.3,Month-to-month,Bank transfer (automatic),DSL,0,No,No,2,15,0.25,341.3333333333333,4,0.0,5.88,5.0
6467-CHFZW,47,99.35,Month-to-month,Electronic check,Fiber optic,0,Yes,Yes,3,23,0.5333333333333333,461.625,3,0.0,29.143333333333334,3.4
8665-UTDHZ,1,30.2,Month-to-month,Electronic check,DSL,0,Yes,Yes,1,24,0.4117647058823529,385.57142857142856,4,1.0,0.0,3.875
5248-YGIJN,72,90.25,Two year,Credit card (automatic),DSL,0,Yes,No,6,29,0.5263157894736842,551.2,1,0.0,0.86,9.0
8773-HHUOZ,17,64.7,Month-to-month,Mailed check,DSL,0,No,Yes,2,10,0.6666666666666666,370.75,4,0.5,13.04,5.5
3841-NFECX,71,96.35,Two year,Credit card (automatic),Fiber optic,1,Yes,No,4,30,0.7647058823529411,550.7692307692307,1,0.0,8.91,4.2
4929-XIHVW,2,95.5,Month-to-month,Credit card (automatic),Fiber optic,1,Yes,No,3,22,0.5714285714285714,658.625,1,1.0,0.0,9.826086956521738
6827-IEAUQ,27,66.15,One year,Mailed check,DSL,0,Yes,Yes,4,30,0.42857142857142855,587.3333333333334,0,0.0,0.0,5.257142857142857
7310-EGVHZ,1,20.2,Month-to-month,Bank transfer (automatic),No,0,No,No,0,12,0.7142857142857143,607.6,2,0.0,6.925,0.0
3413-BMNZE,1,45.25,Month-to-month,Bank transfer (automatic),DSL,1,No,No,0,10,1.0,420.2,3,0.0,8.883333333333333,0.0
6234-RAAPL,72,99.9,Two year,Bank transfer (automatic),Fiber optic,0,Yes,Yes,4,27,0.42105263157894735,496.125,1,0.0,6.78,9.02127659574468
6047-YHPVI,5,69.7,Month-to-month,Electronic check,Fiber optic,0,No,No,0,10,0.25,336.5,2,0.5,31.68,0.0
6572-ADKRS,46,74.8,Month-to-month,Credit card (automatic),Fiber optic,0,No,No,1,20,0.42857142857142855,575.5,1,1.0,0.0,10.25
5380-WJKOV,34,106.35,Month-to-month,Electronic check,Fiber optic,0,No,No,4,21,0.10526315789473684,505.0,3,0.0,28.406666666666666,4.933333333333334
8168-UQWWF,11,97.85,Month-to-month,Bank transfer (automatic),Fiber optic,0,No,No,3,15,0.6666666666666666,422.8333333333333,1,0.0,6.84,6.9411764705882355
8865-TNMNX,10,49.55,One year,Mailed check,DSL,0,Yes,Yes,1,26,0.8571428571428571,560.6666666666666,2,0.5,0.65,7.2
9489-DEDVP,70,69.2,Two year,Credit card (automatic),DSL,0,Yes,Yes,3,23,0.2777777777777778,356.4,3,0.3333333333333333,29.105,6.6923076923076925
9867-JCZSP,17,20.75,One year,Mailed check,No,0,Yes,Yes,0,24,0.6,503.44444444444446,1,0.0,1.72,0.0
4671-VJLCL,63,79.85,Two year,Credit card (automatic),DSL,0,No,No,5,12,0.3333333333333333,722.0,1,1.0,0.0,5.823529411764706
4080-IIARD,13,76.2,Month-to-month,Electronic check,DSL,0,Yes,No,4,23,0.9166666666666666,532.1818181818181,2,0.5,5.7,7.071428571428571
3714-NTNFO,49,84.5,Month-to-month,Electronic check,Fiber optic,0,No,No,1,25,0.7857142857142857,479.72727272727275,1,0.0,10.76,7.555555555555555
5948-UJZLF,2,49.25,Month-to-month,Mailed check,DSL,0,No,No,1,12,0.09090909090909091,214.0,2,0.5,15.41,8.916666666666666
7760-OYPDY,2,80.65,Month-to-month,Electronic check,Fiber optic,0,No,No,1,11,0.375,378.0,2,0.5,9.59,3.5714285714285716
7639-LIAYI,52,79.75,Two year,Credit card (automatic),DSL,0,No,No,4,28,0.4,241.625,1,1.0,0.0,8.066666666666666
2954-PIBKO,69,64.15,Two year,Credit card (automatic),DSL,0,Yes,Yes,3,23,0.15,726.0,1,1.0,0.0,13.5
8012-SOUDQ,43,90.25,Month-to-month,Electronic check,Fiber optic,1,No,No,2,24,0.4117647058823529,410.14285714285717,5,0.8,13.68,20.076923076923077
9420-LOJKX,15,99.1,Month-to-month,Credit card (automatic),Fiber optic,0,No,No,4,15,0.6666666666666666,377.6666666666667,3,0.3333333333333333,38.465,3.9166666666666665
6575-SUVOI,25,69.5,Month-to-month,Credit card (automatic),DSL,1,Yes,No,3,18,0.058823529411764705,216.0,1,1.0,0.0,5.964285714285714
7495-OOKFY,8,80.65,Month-to-month,Credit card (automatic),Fiber optic,1,Yes,No,1,29,0.5263157894736842,712.2,0,0.0,0.0,5.333333333333333
4667-QONEA,60,74.85,One year,Credit card (automatic),DSL,1,Yes,Yes,5,19,0.26666666666666666,343.5,1,1.0,0.0,2.5813953488372094
1658-BYGOY,18,95.45,Month-to-month,Electronic check,Fiber optic,1,No,No,2,27,0.5,297.44444444444446,2,0.0,8.385,8.6
8769-KKTPH,63,99.65,One year,Credit card (automatic),Fiber optic,0,Yes,Yes,3,30,0.42857142857142855,558.4444444444445,1,1.0,0.0,4.275862068965517
5067-XJQFU,66,108.45,One year,Electronic check,Fiber optic,1,Yes,Yes,5,16,0.6,443.3333333333333,0,0.0,0.0,22.68
3957-SQXML,34,24.95,Two year,Credit card (automatic),No,0,Yes,Yes,0,23,0.9166666666666666,456.09090909090907,0,0.0,0.0,0.0
5954-BDFSG,72,107.5,Two year,Credit card (automatic),Fiber optic,0,No,No,4,14,0.5555555555555556,544.6,2,0.5,3.19,8.678571428571429
0434-CSFON,47,100.5,Month-to-month,Electronic check,Fiber optic,0,Yes,No,3,21,0.5,497.85714285714283,5,0.0,4.51,3.238095238095238
1215-FIGMP,60,89.9,Month-to-month,Bank transfer (automatic),Fiber optic,0,No,No,2,21,0.23529411764705882,204.75,0,0.0,0.0,6.1923076923076925
0526-SXDJP,72,42.1,Two year,Bank transfer (automatic),DSL,0,Yes,No,3,10,1.0,598.2,3,0.3333333333333333,1.37,6.9523809523809526
0557-ASKVU,18,54.4,One year,Credit card (automatic),DSL,0,Yes,Yes,2,18,1.0,504.44444444444446,3,0.3333333333333333,6.61,5.714285714285714
5698-BQJOH,9,94.4,Month-to-month,Electronic check,Fiber optic,0,No,No,2,12,0.5,485.75,4,0.5,17.935000000000002,2.5
5122-CYFXA,3,75.3,Month-to-month,Electronic check,DSL,0,No,No,4,15,0.875,571.2857142857143,1,0.0,11.6,9.36
8627-ZYGSZ,47,78.9,One year,Electronic check,Fiber optic,0,Yes,No,1,28,1.0,609.6428571428571,1,1.0,0.0,6.333333333333333
3410-YOQBQ,31,79.2,Two year,Mailed check,DSL,0,No,No,5,23,0.2777777777777778,383.2,1,0.0,7.99,5.365853658536586
3170-NMYVV,50,20.15,Two year,Bank transfer (automatic),No,0,Yes,Yes,0,23,0.5333333333333333,459.125,0,0.0,0.0,0.0
7410-OIEDU,10,79.85,Month-to-month,Mailed check,Fiber optic,0,No,No,2,23,0.5333333333333333,241.875,3,0.0,5.79,5.0
2273-QCKXA,1,49.05,Month-to-month,Mailed check,DSL,0,No,No,1,30,0.25,612.3333333333334,2,1.0,0.0,17.076923076923077
0731-EBJQB,52,20.4,One year,Electronic check,No,0,Yes,Yes,0,29,0.5263157894736842,307.9,0,0.0,0.0,0.0
1891-QRQSA,64,111.6,Two year,Bank transfer (automatic),Fiber optic,1,Yes,Yes,5,21,0.6153846153846154,468.25,2,0.0,10.75,5.804878048780488
8028-PNXHQ,62,24.25,Two year,Bank transfer (automatic),No,0,Yes,Yes,0,17,0.5454545454545454,523.6666666666666,0,0.0,0.0,0.0
5630-AHZIL,3,64.5,Month-to-month,Bank transfer (automatic),DSL,0,No,Yes,3,26,0.3684210526315789,521.2857142857143,2,0.0,8.67,20.107142857142858
2673-CXQEU,56,110.5,One year,Electronic check,Fiber optic,1,No,No,5,23,0.15,656.3333333333334,0,0.0,0.0,4.485714285714286
6416-JNVRK,46,55.65,One year,Credit card (automatic),DSL,0,No,No,1,30,0.36363636363636365,422.25,0,0.0,0.0,17.363636363636363
5590-ZSKRV,8,54.65,Month-to-month,Mailed check,DSL,0,Yes,Yes,2,11,0.8333333333333334,661.2,2,1.0,0.0,3.8636363636363638
0191-ZHSKZ,30,74.75,Month-to-month,Electronic check,DSL,1,No,No,4,16,0.6,396.1666666666667,3,0.0,10.273333333333333,3.21875
3887-PBQAO,45,25.9,One year,Credit card (automatic),No,0,Yes,Yes,0,27,0.2857142857142857,322.8333333333333,1,0.0,13.74,0.0
5919-TMRGD,1,79.35,Month-to-month,Electronic check,Fiber optic,0,No,Yes,1,22,0.6923076923076923,403.1111111111111,1,0.0,8.95,6.666666666666667
8108-UXRQN,11,50.55,Month-to-month,Electronic check,DSL,0,Yes,Yes,3,27,0.35,537.8571428571429,1,0.0,5.2,10.884615384615385
9191-MYQKX,7,75.15,Month-to-month,Bank transfer (automatic),Fiber optic,0,Yes,No,1,19,0.35714285714285715,278.6,5,0.4,45.593333333333334,4.833333333333333
9919-YLNNG,42,103.8,Month-to-month,Bank transfer (automatic),Fiber optic,0,No,No,5,11,0.0,0.0,0,0.0,0.0,2.55
0318-ZOPWS,49,20.15,Two year,Bank transfer (automatic),No,0,Yes,No,0,19,0.5833333333333334,305.14285714285717,0,0.0,0.0,0.0
4445-ZJNMU,9,99.3,Month-to-month,Credit card (automatic),Fiber optic,0,No,No,3,14,0.2727272727272727,426.3333333333333,5,0.0,12.326,11.590909090909092
4808-YNLEU,35,62.15,One year,Bank transfer (automatic),DSL,0,Yes,No,2,25,0.13636363636363635,480.3333333333333,3,0.3333333333333333,40.525,2.4
1862-QRWPE,48,20.65,Two year,Bank transfer (automatic),No,0,Yes,Yes,0,12,0.7142857142857143,733.8,1,0.0,9.01,0.0
2796-NNUFI,46,19.95,Two year,Mailed check,No,0,Yes,Yes,0,20,0.25,479.5,0,0.0,0.0,0.0
3016-KSVCP,29,33.75,Month-to-month,Mailed check,DSL,0,Yes,No,1,29,0.5263157894736842,737.3,0,0.0,0.0,6.8
4767-HZZHQ,30,82.05,Month-to-month,Bank transfer (automatic),Fiber optic,0,Yes,Yes,2,10,0.0,0.0,2,0.0,14.044999999999998,4.111111111111111
2424-WVHPL,1,74.7,Month-to-month,Electronic check,Fiber optic,1,No,No,1,27,0.5882352941176471,468.9,1,0.0,18.91,8.545454545454545
7233-PAHHL,66,84.0,Two year,Mailed check,DSL,0,Yes,Yes,5,15,0.15384615384615385,230.5,0,0.0,0.0,8.454545454545455
6067-NGCEU,65,111.05,Month-to-month,Credit card (automatic),Fiber optic,0,No,No,5,29,1.2307692307692308,696.625,2,0.0,3.05,8.58
9848-JQJTX,72,100.9,Two year,Bank transfer (automatic),Fiber optic,0,No,No,4,29,0.2608695652173913,604.8333333333334,2,1.0,0.0,10.289473684210526
8637-XJIVR,12,78.95,Month-to-month,Electronic check,Fiber optic,0,No,No,1,11,0.8333333333333334,325.4,4,0.0,39.005,6.6
9803-FTJCG,71,66.85,One year,Credit card (automatic),DSL,0,Yes,Yes,3,29,0.9333333333333333,660.8571428571429,1,0.0,4.02,6.8125
0278-YXOOG,5,21.05,Month-to-month,Mailed check,No,0,No,No,0,14,0.5555555555555556,895.6,1,0.0,12.11,0.0
3212-KXOCR,52,21.0,Two year,Bank transfer (automatic),No,0,No,No,0,30,0.36363636363636365,429.75,0,0.0,0.0,0.0
4598-XLKNJ,25,98.5,Month-to-month,Electronic check,Fiber optic,1,Yes,No,4,24,0.3333333333333333,278.8333333333333,1,0.0,9.92,3.2333333333333334
6380-ARCEH,1,20.2,Month-to-month,Mailed check,No,0,No,No,0,17,0.5454545454545454,407.6666666666667,1,0.0,8.05,0.0
3679-XASPY,1,19.45,Month-to-month,Electronic check,No,0,Yes,Yes,0,24,1.4,558.6428571428571,3,0.0,6.4433333333333325,0.0
7123-WQUHX,38,95.0,One year,Bank transfer (automatic),Fiber optic,0,No,No,3,24,0.4117647058823529,458.0,1,0.0,12.2,6.2272727272727275
5386-THSLQ,66,45.55,One year,Bank transfer (automatic),DSL,1,Yes,No,3,18,0.38461538461538464,537.6,4,0.25,4.8,4.354838709677419
3192-NQECA,68,110.0,Two year,Bank transfer (automatic),Fiber optic,0,Yes,No,5,26,0.4444444444444444,340.625,1,0.0,22.07,4.068965517241379
6180-YBIQI,5,24.3,Month-to-month,Mailed check,DSL,0,No,No,0,15,0.875,631.0,1,0.0,18.31,0.0
6728-DKUCO,72,104.15,One year,Electronic check,Fiber optic,0,Yes,Yes,4,17,0.3076923076923077,415.25,2,0.0,47.09,12.857142857142858
9750-BOOHV,32,30.15,One year,Mailed check,DSL,0,No,No,1,14,0.07692307692307693,298.0,3,0.3333333333333333,6.545,3.6363636363636362
8597-CWYHH,43,94.35,One year,Mailed check,Fiber optic,0,No,No,2,11,0.1,306.0,0,0.0,0.0,2.533333333333333
2848-YXSMW,72,19.4,Two year,Credit card (automatic),No,0,Yes,Yes,0,27,0.8,460.1666666666667,2,0.5,2.85,0.0
0486-HECZI,55,96.75,Month-to-month,Electronic check,Fiber optic,0,Yes,No,3,22,0.2222222222222222,434.25,2,0.5,9.19,5.764705882352941
4549-ZDQYY,52,57.95,One year,Credit card (automatic),DSL,0,No,No,3,10,0.6666666666666666,389.25,2,0.5,3.75,5.366666666666666
5712-AHQNN,43,91.65,Month-to-month,Electronic check,Fiber optic,0,No,No,3,11,0.375,455.3333333333333,2,0.0,4.76,4.5
4846-WHAFZ,37,76.5,Month-to-month,Electronic check,Fiber optic,1,Yes,No,0,18,0.38461538461538464,478.4,1,1.0,0.0,0.0
5256-SKJGO,64,54.6,Two year,Electronic check,DSL,0,Yes,Yes,4,17,0.13333333333333333,573.0,1,1.0,0.0,5.0
3071-VBYPO,3,89.85,Month-to-month,Electronic check,Fiber optic,0,Yes,Yes,3,20,0.25,676.75,4,0.0,3.51,11.0
9560-BBZXK,36,31.05,Two year,Bank transfer (automatic),DSL,0,No,No,1,11,2.6666666666666665,334.125,0,0.0,0.0,4.166666666666667
5299-RULOA,10,100.25,Month-to-month,Electronic check,Fiber optic,0,Yes,Yes,3,21,0.6153846153846154,694.125,0,0.0,0.0,3.6
8402-OOOHJ,41,20.65,Two year,Mailed check,No,0,No,No,0,23,0.5333333333333333,539.0,0,0.0,0.0,0.0
9445-ZUEQE,27,85.2,Month-to-month,Credit card (automatic),Fiber optic,0,Yes,Yes,2,12,0.5,998.75,1,1.0,0.0,9.470588235294118
1091-SOZGA,56,99.8,One year,Credit card (automatic),Fiber optic,0,Yes,Yes,3,16,0.23076923076923078,462.3333333333333,4,0.25,8.54,12.96774193548387
2928-HLDBA,6,20.7,Month-to-month,Mailed check,No,0,No,No,0,26,0.625,423.6,1,0.0,4.79,0.0
0404-SWRVG,3,74.4,Month-to-month,Electronic check,Fiber optic,0,No,No,0,21,0.9090909090909091,581.2,1,1.0,0.0,0.0
6497-TILVL,7,50.7,Month-to-month,Mailed check,DSL,0,Yes,Yes,1,24,0.3333333333333333,584.1666666666666,1,0.0,3.93,5.0
7219-TLZHO,4,20.85,Month-to-month,Mailed check,No,0,Yes,Yes,0,30,0.25,645.6666666666666,0,0.0,0.0,0.0
4622-YNKIJ,33,88.95,Two year,Electronic check,Fiber optic,0,No,No,3,29,0.3181818181818182,273.2857142857143,2,0.5,4.61,4.275862068965517
4412-YLTKF,27,78.05,Month-to-month,Electronic check,Fiber optic,1,No,No,1,12,0.3333333333333333,523.6666666666666,1,1.0,0.0,3.0
6734-PSBAW,72,23.55,Two year,Bank transfer (automatic),No,0,Yes,No,0,17,0.3076923076923077,700.75,0,0.0,0.0,0.0
3930-ZGWVE,1,19.75,Month-to-month,Mailed check,No,0,No,No,0,20,0.3333333333333333,478.2,1,0.0,5.36,0.0
2639-UGMAZ,71,56.45,One year,Electronic check,DSL,1,No,No,4,24,0.5,376.0,2,0.5,13.09,3.3214285714285716
2876-GZYZC,13,85.95,Month-to-month,Electronic check,Fiber optic,0,No,No,1,30,0.25,382.3333333333333,0,0.0,0.0,12.6
6207-WIOLX,25,58.6,Month-to-month,Credit card (automatic),DSL,0,Yes,Yes,5,28,0.5555555555555556,457.8,2,1.0,0.0,2.8285714285714287
8587-XYZSF,67,50.55,Two year,Bank transfer (automatic),DSL,0,No,No,1,23,0.4375,395.7142857142857,2,0.0,4.8100000000000005,6.333333333333333
3091-FYHKI,1,35.45,Month-to-month,Electronic check,DSL,0,No,No,1,24,0.2631578947368421,606.4,0,0.0,0.0,4.6
2372-HWUHI,2,44.35,Month-to-month,Electronic check,DSL,0,No,No,0,26,1.0,493.2307692307692,2,0.5,16.95,0.0
7799-LGRDP,43,25.7,Two year,Credit card (automatic),No,0,No,No,0,16,0.6,566.6666666666666,0,0.0,0.0,0.0
7850-VWJUU,23,75.0,Month-to-month,Bank transfer (automatic),Fiber optic,0,No,No,1,11,0.5714285714285714,299.5,4,0.5,18.815,5.384615384615385
3774-VBNXY,64,20.2,Two year,Mailed check,No,0,Yes,Yes,0,26,1.3636363636363635,596.4666666666667,1,0.0,15.01,0.0
6217-KDYWC,57,19.6,Two year,Mailed check,No,0,No,Yes,0,20,0.8181818181818182,610.0,1,0.0,5.46,0.0
0390-DCFDQ,1,70.45,Month-to-month,Mailed check,Fiber optic,1,Yes,No,0,23,0.15,505.0,1,0.0,15.27,0.0
3146-MSEGF,72,88.05,Two year,Credit card (automatic),DSL,1,Yes,Yes,6,17,0.3076923076923077,327.25,2,0.5,15.4,1.6153846153846154
4080-OGPJL,8,71.15,Month-to-month,Electronic check,DSL,0,No,No,3,18,0.38461538461538464,489.2,2,0.0,10.165,3.4166666666666665
1095-WGNGG,61,101.05,Two year,Bank transfer (automatic),Fiber optic,0,Yes,No,3,26,0.3,670.1666666666666,1,0.0,5.57,3.2666666666666666
2636-SJDOU,64,84.3,One year,Credit card (automatic),Fiber optic,0,No,No,2,28,0.75,776.75,3,1.0,0.0,2.5
1131-QQZEB,71,23.95,Two year,Bank transfer (automatic),No,1,Yes,No,0,28,0.5555555555555556,464.3,1,0.0,3.95,0.0
5716-EZXZN,65,99.05,Two year,Credit card (automatic),Fiber optic,0,Yes,Yes,4,15,0.6666666666666666,929.1666666666666,1,1.0,0.0,4.894736842105263
6837-BJYDQ,3,19.6,One year,Mailed check,No,0,No,No,0,29,0.38095238095238093,560.125,2,0.5,2.44,0.0
2135-RXIHG,1,45.65,Month-to-month,Electronic check,DSL,0,No,No,0,24,0.2,365.75,1,0.0,28.68,0.0
6440-DKQGE,30,64.5,One year,Credit card (automatic),DSL,0,No,Yes,3,28,0.47368421052631576,585.3333333333334,5,0.2,7.76,3.1666666666666665
3466-BYAVD,15,69.5,Month-to-month,Mailed check,DSL,0,Yes,Yes,4,28,0.47368421052631576,347.0,0,0.0,0.0,6.303030303030303
3780-YVMFA,8,68.55,Month-to-month,Electronic check,DSL,0,Yes,Yes,3,20,0.8181818181818182,479.6666666666667,2,0.0,7.18,4.04
3874-EQOEP,7,95.0,Month-to-month,Mailed check,Fiber optic,0,No,No,2,12,0.5,626.25,1,1.0,0.0,3.0833333333333335
1679-JRFBR,70,108.15,One year,Credit card (automatic),Fiber optic,0,Yes,Yes,5,13,0.625,316.6,0,0.0,0.0,7.131578947368421
9073-ZZIAY,62,86.1,Two year,Electronic check,DSL,0,Yes,Yes,6,10,0.25,275.5,0,0.0,0.0,6.440677966101695
3077-RSNTJ,6,19.7,Month-to-month,Mailed check,No,0,Yes,Yes,0,29,0.5263157894736842,281.1,3,0.3333333333333333,8.265,0.0
6551-GNYDG,14,80.9,Month-to-month,Bank transfer (automatic),Fiber optic,0,Yes,Yes,1,16,0.23076923076923078,577.6666666666666,2,0.5,5.68,4.0
9167-APMXZ,22,84.15,Month-to-month,Bank transfer (automatic),Fiber optic,0,No,No,1,22,0.4666666666666667,870.0,3,0.0,32.370000000000005,8.75
2749-CTKAJ,22,20.15,One year,Mailed check,No,0,Yes,Yes,0,16,0.7777777777777778,365.0,2,0.0,5.165,0.0
6371-NZYEG,16,64.25,Two year,Mailed check,DSL,0,Yes,Yes,3,24,0.3333333333333333,426.3333333333333,2,0.0,6.885,3.393939393939394
7554-NEWDD,10,25.7,Two year,Bank transfer (automatic),No,0,No,No,0,14,0.07692307692307693,559.0,2,0.0,10.379999999999999,0.0
8992-VONJD,13,56.0,Month-to-month,Electronic check,DSL,0,No,Yes,2,27,0.9285714285714286,492.9230769230769,3,0.6666666666666666,8.46,4.777777777777778
0867-MKZVY,20,82.4,Month-to-month,Electronic check,Fiber optic,0,Yes,No,1,30,0.42857142857142855,465.0,2,1.0,0.0,5.111111111111111
4482-EWFMI,2,69.7,Month-to-month,Electronic check,Fiber optic,0,No,No,0,23,0.7692307692307693,581.6,3,0.3333333333333333,11.165000000000001,0.0
4648-YPBTM,53,73.9,Two year,Bank transfer (automatic),DSL,0,No,No,4,29,0.6111111111111112,498.0,0,0.0,0.0,2.8
2907-ILJBN,11,20.6,One year,Mailed check,No,0,Yes,Yes,0,16,1.2857142857142858,507.77777777777777,0,0.0,0.0,0.0
6345-FZOQH,69,19.9,Two year,Mailed check,No,0,Yes,No,0,18,0.6363636363636364,268.85714285714283,2,0.0,6.775,0.0
3376-BMGFE,4,70.9,Month-to-month,Bank transfer (automatic),Fiber optic,0,No,No,0,23,0.7692307692307693,465.3,2,1.0,0.0,0.0
5997-OPVFA,72,89.05,Two year,Bank transfer (automatic),DSL,0,Yes,No,6,25,0.25,623.6,0,0.0,0.0,12.692307692307692
3445-HXXGF,58,45.3,Month-to-month,Electronic check,DSL,1,Yes,No,3,23,1.0909090909090908,470.9166666666667,0,0.0,0.0,4.294117647058823
1159-WFSGR,16,20.4,Month-to-month,Electronic check,No,0,Yes,Yes,0,24,0.7142857142857143,421.1,1,0.0,10.01,0.0
7654-YWJUF,43,84.25,One year,Bank transfer (automatic),Fiber optic,0,Yes,No,3,22,0.5714285714285714,565.625,0,0.0,0.0,6.076923076923077
1875-QIVME,2,104.4,Month-to-month,Electronic check,Fiber optic,0,Yes,No,4,14,0.75,424.1666666666667,1,0.0,2.93,6.88
6727-IOTLZ,14,81.95,Two year,Mailed check,DSL,0,Yes,No,5,26,0.5294117647058824,647.0,1,0.0,4.7,5.372549019607843
0691-JVSYA,53,94.85,One year,Bank transfer (automatic),Fiber optic,0,Yes,No,3,15,0.5,442.0,5,0.6,3.7199999999999998,4.3
5918-VUKWP,32,20.55,One year,Bank transfer (automatic),No,0,No,No,0,17,0.4166666666666667,678.4,2,0.0,3.59,0.0
1744-JHKYS,34,24.7,Month-to-month,Electronic check,No,0,Yes,No,0,13,0.625,347.0,2,0.0,12.43,0.0
2656-FMOKZ,15,74.45,Month-to-month,Mailed check,Fiber optic,1,No,No,0,25,1.0833333333333333,486.61538461538464,3,0.6666666666666666,67.88,0.0
2070-FNEXE,7,76.45,Month-to-month,Bank transfer (automatic),Fiber optic,1,No,No,1,14,1.0,609.7142857142857,2,0.0,35.46,4.5
5947-SGKCL,15,105.35,Month-to-month,Bank transfer (automatic),Fiber optic,0,Yes,Yes,4,26,0.7333333333333333,633.0909090909091,2,0.0,13.68,5.214285714285714
3712-PKXZA,61,20.55,One year,Credit card (automatic),No,0,Yes,No,0,24,0.4117647058823529,494.14285714285717,1,0.0,2.14,0.0
6317-YPKDH,1,29.95,Month-to-month,Bank transfer (automatic),DSL,0,No,No,1,17,0.13333333333333333,728.0,3,0.0,59.52,8.285714285714286
6582-OIVSP,1,45.3,Month-to-month,Mailed check,DSL,0,No,No,0,26,1.0,474.3076923076923,2,0.5,9.56,0.0
9367-WXLCH,8,84.5,Month-to-month,Bank transfer (automatic),Fiber optic,0,No,No,1,13,0.08333333333333333,832.0,2,1.0,0.0,7.666666666666667
5524-KHNJP,33,74.75,One year,Credit card (automatic),DSL,0,Yes,Yes,4,28,0.4,493.25,2,0.0,3.245,5.647058823529412
1918-ZBFQJ,13,79.25,Month-to-month,Electronic check,Fiber optic,0,No,No,2,24,0.3333333333333333,339.3333333333333,5,0.2,3.0725,2.3125
1024-GUALD,1,24.8,Month-to-month,Electronic check,DSL,0,Yes,No,0,16,0.45454545454545453,672.0,3,0.3333333333333333,26.57,0.0
4827-USJHP,20,51.8,Month-to-month,Mailed check,DSL,0,No,No,1,11,0.1,551.0,4,0.25,2.0733333333333337,6.5
8167-GJLRN,3,30.4,Month-to-month,Electronic check,DSL,0,No,No,1,16,0.06666666666666667,630.0,0,0.0,0.0,4.0
0956-SYCWG,13,19.65,One year,Electronic check,No,0,No,No,0,16,0.23076923076923078,507.0,2,0.5,9.3,0.0
8017-UVSZU,40,56.6,Month-to-month,Credit card (automatic),DSL,0,Yes,No,1,15,0.15384615384615385,412.0,1,0.0,15.34,14.384615384615385
7100-FQPRV,43,71.9,One year,Credit card (automatic),DSL,0,Yes,Yes,3,14,0.5555555555555556,343.6,5,0.4,70.67666666666666,5.25
2472-OVKUP,6,91.0,Month-to-month,Electronic check,Fiber optic,0,Yes,No,3,15,0.5,449.6,4,0.75,39.46,10.31578947368421
2984-RGEYA,69,19.75,Two year,Bank transfer (automatic),No,0,Yes,Yes,0,11,0.8333333333333334,393.6,1,0.0,6.57,0.0
9680-NIAUV,72,109.7,Two year,Credit card (automatic),Fiber optic,0,Yes,Yes,5,24,0.7142857142857143,550.6,1,0.0,5.69,7.0
2146-EGVDT,59,19.3,Two year,Credit card (automatic),No,0,Yes,Yes,0,24,0.4117647058823529,445.85714285714283,0,0.0,0.0,0.0
2604-IJPDU,20,96.55,Month-to-month,Electronic check,Fiber optic,0,Yes,No,4,10,1.0,317.6,0,0.0,0.0,10.128205128205128
9178-JHUVJ,24,24.1,Two year,Bank transfer (automatic),No,0,Yes,Yes,0,23,0.5333333333333333,480.75,0,0.0,0.0,0.0
6168-YBYNP,59,111.35,Month-to-month,Electronic check,Fiber optic,0,No,No,5,25,0.7857142857142857,436.3636363636364,1,0.0,8.13,14.678571428571429
7255-SSFBC,72,112.25,Two year,Bank transfer (automatic),Fiber optic,0,Yes,Yes,5,29,0.3181818181818182,728.0,0,0.0,0.0,13.0
3645-DEYGF,1,20.75,Month-to-month,Mailed check,No,0,No,Yes,0,26,0.3684210526315789,479.0,0,0.0,0.0,0.0
9323-HGFWY,27,101.9,One year,Credit card (automatic),Fiber optic,0,Yes,No,4,19,0.1875,586.6666666666666,2,0.5,18.65,4.757575757575758
8544-GOQSH,14,80.05,Month-to-month,Credit card (automatic),Fiber optic,0,No,No,2,30,0.36363636363636365,450.875,1,0.0,13.77,4.105263157894737
3363-DTIVD,71,105.55,Two year,Electronic check,Fiber optic,0,Yes,Yes,4,24,0.6,707.4444444444445,5,0.2,0.975,4.586206896551724
7018-WBJNK,13,78.3,Month-to-month,Credit card (automatic),Fiber optic,0,No,Yes,1,28,1.5454545454545454,545.5882352941177,5,0.4,5.223333333333334,2.3
9142-KZXOP,44,68.85,Month-to-month,Credit card (automatic),Fiber optic,0,No,No,0,11,0.5714285714285714,534.0,0,0.0,0.0,0.0
7674-YTAFD,33,79.95,One year,Bank transfer (automatic),Fiber optic,0,No,No,2,16,1.0,665.75,1,1.0,0.0,5.235294117647059
6348-SNFUS,72,55.45,Two year,Credit card (automatic),DSL,0,Yes,Yes,5,24,1.0,540.0,2,0.0,9.280000000000001,3.5813953488372094
1285-OKIPP,1,79.9,Month-to-month,Electronic check,Fiber optic,0,No,No,1,28,0.3333333333333333,582.2857142857143,5,0.6,23.915,4.714285714285714
7825-ECJRF,19,106.6,Month-to-month,Electronic check,Fiber optic,0,No,No,5,20,0.25,349.0,0,0.0,0.0,2.057142857142857
1347-KTTTA,64,102.45,One year,Credit card (automatic),Fiber optic,0,Yes,No,5,27,0.42105263157894735,659.0,4,0.5,17.76,2.2045454545454546
7841-TZDMQ,2,46.0,Month-to-month,Credit card (automatic),DSL,0,No,No,0,16,0.14285714285714285,232.0,5,0.8,23.92,0.0
4195-NZGTA,1,25.25,Month-to-month,Electronic check,DSL,0,No,No,0,17,0.5454545454545454,532.1666666666666,5,0.4,13.57,0.0
7157-SMCFK,61,19.75,Two year,Mailed check,No,0,No,Yes,0,15,1.1428571428571428,645.125,3,0.0,9.343333333333334,0.0
4709-LKHYG,29,20.0,One year,Electronic check,No,0,Yes,Yes,0,29,0.5263157894736842,695.7,0,0.0,0.0,0.0
2504-DSHIH,23,86.8,Month-to-month,Electronic check,Fiber optic,1,Yes,No,1,28,0.47368421052631576,398.1111111111111,3,0.3333333333333333,6.61,8.571428571428571
0699-NDKJM,57,58.75,Month-to-month,Bank transfer (automatic),DSL,0,Yes,No,5,25,0.3157894736842105,572.3333333333334,3,0.3333333333333333,24.634999999999998,3.696969696969697
9286-BHDQG,72,45.25,Two year,Credit card (automatic),DSL,0,Yes,Yes,4,28,0.2727272727272727,448.1666666666667,1,0.0,32.31,9.82857142857143
0230-WEQUW,66,56.6,Two year,Bank transfer (automatic),DSL,0,Yes,No,5,10,0.1111111111111111,230.0,3,0.0,16.80333333333333,6.622641509433962
2040-LDIWQ,65,84.2,Two year,Bank transfer (automatic),DSL,0,Yes,Yes,5,25,0.5625,647.3333333333334,0,0.0,0.0,6.076923076923077
6496-JDSSB,8,80.0,Month-to-month,Bank transfer (automatic),Fiber optic,0,No,No,1,14,1.3333333333333333,616.75,1,0.0,4.32,4.0
9408-SSNVZ,4,70.15,Month-to-month,Electronic check,Fiber optic,0,No,No,0,14,0.4,415.75,2,0.5,9.87,0.0
4443-EMBNA,71,24.75,Two year,Bank transfer (automatic),No,0,Yes,No,0,14,0.16666666666666666,459.0,2,0.0,5.01,0.0
6469-MRVET,1,20.2,One year,Electronic check,No,0,Yes,Yes,0,23,0.5333333333333333,659.875,0,0.0,0.0,0.0
0742-MOABM,4,50.05,Month-to-month,Mailed check,DSL,0,Yes,No,1,26,0.3,407.5,1,0.0,5.39,11.75
5961-VUSRV,12,19.35,One year,Bank transfer (automatic),No,0,No,No,0,23,0.6428571428571429,573.1111111111111,2,0.0,7.08,0.0
6778-JFCMK,24,50.6,One year,Mailed check,DSL,0,No,No,3,12,0.3333333333333333,470.0,1,0.0,16.45,7.5
6341-JVQGF,31,81.15,One year,Mailed check,DSL,0,Yes,Yes,5,29,0.8125,622.6923076923077,0,0.0,0.0,7.439024390243903
2232-DMLXU,1,55.2,Month-to-month,Mailed check,DSL,0,Yes,No,1,15,0.5,636.8,5,0.8,26.91,3.7777777777777777
4811-JBUVU,30,89.9,Month-to-month,Credit card (automatic),Fiber optic,0,No,No,2,16,0.7777777777777778,606.8571428571429,0,0.0,0.0,4.944444444444445
0945-TSONX,47,85.3,Two year,Credit card (automatic),DSL,0,Yes,Yes,5,27,0.6875,637.4545454545455,3,0.3333333333333333,4.705,16.333333333333332
2651-ZCBXV,54,108.0,Two year,Credit card (automatic),Fiber optic,0,No,No,5,17,0.7,529.4285714285714,1,1.0,0.0,6.8
3316-UWXUY,50,93.5,Month-to-month,Credit card (automatic),Fiber optic,0,No,No,4,10,0.6666666666666666,1057.5,2,0.0,24.424999999999997,7.921052631578948
8937-RDTHP,1,84.6,Month-to-month,Mailed check,Fiber optic,0,No,No,2,12,2.0,644.875,2,0.5,9.54,4.875
7083-MIOPC,72,20.25,Two year,Credit card (automatic),No,0,No,No,0,11,0.1,440.0,3,0.6666666666666666,8.13,0.0
1984-GPTEH,29,25.15,Month-to-month,Electronic check,No,0,No,No,0,29,0.38095238095238093,673.5,0,0.0,0.0,0.0
1251-KRREG,2,54.4,Month-to-month,Mailed check,DSL,0,No,No,1,11,0.375,534.3333333333334,0,0.0,0.0,3.0
0621-JFHOL,10,29.6,Two year,Mailed check,DSL,0,No,No,1,23,0.15,465.6666666666667,2,0.5,13.59,8.5
9903-LYSAB,18,73.15,Month-to-month,Electronic check,Fiber optic,0,Yes,No,0,26,0.3684210526315789,534.1428571428571,2,0.0,4.109999999999999,0.0
0094-OIFMO,11,95.0,Month-to-month,Electronic check,Fiber optic,1,No,No,3,11,0.5714285714285714,550.5,2,0.0,23.2,2.4375
9227-UAQFT,16,19.75,Two year,Mailed check,No,0,No,No,0,16,0.3333333333333333,395.25,1,0.0,22.53,0.0
7301-ABVAD,72,86.6,Two year,Bank transfer (automatic),DSL,0,No,No,5,29,0.20833333333333334,370.2,2,0.0,12.45,13.613636363636363
6614-FHDBO,72,109.2,Two year,Bank transfer (automatic),Fiber optic,0,No,No,5,24,0.5,433.125,2,0.0,15.605,3.8333333333333335
7576-ASEJU,41,74.7,One year,Credit card (automatic),DSL,0,Yes,Yes,4,23,0.4375,560.0,0,0.0,0.0,5.882352941176471
9058-HRZSV,65,94.4,Month-to-month,Electronic check,Fiber optic,1,Yes,No,4,20,0.6666666666666666,451.875,2,1.0,0.0,3.5135135135135136
4522-AKYLR,13,54.8,Month-to-month,Electronic check,DSL,1,No,No,2,13,0.8571428571428571,538.3333333333334,1,1.0,0.0,6.611111111111111
0221-WMXNQ,4,75.35,Month-to-month,Electronic check,Fiber optic,1,No,No,1,10,0.25,667.5,1,0.0,22.76,7.363636363636363
0303-UNCIP,41,65.0,One year,Mailed check,DSL,0,No,No,2,23,0.4375,433.2857142857143,1,1.0,0.0,16.47826086956522
9947-OTFQU,15,74.4,Month-to-month,Electronic check,Fiber optic,1,No,No,1,19,0.1875,475.6666666666667,1,1.0,0.0,4.0
0322-YINQP,1,48.55,Month-to-month,Mailed check,DSL,0,No,No,1,11,0.2222222222222222,949.5,2,0.5,4.88,2.2222222222222223
0959-WHOKV,42,99.0,One year,Electronic check,Fiber optic,0,No,No,4,16,1.2857142857142858,448.0,5,0.2,5.0075,3.5757575757575757
4075-JFPGR,51,93.5,One year,Electronic check,Fiber optic,0,Yes,No,4,13,0.8571428571428571,753.6666666666666,0,0.0,0.0,6.304347826086956
4629-NRXKX,2,70.4,Month-to-month,Electronic check,Fiber optic,0,Yes,Yes,0,11,0.1,233.0,2,1.0,0.0,0.0
9514-JDSKI,1,40.2,Month-to-month,Electronic check,DSL,1,Yes,No,2,15,0.5,263.4,2,0.0,15.29,4.1
3282-ZISZV,32,83.7,One year,Credit card (automatic),DSL,0,No,Yes,5,27,0.35,373.14285714285717,0,0.0,0.0,5.8
3675-YDUPJ,10,19.85,Month-to-month,Mailed check,No,0,No,No,0,21,0.3125,543.6,0,0.0,0.0,0.0
4111-BNXIF,67,59.55,Two year,Electronic check,DSL,0,Yes,Yes,5,25,0.9230769230769231,559.6666666666666,1,0.0,7.37,10.361702127659575
7017-VFHAY,61,115.1,Two year,Credit card (automatic),Fiber optic,0,Yes,Yes,6,19,0.35714285714285715,523.6,3,0.3333333333333333,27.65,9.4375
6655-LHBYW,50,114.35,One year,Credit card (automatic),Fiber optic,0,No,No,6,17,0.5454545454545454,565.8333333333334,1,0.0,6.61,6.636363636363637
4959-JOSRX,2,44.6,Month-to-month,Credit card (automatic),DSL,0,Yes,No,0,24,0.2631578947368421,565.2,2,0.0,10.875,0.0
5046-NUHWD,29,45.0,Month-to-month,Electronic check,DSL,1,Yes,No,3,23,1.0909090909090908,872.1666666666666,1,0.0,7.73,6.28
7273-TEFQD,3,41.15,Month-to-month,Electronic check,DSL,1,No,No,2,10,0.42857142857142855,610.3333333333334,1,1.0,0.0,5.230769230769231
3606-TWKGI,13,106.9,Month-to-month,Electronic check,Fiber optic,1,No,No,4,25,0.19047619047619047,259.25,1,0.0,8.46,2.4782608695652173
7529-ZDFXI,57,89.85,Month-to-month,Electronic check,Fiber optic,1,Yes,No,2,10,0.6666666666666666,1211.75,4,0.0,11.7675,3.0714285714285716
7605-BDWDC,31,49.85,Two year,Bank transfer (automatic),DSL,0,No,No,4,19,0.46153846153846156,704.5,1,0.0,6.43,4.702702702702703
1950-KSVVJ,45,113.3,One year,Mailed check,Fiber optic,0,Yes,No,6,29,0.5263157894736842,426.1,0,0.0,0.0,4.634146341463414
0123-CRBRT,61,88.1,Two year,Mailed check,DSL,0,Yes,Yes,6,21,0.6153846153846154,613.75,4,0.25,6.213333333333334,8.074074074074074
6292-TOSSS,50,24.9,Two year,Bank transfer (automatic),No,0,No,No,0,18,0.8,877.625,1,1.0,0.0,0.0
3197-ARFOY,19,105.0,Month-to-month,Mailed check,Fiber optic,1,No,No,5,20,0.3333333333333333,542.2,3,0.6666666666666666,13.04,3.230769230769231
6323-AYBRX,59,19.35,Two year,Mailed check,No,0,No,No,0,24,0.6,564.1111111111111,0,0.0,0.0,0.0
7014-ZZXAW,71,24.25,Two year,Credit card (automatic),No,0,Yes,No,0,10,0.25,630.5,0,0.0,0.0,0.0
4385-GZQXV,16,94.45,Month-to-month,Electronic check,Fiber optic,1,No,No,3,25,0.3888888888888889,273.7142857142857,1,1.0,0.0,2.3
7633-MVPUY,57,59.75,Two year,Electronic check,DSL,0,Yes,No,3,23,0.4375,628.0,1,0.0,17.87,5.942857142857143
6366-ZGQGL,1,24.8,Month-to-month,Bank transfer (automatic),DSL,0,No,No,0,13,0.3,515.3333333333334,4,0.25,48.48666666666666,0.0
4716-HHKQH,20,107.05,Month-to-month,Electronic check,Fiber optic,1,Yes,No,4,12,0.7142857142857143,384.8,0,0.0,0.0,4.482758620689655
5940-AHUHD,1,70.6,Month-to-month,Mailed check,Fiber optic,0,No,No,0,17,0.5454545454545454,305.0,2,0.0,88.75,0.0
6432-TWQLB,5,85.4,Month-to-month,Electronic check,Fiber optic,0,Yes,No,2,30,0.5789473684210527,706.1818181818181,0,0.0,0.0,3.5555555555555554
4484-GLZOU,52,105.05,Month-to-month,Electronic check,Fiber optic,0,Yes,No,4,17,0.8888888888888888,738.125,2,0.5,9.19,4.590909090909091
3179-GBRWV,21,64.95,Month-to-month,Bank transfer (automatic),DSL,1,Yes,No,3,19,0.1875,680.3333333333334,2,0.0,5.904999999999999,9.26086956521739
8645-KWHJO,14,55.0,Month-to-month,Electronic check,DSL,0,No,No,4,22,0.375,372.1666666666667,3,0.3333333333333333,13.47,16.677419354838708
4130-MZLCC,5,50.55,Month-to-month,Bank transfer (automatic),DSL,0,No,No,1,16,0.45454545454545453,654.4,5,0.4,19.473333333333333,4.181818181818182
0314-TKOSI,6,55.15,Month-to-month,Mailed check,DSL,0,No,No,2,14,0.16666666666666666,448.5,5,0.6,6.35,13.2
8229-MYEJZ,10,51.2,Month-to-month,Electronic check,DSL,0,No,No,1,21,0.4,357.0,2,0.0,17.224999999999998,8.444444444444445
2080-SRCDE,1,25.4,Month-to-month,Mailed check,No,0,No,Yes,0,24,0.5,413.5,2,0.5,14.59,0.0
9577-WJVCQ,68,54.45,Month-to-month,Mailed check,DSL,0,No,No,1,10,0.42857142857142855,655.3333333333334,3,0.0,25.026666666666667,11.666666666666666
9512-UIBFX,18,95.15,Month-to-month,Mailed check,Fiber optic,0,Yes,Yes,3,26,0.3684210526315789,288.42857142857144,4,0.5,10.95,2.9411764705882355
6202-DYYFX,22,76.0,One year,Credit card (automatic),Fiber optic,0,No,No,0,15,0.15384615384615385,217.0,3,0.0,2.8000000000000003,0.0
3808-HFKDE,20,44.35,Month-to-month,Electronic check,DSL,0,No,No,0,15,0.36363636363636365,538.25,1,0.0,7.04,0.0
5583-SXDAG,1,70.0,Month-to-month,Electronic check,Fiber optic,0,Yes,No,0,26,0.3684210526315789,319.0,1,0.0,156.54,0.0
3488-PGMQJ,8,74.5,Month-to-month,Electronic check,Fiber optic,1,No,No,1,16,0.23076923076923078,393.6666666666667,1,0.0,18.89,2.3333333333333335
3580-REOAC,10,44.85,Month-to-month,Credit card (automatic),DSL,0,No,No,0,14,1.3333333333333333,523.875,3,0.0,16.563333333333333,0.0
7534-BFESC,24,76.1,Month-to-month,Electronic check,Fiber optic,1,No,No,0,19,0.35714285714285715,482.0,1,0.0,15.44,0.0
3727-OWVYD,35,61.2,One year,Mailed check,DSL,0,No,No,3,12,0.2,465.5,1,0.0,26.65,6.3076923076923075
2294-SALNE,23,86.8,One year,Mailed check,Fiber optic,0,Yes,Yes,3,15,0.25,740.6666666666666,0,0.0,0.0,1.9583333333333333
4847-TAJYI,6,89.35,Month-to-month,Electronic check,Fiber optic,1,No,No,2,21,0.75,490.3333333333333,5,0.4,9.143333333333333,3.2
1563-IWQEX,12,19.7,Month-to-month,Mailed check,No,0,No,No,0,13,0.625,616.8,2,0.0,31.715,0.0
8203-XJZRC,1,20.25,Month-to-month,Mailed check,No,0,No,No,0,10,0.1111111111111111,758.0,1,0.0,6.48,0.0
6556-DBKZF,71,76.05,Two year,Electronic check,Fiber optic,0,Yes,Yes,1,19,0.26666666666666666,685.0,3,0.0,3.9633333333333334,6.75
6851-WEFYX,35,100.8,Month-to-month,Electronic check,Fiber optic,1,Yes,No,3,26,0.625,561.7,2,0.0,3.675,3.7857142857142856
2985-JUUBZ,40,74.55,Month-to-month,Electronic check,DSL,0,Yes,Yes,3,30,1.1428571428571428,758.875,3,0.0,10.716666666666667,2.6
6390-DSAZX,1,73.6,Month-to-month,Mailed check,Fiber optic,0,No,Yes,1,12,0.3333333333333333,783.6666666666666,2,0.5,7.81,2.7777777777777777
0895-LMRSF,23,64.9,One year,Bank transfer (automatic),DSL,0,No,No,2,24,0.4117647058823529,682.0,2,0.5,5.87,10.65
8098-LLAZX,4,95.45,Month-to-month,Electronic check,Fiber optic,1,No,No,2,12,1.0,478.1666666666667,3,0.3333333333333333,27.1,4.375
8266-VBFQL,4,90.4,Month-to-month,Electronic check,Fiber optic,0,No,No,3,10,1.0,604.2,2,0.5,9.5,18.5
8181-YHCMF,68,60.3,Two year,Credit card (automatic),DSL,0,Yes,Yes,5,24,0.4117647058823529,376.0,1,0.0,9.9,8.13953488372093
2240-HSJQD,38,81.85,Month-to-month,Mailed check,Fiber optic,0,No,Yes,1,25,0.47058823529411764,529.5,1,1.0,0.0,8.25
1248-DYXUB,52,24.8,Two year,Mailed check,No,0,Yes,Yes,0,15,0.875,486.57142857142856,0,0.0,0.0,0.0
0265-EDXBD,32,74.9,Month-to-month,Electronic check,Fiber optic,1,Yes,No,0,13,0.3,311.6666666666667,1,1.0,0.0,0.0
4115-BNPJY,29,75.55,Two year,Mailed check,DSL,0,Yes,Yes,4,19,0.46153846153846156,508.8333333333333,2,1.0,0.0,5.105263157894737
3167-SNQPL,38,101.15,Month-to-month,Electronic check,Fiber optic,1,Yes,Yes,3,13,0.3,408.0,1,0.0,3.63,14.814814814814815
4091-TVOCN,48,78.75,One year,Credit card (automatic),DSL,0,No,Yes,4,26,0.3684210526315789,499.2857142857143,0,0.0,0.0,3.03125
1098-TDVUQ,1,19.25,Month-to-month,Bank transfer (automatic),No,0,No,No,0,19,0.35714285714285715,338.2,1,0.0,13.87,0.0
7277-OZCGZ,22,89.05,Month-to-month,Electronic check,Fiber optic,0,No,No,3,29,0.16,457.0,2,0.0,3.34,3.92
1557-EMYVT,43,115.05,Two year,Credit card (automatic),Fiber optic,0,No,No,6,27,0.35,573.5714285714286,1,0.0,2.36,6.575757575757576
2799-ARNLO,5,69.35,Month-to-month,Electronic check,Fiber optic,1,Yes,No,0,21,0.23529411764705882,540.5,3,0.3333333333333333,16.515,0.0
7563-BIUPC,5,80.6,Month-to-month,Electronic check,Fiber optic,0,No,No,1,22,0.4666666666666667,498.14285714285717,1,0.0,47.28,4.444444444444445
5027-YOCXN,51,110.05,One year,Credit card (automatic),Fiber optic,0,Yes,Yes,5,28,0.6470588235294118,669.4545454545455,3,0.3333333333333333,27.445,3.282051282051282
3973-SKMLN,71,19.9,Two year,Credit card (automatic),No,0,No,No,0,17,0.7,444.42857142857144,1,0.0,7.04,0.0
2321-OMBXY,38,80.3,One year,Credit card (automatic),DSL,0,Yes,Yes,5,21,0.16666666666666666,371.3333333333333,1,1.0,0.0,5.9655172413793105
2840-XANRC,24,93.15,Month-to-month,Electronic check,Fiber optic,1,Yes,No,3,10,0.42857142857142855,467.6666666666667,0,0.0,0.0,2.7058823529411766
6745-JEFZB,35,91.5,Month-to-month,Credit card (automatic),Fiber optic,0,Yes,No,2,25,0.7857142857142857,594.6363636363636,0,0.0,0.0,2.7916666666666665
5020-ZSTTY,54,82.45,One year,Bank transfer (automatic),DSL,1,No,No,5,12,0.7142857142857143,691.0,1,0.0,17.97,6.303030303030303
9880-TDQAC,72,60.0,Two year,Electronic check,DSL,0,Yes,Yes,5,27,0.8,638.0833333333334,2,0.0,27.299999999999997,10.951219512195122
8705-WZCYL,1,44.8,Month-to-month,Electronic check,DSL,0,No,No,0,24,1.0,758.0,5,0.2,54.004999999999995,0.0
7102-JJVTX,9,48.6,One year,Mailed check,DSL,0,Yes,Yes,1,14,0.2727272727272727,274.6666666666667,1,0.0,85.36,8.125
8626-PTQGE,69,60.05,Two year,Bank transfer (automatic),DSL,0,No,No,5,21,0.5,788.0,1,0.0,41.16,12.435897435897436
4983-CLMLV,52,102.7,Month-to-month,Credit card (automatic),Fiber optic,0,Yes,No,4,16,0.6,399.0,1,0.0,9.93,7.4
5701-YVSVF,11,82.9,Month-to-month,Electronic check,Fiber optic,1,Yes,No,2,16,0.45454545454545453,548.4,1,1.0,0.0,5.7
5804-LEPIM,2,70.35,Month-to-month,Electronic check,Fiber optic,1,No,No,0,22,0.4666666666666667,742.7142857142857,0,0.0,0.0,0.0
5697-GOMBF,28,35.9,Month-to-month,Electronic check,DSL,1,Yes,Yes,1,22,1.2,571.8333333333334,5,0.2,24.802500000000002,2.8333333333333335
2739-CACDQ,17,82.65,Month-to-month,Credit card (automatic),Fiber optic,1,No,No,1,13,0.4444444444444444,556.75,3,0.0,8.813333333333334,10.0
9385-EHGDO,35,19.85,Two year,Mailed check,No,0,Yes,Yes,0,12,0.5,557.5,0,0.0,0.0,0.0
9498-FIMXL,8,19.2,One year,Mailed check,No,0,No,No,0,25,0.47058823529411764,361.75,0,0.0,0.0,0.0
2379-GYFLQ,46,94.9,One year,Credit card (automatic),Fiber optic,0,No,No,3,16,0.23076923076923078,798.6666666666666,2,1.0,0.0,13.25
0122-OAHPZ,7,73.85,Month-to-month,Electronic check,Fiber optic,0,No,No,0,11,0.2222222222222222,257.0,4,0.75,60.23,0.0
2868-SNELZ,2,80.6,Month-to-month,Mailed check,Fiber optic,0,No,No,1,27,0.2857142857142857,508.3333333333333,5,0.6,33.2,3.2222222222222223
4322-RCYMT,68,75.8,One year,Bank transfer (automatic),DSL,0,Yes,Yes,4,29,0.45,353.44444444444446,1,1.0,0.0,3.3636363636363638
6680-NENYN,43,104.6,Two year,Electronic check,Fiber optic,0,No,No,4,19,0.5833333333333334,374.0,4,0.0,26.13,3.6842105263157894
2088-IEBAU,68,88.15,Two year,Electronic check,DSL,0,No,No,6,21,0.5,530.5714285714286,0,0.0,0.0,6.533333333333333
7982-VCELR,36,94.8,Month-to-month,Credit card (automatic),Fiber optic,0,No,No,3,17,0.5454545454545454,417.0,5,0.0,25.19,9.571428571428571
1343-EHPYB,63,103.4,Month-to-month,Electronic check,Fiber optic,0,Yes,No,4,14,0.4,620.0,3,0.3333333333333333,17.005000000000003,5.421052631578948
6035-BXTTY,32,54.65,Month-to-month,Bank transfer (automatic),DSL,1,No,No,2,19,0.35714285714285715,509.6,3,0.0,8.306666666666667,3.28
6885-PKOAM,71,85.75,Two year,Credit card (automatic),DSL,0,Yes,No,6,24,1.1818181818181819,553.6923076923077,0,0.0,0.0,4.590163934426229
7520-HQWJU,66,67.45,Month-to-month,Bank transfer (automatic),DSL,0,Yes,Yes,3,23,0.7692307692307693,554.3,0,0.0,0.0,22.36842105263158
9639-BUJXT,63,20.5,One year,Mailed check,No,0,No,No,0,12,0.2,356.5,0,0.0,0.0,0.0
5924-SNGKP,41,20.25,One year,Credit card (automatic),No,0,No,Yes,0,12,0.2,494.5,1,0.0,4.41,0.0
0021-IKXGC,1,72.1,Month-to-month,Electronic check,Fiber optic,1,No,No,0,11,0.8333333333333334,638.6,5,0.4,13.793333333333335,0.0
2034-GDRCN,2,90.4,Month-to-month,Electronic check,Fiber optic,0,No,No,2,23,0.35294117647058826,517.8333333333334,4,0.25,8.99,7.9
8966-SNIZF,70,19.45,Two year,Bank transfer (automatic),No,0,Yes,No,0,27,0.9285714285714286,609.2307692307693,0,0.0,0.0,0.0
6243-OZGFH,23,44.95,Month-to-month,Electronic check,DSL,0,No,No,2,13,0.625,491.0,0,0.0,0.0,8.636363636363637
4654-DLAMQ,64,97.0,One year,Bank transfer (automatic),Fiber optic,1,Yes,No,4,17,0.3076923076923077,718.75,3,0.3333333333333333,3.185,3.9
0513-RBGPE,37,62.8,Two year,Credit card (automatic),DSL,0,Yes,Yes,3,19,0.35714285714285715,441.2,2,0.5,3.11,11.5
5160-UXJED,17,44.6,One year,Mailed check,DSL,0,No,Yes,0,20,0.5384615384615384,479.7142857142857,2,0.0,40.905,0.0
4115-NZRKS,7,89.15,Month-to-month,Electronic check,Fiber optic,1,No,No,2,14,0.5555555555555556,481.8,2,1.0,0.0,6.166666666666667
0219-YTZUE,4,84.8,Month-to-month,Bank transfer (automatic),Fiber optic,0,Yes,Yes,2,22,0.5714285714285714,668.875,1,0.0,11.18,4.909090909090909
0623-IIHUG,21,41.9,Month-to-month,Electronic check,DSL,1,No,No,2,28,0.8666666666666667,588.8461538461538,3,0.3333333333333333,13.315,2.727272727272727
4572-DVCGN,10,80.25,Month-to-month,Bank transfer (automatic),Fiber optic,0,No,No,1,28,0.4,663.125,4,0.75,28.59,6.333333333333333
3351-NGXYI,16,54.1,Month-to-month,Electronic check,DSL,1,No,No,1,20,1.2222222222222223,469.45454545454544,2,0.5,15.5,7.923076923076923
8984-EYLLL,64,105.25,Two year,Electronic check,Fiber optic,0,Yes,No,4,29,0.5263157894736842,558.4,1,0.0,4.1,4.56
9057-MSWCO,27,30.75,Month-to-month,Credit card (automatic),DSL,1,Yes,No,1,20,0.42857142857142855,305.8333333333333,0,0.0,0.0,2.0
9833-TGFHX,42,97.1,One year,Electronic check,Fiber optic,0,Yes,Yes,3,11,0.1,437.0,3,0.0,8.806666666666667,3.6
9294-TDIPC,5,20.2,Month-to-month,Mailed check,No,0,No,Yes,0,24,0.3333333333333333,379.5,0,0.0,0.0,0.0
5229-DTFYB,41,98.8,Two year,Bank transfer (automatic),Fiber optic,0,No,No,4,21,0.4,642.1666666666666,1,0.0,2.49,6.282051282051282
0104-PPXDV,58,50.3,One year,Credit card (automatic),DSL,0,Yes,No,1,28,0.6470588235294118,734.0909090909091,3,1.0,0.0,5.375
5176-LMJXE,47,20.55,Two year,Mailed check,No,0,No,No,0,26,0.4444444444444444,500.5,2,0.0,3.0250000000000004,0.0
3583-KRKMD,18,75.9,Month-to-month,Bank transfer (automatic),Fiber optic,0,No,No,1,19,0.5833333333333334,732.5714285714286,0,0.0,0.0,8.88888888888889
1010-DIAUQ,5,96.5,Month-to-month,Bank transfer (automatic),Fiber optic,0,No,No,3,21,0.3125,478.0,5,0.8,17.85,7.0
9069-LGEUL,23,59.95,Month-to-month,Bank transfer (automatic),DSL,0,Yes,No,2,15,0.5,683.2,0,0.0,0.0,5.352941176470588
7302-ZHMHP,1,19.15,Month-to-month,Mailed check,No,0,No,No,0,26,0.5294117647058824,654.0,2,0.5,9.86,0.0
9571-EDEBV,71,98.65,One year,Credit card (automatic),Fiber optic,0,Yes,No,3,23,0.4375,481.57142857142856,2,0.0,7.125,11.0
3520-FJGCV,72,112.6,Two year,Credit card (automatic),Fiber optic,0,Yes,Yes,6,17,0.7,295.14285714285717,2,0.0,44.074999999999996,15.821428571428571
6563-VRERX,33,20.6,One year,Mailed check,No,0,Yes,Yes,0,16,0.6,409.5,1,1.0,0.0,0.0
0259-GBZSH,2,85.65,Month-to-month,Electronic check,Fiber optic,0,No,No,1,19,0.46153846153846156,291.8333333333333,2,1.0,0.0,4.333333333333333
6122-EFVKN,24,35.75,Two year,Mailed check,DSL,0,No,Yes,2,27,0.17391304347826086,533.5,0,0.0,0.0,4.076923076923077
2805-EDJPQ,56,99.75,One year,Credit card (automatic),Fiber optic,0,Yes,Yes,4,24,1.1818181818181819,510.15384615384613,0,0.0,0.0,3.5476190476190474
6862-CQUMB,37,96.1,Month-to-month,Credit card (automatic),Fiber optic,0,No,No,3,18,0.2,450.3333333333333,3,0.0,3.0666666666666664,2.5185185185185186
7156-MXBJE,43,85.1,One year,Credit card (automatic),DSL,0,No,No,5,27,0.42105263157894735,375.875,0,0.0,0.0,6.0
6158-HDPXZ,1,25.35,Month-to-month,Mailed check,DSL,0,No,No,0,17,0.4166666666666667,661.6,2,0.0,12.6,0.0
9601-BRXPO,25,104.95,Month-to-month,Bank transfer (automatic),Fiber optic,0,Yes,No,4,25,0.47058823529411764,353.625,1,0.0,26.1,3.8947368421052633
2863-IMQDR,61,89.65,Two year,Electronic check,DSL,0,No,No,6,20,0.6666666666666666,596.25,2,0.0,7.835,3.7804878048780486
5686-CMAWK,17,86.75,One year,Electronic check,Fiber optic,0,No,No,2,19,0.5833333333333334,396.0,2,0.0,22.955,3.6470588235294117
5651-CRHKQ,41,86.2,One year,Bank transfer (automatic),Fiber optic,0,Yes,No,3,27,0.5882352941176471,404.2,0,0.0,0.0,6.071428571428571
6905-NIQIN,1,50.65,Month-to-month,Mailed check,DSL,0,No,No,1,28,0.6470588235294118,314.3636363636364,2,0.0,25.424999999999997,2.111111111111111
8204-YJCLA,72,64.8,Two year,Bank transfer (automatic),DSL,1,Yes,Yes,6,11,0.1,1178.0,0,0.0,0.0,5.75
5167-ZFFMM,1,90.85,Month-to-month,Credit card (automatic),Fiber optic,0,No,No,2,15,1.5,350.6666666666667,1,0.0,148.05,6.153846153846154
6583-SZVGP,48,108.1,Two year,Bank transfer (automatic),Fiber optic,0,No,No,4,28,0.5555555555555556,709.3,5,0.2,5.525,18.09090909090909
4895-TMWIR,11,19.95,Month-to-month,Mailed check,No,1,Yes,No,0,13,0.625,1037.2,2,0.5,8.21,0.0
0533-BNWKF,55,85.45,Month-to-month,Electronic check,Fiber optic,1,Yes,No,2,15,0.5,654.4,2,0.5,26.06,7.166666666666667
1708-PBBOA,42,54.75,One year,Electronic check,DSL,0,No,No,5,24,1.1818181818181819,654.1538461538462,0,0.0,0.0,10.166666666666666
8782-LKFPK,44,90.4,Month-to-month,Mailed check,Fiber optic,0,No,No,2,24,0.4117647058823529,294.14285714285717,3,0.0,13.57,2.8
5522-JBWMO,1,44.0,Month-to-month,Electronic check,DSL,0,No,Yes,0,22,0.5714285714285714,821.625,0,0.0,0.0,0.0
3597-MVHJT,27,95.6,Month-to-month,Bank transfer (automatic),Fiber optic,0,No,No,2,21,0.6153846153846154,628.875,3,0.6666666666666666,5.02,7.916666666666667
9774-NRNAU,27,84.8,Month-to-month,Bank transfer (automatic),DSL,1,Yes,No,5,10,0.1111111111111111,487.0,1,0.0,10.32,12.735294117647058
0224-RLWWD,2,44.3,Month-to-month,Electronic check,DSL,1,No,No,0,20,0.8181818181818182,563.8888888888889,0,0.0,0.0,0.0
9967-ATRFS,19,19.9,Month-to-month,Mailed check,No,0,No,No,0,19,0.5833333333333334,418.2857142857143,2,0.5,12.16,0.0
3951-NJCVI,42,95.05,Month-to-month,Electronic check,Fiber optic,1,Yes,No,2,12,0.3333333333333333,537.3333333333334,2,0.5,9.74,11.947368421052632
2977-CEBSX,66,90.05,Two year,Credit card (automatic),DSL,0,No,No,6,20,1.0,429.9,0,0.0,0.0,12.648148148148149
0177-PXBAT,33,109.9,Month-to-month,Bank transfer (automatic),Fiber optic,1,Yes,No,5,19,0.46153846153846156,483.3333333333333,1,0.0,8.14,2.7941176470588234
6599-CEBNN,34,73.95,Month-to-month,Credit card (automatic),Fiber optic,0,No,No,1,14,0.75,494.3333333333333,2,0.0,33.425,2.4
2519-ERQOJ,33,54.6,Month-to-month,Electronic check,DSL,1,No,No,4,10,0.25,313.0,0,0.0,0.0,7.023255813953488
5876-QMYLD,23,20.05,One year,Mailed check,No,0,Yes,Yes,0,25,0.6666666666666666,685.9,1,0.0,7.69,0.0
2277-AXSDC,32,19.75,One year,Bank transfer (automatic),No,0,No,No,0,21,0.4,514.8333333333334,0,0.0,0.0,0.0
9442-JTWDL,11,20.05,One year,Credit card (automatic),No,0,No,No,0,22,0.5714285714285714,565.0,2,0.0,9.605,0.0
0979-PHULV,69,99.45,Month-to-month,Credit card (automatic),Fiber optic,0,Yes,Yes,3,28,0.3333333333333333,764.8571428571429,2,1.0,0.0,6.6521739130434785
3067-SVMTC,68,55.9,One year,Bank transfer (automatic),DSL,0,Yes,No,2,15,0.36363636363636365,443.0,2,0.0,17.275,2.533333333333333
5495-GPSRW,20,19.7,Two year,Mailed check,No,0,No,No,0,10,0.6666666666666666,499.0,0,0.0,0.0,0.0
7606-BPHHN,72,19.8,Two year,Credit card (automatic),No,0,No,No,0,13,0.8571428571428571,581.3333333333334,0,0.0,0.0,0.0
4742-DRORA,60,95.4,One year,Bank transfer (automatic),Fiber optic,0,Yes,Yes,3,15,0.25,458.6666666666667,4,0.0,30.335,6.769230769230769
0111-KLBQG,32,93.95,Month-to-month,Mailed check,Fiber optic,1,Yes,Yes,3,20,0.6666666666666666,553.625,3,0.0,7.023333333333333,3.2083333333333335
4800-VHZKI,1,19.9,Month-to-month,Mailed check,No,0,No,No,0,23,0.6428571428571429,683.0,0,0.0,0.0,0.0
7989-CHGTL,1,19.6,Month-to-month,Mailed check,No,0,No,No,0,11,0.2222222222222222,533.0,0,0.0,0.0,0.0
0334-GDDSO,3,81.35,Month-to-month,Electronic check,Fiber optic,1,No,No,1,30,0.5789473684210527,468.54545454545456,2,0.5,14.41,8.75
4163-NCJAK,46,24.45,One year,Bank transfer (automatic),No,0,Yes,No,0,17,0.3076923076923077,335.0,1,0.0,4.15,0.0
5233-AOZUF,29,74.95,Month-to-month,Electronic check,Fiber optic,0,Yes,No,0,25,0.3157894736842105,280.1666666666667,2,0.5,2.51,0.0
5973-EJGDP,51,87.35,Month-to-month,Electronic check,Fiber optic,0,No,No,3,13,0.08333333333333333,832.0,2,0.5,9.01,14.826086956521738
1996-DBMUS,48,70.65,Month-to-month,Bank transfer (automatic),Fiber optic,1,Yes,No,0,24,0.8461538461538461,654.0,2,0.0,17.12,0.0
7916-VCCPB,16,73.25,Month-to-month,Bank transfer (automatic),Fiber optic,0,Yes,Yes,1,11,0.5714285714285714,353.0,1,0.0,5.98,10.875
4686-GEFRM,70,98.7,Two year,Bank transfer (automatic),Fiber optic,0,Yes,No,4,17,0.21428571428571427,502.6666666666667,1,0.0,3.0,7.925
5249-QYHEX,40,24.8,Two year,Mailed check,No,0,Yes,Yes,0,11,0.5714285714285714,584.75,2,0.5,4.16,0.0
0578-SKVMF,22,83.3,Month-to-month,Electronic check,Fiber optic,0,Yes,Yes,2,17,0.4166666666666667,506.6,2,0.5,33.43,7.1
5564-NEMQO,1,75.3,Month-to-month,Bank transfer (automatic),Fiber optic,1,No,No,1,30,0.6666666666666666,618.25,1,1.0,0.0,5.285714285714286
2233-FAGXV,5,24.3,Month-to-month,Mailed check,No,0,Yes,Yes,0,15,0.25,666.0,2,0.0,27.97,0.0
5605-IYGFG,7,69.85,Month-to-month,Bank transfer (automatic),Fiber optic,0,No,No,0,16,0.23076923076923078,279.6666666666667,4,0.0,8.24,0.0
7663-ZTEGJ,29,100.55,One year,Credit card (automatic),Fiber optic,0,No,Yes,4,16,0.3333333333333333,823.75,4,0.0,52.1275,7.2
3935-TBRZZ,44,25.7,One year,Mailed check,No,0,Yes,Yes,0,24,0.6,575.0,3,0.3333333333333333,49.945,0.0
8111-BKVDS,10,40.7,Month-to-month,Bank transfer (automatic),DSL,0,No,No,3,24,0.7142857142857143,566.4,4,0.0,13.275,5.85
2055-SIFSS,55,51.65,Month-to-month,Bank transfer (automatic),DSL,1,Yes,No,0,28,1.0,693.1428571428571,5,0.2,23.112499999999997,0.0
2806-MLNTI,52,105.1,One year,Bank transfer (automatic),Fiber optic,1,Yes,No,4,26,0.5294117647058824,559.7777777777778,1,0.0,8.23,18.026315789473685
8734-DKSTZ,10,85.95,Month-to-month,Electronic check,Fiber optic,0,Yes,Yes,1,18,0.5,456.3333333333333,3,0.0,1.2166666666666666,4.666666666666667
4360-PNRQB,18,75.6,Month-to-month,Bank transfer (automatic),Fiber optic,0,No,No,0,24,0.6,515.4444444444445,3,0.0,11.733333333333334,0.0
6152-ONASV,68,58.25,One year,Bank transfer (automatic),DSL,0,Yes,No,2,24,0.6,773.8888888888889,2,0.0,6.0249999999999995,6.333333333333333
9063-ZGTUY,61,19.4,Month-to-month,Mailed check,No,0,Yes,Yes,0,13,1.6,654.0,2,0.0,26.29,0.0
7781-HVGMK,72,65.2,Two year,Credit card (automatic),DSL,0,Yes,Yes,6,30,0.5789473684210527,549.0,1,0.0,17.23,7.6976744186046515
2181-UAESM,2,53.45,Month-to-month,Electronic check,DSL,0,No,No,2,19,0.46153846153846156,452.5,3,0.3333333333333333,48.4,7.722222222222222
2957-LOLHO,12,45.4,Month-to-month,Bank transfer (automatic),DSL,0,No,No,0,24,0.5,445.625,4,0.0,64.5575,0.0
6048-NJXHX,41,19.75,Two year,Electronic check,No,0,Yes,No,0,24,0.5,490.125,0,0.0,0.0,0.0
2320-SLKMB,26,44.45,Month-to-month,Credit card (automatic),DSL,0,No,No,3,23,0.9166666666666666,665.6363636363636,2,0.0,10.785,3.1153846153846154
4980-URKXC,36,20.85,One year,Bank transfer (automatic),No,0,Yes,No,0,20,0.42857142857142855,436.8333333333333,2,0.0,8.935,0.0
4376-KFVRS,72,114.05,Two year,Credit card (automatic),Fiber optic,0,Yes,Yes,6,15,0.36363636363636365,604.25,3,0.0,4.806666666666667,6.053571428571429
5886-VLQVU,35,89.85,Month-to-month,Bank transfer (automatic),Fiber optic,0,Yes,No,2,18,0.6363636363636364,516.7142857142857,4,0.0,8.09,16.785714285714285
3577-AMVUX,1,55.05,Month-to-month,Mailed check,DSL,0,No,No,2,12,0.3333333333333333,397.0,0,0.0,0.0,17.9
0771-WLCLA,16,112.95,Month-to-month,Electronic check,Fiber optic,0,Yes,Yes,5,16,1.2857142857142858,601.0,0,0.0,0.0,7.027027027027027
5628-RKIFK,49,101.55,Month-to-month,Credit card (automatic),Fiber optic,1,No,No,3,30,0.7647058823529411,486.9230769230769,2,0.0,6.23,7.03030303030303
0206-TBWLC,54,114.65,One year,Mailed check,Fiber optic,0,Yes,No,6,26,0.3,525.6666666666666,2,0.0,8.329999999999998,4.456140350877193
2937-FTHUR,18,64.8,Month-to-month,Electronic check,DSL,0,No,Yes,2,29,0.45,461.22222222222223,2,0.0,8.17,12.714285714285714
1910-FMXJM,36,80.4,Month-to-month,Electronic check,Fiber optic,0,Yes,No,1,29,0.3181818181818182,387.85714285714283,2,0.0,3.7199999999999998,4.142857142857143
7752-XUSCI,60,105.9,Month-to-month,Electronic check,Fiber optic,0,No,No,4,25,0.3888888888888889,629.7142857142857,3,0.6666666666666666,19.5,2.3333333333333335
4110-PFEUZ,1,69.55,Month-to-month,Mailed check,Fiber optic,0,No,No,0,25,0.47058823529411764,449.5,0,0.0,0.0,0.0
0732-OCQOC,52,25.05,Two year,Bank transfer (automatic),No,0,Yes,Yes,0,18,1.0,555.8888888888889,0,0.0,0.0,0.0
5168-MSWXT,8,94.75,Month-to-month,Electronic check,Fiber optic,0,Yes,Yes,3,19,0.9,540.7777777777778,2,0.0,3.215,4.375
1090-ESELR,72,105.5,Two year,Bank transfer (automatic),Fiber optic,0,Yes,Yes,5,21,0.5,449.0,2,0.5,16.2,2.097560975609756
8592-PLTMQ,64,24.7,One year,Mailed check,No,0,No,No,0,18,0.8,457.875,0,0.0,0.0,0.0
5760-WRAHC,22,69.75,Month-to-month,Mailed check,DSL,1,No,No,4,28,0.5555555555555556,450.6,1,0.0,2.84,9.473684210526315
8847-GEOOQ,60,60.2,Month-to-month,Bank transfer (automatic),DSL,0,Yes,No,5,24,0.2631578947368421,318.0,0,0.0,0.0,6.243243243243243
0256-LTHVJ,28,81.05,Month-to-month,Electronic check,Fiber optic,0,Yes,Yes,1,24,0.6,415.8888888888889,1,1.0,0.0,7.666666666666667
4785-FCIFB,61,24.4,Two year,Mailed check,No,0,Yes,No,0,13,0.625,538.6,1,1.0,0.0,0.0
8313-NDOIA,24,104.15,Month-to-month,Electronic check,Fiber optic,0,No,No,4,14,0.75,487.0,2,0.5,15.58,6.757575757575758
5149-CUZUJ,28,92.9,One year,Bank transfer (automatic),Fiber optic,0,Yes,Yes,4,19,0.35714285714285715,317.0,1,0.0,2.72,4.0
0942-KOWSM,30,80.8,Two year,Bank transfer (automatic),DSL,0,Yes,Yes,5,19,0.35714285714285715,519.2,0,0.0,0.0,7.216216216216216
4237-CLSMM,2,20.0,Month-to-month,Mailed check,No,0,Yes,No,0,18,0.38461538461538464,339.6,2,0.0,3.2350000000000003,0.0
1452-VOQCH,1,75.1,Month-to-month,Electronic check,Fiber optic,0,No,No,0,30,0.7647058823529411,421.46153846153845,3,0.6666666666666666,10.66,0.0
4719-UMSIY,6,19.65,Month-to-month,Mailed check,No,0,No,Yes,0,27,0.5,505.1111111111111,3,0.0,22.763333333333332,0.0
6614-VBEGU,24,69.45,Month-to-month,Bank transfer (automatic),DSL,0,Yes,No,3,15,0.875,495.57142857142856,0,0.0,0.0,4.518518518518518
0880-TKATG,4,101.15,Month-to-month,Electronic check,Fiber optic,0,Yes,Yes,3,22,1.2,558.5833333333334,0,0.0,0.0,7.954545454545454
3811-VBYBZ,7,99.8,Month-to-month,Electronic check,Fiber optic,0,No,No,3,20,0.5384615384615384,648.2857142857143,5,0.8,49.2,3.3846153846153846
1480-BKXGA,72,116.05,Two year,Bank transfer (automatic),Fiber optic,1,Yes,No,6,30,0.25,531.5,2,0.0,39.735,2.6785714285714284
2996-XAUVF,70,40.05,Two year,Mailed check,DSL,0,No,No,2,30,0.6666666666666666,624.4166666666666,0,0.0,0.0,10.176470588235293
9076-AXYIK,64,102.1,Two year,Electronic check,Fiber optic,1,Yes,No,4,30,0.6666666666666666,327.0,1,0.0,7.72,6.25
5968-XQIVE,72,89.7,One year,Electronic check,Fiber optic,0,Yes,Yes,2,25,0.9230769230769231,550.5,2,0.0,10.69,5.8
8896-RAZCR,44,19.9,Two year,Mailed check,No,0,No,Yes,0,10,0.6666666666666666,690.0,0,0.0,0.0,0.0
4640-UHDOS,13,55.95,Month-to-month,Electronic check,DSL,0,Yes,Yes,1,18,1.0,577.2222222222222,3,0.3333333333333333,8.2,5.5
4933-IKULF,17,20.65,One year,Mailed check,No,1,No,No,0,20,0.25,445.5,1,0.0,7.96,0.0
3583-EKAPL,1,55.0,Month-to-month,Electronic check,DSL,0,No,No,1,19,0.7272727272727273,302.5,3,0.3333333333333333,72.94,7.666666666666667
1304-BCCFO,9,70.05,Month-to-month,Mailed check,DSL,0,Yes,No,3,19,0.35714285714285715,495.2,0,0.0,0.0,6.0
4104-PVRPS,24,53.6,Month-to-month,Mailed check,DSL,0,Yes,No,2,24,0.7142857142857143,718.1,2,0.5,25.71,3.263157894736842
9399-APLBT,1,74.7,Month-to-month,Electronic check,Fiber optic,0,Yes,Yes,1,12,0.3333333333333333,597.6666666666666,4,0.5,28.270000000000003,10.4
2359-KMGLI,24,80.25,Month-to-month,Electronic check,Fiber optic,0,No,No,1,13,0.625,332.2,5,0.6,46.455,3.125
3780-DDGSE,35,76.05,Month-to-month,Electronic check,DSL,1,Yes,Yes,4,14,1.0,629.5714285714286,2,0.5,19.98,2.0
4431-EDMIQ,7,75.7,Month-to-month,Electronic check,DSL,0,Yes,Yes,5,25,0.9230769230769231,618.9166666666666,0,0.0,0.0,4.25
0306-JAELE,5,96.1,Month-to-month,Electronic check,Fiber optic,0,No,No,3,22,0.6923076923076923,387.3333333333333,0,0.0,0.0,2.764705882352941
6227-HWPWX,15,69.0,Month-to-month,Bank transfer (automatic),Fiber optic,0,No,Yes,0,16,0.45454545454545453,330.6,2,0.5,1.86,0.0
0486-LGCCH,11,19.65,Two year,Mailed check,No,0,Yes,Yes,0,20,0.8181818181818182,535.2222222222222,0,0.0,0.0,0.0
0447-BEMNG,48,45.3,Month-to-month,Bank transfer (automatic),DSL,0,Yes,No,3,10,0.0,0.0,5,0.0,36.322,1.9047619047619047
4612-SSVHJ,20,81.45,Month-to-month,Electronic check,Fiber optic,1,No,No,1,17,0.5454545454545454,557.1666666666666,4,0.75,5.37,12.2
5168-MQQCA,72,108.5,One year,Bank transfer (automatic),Fiber optic,0,Yes,No,5,27,0.2857142857142857,391.1666666666667,1,0.0,14.81,4.757575757575758
5949-XIKAE,8,83.55,Month-to-month,Electronic check,Fiber optic,0,Yes,Yes,2,23,0.15,306.3333333333333,2,0.0,24.385,3.176470588235294
7971-HLVXI,72,84.5,Two year,Credit card (automatic),Fiber optic,0,Yes,Yes,1,19,0.46153846153846156,606.0,1,0.0,6.91,4.428571428571429
9094-AZPHK,15,100.15,Month-to-month,Electronic check,Fiber optic,0,No,No,3,16,0.6,379.0,3,0.0,6.913333333333334,4.066666666666666
3649-JPUGY,72,88.6,Two year,Bank transfer (automatic),DSL,0,No,No,5,27,0.5,358.77777777777777,3,0.0,17.233333333333334,18.75
4472-LVYGI,0,52.55,Two year,Bank transfer (automatic),DSL,0,Yes,Yes,4,15,0.6666666666666666,669.8333333333334,0,0.0,0.0,2.5483870967741935
8372-JUXUI,1,74.35,Month-to-month,Electronic check,Fiber optic,0,No,Yes,0,21,0.23529411764705882,581.75,5,0.2,8.1375,0.0
3552-CTCYF,63,104.8,Two year,Bank transfer (automatic),Fiber optic,0,Yes,Yes,4,28,0.5555555555555556,612.7,5,0.2,8.1025,6.65
6778-YSNIH,2,59.0,Month-to-month,Electronic check,DSL,0,No,No,2,29,0.45,639.5555555555555,2,0.5,4.37,3.0
0388-EOPEX,2,74.4,Month-to-month,Electronic check,Fiber optic,0,Yes,No,1,22,0.6923076923076923,349.55555555555554,5,0.0,29.818,2.0
5756-OZRIO,61,64.05,One year,Bank transfer (automatic),DSL,1,Yes,No,2,18,0.8,487.25,0,0.0,0.0,4.2
6579-JPICP,1,20.4,Month-to-month,Mailed check,No,0,No,No,0,28,0.4,397.875,2,0.5,4.87,0.0
8205-OTCHB,22,43.75,One year,Bank transfer (automatic),DSL,0,No,No,3,27,0.5882352941176471,529.4,4,0.0,39.435,3.4705882352941178
4134-BSXLX,28,60.9,Month-to-month,Mailed check,DSL,0,Yes,No,3,21,0.5,610.2857142857143,2,0.0,4.6850000000000005,2.5172413793103448
0505-SPOOW,70,19.8,Two year,Bank transfer (automatic),No,0,Yes,No,0,27,0.6875,668.8181818181819,1,0.0,9.48,0.0
6235-VDHOM,5,28.45,Month-to-month,Electronic check,DSL,1,No,No,1,12,0.2,314.0,3,0.6666666666666666,32.95,7.166666666666667
7783-YKGDV,12,99.7,Month-to-month,Bank transfer (automatic),Fiber optic,0,No,No,4,27,0.2857142857142857,277.6666666666667,3,0.6666666666666666,17.24,2.8076923076923075
4374-YMUSQ,34,116.25,One year,Credit card (automatic),Fiber optic,0,No,No,6,27,0.22727272727272727,440.4,0,0.0,0.0,7.372881355932203
4513-CXYIX,71,80.7,Two year,Credit card (automatic),Fiber optic,1,Yes,No,1,27,0.9285714285714286,593.3846153846154,3,0.0,17.046666666666667,11.8
3957-HHLMR,70,65.2,One year,Bank transfer (automatic),DSL,0,Yes,Yes,2,27,0.8,459.5,0,0.0,0.0,7.4
7803-XOCCZ,52,84.05,Month-to-month,Bank transfer (automatic),Fiber optic,0,Yes,Yes,3,10,0.25,443.0,1,0.0,4.97,4.258064516129032
5736-YEJAX,69,79.45,Two year,Credit card (automatic),DSL,0,No,Yes,5,18,0.5,520.1666666666666,0,0.0,0.0,3.4150943396226414
5609-CEBID,20,94.1,Month-to-month,Electronic check,Fiber optic,1,No,No,3,14,0.2727272727272727,334.3333333333333,0,0.0,0.0,3.7058823529411766
8981-FJGLA,11,78.0,Month-to-month,Mailed check,Fiber optic,0,No,Yes,1,19,0.7272727272727273,518.25,0,0.0,0.0,6.2
7218-HKQFK,2,94.2,Month-to-month,Electronic check,Fiber optic,0,Yes,No,3,18,1.0,615.8888888888889,2,0.5,61.01,2.9444444444444446
4636-QRJKY,6,80.5,Month-to-month,Electronic check,Fiber optic,0,Yes,Yes,1,16,0.6,304.6666666666667,2,0.5,37.38,4.0
1135-LMECX,1,19.85,Month-to-month,Mailed check,No,0,No,No,0,15,0.25,289.0,0,0.0,0.0,0.0
4332-MUOEZ,20,94.3,One year,Credit card (automatic),Fiber optic,1,Yes,Yes,4,19,0.7272727272727273,736.0,0,0.0,0.0,3.4482758620689653
8535-SFUTN,61,106.45,Month-to-month,Electronic check,Fiber optic,0,No,No,4,20,0.42857142857142855,583.5,5,0.0,3.9659999999999997,7.066666666666666
5956-VKDTT,5,74.35,Month-to-month,Electronic check,Fiber optic,1,Yes,No,0,24,1.0,487.9166666666667,4,0.5,120.59,0.0
8677-HDZEE,56,105.45,Month-to-month,Bank transfer (automatic),Fiber optic,0,No,No,4,19,0.35714285714285715,673.2,1,1.0,0.0,6.487804878048781
2475-MROZF,30,95.0,Month-to-month,Credit card (automatic),Fiber optic,0,No,No,4,27,0.5882352941176471,461.7,2,0.0,7.76,6.162162162162162
9412-GHEEC,40,104.8,Month-to-month,Bank transfer (automatic),Fiber optic,0,No,No,4,27,0.8,441.25,2,0.0,10.260000000000002,2.789473684210526
3482-ABPKK,28,54.3,One year,Mailed check,DSL,0,No,No,2,18,0.5,511.8333333333333,1,0.0,7.47,6.8125
6705-LXORM,5,70.05,Month-to-month,Electronic check,Fiber optic,1,Yes,No,0,22,0.29411764705882354,686.0,2,0.5,5.66,0.0
0257-ZESQC,27,75.2,Month-to-month,Bank transfer (automatic),Fiber optic,1,Yes,No,1,12,0.5,511.5,1,0.0,5.38,10.25
7531-GQHME,12,20.05,Month-to-month,Credit card (automatic),No,0,No,No,0,26,0.7333333333333333,458.8181818181818,1,1.0,0.0,0.0
5174-ITUMV,67,105.4,One year,Electronic check,Fiber optic,0,Yes,Yes,4,24,0.7142857142857143,832.6,2,0.0,6.2700000000000005,5.608695652173913
4109-CYRBD,29,51.6,Month-to-month,Electronic check,DSL,1,Yes,No,0,18,0.6363636363636364,515.8571428571429,1,0.0,18.25,0.0
0913-XWSCN,55,85.5,Month-to-month,Bank transfer (automatic),Fiber optic,0,Yes,Yes,1,27,1.25,663.2666666666667,3,0.3333333333333333,4.88,9.666666666666666
6825-UYPFK,23,75.6,Month-to-month,Bank transfer (automatic),Fiber optic,0,No,No,0,17,0.5454545454545454,633.6666666666666,2,0.5,23.27,0.0
8397-MVTAZ,34,100.05,Month-to-month,Electronic check,Fiber optic,0,Yes,No,3,11,0.8333333333333334,327.8,3,1.0,0.0,3.2777777777777777
0750-EBAIU,52,91.25,One year,Electronic check,Fiber optic,0,No,No,3,26,0.8571428571428571,720.5,1,1.0,0.0,4.826086956521739
8606-CIQUL,72,115.75,Two year,Credit card (automatic),Fiber optic,1,Yes,Yes,6,25,0.3888888888888889,630.4285714285714,2,0.0,23.98,9.4375
3571-DPYUH,58,94.7,One year,Credit card (automatic),Fiber optic,0,Yes,Yes,3,24,0.5,543.0,1,0.0,0.89,12.0
7601-GNDYK,35,19.6,Two year,Mailed check,No,0,Yes,Yes,0,12,0.7142857142857143,566.2,0,0.0,0.0,0.0
0356-OBMAC,56,99.9,Two year,Bank transfer (automatic),Fiber optic,1,No,No,4,28,0.2727272727272727,645.3333333333334,1,0.0,9.13,3.925925925925926
8067-NIOYM,24,21.1,Two year,Credit card (automatic),No,0,Yes,Yes,0,28,0.6470588235294118,613.0,2,0.0,18.01,0.0
1403-GYAFU,70,20.05,Two year,Credit card (automatic),No,0,Yes,Yes,0,21,1.1,603.3636363636364,3,0.0,13.21,0.0
4234-XTNEA,2,79.95,Month-to-month,Electronic check,Fiber optic,0,No,No,1,30,0.5,356.1,2,0.5,15.4,7.75
1297-VQDRP,68,107.15,One year,Credit card (automatic),Fiber optic,1,Yes,Yes,4,16,0.45454545454545453,603.8,2,0.0,5.640000000000001,4.444444444444445
9282-IZGQK,1,85.0,Month-to-month,Electronic check,Fiber optic,0,No,No,1,30,0.42857142857142855,403.0,5,0.2,5.9925,2.0
5348-CAGXB,12,89.55,Month-to-month,Electronic check,Fiber optic,0,No,No,2,21,0.6153846153846154,358.5,3,1.0,0.0,3.25
0621-HJWXJ,63,81.55,Month-to-month,Bank transfer (automatic),Fiber optic,0,Yes,No,1,27,0.2857142857142857,544.3333333333334,3,0.0,14.01,4.428571428571429
5844-QVTAT,33,58.45,One year,Mailed check,DSL,0,Yes,Yes,3,21,0.75,608.7777777777778,4,0.75,11.84,2.619047619047619
8905-IAZPF,69,95.65,One year,Credit card (automatic),Fiber optic,0,Yes,No,3,12,0.5,399.75,5,0.0,3.408,10.703703703703704
5394-MEITZ,60,80.6,Two year,Bank transfer (automatic),DSL,0,Yes,Yes,5,11,0.2222222222222222,321.5,2,0.0,6.675000000000001,9.12
6859-QNXIQ,72,113.1,Two year,Bank transfer (automatic),Fiber optic,0,Yes,Yes,6,19,0.26666666666666666,249.0,1,0.0,10.3,5.086956521739131
2782-LFZVW,11,58.95,Month-to-month,Mailed check,DSL,0,No,No,1,17,0.3076923076923077,615.75,3,0.0,16.583333333333332,2.857142857142857
2866-IKBTM,1,19.55,Month-to-month,Mailed check,No,0,No,No,0,23,0.7692307692307693,636.3,1,1.0,0.0,0.0
1342-JPNKI,10,86.05,Month-to-month,Bank transfer (automatic),Fiber optic,0,No,No,1,24,0.7142857142857143,455.7,0,0.0,0.0,4.25
2817-NTQDO,13,45.55,Month-to-month,Credit card (automatic),DSL,0,No,No,3,24,0.6,741.0,3,0.3333333333333333,44.7,1.8461538461538463
7129-AZJDE,34,78.95,One year,Bank transfer (automatic),Fiber optic,0,Yes,Yes,1,12,0.3333333333333333,594.6666666666666,0,0.0,0.0,5.384615384615385
6986-IJDHX,39,86.3,Month-to-month,Mailed check,Fiber optic,0,Yes,Yes,2,25,0.25,297.8,2,0.0,8.455,5.545454545454546
2560-PPCHE,65,105.05,One year,Bank transfer (automatic),Fiber optic,0,No,No,4,17,0.7,616.7142857142857,0,0.0,0.0,5.72972972972973
4676-MQUEA,50,101.9,One year,Bank transfer (automatic),Fiber optic,1,Yes,No,4,12,0.7142857142857143,559.2,5,0.4,4.9366666666666665,3.2439024390243905
8138-EALND,15,19.75,Month-to-month,Mailed check,No,0,No,No,0,29,0.45,595.4444444444445,2,0.5,9.45,0.0
3580-HYCSP,72,110.3,Two year,Bank transfer (automatic),Fiber optic,0,Yes,Yes,5,15,0.5,478.4,1,1.0,0.0,3.5945945945945947
1352-HNSAW,72,115.6,Two year,Bank transfer (automatic),Fiber optic,0,Yes,Yes,6,14,0.75,391.5,1,0.0,10.07,8.114754098360656
2075-PUEPR,55,19.35,Two year,Bank transfer (automatic),No,0,Yes,Yes,0,17,0.5454545454545454,596.6666666666666,2,0.5,56.51,0.0
1982-FEBTD,23,25.6,Two year,Credit card (automatic),No,0,Yes,Yes,0,18,0.2857142857142857,445.5,0,0.0,0.0,0.0
5301-GAUUY,32,80.35,Month-to-month,Bank transfer (automatic),Fiber optic,0,No,No,1,22,0.375,637.0,1,0.0,17.16,2.5555555555555554
5791-KAJFD,56,68.75,One year,Bank transfer (automatic),DSL,0,Yes,Yes,3,27,0.9285714285714286,486.0,3,0.6666666666666666,4.83,4.142857142857143
2654-VBVPB,1,19.9,Month-to-month,Bank transfer (automatic),No,0,No,No,0,14,0.5555555555555556,538.4,1,0.0,10.36,0.0
1154-HYWWO,38,70.6,One year,Mailed check,DSL,0,No,No,4,27,0.5882352941176471,615.4,1,0.0,7.67,4.128205128205129
2501-XWWTZ,11,70.2,Month-to-month,Electronic check,Fiber optic,0,No,No,0,29,0.7058823529411765,546.0833333333334,2,0.5,5.19,0.0
3716-UVSPD,1,49.3,Month-to-month,Electronic check,DSL,0,No,No,1,29,0.8125,560.2307692307693,0,0.0,0.0,6.833333333333333
6815-ABQFQ,56,107.25,One year,Electronic check,Fiber optic,0,Yes,No,4,11,0.375,602.0,1,0.0,5.87,4.928571428571429
7343-EOBEU,3,23.6,Month-to-month,Mailed check,No,0,Yes,No,0,10,0.42857142857142855,346.6666666666667,3,0.0,3.473333333333333,0.0
3701-SFMUH,7,69.7,Month-to-month,Credit card (automatic),DSL,0,Yes,Yes,3,20,0.3333333333333333,866.2,1,0.0,15.64,4.217391304347826
6103-LIANB,59,99.5,Two year,Credit card (automatic),Fiber optic,0,Yes,Yes,3,28,0.4,519.25,4,0.25,5.753333333333334,3.774193548387097
7319-VENRZ,7,64.3,Month-to-month,Bank transfer (automatic),DSL,0,No,No,3,27,0.5,661.8888888888889,1,0.0,4.18,5.555555555555555
5846-NEQVZ,71,70.85,Two year,Credit card (automatic),DSL,0,Yes,Yes,4,21,0.16666666666666666,846.6666666666666,1,0.0,39.57,7.642857142857143
6967-QIQRV,15,101.9,One year,Electronic check,Fiber optic,0,Yes,Yes,4,25,0.3888888888888889,778.5714285714286,1,0.0,5.36,5.705882352941177
5781-RFZRP,71,73.5,Two year,Credit card (automatic),DSL,0,Yes,No,4,23,0.15,603.0,2,0.0,10.98,3.891891891891892
0939-YAPAF,35,100.25,Month-to-month,Electronic check,Fiber optic,0,No,No,3,12,0.2,550.0,4,0.5,17.130000000000003,3.8125
0308-IVGOK,11,40.4,One year,Credit card (automatic),DSL,0,No,No,3,14,1.0,377.14285714285717,1,0.0,11.12,9.761904761904763
7293-LSCDV,60,19.25,Two year,Credit card (automatic),No,0,Yes,Yes,0,12,0.5,292.75,0,0.0,0.0,0.0
7025-WCBNE,47,59.6,Two year,Bank transfer (automatic),DSL,1,No,No,2,22,0.375,533.6666666666666,2,0.0,4.875,3.8823529411764706
5756-JYOJT,11,64.9,One year,Credit card (automatic),DSL,0,No,No,3,22,0.5714285714285714,593.375,1,0.0,1.35,6.45
4710-FDUIZ,56,100.3,One year,Credit card (automatic),Fiber optic,0,Yes,No,3,29,1.0714285714285714,595.7333333333333,3,0.3333333333333333,30.595,3.2
6030-REHUX,28,110.85,Month-to-month,Electronic check,Fiber optic,1,Yes,No,5,28,0.2727272727272727,593.3333333333334,2,1.0,0.0,5.565217391304348
9548-LIGTA,61,81.05,Two year,Mailed check,DSL,0,Yes,No,5,20,0.3333333333333333,598.6,3,0.3333333333333333,11.12,4.54054054054054
5150-LJNSR,31,98.05,One year,Bank transfer (automatic),Fiber optic,0,Yes,Yes,3,24,0.4117647058823529,825.5714285714286,1,0.0,14.85,5.090909090909091
8270-RKSAP,9,70.5,Month-to-month,Electronic check,Fiber optic,0,No,No,0,18,1.0,689.5555555555555,1,0.0,30.93,0.0
6522-YRBXD,35,94.55,Month-to-month,Electronic check,Fiber optic,1,Yes,No,3,19,0.46153846153846156,483.8333333333333,2,0.0,12.35,9.264705882352942
2640-LYMOV,2,19.65,Month-to-month,Mailed check,No,0,No,No,0,18,0.8,388.375,0,0.0,0.0,0.0
1218-VKFPE,12,19.0,Month-to-month,Mailed check,No,0,Yes,Yes,0,12,1.4,399.14285714285717,2,0.0,21.41,0.0
3627-FHKBK,1,75.3,Month-to-month,Mailed check,Fiber optic,0,No,No,1,17,0.21428571428571427,610.0,5,0.2,15.915,2.4
2865-TCHJW,4,89.2,Month-to-month,Electronic check,Fiber optic,1,No,No,2,17,0.21428571428571427,360.6666666666667,2,0.5,38.79,2.8461538461538463
1423-BMPBQ,1,19.0,Month-to-month,Mailed check,No,0,Yes,Yes,0,23,0.4375,570.2857142857143,0,0.0,0.0,0.0
2393-DIVAI,3,20.0,Month-to-month,Mailed check,No,0,No,No,0,17,0.5454545454545454,424.3333333333333,1,1.0,0.0,0.0
5192-EBGOV,1,85.7,Month-to-month,Electronic check,Fiber optic,1,No,No,1,18,0.38461538461538464,316.2,0,0.0,0.0,3.5555555555555554
4568-KNYWR,52,63.25,Two year,Credit card (automatic),DSL,0,No,No,3,19,0.46153846153846156,383.1666666666667,0,0.0,0.0,6.636363636363637
8752-IMQOS,5,20.1,One year,Mailed check,No,0,Yes,Yes,0,23,0.9166666666666666,481.1818181818182,3,0.0,27.173333333333332,0.0
0742-LAFQK,72,99.15,Two year,Electronic check,Fiber optic,0,Yes,No,4,11,0.1,454.0,2,0.0,10.84,4.333333333333333
0795-LAFGP,71,90.4,Two year,Electronic check,DSL,0,Yes,Yes,6,11,0.375,594.3333333333334,0,0.0,0.0,3.2452830188679247
0619-OLYUR,72,111.9,Two year,Credit card (automatic),Fiber optic,0,Yes,No,5,18,0.38461538461538464,341.6,0,0.0,0.0,7.909090909090909
5512-IDZEI,46,24.9,One year,Electronic check,No,0,Yes,Yes,0,20,0.5384615384615384,462.2857142857143,0,0.0,0.0,0.0
0459-SPZHJ,63,83.5,Two year,Credit card (automatic),DSL,0,Yes,Yes,5,15,0.07142857142857142,299.0,2,0.5,4.59,2.8181818181818183
0215-BQKGS,30,84.3,Month-to-month,Credit card (automatic),Fiber optic,0,No,No,3,25,0.5625,345.1111111111111,3,0.0,6.776666666666666,5.758620689655173
9244-ZVAPM,1,45.6,Month-to-month,Mailed check,DSL,0,No,No,0,23,0.5333333333333333,412.625,0,0.0,0.0,0.0
0719-SYFRB,12,61.65,Month-to-month,Mailed check,DSL,0,No,No,3,17,0.5454545454545454,736.1666666666666,4,0.25,216.95666666666668,5.166666666666667
8208-EUMTE,16,54.85,Two year,Mailed check,DSL,0,No,No,5,23,0.4375,579.7142857142857,0,0.0,0.0,3.2790697674418605
5172-MIGPM,4,65.55,Month-to-month,Mailed check,DSL,0,No,No,2,18,0.6363636363636364,610.0,2,0.0,11.175,6.818181818181818
1710-RCXUS,51,90.35,One year,Credit card (automatic),Fiber optic,0,Yes,No,2,15,0.6666666666666666,681.1666666666666,0,0.0,0.0,4.222222222222222
0374-FIUCA,65,20.4,Two year,Credit card (automatic),No,0,Yes,No,0,11,0.375,399.0,1,1.0,0.0,0.0
5839-SUYVZ,16,74.55,Month-to-month,Credit card (automatic),Fiber optic,0,No,No,1,24,0.4117647058823529,481.57142857142856,2,0.0,17.61,6.2727272727272725
5173-ZXXXL,2,19.95,One year,Mailed check,No,0,No,No,0,13,0.4444444444444444,706.0,1,0.0,9.38,0.0
1096-ADRUX,66,74.25,One year,Bank transfer (automatic),Fiber optic,0,Yes,Yes,0,22,0.2222222222222222,769.5,3,0.0,13.563333333333333,0.0
2001-MCUUW,46,108.65,Two year,Electronic check,Fiber optic,0,No,No,5,25,0.3888888888888889,759.5714285714286,2,0.0,16.52,4.816326530612245
2731-GJRDG,32,109.55,One year,Bank transfer (automatic),Fiber optic,0,No,No,5,26,0.4444444444444444,391.5,0,0.0,0.0,17.25581395348837
4723-BEGSG,72,86.65,Two year,Credit card (automatic),DSL,0,Yes,No,5,28,0.6470588235294118,594.9090909090909,0,0.0,0.0,12.159090909090908
6516-NKQBO,38,81.0,Two year,Credit card (automatic),DSL,0,Yes,Yes,5,18,0.6363636363636364,370.7142857142857,1,0.0,14.71,2.4705882352941178
8672-OAUPW,51,47.85,One year,Credit card (automatic),DSL,0,No,Yes,1,27,0.42105263157894735,425.875,3,0.3333333333333333,2.86,4.538461538461538
8207-DMRVL,72,114.55,Two year,Bank transfer (automatic),Fiber optic,0,Yes,Yes,6,27,0.42105263157894735,386.125,0,0.0,0.0,4.104166666666667
3419-SNJJD,65,105.25,Month-to-month,Bank transfer (automatic),Fiber optic,1,Yes,No,4,24,0.5,416.75,2,0.0,34.955,2.52
6543-CPZMK,9,29.95,Month-to-month,Electronic check,DSL,0,Yes,Yes,1,23,0.6428571428571429,574.7777777777778,3,0.0,32.35666666666666,4.125
4765-OXPPD,9,65.0,Month-to-month,Mailed check,DSL,0,Yes,Yes,4,17,0.7,929.1428571428571,5,0.4,6.8566666666666665,5.038461538461538
2804-ETQDK,66,20.55,Two year,Mailed check,No,0,No,Yes,0,13,0.4444444444444444,717.5,2,0.0,12.760000000000002,0.0
6689-VRRTK,44,109.8,One year,Credit card (automatic),Fiber optic,1,No,No,5,21,0.23529411764705882,688.0,2,0.5,6.87,4.1568627450980395
7138-GIRSH,50,69.5,Two year,Bank transfer (automatic),DSL,0,No,No,3,18,0.2,578.0,0,0.0,0.0,8.5
9396-ZSFLL,15,48.85,Month-to-month,Mailed check,DSL,0,No,No,0,26,0.3,765.6666666666666,5,0.2,13.5325,0.0
6464-KEXXH,8,25.25,Month-to-month,Credit card (automatic),DSL,0,No,No,0,10,0.6666666666666666,370.0,1,0.0,8.2,0.0
7134-MJPDY,66,102.85,One year,Credit card (automatic),Fiber optic,1,No,No,4,16,0.45454545454545453,278.2,0,0.0,0.0,4.942857142857143
5240-CAOYT,57,87.55,Month-to-month,Bank transfer (automatic),Fiber optic,0,No,No,3,19,0.5833333333333334,649.1428571428571,0,0.0,0.0,3.619047619047619
4059-IIEBK,7,78.55,Month-to-month,Bank transfer (automatic),Fiber optic,0,No,No,1,30,0.5789473684210527,586.0909090909091,2,0.5,9.91,13.75
4881-JVQOD,10,34.55,Month-to-month,Bank transfer (automatic),DSL,1,Yes,Yes,1,26,0.3684210526315789,702.7142857142857,2,0.0,10.5,3.4
0516-UXRMT,62,92.05,One year,Electronic check,Fiber optic,0,No,No,3,26,1.3636363636363635,830.9333333333333,3,0.0,9.703333333333333,3.576923076923077
4851-BQDNX,40,85.05,One year,Electronic check,Fiber optic,0,Yes,Yes,2,17,0.7,601.1428571428571,3,0.3333333333333333,20.71,6.684210526315789
5148-HKFIR,20,19.7,Two year,Mailed check,No,0,No,No,0,10,0.25,663.0,1,0.0,9.84,0.0
1009-IRMNA,7,20.0,Month-to-month,Bank transfer (automatic),No,0,No,No,0,22,0.375,318.5,1,0.0,12.2,0.0
3003-CMDUU,25,95.15,Month-to-month,Electronic check,Fiber optic,0,Yes,No,3,17,0.3076923076923077,369.25,3,0.0,14.553333333333333,21.59259259259259
5016-IBERQ,23,84.25,Month-to-month,Electronic check,Fiber optic,0,Yes,No,2,26,1.0,352.7692307692308,5,0.2,10.205,8.789473684210526
6797-UCJHZ,66,104.6,One year,Credit card (automatic),Fiber optic,1,Yes,No,4,18,0.058823529411764705,383.0,0,0.0,0.0,3.2857142857142856
2469-DTSGX,72,111.65,Two year,Electronic check,Fiber optic,1,No,No,5,25,0.19047619047619047,405.25,0,0.0,0.0,3.8048780487804876
4554-YGZIH,49,90.05,Month-to-month,Credit card (automatic),Fiber optic,1,Yes,No,2,14,0.2727272727272727,391.3333333333333,1,1.0,0.0,2.1666666666666665
5099-BAILX,43,110.75,Month-to-month,Bank transfer (automatic),Fiber optic,1,Yes,Yes,5,17,0.7,513.2857142857143,2,0.0,21.85,3.6363636363636362
9931-KGHOA,46,55.0,Month-to-month,Bank transfer (automatic),DSL,0,Yes,No,1,18,1.0,513.0,5,0.2,15.0225,16.0
1775-KWJKQ,72,89.85,Two year,Credit card (automatic),DSL,0,Yes,Yes,6,17,0.21428571428571427,204.33333333333334,1,0.0,127.57,7.48
7665-VIGUD,10,20.35,One year,Mailed check,No,0,No,No,0,27,0.42105263157894735,313.125,1,0.0,16.84,0.0
9411-TPQQV,40,54.55,One year,Bank transfer (automatic),DSL,0,No,No,4,26,0.4444444444444444,443.375,1,1.0,0.0,10.0
7207-RMRDB,65,105.5,Month-to-month,Electronic check,Fiber optic,0,Yes,Yes,4,29,0.6111111111111112,438.8181818181818,2,1.0,0.0,2.7666666666666666
7954-MLBUN,31,99.45,Two year,Bank transfer (automatic),Fiber optic,0,No,No,4,21,0.9090909090909091,571.4,0,0.0,0.0,3.5833333333333335
2077-DDHJK,68,70.9,Two year,Credit card (automatic),DSL,0,Yes,No,4,14,0.75,367.3333333333333,0,0.0,0.0,4.029411764705882
4913-EHYUI,56,104.55,One year,Bank transfer (automatic),Fiber optic,1,Yes,Yes,4,23,1.0909090909090908,744.8333333333334,2,0.5,31.34,9.642857142857142
0195-IESCP,10,85.25,Month-to-month,Electronic check,Fiber optic,0,Yes,No,1,24,0.3333333333333333,264.3333333333333,0,0.0,0.0,7.5
9574-BOSMD,68,25.4,Two year,Bank transfer (automatic),No,0,Yes,Yes,0,19,0.46153846153846156,480.8333333333333,0,0.0,0.0,0.0
4580-TMHJU,43,56.15,Month-to-month,Electronic check,DSL,0,Yes,Yes,1,25,0.5625,330.0,4,0.5,42.879999999999995,1.8571428571428572
0970-ETWGE,1,89.55,Month-to-month,Electronic check,Fiber optic,0,No,No,2,12,0.7142857142857143,774.6,3,0.3333333333333333,12.095,2.7777777777777777
4908-XAXAY,49,89.85,One year,Bank transfer (automatic),Fiber optic,1,No,No,3,27,0.6875,510.1818181818182,1,0.0,10.13,4.894736842105263
8404-VLQFB,15,25.25,Month-to-month,Electronic check,No,0,Yes,Yes,0,21,0.05,319.0,1,0.0,5.22,0.0
1626-ERCMM,20,94.55,Month-to-month,Electronic check,Fiber optic,1,Yes,No,2,23,0.35294117647058826,292.8333333333333,1,0.0,12.93,3.0
0887-HJGAR,1,45.7,Month-to-month,Mailed check,DSL,0,No,No,0,22,0.047619047619047616,315.0,2,0.5,12.78,0.0
2391-IPLOP,50,69.65,One year,Electronic check,DSL,0,Yes,Yes,3,27,0.9285714285714286,419.38461538461536,3,0.0,6.496666666666666,5.25
5644-PDMZC,2,89.5,Month-to-month,Electronic check,Fiber optic,1,No,No,2,25,0.3157894736842105,464.5,2,0.0,29.61,3.142857142857143
3509-GWQGF,24,70.0,Month-to-month,Credit card (automatic),Fiber optic,1,No,No,0,19,0.7272727272727273,402.5,5,0.4,18.970000000000002,0.0
9576-ANLXO,3,69.55,Month-to-month,Bank transfer (automatic),Fiber optic,0,No,No,0,12,0.7142857142857143,591.8,1,1.0,0.0,0.0
2024-BASKD,1,74.6,Month-to-month,Mailed check,Fiber optic,0,No,No,1,20,0.1111111111111111,790.0,3,0.0,28.876666666666665,4.0
5845-BZZIB,35,20.1,Two year,Mailed check,No,0,Yes,Yes,0,23,0.4375,445.14285714285717,0,0.0,0.0,0.0
1140-UKVZG,17,24.8,Month-to-month,Mailed check,No,0,No,No,0,26,0.13043478260869565,414.0,0,0.0,0.0,0.0
4160-AMJTL,8,19.65,Month-to-month,Electronic check,No,1,No,No,0,16,0.3333333333333333,431.75,3,0.6666666666666666,6.94,0.0
5183-SNMJQ,10,95.1,Month-to-month,Credit card (automatic),Fiber optic,0,No,No,3,16,0.7777777777777778,620.5714285714286,1,0.0,2.23,12.80952380952381
8100-PNJMH,68,88.85,Two year,Credit card (automatic),DSL,0,Yes,Yes,6,20,0.5384615384615384,499.2857142857143,2,0.0,5.305,9.68
7838-LAZFO,45,78.8,One year,Bank transfer (automatic),DSL,0,Yes,No,5,18,0.2,675.0,3,0.0,10.18,3.0416666666666665
4464-JCOLN,2,19.85,One year,Mailed check,No,0,Yes,Yes,0,21,0.5,492.7142857142857,2,0.5,4.89,0.0
2085-JVGAD,37,20.35,Month-to-month,Bank transfer (automatic),No,0,Yes,No,0,16,0.3333333333333333,390.0,2,0.5,6.4,0.0
5650-VDUDS,4,24.25,Month-to-month,Mailed check,DSL,0,No,No,0,18,0.6363636363636364,362.14285714285717,3,0.3333333333333333,8.66,0.0
8095-WANWK,10,45.25,Month-to-month,Mailed check,DSL,0,No,No,0,16,0.3333333333333333,596.25,3,0.0,7.876666666666668,0.0
3030-ZKIWL,1,20.05,Month-to-month,Mailed check,No,0,No,No,0,14,1.0,456.57142857142856,1,1.0,0.0,0.0
9565-FLVCG,65,69.55,Two year,Mailed check,DSL,0,Yes,Yes,3,21,0.75,432.55555555555554,1,0.0,9.99,6.041666666666667
8755-OGKNA,57,19.5,Two year,Bank transfer (automatic),No,0,Yes,Yes,0,29,0.2608695652173913,457.5,1,0.0,20.39,0.0
2800-VEQXM,3,74.75,Month-to-month,Mailed check,Fiber optic,0,No,No,1,25,0.3888888888888889,774.2857142857143,0,0.0,0.0,6.0
7538-GWHML,2,69.65,Month-to-month,Electronic check,Fiber optic,0,No,No,0,26,0.3684210526315789,616.7142857142857,3,0.3333333333333333,8.7,0.0
5533-RJFTJ,49,30.2,Month-to-month,Bank transfer (automatic),DSL,0,No,No,1,28,0.3333333333333333,371.85714285714283,3,0.0,3.3866666666666667,3.142857142857143
3859-CVCET,4,45.65,Month-to-month,Mailed check,DSL,0,No,No,0,23,0.6428571428571429,408.55555555555554,5,0.0,10.174000000000001,0.0
0214-JHPFW,70,57.8,Two year,Bank transfer (automatic),DSL,0,Yes,No,5,13,0.18181818181818182,401.5,1,0.0,52.58,7.790697674418604
5642-MHDQT,53,19.85,One year,Bank transfer (automatic),No,0,Yes,Yes,0,26,0.4444444444444444,638.625,0,0.0,0.0,0.0
3088-FVYWK,53,25.55,Two year,Credit card (automatic),No,0,Yes,Yes,0,16,0.23076923076923078,809.0,3,0.0,32.266666666666666,0.0
3276-HDUEG,1,75.05,Month-to-month,Mailed check,Fiber optic,0,No,No,0,19,0.35714285714285715,249.2,1,1.0,0.0,0.0
9092-GDZKO,22,24.85,Month-to-month,Credit card (automatic),No,0,No,No,0,28,0.16666666666666666,490.75,2,0.5,2.7,0.0
0823-HSCDJ,52,49.15,Month-to-month,Electronic check,DSL,1,No,No,3,13,1.1666666666666667,382.2857142857143,0,0.0,0.0,3.130434782608696
3729-OWRVL,65,110.35,Two year,Electronic check,Fiber optic,1,No,No,5,22,1.0,531.3636363636364,1,1.0,0.0,5.3061224489795915
2324-AALNO,48,24.55,One year,Bank transfer (automatic),No,0,No,No,0,27,0.5,463.1111111111111,1,0.0,8.25,0.0
0822-GAVAP,2,34.7,Month-to-month,Electronic check,DSL,0,No,No,1,24,0.7142857142857143,432.1,1,0.0,3.14,4.125
5760-IFJOZ,3,107.95,Month-to-month,Mailed check,Fiber optic,0,No,No,4,27,0.2857142857142857,488.8333333333333,1,0.0,13.24,5.365853658536586
2826-UWHIS,45,81.4,Month-to-month,Bank transfer (automatic),Fiber optic,0,Yes,No,1,24,0.7142857142857143,318.2,4,0.5,6.805,4.4
1448-PWKYE,1,80.0,Month-to-month,Electronic check,Fiber optic,0,Yes,Yes,1,12,0.09090909090909091,147.0,3,0.6666666666666666,32.82,3.0
7501-IWUNG,61,73.8,Two year,Bank transfer (automatic),DSL,0,Yes,Yes,4,16,0.23076923076923078,523.6666666666666,1,0.0,2.82,13.10344827586207
4957-TREIR,3,64.4,Month-to-month,Credit card (automatic),DSL,0,No,No,3,24,0.6,720.1111111111111,2,1.0,0.0,4.464285714285714
7251-LJBQN,40,103.75,One year,Credit card (automatic),Fiber optic,1,No,No,4,16,0.7777777777777778,580.0,2,0.0,4.225,7.545454545454546
8040-MNRTF,1,71.1,Month-to-month,Mailed check,Fiber optic,0,No,No,0,20,0.6666666666666666,630.375,5,0.2,8.645,0.0
1536-HBSWP,1,49.9,Month-to-month,Electronic check,DSL,0,No,No,1,12,1.0,433.0,2,0.5,14.99,5.555555555555555
5313-FPXWG,51,24.6,One year,Bank transfer (automatic),No,0,No,No,0,14,1.0,531.4285714285714,0,0.0,0.0,0.0
0067-DKWBL,2,49.25,Month-to-month,Electronic check,DSL,1,No,No,1,29,0.2608695652173913,382.6666666666667,4,0.75,14.8,8.444444444444445
0946-FKYTX,52,30.1,One year,Mailed check,DSL,0,No,No,1,18,0.2,220.66666666666666,1,0.0,11.22,4.9
5076-YVXCM,51,83.4,Month-to-month,Bank transfer (automatic),Fiber optic,0,No,No,1,15,0.36363636363636365,355.25,1,0.0,8.85,11.636363636363637
8262-COGGB,1,20.45,Month-to-month,Mailed check,No,0,No,No,0,24,0.6,367.8888888888889,0,0.0,0.0,0.0
6663-JOCQO,31,75.25,One year,Bank transfer (automatic),DSL,0,Yes,Yes,4,11,0.8333333333333334,482.4,0,0.0,0.0,3.588235294117647
9620-QJREV,47,20.55,One year,Credit card (automatic),No,0,No,Yes,0,11,0.375,639.3333333333334,2,0.0,24.365000000000002,0.0
2276-YDAVZ,3,75.1,Month-to-month,Credit card (automatic),Fiber optic,0,No,No,0,19,0.46153846153846156,589.6666666666666,4,0.5,12.504999999999999,0.0
2682-KEVRP,22,20.05,One year,Mailed check,No,1,No,No,0,19,0.46153846153846156,507.1666666666667,2,0.0,23.259999999999998,0.0
2480-JZOSN,1,20.65,Month-to-month,Mailed check,No,0,Yes,No,0,15,1.1428571428571428,793.375,1,0.0,2.12,0.0
0078-XZMHT,72,85.15,Two year,Bank transfer (automatic),DSL,0,Yes,No,5,11,0.8333333333333334,544.6,1,1.0,0.0,5.613636363636363
5896-NPFWW,3,50.15,Month-to-month,Electronic check,DSL,0,Yes,Yes,1,28,0.21739130434782608,537.2,1,0.0,4.03,7.125
9978-HYCIN,47,84.95,One year,Bank transfer (automatic),Fiber optic,1,Yes,Yes,2,14,0.2727272727272727,236.33333333333334,4,0.0,0.87,6.526315789473684
8338-QIUNR,72,66.5,Two year,Credit card (automatic),DSL,0,Yes,Yes,3,27,0.22727272727272727,757.0,2,0.0,8.1,10.55
1525-LNLOJ,66,63.3,Two year,Bank transfer (automatic),DSL,0,Yes,Yes,2,23,0.6428571428571429,529.2222222222222,5,0.0,2.902,5.125
9450-TRJUU,35,83.15,Month-to-month,Electronic check,Fiber optic,0,No,No,1,19,0.5833333333333334,293.57142857142856,3,0.6666666666666666,2.73,6.444444444444445
1766-GKNMI,29,84.9,Month-to-month,Electronic check,Fiber optic,0,No,No,1,20,0.25,537.0,2,0.5,2.67,3.6666666666666665
6942-LBFDP,2,20.55,Month-to-month,Mailed check,No,0,No,No,0,23,0.6428571428571429,560.3333333333334,1,0.0,6.1,0.0
1456-TWCGB,4,49.25,Month-to-month,Mailed check,DSL,0,No,No,1,16,0.7777777777777778,556.2857142857143,5,0.0,5.7,7.2727272727272725
7133-VBDCG,25,79.85,Month-to-month,Bank transfer (automatic),Fiber optic,0,No,No,2,27,0.5,425.6666666666667,3,0.0,76.48666666666666,3.6666666666666665
7596-ZYWBB,65,59.6,Two year,Mailed check,DSL,0,No,No,3,12,0.3333333333333333,750.3333333333334,3,0.0,7.6066666666666665,5.25
8329-UTMVM,27,104.65,One year,Bank transfer (automatic),Fiber optic,1,No,No,4,21,0.23529411764705882,544.5,0,0.0,0.0,2.4545454545454546
3014-WJKSM,29,75.3,Month-to-month,Credit card (automatic),Fiber optic,0,Yes,No,1,28,0.16666666666666666,550.75,2,0.5,15.53,4.833333333333333
3347-YJZZE,29,80.1,Month-to-month,Credit card (automatic),DSL,0,Yes,Yes,4,22,0.29411764705882354,548.0,2,0.0,4.785,5.592592592592593
1029-QFBEN,1,19.55,Month-to-month,Mailed check,No,0,No,No,0,17,0.4166666666666667,419.8,1,1.0,0.0,0.0
7929-DMBCV,20,81.0,Month-to-month,Mailed check,Fiber optic,0,Yes,No,2,20,0.25,495.5,1,0.0,4.33,7.0
9661-JALZV,58,24.7,Two year,Credit card (automatic),No,0,No,No,0,14,3.6666666666666665,512.9090909090909,4,0.0,9.592500000000001,0.0
5433-KYGHE,14,86.0,Month-to-month,Mailed check,Fiber optic,0,No,Yes,2,14,0.75,474.1666666666667,3,0.0,3.983333333333333,3.9047619047619047
4312-KFRXN,72,25.4,Two year,Mailed check,No,0,Yes,No,0,15,0.875,633.5714285714286,0,0.0,0.0,0.0
5575-TPIZQ,46,89.15,Month-to-month,Credit card (automatic),Fiber optic,0,No,No,2,27,0.2857142857142857,517.1666666666666,2,1.0,0.0,5.875
0114-IGABW,71,58.25,Two year,Bank transfer (automatic),DSL,0,Yes,No,5,26,0.4444444444444444,387.5,0,0.0,0.0,4.270833333333333
9944-AEXBM,32,85.65,Month-to-month,Bank transfer (automatic),Fiber optic,0,No,No,1,11,0.375,438.3333333333333,1,0.0,13.71,3.75
1853-ARAAQ,26,50.35,Month-to-month,Credit card (automatic),DSL,0,No,No,3,18,0.5,375.1666666666667,5,0.4,7.94,9.0
6952-OMNWB,68,80.35,Month-to-month,Credit card (automatic),Fiber optic,1,Yes,No,1,20,0.42857142857142855,543.3333333333334,3,0.0,6.113333333333333,4.3076923076923075
4697-LUPSU,2,20.2,One year,Mailed check,No,0,Yes,Yes,0,24,0.6,622.6666666666666,3,0.0,10.049999999999999,0.0
8434-VGEQQ,61,20.55,Two year,Credit card (automatic),No,0,Yes,Yes,0,24,0.4117647058823529,741.1428571428571,0,0.0,0.0,0.0
4952-YSOGZ,4,85.95,Month-to-month,Electronic check,Fiber optic,0,Yes,Yes,1,22,0.5714285714285714,605.875,4,1.0,0.0,4.75
1589-AGTLK,3,45.35,Month-to-month,Electronic check,DSL,0,No,No,0,28,0.5555555555555556,700.3,4,0.0,40.155,0.0
5244-IRFIH,33,94.5,Month-to-month,Electronic check,Fiber optic,1,Yes,No,2,24,0.6,704.7777777777778,3,0.6666666666666666,23.08,10.1
6549-YMFAW,9,21.25,Month-to-month,Mailed check,No,1,Yes,No,0,18,0.6363636363636364,459.85714285714283,3,0.3333333333333333,11.0,0.0
4950-HKQTE,22,26.25,Two year,Mailed check,No,0,No,No,0,17,0.4166666666666667,397.8,0,0.0,0.0,0.0
6786-OBWQR,5,80.85,Month-to-month,Electronic check,Fiber optic,0,Yes,Yes,1,16,1.2857142857142858,600.7777777777778,3,0.0,7.983333333333333,4.75
2684-EIWEO,30,91.7,Month-to-month,Credit card (automatic),Fiber optic,1,No,No,3,26,0.5294117647058824,240.88888888888889,2,0.0,29.0,3.45
2753-JMMCV,65,74.2,Two year,Credit card (automatic),DSL,0,No,No,4,29,0.7058823529411765,492.8333333333333,2,0.0,24.915,3.6
6439-GTPCA,45,87.25,Month-to-month,Electronic check,Fiber optic,0,No,No,2,12,0.5,457.5,1,0.0,7.58,3.7777777777777777
6621-YOBKI,5,20.35,Month-to-month,Mailed check,No,0,No,No,0,23,1.0909090909090908,773.8333333333334,3,0.0,7.9433333333333325,0.0
1216-JWVUX,25,75.5,Month-to-month,Electronic check,Fiber optic,0,Yes,Yes,1,25,0.47058823529411764,584.125,1,1.0,0.0,4.333333333333333
7564-GHCVB,72,79.05,Two year,Bank transfer (automatic),Fiber optic,0,Yes,Yes,1,15,0.5,400.6,4,0.25,3.983333333333333,6.846153846153846
1173-NOEYG,27,90.15,Month-to-month,Bank transfer (automatic),Fiber optic,0,Yes,No,2,12,0.7142857142857143,270.0,2,0.0,2.885,12.071428571428571
7595-EHCDL,32,50.6,Month-to-month,Credit card (automatic),DSL,0,Yes,Yes,3,16,0.3333333333333333,476.5,1,0.0,5.27,8.793103448275861
6647-ZEDXT,30,110.45,One year,Credit card (automatic),Fiber optic,0,No,No,5,14,0.4,776.25,0,0.0,0.0,7.0227272727272725
2521-NPUZR,70,101.0,Two year,Credit card (automatic),Fiber optic,0,Yes,No,5,17,0.4166666666666667,274.6,0,0.0,0.0,2.46
1307-TVUFB,42,79.35,Month-to-month,Bank transfer (automatic),Fiber optic,1,No,No,1,15,0.07142857142857142,342.0,3,0.0,12.973333333333334,1.75
7503-MIOGA,72,89.85,Two year,Bank transfer (automatic),DSL,1,Yes,No,6,19,0.46153846153846156,528.1666666666666,1,0.0,11.01,16.470588235294116
4381-MHQDC,47,65.0,Two year,Mailed check,DSL,0,No,No,3,27,0.5,658.5555555555555,0,0.0,0.0,4.703703703703703
6923-JHPMP,2,80.45,Month-to-month,Electronic check,Fiber optic,0,No,No,2,18,0.5,428.6666666666667,3,0.6666666666666666,3.09,9.071428571428571
5138-WVKYJ,10,98.55,Month-to-month,Electronic check,Fiber optic,0,No,No,3,10,1.0,486.8,5,0.0,62.938,1.75
4018-PPNDW,61,24.1,Two year,Mailed check,No,0,Yes,Yes,0,10,0.6666666666666666,400.5,2,0.0,5.220000000000001,0.0
1635-FJFCC,5,44.05,Month-to-month,Credit card (automatic),DSL,0,No,No,0,21,0.3125,443.4,3,0.6666666666666666,8.41,0.0
2499-AJYUA,72,110.8,Two year,Credit card (automatic),Fiber optic,1,Yes,No,5,18,1.0,517.3333333333334,1,0.0,17.62,7.72
6919-ELBGL,72,114.95,Two year,Bank transfer (automatic),Fiber optic,1,Yes,Yes,6,27,1.0769230769230769,655.1428571428571,2,0.5,47.49,14.673469387755102
3966-HRMZA,3,75.05,Month-to-month,Mailed check,Fiber optic,1,No,No,1,29,0.2608695652173913,219.5,2,0.5,5.4,16.153846153846153
6425-JWTDV,48,19.25,Two year,Mailed check,No,0,Yes,No,0,13,0.18181818181818182,365.0,1,0.0,9.33,0.0
8405-IGQFX,63,90.05,One year,Credit card (automatic),Fiber optic,0,No,No,3,13,0.08333333333333333,1095.0,1,0.0,8.15,3.6666666666666665
8224-IVVPA,27,56.7,Month-to-month,Mailed check,DSL,0,No,No,2,25,0.7857142857142857,557.8181818181819,2,0.5,14.31,5.777777777777778
9477-LGWQI,70,80.15,Two year,Credit card (automatic),DSL,0,Yes,Yes,5,19,0.9,675.2222222222222,3,0.0,17.826666666666664,5.625
1410-RSCMR,7,71.35,Month-to-month,Credit card (automatic),DSL,0,Yes,Yes,4,15,0.5,606.4,0,0.0,0.0,2.303030303030303
3115-CZMZD,0,20.25,Two year,Mailed check,No,0,No,Yes,0,24,0.09090909090909091,151.0,2,0.5,10.57,0.0
0139-IVFJG,2,90.35,Month-to-month,Electronic check,Fiber optic,0,Yes,No,3,19,0.1875,382.0,3,0.3333333333333333,32.61,3.5
6683-VLCTZ,20,98.55,Month-to-month,Electronic check,Fiber optic,1,No,No,3,20,0.5384615384615384,308.85714285714283,5,0.8,145.13,2.8947368421052633
5730-DBDSI,66,19.7,Two year,Bank transfer (automatic),No,0,No,No,0,22,0.8333333333333334,663.7,1,0.0,13.6,0.0
0030-FNXPP,3,19.85,Month-to-month,Mailed check,No,0,No,No,0,28,0.3333333333333333,535.1428571428571,3,0.0,9.773333333333333,0.0
2189-WWOEW,15,85.9,Month-to-month,Bank transfer (automatic),Fiber optic,0,No,Yes,2,19,0.46153846153846156,404.3333333333333,3,0.6666666666666666,32.11,7.2727272727272725
5684-FJVYR,72,90.35,Two year,Bank transfer (automatic),Fiber optic,0,Yes,Yes,3,18,0.2857142857142857,439.25,2,0.0,10.95,8.0
4013-GUXND,1,20.8,Month-to-month,Mailed check,No,0,No,No,0,15,0.6666666666666666,770.0,2,1.0,0.0,0.0
1894-IGFSG,22,89.25,Month-to-month,Electronic check,Fiber optic,0,No,No,2,21,0.3125,646.6,0,0.0,0.0,2.6666666666666665
7379-POKDZ,3,70.3,Month-to-month,Electronic check,Fiber optic,0,Yes,No,0,20,1.2222222222222223,805.9090909090909,5,0.6,9.899999999999999,0.0
1266-NZYUI,72,66.85,Two year,Bank transfer (automatic),DSL,0,Yes,Yes,3,28,0.8666666666666667,491.2307692307692,1,0.0,19.58,7.5625
7969-FFOWG,65,19.9,Two year,Mailed check,No,0,Yes,Yes,0,20,0.5384615384615384,396.7142857142857,3,0.0,3.763333333333333,0.0
4718-DHSMV,11,35.8,Month-to-month,Mailed check,DSL,0,No,No,1,25,0.3157894736842105,570.0,4,0.0,24.15,3.8
5175-WLYXL,22,78.85,Month-to-month,Mailed check,Fiber optic,0,No,No,1,11,0.8333333333333334,716.6,4,0.0,10.2625,2.923076923076923
7817-OMJNA,14,20.4,One year,Bank transfer (automatic),No,0,No,No,0,16,0.3333333333333333,594.75,1,0.0,24.23,0.0
8728-SKJLR,41,74.25,Month-to-month,Electronic check,Fiber optic,0,No,No,1,19,0.9,643.3333333333334,1,1.0,0.0,18.307692307692307
3137-NYQQI,17,64.8,One year,Mailed check,DSL,0,Yes,No,3,30,0.5789473684210527,447.3636363636364,1,0.0,5.31,3.0294117647058822
7706-DZNKK,11,20.45,Month-to-month,Credit card (automatic),No,0,No,No,0,20,0.25,538.0,0,0.0,0.0,0.0
0236-HFWSV,15,93.35,Month-to-month,Electronic check,Fiber optic,0,No,No,2,21,0.6153846153846154,317.125,5,0.4,8.273333333333333,3.5454545454545454
3900-AQPHZ,1,19.9,Month-to-month,Mailed check,No,0,No,No,0,19,0.7272727272727273,594.875,1,0.0,65.32,0.0
5842-POCOP,5,88.9,Month-to-month,Mailed check,Fiber optic,0,Yes,No,3,11,0.2222222222222222,385.5,3,0.6666666666666666,88.65,3.4285714285714284
2037-XJFUP,33,95.8,One year,Electronic check,Fiber optic,0,Yes,No,3,24,0.4117647058823529,262.57142857142856,1,0.0,34.46,10.12
8823-RLPWL,72,110.65,Two year,Credit card (automatic),Fiber optic,0,Yes,No,5,30,0.42857142857142855,328.6666666666667,1,0.0,15.76,3.4857142857142858
9505-SQFSW,3,40.3,Month-to-month,Mailed check,DSL,0,Yes,Yes,2,15,0.5,235.8,5,0.0,7.959999999999999,5.416666666666667
7314-OXENN,2,82.0,Month-to-month,Electronic check,Fiber optic,0,No,No,1,10,1.0,427.0,4,0.75,33.86,3.1666666666666665
3758-CKOQL,59,107.0,One year,Credit card (automatic),Fiber optic,0,Yes,No,5,22,0.375,679.6666666666666,0,0.0,0.0,9.853658536585366
0322-CHQRU,2,45.35,Month-to-month,Electronic check,DSL,0,No,No,0,19,0.9,556.8888888888889,1,1.0,0.0,0.0
5676-CFLYY,71,73.35,Two year,Credit card (automatic),DSL,0,Yes,Yes,4,30,0.36363636363636365,727.5,2,0.0,6.525,8.96
7521-AFHAB,5,44.8,Month-to-month,Mailed check,DSL,0,Yes,Yes,0,26,0.7333333333333333,653.2727272727273,5,0.0,7.634,0.0
0285-INHLN,27,54.75,Month-to-month,Credit card (automatic),DSL,0,Yes,Yes,2,13,0.08333333333333333,368.0,2,0.5,11.21,7.916666666666667
4678-DVQEO,1,52.2,Month-to-month,Electronic check,DSL,0,No,No,1,21,0.5,517.5714285714286,3,0.3333333333333333,7.395,5.25
5125-CNDSP,63,40.6,One year,Bank transfer (automatic),DSL,0,No,Yes,3,25,0.47058823529411764,495.75,1,0.0,35.83,6.8
0691-IFBQW,46,110.0,One year,Electronic check,Fiber optic,1,No,No,5,25,0.47058823529411764,647.125,2,0.0,5.18,2.8529411764705883
4992-LTJNE,72,55.3,Two year,Bank transfer (automatic),DSL,0,Yes,Yes,1,20,0.6666666666666666,505.0,2,0.5,53.7,5.0
2202-OUTMO,34,60.85,Month-to-month,Bank transfer (automatic),DSL,0,Yes,No,2,14,0.75,533.5,5,0.0,18.334,3.789473684210526
0810-BDHAW,24,78.4,One year,Electronic check,DSL,0,Yes,Yes,4,20,0.3333333333333333,466.0,2,0.0,16.355,6.3
0229-LFJAF,72,69.65,Two year,Bank transfer (automatic),DSL,0,No,No,4,23,0.35294117647058826,533.0,2,0.5,8.17,4.258064516129032
7131-ZQZNK,60,59.85,Two year,Credit card (automatic),DSL,0,Yes,Yes,5,10,0.25,353.5,2,0.0,4.175,9.085714285714285
3442-ZHHCC,68,76.9,One year,Credit card (automatic),DSL,0,No,No,4,29,0.45,489.1111111111111,5,0.4,5.156666666666667,5.194444444444445
5726-CVNYA,8,19.85,Two year,Mailed check,No,0,Yes,Yes,0,15,0.36363636363636365,418.25,2,0.0,17.814999999999998,0.0
9871-ELEYA,34,67.65,Two year,Credit card (automatic),DSL,0,No,Yes,4,12,0.09090909090909091,459.0,3,0.0,7.463333333333334,7.3023255813953485
4257-GAESD,6,45.0,Month-to-month,Credit card (automatic),DSL,0,No,No,2,26,0.3,385.8333333333333,5,0.2,5.29,5.45
5173-WXOQV,2,64.2,Month-to-month,Mailed check,DSL,0,Yes,No,3,28,0.4,556.625,2,0.0,7.4399999999999995,6.076923076923077
2040-OBMLJ,31,81.7,One year,Credit card (automatic),Fiber optic,0,No,No,1,23,0.35294117647058826,801.3333333333334,3,0.0,2.453333333333333,3.2222222222222223
6286-ZHAOK,20,25.55,Month-to-month,Bank transfer (automatic),No,0,Yes,Yes,0,16,0.7777777777777778,628.7142857142857,2,0.0,4.99,0.0
3807-XHCJH,1,20.0,Month-to-month,Electronic check,No,0,Yes,Yes,0,20,0.5384615384615384,571.8571428571429,0,0.0,0.0,0.0
3009-JWMPU,62,96.75,One year,Electronic check,Fiber optic,0,No,No,3,20,0.42857142857142855,262.5,3,0.0,26.706666666666667,4.04
5671-RQRLP,70,75.65,Two year,Credit card (automatic),Fiber optic,1,Yes,No,0,28,0.21739130434782608,375.0,3,0.0,10.29,0.0
1450-GALXR,10,98.5,Month-to-month,Electronic check,Fiber optic,0,No,No,3,15,0.6666666666666666,454.5,3,0.6666666666666666,11.67,3.7058823529411766
8859-AXJZP,39,23.8,Two year,Mailed check,No,0,Yes,Yes,0,22,0.5714285714285714,733.625,0,0.0,0.0,0.0
3174-AKMAS,46,64.2,Two year,Credit card (automatic),DSL,0,Yes,No,3,26,0.3684210526315789,266.42857142857144,0,0.0,0.0,9.826086956521738
3138-BKYAV,6,85.35,Month-to-month,Electronic check,Fiber optic,0,No,No,2,20,0.42857142857142855,695.8333333333334,2,1.0,0.0,2.3636363636363638
9926-PJHDQ,72,76.8,Two year,Bank transfer (automatic),DSL,0,Yes,Yes,3,28,0.3333333333333333,402.42857142857144,3,0.0,3.75,5.0
7382-DFJTU,18,55.2,Month-to-month,Credit card (automatic),DSL,0,No,No,2,10,0.6666666666666666,649.25,1,0.0,17.66,5.105263157894737
2798-NYLMZ,71,108.55,Two year,Credit card (automatic),Fiber optic,0,Yes,No,5,26,0.8571428571428571,470.5833333333333,2,0.0,4.3149999999999995,5.428571428571429
4289-DTDKW,40,101.3,Month-to-month,Electronic check,Fiber optic,0,Yes,No,3,11,0.375,639.3333333333334,2,0.0,30.67,2.466666666666667
1820-TQVEV,1,69.55,Month-to-month,Electronic check,Fiber optic,0,No,No,0,18,0.5,314.3333333333333,4,1.0,0.0,0.0
2239-JALAW,58,103.25,One year,Bank transfer (automatic),Fiber optic,0,No,No,4,22,0.5714285714285714,644.25,2,0.5,32.66,7.9375
4853-RULSV,70,104.0,Two year,Credit card (automatic),Fiber optic,0,No,No,4,17,0.5454545454545454,317.6666666666667,1,1.0,0.0,2.260869565217391
8098-TDCBU,42,25.25,Two year,Electronic check,No,0,Yes,No,0,27,0.8,495.3333333333333,1,1.0,0.0,0.0
3551-GAEGL,34,30.4,One year,Bank transfer (automatic),DSL,0,Yes,Yes,1,20,0.42857142857142855,615.8333333333334,0,0.0,0.0,8.363636363636363
4785-NKHCX,5,20.05,Month-to-month,Bank transfer (automatic),No,1,No,No,0,19,0.35714285714285715,414.8,2,0.5,10.23,0.0
3196-NVXLZ,25,84.6,Month-to-month,Mailed check,Fiber optic,0,No,No,1,25,0.47058823529411764,599.625,2,0.5,3.32,7.125
6275-YDUVO,2,86.2,Month-to-month,Mailed check,Fiber optic,0,No,No,2,27,0.6875,424.8181818181818,1,0.0,17.64,3.5
0036-IHMOT,55,103.7,One year,Bank transfer (automatic),Fiber optic,0,Yes,Yes,5,22,0.15789473684210525,519.3333333333334,0,0.0,0.0,9.953488372093023
0115-TFERT,21,111.2,Month-to-month,Electronic check,Fiber optic,0,Yes,No,5,13,0.625,520.8,1,0.0,9.67,2.2903225806451615
4178-EGMON,70,88.0,Two year,Credit card (automatic),Fiber optic,0,Yes,No,3,26,0.625,457.2,0,0.0,0.0,6.56
4220-TINQT,61,106.35,Month-to-month,Electronic check,Fiber optic,0,Yes,No,4,24,1.0,443.1666666666667,2,0.0,2.4450000000000003,3.138888888888889
5318-YKDPV,43,79.15,Two year,Credit card (automatic),DSL,0,Yes,Yes,5,24,0.5,454.875,0,0.0,0.0,5.7631578947368425
7975-TZMLR,47,103.1,One year,Electronic check,Fiber optic,0,No,No,4,26,0.18181818181818182,514.75,2,0.0,20.975,7.2
0295-QVKPB,5,63.95,Month-to-month,Credit card (automatic),DSL,0,No,No,3,22,0.2222222222222222,572.0,2,0.0,8.709999999999999,5.434782608695652
4335-BSMJS,62,25.8,Two year,Credit card (automatic),No,0,No,No,0,14,0.07692307692307693,438.0,2,0.0,7.795,0.0
2311-QYMUQ,16,89.45,Month-to-month,Credit card (automatic),Fiber optic,0,Yes,Yes,3,11,0.0,0.0,3,0.0,88.29666666666668,3.1875
3643-AHCFP,7,95.6,Month-to-month,Bank transfer (automatic),Fiber optic,1,Yes,No,2,26,0.7333333333333333,618.1818181818181,5,0.2,100.9775,3.466666666666667
9146-JRIOX,14,25.55,Month-to-month,Mailed check,No,0,Yes,Yes,0,21,0.3125,561.0,2,0.0,11.515,0.0
3104-OWCGK,60,90.95,One year,Electronic check,Fiber optic,0,Yes,Yes,3,26,0.7333333333333333,333.3636363636364,2,0.0,28.855,4.428571428571429
5337-IIWKZ,34,44.85,Month-to-month,Electronic check,DSL,0,Yes,Yes,3,28,0.47368421052631576,474.77777777777777,1,0.0,5.43,4.0
9101-BWFSS,50,108.55,One year,Electronic check,Fiber optic,0,Yes,No,5,13,0.8571428571428571,573.1666666666666,1,0.0,10.93,9.043478260869565
7876-AEHIG,51,60.15,One year,Bank transfer (automatic),DSL,0,No,Yes,5,23,1.0909090909090908,417.1666666666667,3,0.0,17.293333333333333,14.511111111111111
9650-VBUOG,38,25.05,Two year,Credit card (automatic),No,0,Yes,Yes,0,16,0.7777777777777778,383.57142857142856,0,0.0,0.0,0.0
3487-EARAT,70,74.1,One year,Credit card (automatic),DSL,0,Yes,Yes,5,29,0.6111111111111112,380.90909090909093,0,0.0,0.0,2.7222222222222223
2672-TGEFF,37,88.8,Month-to-month,Electronic check,Fiber optic,0,Yes,Yes,2,23,0.2777777777777778,507.0,2,0.5,6.15,5.416666666666667
9231-ZJYAM,4,78.85,Month-to-month,Electronic check,Fiber optic,1,No,No,1,14,0.07692307692307693,668.0,5,0.8,23.77,2.4
4250-WAROZ,60,93.25,Month-to-month,Electronic check,Fiber optic,1,Yes,Yes,3,22,1.0,416.0,0,0.0,0.0,5.666666666666667
8184-WMOFI,62,71.4,One year,Credit card (automatic),DSL,0,Yes,Yes,4,24,0.3333333333333333,431.6666666666667,0,0.0,0.0,4.466666666666667
6982-SSHFK,1,44.4,Month-to-month,Mailed check,DSL,0,No,No,0,23,0.2777777777777778,377.2,1,0.0,5.68,0.0
6092-QZVPP,36,79.2,Month-to-month,Credit card (automatic),DSL,0,No,No,5,19,0.35714285714285715,441.6,0,0.0,0.0,14.666666666666666
4625-LAMOB,44,20.4,Two year,Credit card (automatic),No,0,No,No,0,12,0.3333333333333333,285.6666666666667,0,0.0,0.0,0.0
0727-BMPLR,55,100.0,One year,Electronic check,Fiber optic,1,No,No,3,11,0.5714285714285714,428.5,2,1.0,0.0,11.615384615384615
0392-BZIUW,72,105.0,Two year,Credit card (automatic),Fiber optic,0,Yes,No,4,11,0.8333333333333334,441.0,2,0.5,3.34,3.024390243902439
1038-ZAGBI,12,19.8,One year,Bank transfer (automatic),No,0,Yes,Yes,0,30,0.42857142857142855,505.0,2,1.0,0.0,0.0
6549-NNDYT,13,30.85,Month-to-month,Bank transfer (automatic),DSL,0,No,No,1,17,0.8888888888888888,866.25,2,0.0,4.85,7.9
3027-ZTDHO,1,89.9,Month-to-month,Electronic check,Fiber optic,0,No,No,2,26,0.3684210526315789,467.14285714285717,1,1.0,0.0,2.625
0422-OHQHQ,15,20.55,One year,Mailed check,No,0,Yes,Yes,0,24,0.14285714285714285,534.3333333333334,1,0.0,5.68,0.0
6916-HIJSE,65,84.85,Two year,Bank transfer (automatic),DSL,0,No,No,6,13,0.4444444444444444,429.75,1,0.0,4.78,5.39344262295082
2316-ESMLS,12,33.15,One year,Credit card (automatic),DSL,0,Yes,Yes,2,21,0.5,475.0,1,0.0,6.19,8.285714285714286
9778-OGKQZ,72,92.0,Two year,Credit card (automatic),DSL,0,Yes,No,6,25,0.6666666666666666,639.2,0,0.0,0.0,4.17741935483871
7408-OFWXJ,72,89.8,Two year,Credit card (automatic),DSL,0,Yes,Yes,6,11,0.5714285714285714,367.75,0,0.0,0.0,5.282608695652174
6007-TCTST,72,115.8,Two year,Bank transfer (automatic),Fiber optic,0,Yes,Yes,6,19,0.5833333333333334,880.7142857142857,1,0.0,5.01,6.7
2252-NKNSI,52,85.15,Two year,Mailed check,DSL,0,No,Yes,5,26,0.5294117647058824,451.8888888888889,2,0.5,24.34,14.5
8713-IGZSO,2,24.85,Month-to-month,Mailed check,No,0,No,No,0,20,0.6666666666666666,510.75,2,0.0,14.295,0.0
7905-TVXTA,5,64.35,Month-to-month,Electronic check,DSL,0,No,No,3,21,0.9090909090909091,495.7,0,0.0,0.0,5.962962962962963
7695-PKLCZ,68,20.5,Two year,Credit card (automatic),No,0,No,No,0,28,1.0,654.2142857142857,0,0.0,0.0,0.0
2382-BCKQJ,62,100.15,One year,Electronic check,Fiber optic,0,No,Yes,3,23,0.5333333333333333,564.625,2,1.0,0.0,1.9473684210526316
8374-UULRV,72,86.05,Two year,Credit card (automatic),DSL,0,No,No,5,13,0.4444444444444444,217.75,1,0.0,15.4,7.689655172413793
2207-NHRJK,1,50.8,Month-to-month,Electronic check,DSL,0,No,No,1,13,0.8571428571428571,577.0,2,0.0,34.239999999999995,4.125
3224-DFQNQ,66,89.0,One year,Electronic check,Fiber optic,0,Yes,No,3,20,0.3333333333333333,523.2,2,0.5,10.92,6.225806451612903
5275-PMFUT,72,64.8,Two year,Credit card (automatic),DSL,0,Yes,Yes,6,23,0.6428571428571429,470.22222222222223,4,0.0,4.7525,6.96
4795-UXVCJ,26,19.8,One year,Credit card (automatic),No,0,No,No,0,16,1.0,584.0,1,0.0,4.95,0.0
9777-IQHWP,64,93.4,Two year,Bank transfer (automatic),Fiber optic,0,Yes,Yes,3,22,0.6923076923076923,432.6666666666667,3,0.3333333333333333,1.295,6.4
0947-MUGVO,20,73.65,Month-to-month,Electronic check,Fiber optic,1,Yes,No,1,28,0.47368421052631576,506.55555555555554,3,0.0,6.186666666666667,7.333333333333333
9944-HKVVB,3,95.1,Month-to-month,Electronic check,Fiber optic,0,No,No,3,25,0.7857142857142857,687.1818181818181,4,0.5,4.08,2.4285714285714284
4124-MMETB,22,94.65,Month-to-month,Credit card (automatic),Fiber optic,0,No,No,2,27,0.6875,568.1818181818181,2,1.0,0.0,3.3076923076923075
3671-SHRSP,4,80.6,Month-to-month,Mailed check,Fiber optic,0,Yes,No,2,24,0.4117647058823529,656.2857142857143,0,0.0,0.0,3.6666666666666665
0979-MOZQI,62,39.0,Two year,Bank transfer (automatic),DSL,0,Yes,No,2,22,0.4666666666666667,418.85714285714283,2,0.0,45.435,10.0
2732-ISEZX,5,20.5,Month-to-month,Mailed check,No,0,No,No,0,25,0.3888888888888889,498.85714285714283,0,0.0,0.0,0.0
3313-QKNKB,59,85.55,One year,Electronic check,Fiber optic,0,Yes,No,1,18,0.125,899.0,1,0.0,40.72,2.3333333333333335
0323-XWWTN,3,26.4,Two year,Mailed check,No,0,No,Yes,0,25,0.6666666666666666,648.8,2,0.0,1.9649999999999999,0.0
1937-OTUKY,72,98.2,Two year,Bank transfer (automatic),Fiber optic,0,Yes,No,4,24,0.2631578947368421,666.6,1,0.0,38.06,7.0
1573-LGXBA,57,97.55,One year,Credit card (automatic),Fiber optic,0,Yes,Yes,4,26,0.3,375.3333333333333,5,0.0,3.5140000000000002,7.65625
1764-VUUMT,66,19.95,Two year,Credit card (automatic),No,0,No,Yes,0,16,0.6,424.8333333333333,0,0.0,0.0,0.0
5073-WXOYN,60,50.8,Month-to-month,Electronic check,DSL,0,No,No,3,30,0.5789473684210527,317.27272727272725,1,0.0,18.0,2.5555555555555554
4713-ZBURT,45,99.7,Two year,Bank transfer (automatic),Fiber optic,0,No,Yes,3,16,0.6,369.8333333333333,2,0.0,12.045,9.9
3050-GBUSH,3,34.8,Month-to-month,Credit card (automatic),DSL,0,No,No,1,18,0.5,656.3333333333334,2,0.0,15.385,4.666666666666667
0207-MDKNV,15,105.1,Month-to-month,Electronic check,Fiber optic,0,No,No,5,12,0.3333333333333333,414.6666666666667,1,1.0,0.0,2.764705882352941
7945-HLKEA,60,64.75,One year,Electronic check,DSL,0,No,No,3,10,0.6666666666666666,358.5,0,0.0,0.0,6.310344827586207
9342-VNIMQ,33,54.65,Month-to-month,Bank transfer (automatic),DSL,0,No,No,1,13,0.8571428571428571,746.8333333333334,2,0.0,1.625,7.571428571428571
9851-KIELU,10,110.1,Month-to-month,Electronic check,Fiber optic,0,No,No,6,12,0.3333333333333333,325.6666666666667,1,0.0,3.79,3.0
3523-BRGUW,26,19.3,One year,Credit card (automatic),No,1,No,No,0,26,0.7333333333333333,446.0,0,0.0,0.0,0.0
3908-BLSYF,6,83.9,Month-to-month,Electronic check,Fiber optic,0,No,No,2,24,0.4117647058823529,710.5714285714286,0,0.0,0.0,4.1875
3199-NPKCN,67,111.25,One year,Electronic check,Fiber optic,0,Yes,No,5,30,0.36363636363636365,674.75,3,0.0,13.383333333333333,4.395348837209302
5170-PTRKA,49,35.8,One year,Credit card (automatic),DSL,0,Yes,Yes,2,18,0.2857142857142857,507.25,0,0.0,0.0,10.214285714285714
4661-NJEUX,1,20.05,Month-to-month,Mailed check,No,0,No,No,0,24,0.3333333333333333,299.0,0,0.0,0.0,0.0
2123-AGEEN,7,84.35,Month-to-month,Electronic check,Fiber optic,1,No,No,2,14,0.4,323.0,4,0.25,8.903333333333334,7.111111111111111
1258-YMZNM,27,110.5,One year,Bank transfer (automatic),Fiber optic,1,No,No,5,19,0.35714285714285715,453.8,2,0.0,13.83,4.851063829787234
0048-LUMLS,37,91.2,One year,Credit card (automatic),Fiber optic,0,Yes,Yes,2,10,0.6666666666666666,701.25,1,0.0,1.66,11.473684210526315
7549-MYGPK,63,100.55,Month-to-month,Electronic check,Fiber optic,0,Yes,Yes,4,18,0.8,369.0,4,1.0,0.0,2.1923076923076925
5898-IGSLP,31,89.3,Month-to-month,Electronic check,Fiber optic,0,Yes,Yes,3,29,0.9333333333333333,511.64285714285717,1,0.0,4.36,7.875
3804-RVTGV,50,103.85,Month-to-month,Bank transfer (automatic),Fiber optic,0,Yes,Yes,4,28,0.6470588235294118,374.1818181818182,2,0.5,35.69,5.416666666666667
6259-WJQLC,32,81.1,Month-to-month,Credit card (automatic),Fiber optic,1,No,No,1,10,0.42857142857142855,380.3333333333333,2,0.0,8.7,9.615384615384615
9227-LUNBG,1,24.6,Month-to-month,Electronic check,DSL,0,No,No,0,13,0.4444444444444444,638.75,3,0.0,18.26666666666667,0.0
7997-EASSD,63,81.2,One year,Credit card (automatic),Fiber optic,0,Yes,No,1,12,0.09090909090909091,485.0,2,0.5,4.73,9.25
0730-KOAVE,30,94.3,Month-to-month,Credit card (automatic),Fiber optic,0,No,No,3,21,0.5,459.14285714285717,3,0.6666666666666666,10.78,3.9375
8975-SKGRX,71,116.1,Two year,Bank transfer (automatic),Fiber optic,0,Yes,No,6,28,0.5555555555555556,420.6,1,0.0,5.16,7.857142857142857
0678-RLHVP,53,105.55,Two year,Electronic check,Fiber optic,0,No,No,4,11,0.1,199.0,3,0.0,5.4799999999999995,6.5
4315-MURBD,12,98.9,Month-to-month,Bank transfer (automatic),Fiber optic,0,No,No,4,25,0.5625,565.5555555555555,3,0.3333333333333333,62.800000000000004,3.0
2267-FPIMA,50,94.4,Month-to-month,Credit card (automatic),Fiber optic,0,Yes,No,3,25,0.47058823529411764,695.25,0,0.0,0.0,17.03125
1051-GEJLJ,2,19.5,Month-to-month,Mailed check,No,0,No,No,0,20,0.42857142857142855,299.8333333333333,2,0.0,7.455,0.0
9734-YWGEX,9,98.3,Month-to-month,Credit card (automatic),Fiber optic,0,No,No,3,19,0.7272727272727273,473.25,2,0.0,30.394999999999996,6.428571428571429
2719-BDAQO,17,93.85,Month-to-month,Electronic check,Fiber optic,0,No,No,3,28,0.3333333333333333,517.5714285714286,4,0.25,24.66333333333333,4.0
5285-MVEHD,56,105.6,One year,Credit card (automatic),Fiber optic,0,Yes,No,5,23,0.35294117647058826,323.8333333333333,5,0.0,6.36,5.414634146341464
0379-DJQHR,67,81.35,Two year,Credit card (automatic),DSL,0,Yes,Yes,5,12,0.5,1062.75,2,0.0,1.475,3.586206896551724
0781-LKXBR,9,100.5,Month-to-month,Electronic check,Fiber optic,1,No,No,3,16,0.6,284.6666666666667,5,0.2,51.8975,2.642857142857143
5543-QDCRY,4,56.4,Month-to-month,Electronic check,DSL,0,No,No,1,16,0.6,530.1666666666666,3,0.0,7.843333333333334,2.076923076923077
0297-RBCSG,19,65.35,One year,Bank transfer (automatic),DSL,0,No,No,3,23,0.7692307692307693,366.5,1,1.0,0.0,7.095238095238095
4694-PHWFW,8,19.95,Month-to-month,Mailed check,No,0,No,Yes,0,24,1.1818181818181819,761.4615384615385,1,0.0,3.19,0.0
0835-JKADZ,71,111.25,Two year,Electronic check,Fiber optic,0,No,No,5,14,0.5555555555555556,569.8,0,0.0,0.0,9.717391304347826
1907-UBQFC,10,72.85,Month-to-month,Electronic check,Fiber optic,1,No,No,1,26,0.4444444444444444,601.875,3,0.3333333333333333,9.594999999999999,4.333333333333333
7508-SMHXL,15,89.0,Month-to-month,Credit card (automatic),Fiber optic,1,No,No,2,10,1.5,266.5,4,0.0,9.9825,4.904761904761905
3865-YIOTT,72,106.1,One year,Bank transfer (automatic),Fiber optic,0,Yes,Yes,4,29,0.8125,663.0769230769231,3,0.0,10.153333333333332,4.764705882352941
5993-BQHEA,12,20.05,One year,Credit card (automatic),No,0,No,No,0,17,0.4166666666666667,486.2,2,0.5,7.72,0.0
6024-RUGGH,72,25.2,Two year,Bank transfer (automatic),No,0,Yes,Yes,0,12,0.7142857142857143,488.8,2,0.0,12.555,0.0
6513-EECDB,1,73.55,Month-to-month,Electronic check,Fiber optic,1,Yes,No,0,22,0.375,549.6666666666666,2,0.5,2.56,0.0
3956-CJUST,23,75.4,Month-to-month,Bank transfer (automatic),Fiber optic,1,No,No,1,26,0.4444444444444444,527.0,2,0.0,3.4050000000000002,3.8461538461538463
4079-WWQQQ,72,65.55,Two year,Bank transfer (automatic),DSL,0,No,No,6,23,0.9166666666666666,311.90909090909093,0,0.0,0.0,4.166666666666667
6103-BOCOU,26,80.7,Month-to-month,Electronic check,Fiber optic,0,No,No,1,25,0.6666666666666666,727.1,1,0.0,9.85,5.75
5149-TGWDZ,21,104.55,One year,Mailed check,Fiber optic,0,No,No,5,19,0.46153846153846156,854.5,4,0.0,14.4025,7.888888888888889
7471-WNSUF,60,24.15,One year,Bank transfer (automatic),No,0,Yes,No,0,30,1.1428571428571428,659.9375,1,0.0,17.75,0.0
8942-DBMHZ,12,20.45,Month-to-month,Mailed check,No,0,No,No,0,24,0.5,475.0,1,0.0,23.37,0.0
4301-VVZKA,16,75.4,Month-to-month,Electronic check,Fiber optic,0,Yes,No,0,19,0.7272727272727273,528.375,2,0.0,12.940000000000001,0.0
9199-PWQVC,63,79.7,One year,Credit card (automatic),DSL,0,Yes,No,4,27,0.5882352941176471,555.9,1,1.0,0.0,15.96
4824-GUCBY,22,81.7,Month-to-month,Electronic check,Fiber optic,1,No,No,2,25,0.6666666666666666,467.9,5,0.0,4.296,11.083333333333334
5393-HJZSM,32,76.3,Month-to-month,Bank transfer (automatic),DSL,0,Yes,Yes,5,27,0.35,308.57142857142856,1,0.0,31.14,6.475
7074-IEVOJ,3,79.4,Month-to-month,Electronic check,Fiber optic,1,No,No,1,24,0.4117647058823529,642.8571428571429,4,0.25,41.903333333333336,5.6
9625-QSTYE,13,81.15,Month-to-month,Electronic check,Fiber optic,0,No,No,2,16,0.23076923076923078,363.6666666666667,3,0.0,40.17666666666667,2.8333333333333335
0862-PRCBS,68,103.75,Two year,Credit card (automatic),Fiber optic,0,Yes,Yes,4,19,0.5833333333333334,426.2857142857143,2,0.0,2.09,5.575757575757576
8812-ZRHFP,30,86.45,One year,Electronic check,Fiber optic,0,Yes,Yes,2,12,0.2,681.5,2,0.0,6.615,20.058823529411764
5146-CBVOE,16,75.1,Month-to-month,Bank transfer (automatic),Fiber optic,0,No,No,1,20,0.42857142857142855,660.1666666666666,2,0.0,3.92,5.875
0454-OKRCT,33,80.6,Two year,Bank transfer (automatic),Fiber optic,0,No,No,2,12,0.7142857142857143,746.2,1,0.0,8.75,8.423076923076923
5787-KXGIY,72,19.3,Two year,Credit card (automatic),No,0,Yes,No,0,29,0.2608695652173913,317.0,1,1.0,0.0,0.0
4750-ZRXIU,4,84.6,Month-to-month,Electronic check,Fiber optic,1,No,No,1,30,0.42857142857142855,484.8888888888889,2,0.5,11.95,2.6
4198-VFOEA,12,33.6,One year,Mailed check,DSL,0,No,No,2,17,0.5454545454545454,355.8333333333333,0,0.0,0.0,12.0
6630-UJZMY,4,83.25,Month-to-month,Electronic check,Fiber optic,1,Yes,No,1,15,0.15384615384615385,283.0,2,0.5,9.44,3.4
5709-LVOEQ,0,80.85,Two year,Mailed check,DSL,0,Yes,Yes,5,22,0.5714285714285714,451.75,5,0.0,36.696,4.205882352941177
6400-BWQKW,6,79.05,Month-to-month,Electronic check,Fiber optic,0,No,No,1,13,0.8571428571428571,335.0,3,0.3333333333333333,16.814999999999998,3.3333333333333335
2692-AQCPF,65,108.05,One year,Credit card (automatic),Fiber optic,0,Yes,No,5,28,0.2727272727272727,680.5,1,0.0,33.61,2.608695652173913
0347-UBKUZ,15,19.9,Month-to-month,Mailed check,No,0,No,No,0,29,0.5263157894736842,356.5,0,0.0,0.0,0.0
0835-DUUIQ,24,21.05,One year,Bank transfer (automatic),No,0,No,Yes,0,16,0.06666666666666667,540.0,0,0.0,0.0,0.0
0811-GSDTP,13,30.15,Month-to-month,Electronic check,DSL,0,No,Yes,1,17,0.8888888888888888,530.375,3,0.0,5.216666666666666,10.076923076923077
7567-ECMCM,24,79.85,Month-to-month,Credit card (automatic),Fiber optic,0,No,No,1,21,0.16666666666666666,295.3333333333333,4,0.25,2.046666666666667,11.5
6115-ZTBFQ,72,65.5,Two year,Bank transfer (automatic),DSL,0,Yes,No,6,29,0.5263157894736842,287.9,3,0.0,39.60666666666666,2.8181818181818183
6353-BRMMA,54,104.1,Month-to-month,Bank transfer (automatic),Fiber optic,0,Yes,Yes,4,14,1.3333333333333333,689.125,2,0.0,8.575,5.161290322580645
6680-WKXRZ,3,74.4,Month-to-month,Bank transfer (automatic),Fiber optic,0,No,No,0,13,0.18181818181818182,350.5,1,0.0,12.72,0.0
6231-WFGFH,4,20.5,Month-to-month,Mailed check,No,0,Yes,Yes,0,24,0.5,491.5,2,0.0,3.11,0.0
9904-EHEVJ,32,91.35,Month-to-month,Mailed check,Fiber optic,1,Yes,Yes,2,23,0.9166666666666666,514.0909090909091,1,0.0,2.18,4.608695652173913
7028-DVOIQ,35,99.05,Month-to-month,Electronic check,Fiber optic,1,No,No,3,19,0.5833333333333334,651.8571428571429,4,0.25,9.053333333333333,4.826086956521739
6169-PPETC,35,20.5,Two year,Bank transfer (automatic),No,0,Yes,Yes,0,26,0.3684210526315789,505.0,1,0.0,3.97,0.0
4208-UFFGW,2,44.95,Month-to-month,Mailed check,DSL,1,No,No,0,14,0.07692307692307693,628.0,4,0.0,7.08,0.0
8584-KMVXD,8,75.6,Month-to-month,Electronic check,Fiber optic,0,No,No,1,12,0.09090909090909091,481.0,2,0.0,4.545,3.75
8467-WYNSR,22,55.1,Month-to-month,Mailed check,DSL,0,No,No,2,20,0.1111111111111111,616.5,2,0.0,9.3,8.75
0851-DFJKB,15,58.95,Month-to-month,Electronic check,DSL,0,No,No,3,21,0.6153846153846154,571.5,0,0.0,0.0,5.2592592592592595
5382-SOYZL,22,95.1,Month-to-month,Electronic check,Fiber optic,0,No,No,2,15,0.36363636363636365,479.0,3,0.3333333333333333,11.895,12.214285714285714
9448-REEVD,1,44.7,Month-to-month,Credit card (automatic),DSL,0,Yes,No,0,11,0.375,272.3333333333333,1,1.0,0.0,0.0
3261-CQXOL,71,25.45,Two year,Bank transfer (automatic),No,0,Yes,Yes,0,28,0.47368421052631576,538.3333333333334,4,0.5,10.025,0.0
8388-FYNPZ,4,56.75,Month-to-month,Electronic check,DSL,0,No,No,2,19,0.5833333333333334,373.14285714285717,0,0.0,0.0,6.7894736842105265
4002-BQWPQ,25,81.75,Month-to-month,Bank transfer (automatic),DSL,0,No,No,5,16,0.6,440.0,1,0.0,2.07,12.574468085106384
5651-YLPRD,32,86.1,Month-to-month,Electronic check,Fiber optic,0,Yes,Yes,2,17,0.8888888888888888,559.625,4,0.0,16.19,7.266666666666667
2826-DXLQO,7,29.8,Month-to-month,Bank transfer (automatic),DSL,1,Yes,No,1,13,0.3,533.3333333333334,4,0.0,10.985,9.875
4378-BZYFP,17,20.5,One year,Mailed check,No,0,No,No,0,19,0.46153846153846156,581.1666666666666,2,0.5,30.35,0.0
9489-UTFKA,8,60.9,Month-to-month,Bank transfer (automatic),DSL,1,Yes,No,2,26,0.3,500.0,4,0.0,4.71,3.7333333333333334
4849-PYRLQ,56,73.25,Two year,Bank transfer (automatic),DSL,1,No,No,4,22,0.4666666666666667,358.42857142857144,0,0.0,0.0,10.028571428571428
9117-SHLZX,1,45.7,Month-to-month,Mailed check,DSL,0,No,No,0,10,0.42857142857142855,450.6666666666667,0,0.0,0.0,0.0
9889-TMAHG,8,100.3,Month-to-month,Credit card (automatic),Fiber optic,1,No,No,4,12,0.5,522.75,0,0.0,0.0,3.0357142857142856
4541-RMRLG,7,19.25,Month-to-month,Electronic check,No,0,No,No,0,26,0.3684210526315789,348.7142857142857,4,0.0,11.65,0.0
7764-BDPEE,3,20.85,Month-to-month,Mailed check,No,0,No,Yes,0,16,0.0,0.0,2,0.0,3.8600000000000003,0.0
3429-IFLEM,71,77.35,Two year,Credit card (automatic),DSL,0,No,No,5,13,2.25,501.77777777777777,4,0.0,12.7025,3.69811320754717
3158-MOERK,2,96.0,Month-to-month,Electronic check,Fiber optic,0,No,No,2,27,0.9285714285714286,470.9230769230769,2,1.0,0.0,2.0
7294-TMAOP,1,90.55,Month-to-month,Electronic check,Fiber optic,0,No,No,2,17,0.13333333333333333,271.5,5,0.4,37.00333333333334,2.75
5002-GCQFH,49,93.85,Month-to-month,Bank transfer (automatic),Fiber optic,0,Yes,No,3,10,0.25,396.5,4,0.0,7.535,13.96
0556-FJEGU,58,70.1,Two year,Bank transfer (automatic),DSL,0,No,No,4,22,0.4666666666666667,566.5714285714286,4,0.0,21.497500000000002,6.0
8919-FYFQZ,44,30.35,Month-to-month,Electronic check,DSL,1,Yes,No,1,30,0.5,552.2,2,0.5,11.92,1.6666666666666667
0604-THJFP,59,75.95,Two year,Credit card (automatic),DSL,0,Yes,Yes,4,16,0.6,541.5,1,1.0,0.0,13.272727272727273
2834-JRTUA,71,108.05,Two year,Electronic check,Fiber optic,0,No,No,5,13,0.625,453.6,0,0.0,0.0,2.793103448275862
5875-YPQFJ,1,69.9,Month-to-month,Electronic check,Fiber optic,0,No,No,0,16,0.7777777777777778,421.2857142857143,2,0.5,49.67,0.0
5879-SESNB,11,75.25,Month-to-month,Electronic check,Fiber optic,0,No,No,0,11,0.8333333333333334,923.4,2,0.0,6.6850000000000005,0.0
6646-QVXLR,62,103.75,One year,Electronic check,Fiber optic,1,Yes,No,4,18,0.2857142857142857,212.75,1,1.0,0.0,4.380952380952381
6461-PPAXN,35,54.95,One year,Bank transfer (automatic),DSL,0,Yes,Yes,2,18,0.6363636363636364,588.4285714285714,0,0.0,0.0,6.25
3318-ISQFQ,20,19.5,Month-to-month,Bank transfer (automatic),No,0,No,No,0,13,0.4444444444444444,553.0,0,0.0,0.0,0.0
1106-HRLKZ,40,19.6,Two year,Mailed check,No,0,Yes,Yes,0,30,0.30434782608695654,475.14285714285717,1,0.0,20.52,0.0
2483-XSSMZ,39,47.85,One year,Electronic check,DSL,0,No,No,1,11,0.2222222222222222,715.5,4,0.0,2.8125,12.909090909090908
8603-IJWDN,1,86.6,Month-to-month,Electronic check,Fiber optic,0,No,No,1,30,0.36363636363636365,503.75,0,0.0,0.0,2.6
8165-ZJRNM,72,23.75,Two year,Bank transfer (automatic),No,0,Yes,Yes,0,22,0.4666666666666667,829.1428571428571,2,0.0,4.605,0.0
9369-XFEHK,33,80.6,Month-to-month,Bank transfer (automatic),Fiber optic,1,Yes,No,1,19,0.11764705882352941,329.5,3,1.0,0.0,2.6666666666666665
2604-XVDAM,12,43.8,Month-to-month,Bank transfer (automatic),DSL,0,No,No,0,21,0.4,831.3333333333334,5,0.2,12.91,0.0
3717-OFRTN,1,19.75,Month-to-month,Bank transfer (automatic),No,0,No,No,0,17,0.13333333333333333,920.5,0,0.0,0.0,0.0
9046-JBFWA,27,19.15,Month-to-month,Mailed check,No,0,No,Yes,0,10,0.6666666666666666,293.5,3,0.3333333333333333,4.5,0.0
3280-NMUVX,34,19.6,One year,Credit card (automatic),No,0,Yes,Yes,0,23,0.5333333333333333,820.0,2,0.0,9.46,0.0
1206-EHBDD,56,80.3,Two year,Bank transfer (automatic),Fiber optic,0,Yes,No,2,23,0.5333333333333333,409.875,5,0.4,10.47,4.642857142857143
8361-LBRDI,58,24.35,Two year,Credit card (automatic),No,0,No,No,0,25,0.47058823529411764,370.875,2,0.0,5.66,0.0
4883-KCPZJ,22,25.25,Two year,Credit card (automatic),No,0,Yes,Yes,0,20,0.5384615384615384,599.2857142857143,1,0.0,3.46,0.0
9108-EQPNQ,10,26.1,Two year,Credit card (automatic),No,0,Yes,Yes,0,29,0.3181818181818182,359.2857142857143,1,0.0,9.17,0.0
7277-KAMWT,13,20.0,Two year,Credit card (automatic),No,0,No,No,0,22,0.6923076923076923,536.1111111111111,1,1.0,0.0,0.0
3842-IYKUE,35,85.3,Month-to-month,Credit card (automatic),Fiber optic,0,No,No,2,27,0.2857142857142857,567.5,3,0.3333333333333333,10.8,3.5714285714285716
6641-XRPSU,34,70.0,Month-to-month,Credit card (automatic),Fiber optic,0,No,No,0,23,1.5555555555555556,441.57142857142856,3,0.3333333333333333,29.01,0.0
1374-DMZUI,4,94.3,Month-to-month,Electronic check,Fiber optic,1,No,No,2,21,0.5,625.0,0,0.0,0.0,10.4375
2545-LXYVJ,72,20.7,Two year,Bank transfer (automatic),No,0,Yes,No,0,14,0.5555555555555556,914.6,3,0.6666666666666666,3.94,0.0
3234-VKACU,2,70.3,Month-to-month,Electronic check,DSL,0,No,No,3,23,1.0909090909090908,539.9166666666666,2,0.0,5.105,6.090909090909091
8357-EQXFO,7,95.35,Month-to-month,Electronic check,Fiber optic,0,No,No,3,26,0.4444444444444444,485.5,5,0.6,81.595,3.6875
1989-PRJHP,27,75.5,Month-to-month,Electronic check,Fiber optic,1,Yes,No,0,13,0.3,736.3333333333334,5,0.6,15.305,0.0
8120-JDCAM,4,69.55,Month-to-month,Mailed check,Fiber optic,0,Yes,Yes,0,27,0.2857142857142857,696.6666666666666,3,0.3333333333333333,8.495000000000001,0.0
8917-FAEMR,37,19.85,Two year,Mailed check,No,0,No,No,0,27,0.5882352941176471,607.1,3,0.6666666666666666,151.2,0.0
7047-YXDMZ,21,20.0,Month-to-month,Mailed check,No,0,No,No,0,25,0.7857142857142857,522.8181818181819,0,0.0,0.0,0.0
2858-EIMXH,53,95.85,One year,Credit card (automatic),Fiber optic,1,Yes,No,2,30,0.42857142857142855,657.8888888888889,3,0.0,14.533333333333333,14.882352941176471
9524-EGPJC,18,90.1,Month-to-month,Electronic check,Fiber optic,0,No,No,2,13,0.08333333333333333,291.0,0,0.0,0.0,2.933333333333333
6993-OHLXR,2,68.95,Month-to-month,Electronic check,Fiber optic,0,No,No,0,27,0.42105263157894735,375.625,2,1.0,0.0,0.0
8818-XYFCQ,32,99.55,Month-to-month,Credit card (automatic),Fiber optic,0,Yes,Yes,3,30,1.3076923076923077,539.7647058823529,0,0.0,0.0,3.4545454545454546
6419-ZTTLE,23,20.75,One year,Electronic check,No,1,Yes,No,0,22,0.8333333333333334,502.1,0,0.0,0.0,0.0
0929-HYQEW,3,50.15,Month-to-month,Mailed check,DSL,0,No,No,1,21,0.5,596.1428571428571,2,0.0,9.155,5.0
6614-YOLAC,71,58.65,Two year,Mailed check,DSL,0,Yes,Yes,5,12,0.3333333333333333,172.66666666666666,0,0.0,0.0,7.108108108108108
7426-RHZGU,9,95.9,Month-to-month,Bank transfer (automatic),Fiber optic,0,No,No,3,30,0.875,421.2142857142857,2,0.5,3.32,7.0
4065-JJAVA,1,49.5,Month-to-month,Electronic check,DSL,0,No,No,1,16,0.3333333333333333,235.25,5,0.0,20.234,8.909090909090908
4695-VADHF,18,57.45,Month-to-month,Electronic check,DSL,0,Yes,Yes,2,30,0.42857142857142855,584.7777777777778,3,0.6666666666666666,40.57,2.066666666666667
3863-IUBJR,12,53.65,One year,Credit card (automatic),DSL,0,Yes,Yes,1,29,0.2608695652173913,524.6666666666666,5,0.2,17.7175,5.6
7649-SIJJF,71,80.1,Two year,Mailed check,DSL,0,Yes,No,5,13,0.8571428571428571,501.3333333333333,1,0.0,6.13,19.214285714285715
9361-YNQWJ,64,24.4,One year,Bank transfer (automatic),No,0,No,No,0,12,0.3333333333333333,620.0,2,0.5,12.42,0.0
3748-FVMZZ,4,40.05,Month-to-month,Electronic check,DSL,0,No,No,2,13,0.4444444444444444,676.25,1,0.0,10.04,3.2666666666666666
9391-TTOYH,23,19.5,Month-to-month,Mailed check,No,0,No,No,0,20,0.25,538.5,1,0.0,21.58,0.0
1452-XRSJV,39,51.05,Month-to-month,Credit card (automatic),DSL,0,Yes,Yes,1,19,0.5833333333333334,603.1428571428571,3,0.0,5.613333333333333,5.8
3422-WJOYD,28,54.35,One year,Mailed check,DSL,0,Yes,No,2,11,0.1,208.0,2,0.0,1.445,15.736842105263158
8242-SOQUO,5,84.7,Month-to-month,Electronic check,Fiber optic,1,No,No,2,23,0.5333333333333333,488.5,1,0.0,9.23,8.615384615384615
7460-ITWWP,45,86.1,Month-to-month,Electronic check,Fiber optic,1,Yes,No,2,11,0.5714285714285714,366.0,1,0.0,1.36,3.25
7147-AYBAA,37,70.35,Month-to-month,Mailed check,Fiber optic,0,No,No,0,15,1.5,651.5555555555555,1,0.0,7.98,0.0
7868-TMWMZ,60,110.0,Two year,Bank transfer (automatic),Fiber optic,1,Yes,No,6,26,0.5294117647058824,491.44444444444446,0,0.0,0.0,6.068181818181818
4822-RVYBB,8,100.6,Month-to-month,Electronic check,Fiber optic,1,No,No,3,26,0.625,486.7,1,0.0,16.66,4.1875
6732-FZUGP,47,94.9,One year,Credit card (automatic),Fiber optic,0,No,No,3,29,0.45,526.2222222222222,2,0.0,6.32,5.333333333333333
8436-BJUMM,26,83.75,Month-to-month,Electronic check,Fiber optic,0,Yes,Yes,1,15,0.5,397.4,0,0.0,0.0,3.5714285714285716
4184-TJFAN,3,88.3,Month-to-month,Mailed check,Fiber optic,1,Yes,Yes,3,28,0.47368421052631576,274.22222222222223,1,1.0,0.0,4.619047619047619
8329-GWVPJ,50,69.75,Month-to-month,Bank transfer (automatic),Fiber optic,0,Yes,Yes,0,14,0.4,374.25,2,0.0,7.025,0.0
1352-VHKAJ,27,71.6,Month-to-month,Bank transfer (automatic),DSL,0,Yes,Yes,3,22,0.375,740.8333333333334,0,0.0,0.0,29.333333333333332
4145-UQXUQ,8,92.1,Month-to-month,Electronic check,Fiber optic,1,No,No,3,12,0.7142857142857143,702.2,2,0.0,24.17,5.111111111111111
2632-TACXW,62,23.65,Two year,Bank transfer (automatic),No,0,Yes,No,0,13,0.4444444444444444,715.75,0,0.0,0.0,0.0
8146-QQKZH,71,81.85,Two year,Bank transfer (automatic),DSL,0,Yes,No,5,29,0.9333333333333333,633.5,0,0.0,0.0,3.6470588235294117
1767-CJKBA,66,25.1,Two year,Mailed check,No,0,No,No,0,15,0.6666666666666666,487.6666666666667,0,0.0,0.0,0.0
6445-TNRXS,68,114.7,Two year,Bank transfer (automatic),Fiber optic,0,Yes,Yes,6,21,0.75,396.0,3,0.0,25.356666666666666,16.065573770491802
4581-LNWUM,13,49.15,Month-to-month,Electronic check,DSL,0,No,No,3,14,0.2727272727272727,387.3333333333333,1,0.0,11.2,17.708333333333332
4869-EPIUS,56,80.9,One year,Electronic check,Fiber optic,0,Yes,No,1,27,0.42105263157894735,367.25,2,0.0,21.61,8.0
9948-YPTDG,38,79.45,Month-to-month,Electronic check,Fiber optic,0,Yes,No,2,15,0.5,484.6,0,0.0,0.0,2.0833333333333335
1236-WFCDV,14,90.45,Month-to-month,Credit card (automatic),Fiber optic,1,No,No,2,20,0.5384615384615384,242.28571428571428,1,0.0,20.97,3.066666666666667
1915-OAKWD,16,19.3,One year,Bank transfer (automatic),No,0,No,Yes,0,11,0.375,608.3333333333334,3,0.3333333333333333,43.56,0.0
7296-PIXQY,14,70.2,Month-to-month,Electronic check,Fiber optic,0,Yes,Yes,0,16,1.0,537.5,0,0.0,0.0,0.0
4883-QICIH,32,69.75,Month-to-month,Bank transfer (automatic),Fiber optic,0,Yes,Yes,0,23,0.5333333333333333,235.375,3,0.0,231.12666666666667,0.0
3354-OADJP,8,54.25,One year,Bank transfer (automatic),DSL,0,No,No,2,28,0.3333333333333333,459.14285714285717,1,0.0,2.21,11.0
3524-WQDSG,43,99.3,Month-to-month,Bank transfer (automatic),Fiber optic,0,Yes,Yes,3,10,0.42857142857142855,748.3333333333334,5,0.0,13.63,2.6206896551724137
0810-DHDBD,52,74.0,One year,Credit card (automatic),DSL,0,No,No,4,23,0.4375,695.7142857142857,1,0.0,4.21,6.27906976744186
4026-SKKHW,3,50.25,Month-to-month,Mailed check,DSL,0,No,No,1,22,0.29411764705882354,303.2,0,0.0,0.0,4.545454545454546
2829-HYVZP,29,19.8,One year,Mailed check,No,0,No,No,0,14,0.2727272727272727,408.3333333333333,1,0.0,14.49,0.0
8329-IBCTI,1,19.65,Month-to-month,Mailed check,No,0,No,No,0,20,0.42857142857142855,655.0,1,0.0,6.64,0.0
1271-SJBGZ,12,43.65,Month-to-month,Electronic check,DSL,1,No,No,3,13,0.625,335.4,1,1.0,0.0,2.7142857142857144
3845-JHAMY,16,35.5,Month-to-month,Credit card (automatic),DSL,0,Yes,Yes,1,27,0.42105263157894735,517.375,2,0.5,3.71,5.461538461538462
7013-PSXHK,40,80.75,One year,Mailed check,DSL,0,No,No,4,21,0.4,290.3333333333333,1,0.0,2.16,9.066666666666666
5669-SRAIP,5,39.5,Month-to-month,Electronic check,DSL,0,No,No,2,26,0.18181818181818182,269.5,3,0.3333333333333333,7.470000000000001,4.428571428571429
5981-ITEMU,40,97.1,Month-to-month,Bank transfer (automatic),Fiber optic,0,Yes,No,2,17,0.21428571428571427,279.0,4,0.5,9.004999999999999,5.9411764705882355
3486-NPGST,36,19.55,One year,Mailed check,No,0,No,No,0,14,0.4,377.5,0,0.0,0.0,0.0
6941-PMGEP,5,80.0,Month-to-month,Electronic check,Fiber optic,0,No,No,1,26,0.8571428571428571,521.8333333333334,1,0.0,45.41,6.428571428571429
1624-WOIWJ,10,84.7,Month-to-month,Mailed check,Fiber optic,0,No,No,2,15,0.6666666666666666,436.1666666666667,5,0.6,17.33,4.857142857142857
2074-GKOWZ,2,89.55,Month-to-month,Bank transfer (automatic),Fiber optic,0,Yes,Yes,2,17,0.3076923076923077,345.75,3,0.6666666666666666,5.68,5.166666666666667
0376-YMCJC,23,90.6,Month-to-month,Electronic check,Fiber optic,0,No,No,2,21,0.6153846153846154,405.0,3,0.3333333333333333,20.64,3.111111111111111
6100-FJZDG,26,20.05,One year,Bank transfer (automatic),No,0,Yes,Yes,0,12,0.7142857142857143,453.4,1,0.0,3.77,0.0
4829-ZLJTK,72,112.4,Two year,Electronic check,Fiber optic,1,Yes,No,5,21,0.4,385.0,1,0.0,6.25,6.24
1730-VFMWO,34,50.2,Month-to-month,Bank transfer (automatic),DSL,0,Yes,No,1,12,0.3333333333333333,597.3333333333334,1,0.0,4.58,7.923076923076923
7143-BQIBA,10,62.25,Month-to-month,Bank transfer (automatic),DSL,0,No,No,3,24,0.6,428.8888888888889,1,1.0,0.0,6.296296296296297
3800-LYTRK,14,55.7,One year,Mailed check,DSL,0,No,No,2,24,0.6,438.77777777777777,0,0.0,0.0,2.466666666666667
0634-SZPQA,23,90.05,Month-to-month,Bank transfer (automatic),Fiber optic,0,No,No,2,27,0.42105263157894735,681.0,4,0.5,11.905000000000001,2.3
9646-NMHXE,47,19.65,Two year,Mailed check,No,0,Yes,No,0,29,0.20833333333333334,495.0,0,0.0,0.0,0.0
7030-NJVDP,24,89.25,Month-to-month,Electronic check,Fiber optic,0,Yes,No,3,16,0.3333333333333333,1028.0,4,0.0,26.7575,3.0434782608695654
5536-RTPWK,49,99.05,Month-to-month,Bank transfer (automatic),Fiber optic,0,Yes,No,3,17,0.4166666666666667,526.2,2,0.0,23.705,3.6470588235294117
8883-GRDWQ,20,54.0,One year,Mailed check,DSL,1,No,No,2,17,0.4166666666666667,636.6,0,0.0,0.0,5.8
6166-ILMNY,2,69.75,Month-to-month,Bank transfer (automatic),Fiber optic,0,No,No,0,14,0.5555555555555556,439.0,2,1.0,0.0,0.0
3097-NNSPB,2,49.05,Month-to-month,Credit card (automatic),DSL,0,No,No,1,13,0.8571428571428571,503.5,1,1.0,0.0,2.5714285714285716
7771-ZONAT,22,56.75,Two year,Bank transfer (automatic),DSL,0,No,No,4,13,0.4444444444444444,346.5,0,0.0,0.0,3.7872340425531914
0655-RBDUG,7,98.05,Month-to-month,Bank transfer (automatic),Fiber optic,0,No,No,3,14,0.16666666666666666,376.0,5,0.6,6.49,5.0
2111-DWYHN,1,21.1,Month-to-month,Mailed check,No,0,No,No,0,16,0.23076923076923078,447.6666666666667,2,0.0,8.445,0.0
4194-WHFCB,59,96.65,Month-to-month,Bank transfer (automatic),Fiber optic,0,Yes,Yes,3,18,0.38461538461538464,734.0,1,0.0,5.07,5.814814814814815
4121-AGSIN,58,24.5,One year,Credit card (automatic),No,0,Yes,Yes,0,14,0.16666666666666666,412.0,3,0.0,5.566666666666666,0.0
4361-BKAXE,41,114.5,Month-to-month,Bank transfer (automatic),Fiber optic,0,No,No,6,16,0.23076923076923078,275.3333333333333,2,0.0,7.875,5.424242424242424
9845-PEEKO,59,79.2,Two year,Credit card (automatic),Fiber optic,1,No,No,1,30,0.5,450.0,3,0.0,3.2099999999999995,8.75
0455-XFASS,3,69.55,Month-to-month,Electronic check,Fiber optic,0,Yes,Yes,0,13,1.1666666666666667,343.2857142857143,1,1.0,0.0,0.0
0301-KOBTQ,32,20.05,Two year,Bank transfer (automatic),No,0,No,No,0,18,0.8,428.75,0,0.0,0.0,0.0
1751-NCDLI,46,98.85,Month-to-month,Electronic check,Fiber optic,1,Yes,No,3,18,0.6363636363636364,661.4285714285714,2,0.0,7.285,5.666666666666667
4367-NUYAO,0,25.75,Two year,Mailed check,No,0,Yes,Yes,0,10,0.6666666666666666,880.5,1,1.0,0.0,0.0
9878-TNQGW,2,80.95,Month-to-month,Electronic check,Fiber optic,0,No,No,1,10,0.1111111111111111,349.0,2,0.5,45.17,5.333333333333333
9170-ARBTB,52,19.6,One year,Credit card (automatic),No,0,Yes,Yes,0,27,0.42105263157894735,475.0,2,0.0,10.49,0.0
4441-NIHPT,13,74.3,Month-to-month,Electronic check,Fiber optic,1,No,No,1,28,0.21739130434782608,272.8,5,0.0,9.492,4.0
8999-BOHSE,11,89.7,Month-to-month,Bank transfer (automatic),Fiber optic,1,No,No,2,28,0.4,798.5,1,1.0,0.0,4.0
7241-AJHFS,32,87.65,Month-to-month,Bank transfer (automatic),Fiber optic,0,No,No,2,18,0.6363636363636364,621.0,1,0.0,11.07,4.181818181818182
7029-RPUAV,17,100.45,Month-to-month,Credit card (automatic),Fiber optic,1,Yes,No,3,24,0.5,586.0,1,1.0,0.0,2.5625
4546-FOKWR,16,74.75,Month-to-month,Credit card (automatic),Fiber optic,0,No,No,0,17,2.4,584.4166666666666,3,0.3333333333333333,10.030000000000001,0.0
9036-CSKBW,51,107.45,One year,Bank transfer (automatic),Fiber optic,0,No,No,5,14,1.0,286.57142857142856,4,0.0,10.9525,11.26530612244898
5832-TRLPB,29,75.35,One year,Bank transfer (automatic),DSL,0,No,No,4,24,0.5,288.375,1,0.0,13.21,11.16
8590-YFFQO,70,64.95,Two year,Credit card (automatic),DSL,0,Yes,No,4,22,0.29411764705882354,333.2,0,0.0,0.0,5.066666666666666
8659-IOOPU,71,100.45,Two year,Electronic check,Fiber optic,0,Yes,Yes,4,14,0.75,691.1666666666666,2,0.5,15.36,4.766666666666667
1338-CECEE,41,68.5,One year,Bank transfer (automatic),DSL,0,Yes,Yes,3,27,0.9285714285714286,619.6923076923077,3,0.3333333333333333,13.805,5.56
7439-DKZTW,1,80.55,Month-to-month,Electronic check,Fiber optic,0,No,No,1,12,0.3333333333333333,302.6666666666667,3,0.0,22.02,2.2
4646-QZXTF,7,81.25,Month-to-month,Bank transfer (automatic),DSL,0,Yes,No,5,21,0.4,444.8333333333333,1,1.0,0.0,5.02
4607-CHPCA,25,90.4,One year,Electronic check,Fiber optic,0,Yes,Yes,2,24,0.7142857142857143,670.6,5,0.4,22.816666666666666,2.923076923076923
9742-XOKTS,67,89.55,One year,Electronic check,Fiber optic,0,Yes,Yes,3,30,1.0,534.2,2,0.0,7.035,4.5
6921-OZMFH,5,55.7,Month-to-month,Mailed check,DSL,0,Yes,Yes,1,13,0.4444444444444444,361.75,2,0.5,8.1,12.25
9578-FOMUK,15,24.8,Month-to-month,Electronic check,No,0,No,Yes,0,26,0.3684210526315789,407.85714285714283,2,0.0,15.995000000000001,0.0
4712-UYOOI,20,20.0,Month-to-month,Electronic check,No,0,Yes,Yes,0,28,0.5555555555555556,489.6,1,0.0,2.58,0.0
8824-RWFXJ,3,56.15,Month-to-month,Mailed check,DSL,0,Yes,Yes,2,11,0.2222222222222222,713.5,2,0.5,12.78,2.8333333333333335
7722-CVFXN,54,105.2,One year,Electronic check,Fiber optic,0,Yes,Yes,4,19,0.35714285714285715,672.6,1,1.0,0.0,5.9393939393939394
8717-VCTXJ,42,19.55,One year,Mailed check,No,0,No,No,0,19,0.5833333333333334,630.7142857142857,2,0.5,20.08,0.0
7363-QTBIW,9,79.75,Month-to-month,Electronic check,Fiber optic,0,Yes,No,1,15,0.25,506.0,2,0.0,5.715,7.0
4159-NAAIX,63,97.45,Two year,Bank transfer (automatic),Fiber optic,0,No,No,3,25,0.3888888888888889,783.1428571428571,5,0.2,17.6475,8.258064516129032
0971-QIFJK,69,24.25,Two year,Bank transfer (automatic),No,0,Yes,No,0,11,0.0,0.0,1,0.0,2.61,0.0
9397-TZSHA,69,24.6,Two year,Credit card (automatic),No,0,No,No,0,14,0.5555555555555556,428.4,1,1.0,0.0,0.0
3391-JSQEW,40,50.15,Month-to-month,Mailed check,DSL,0,Yes,No,1,16,0.3333333333333333,553.25,3,0.0,27.536666666666665,3.7142857142857144
0343-QLUZP,60,39.6,Two year,Bank transfer (automatic),DSL,0,No,No,3,22,0.8333333333333334,611.9,0,0.0,0.0,4.5
9763-PDTKK,4,94.4,Month-to-month,Bank transfer (automatic),Fiber optic,0,No,No,4,11,0.375,300.6666666666667,1,1.0,0.0,14.444444444444445
2176-LVPNX,71,89.85,Two year,Mailed check,DSL,1,No,No,6,15,0.5,566.8,0,0.0,0.0,14.088888888888889
7627-JKIAZ,37,78.95,Month-to-month,Credit card (automatic),Fiber optic,0,Yes,No,1,29,0.38095238095238093,597.875,2,1.0,0.0,3.5
3312-UUMZW,32,98.85,Month-to-month,Credit card (automatic),Fiber optic,0,Yes,No,3,18,0.2857142857142857,384.75,1,1.0,0.0,3.75
1271-UODNO,39,53.85,Two year,Credit card (automatic),DSL,0,No,No,1,12,0.2,284.5,0,0.0,0.0,3.5454545454545454
8461-EFQYM,38,24.25,One year,Electronic check,No,0,No,No,0,26,0.5294117647058824,598.8888888888889,2,0.0,5.99,0.0
6900-RBKER,52,89.45,Two year,Credit card (automatic),Fiber optic,0,No,No,2,28,0.3333333333333333,431.42857142857144,0,0.0,0.0,14.631578947368421
6891-JPYFF,48,105.25,Month-to-month,Credit card (automatic),Fiber optic,0,Yes,Yes,4,12,0.3333333333333333,582.6666666666666,4,0.0,5.8225,2.6285714285714286
1459-QNFQT,70,59.5,Two year,Bank transfer (automatic),DSL,0,Yes,Yes,5,11,1.2,348.3333333333333,1,0.0,3.51,3.8857142857142857
1047-NNCBF,20,70.55,Month-to-month,Credit card (automatic),Fiber optic,0,No,No,0,19,1.1111111111111112,602.1,2,0.0,8.895,0.0
3696-XRIEN,50,82.5,One year,Credit card (automatic),DSL,0,No,No,5,15,0.25,697.3333333333334,2,0.0,3.6799999999999997,11.933333333333334
4081-DYXAV,19,44.85,One year,Credit card (automatic),DSL,0,No,No,2,14,0.75,446.8333333333333,2,0.5,47.63,8.5
0074-HDKDG,25,61.6,One year,Bank transfer (automatic),DSL,0,Yes,Yes,3,25,0.5625,543.3333333333334,1,0.0,26.56,5.2631578947368425
8791-GFXLZ,12,49.05,Month-to-month,Bank transfer (automatic),DSL,0,No,No,1,15,0.36363636363636365,740.0,4,0.5,8.0,10.875
8111-SLLHI,39,105.65,Month-to-month,Electronic check,Fiber optic,1,Yes,No,4,17,0.5454545454545454,529.3333333333334,5,0.4,8.816666666666666,5.321428571428571
0927-LCSMG,7,74.65,Month-to-month,Mailed check,Fiber optic,0,No,No,1,13,1.1666666666666667,628.8571428571429,1,1.0,0.0,5.666666666666667
9330-DHBFL,23,66.25,One year,Mailed check,DSL,0,Yes,Yes,4,26,0.8571428571428571,600.25,3,0.3333333333333333,7.525,2.731707317073171
0098-BOWSO,27,19.4,Month-to-month,Electronic check,No,0,No,No,0,29,0.7058823529411765,787.3333333333334,2,0.0,23.494999999999997,0.0
3452-ABWRL,47,86.05,Month-to-month,Credit card (automatic),Fiber optic,1,No,No,1,28,0.5555555555555556,639.1,0,0.0,0.0,2.75
5859-HZYLF,26,19.15,Two year,Credit card (automatic),No,0,Yes,Yes,0,19,0.35714285714285715,342.4,0,0.0,0.0,0.0
8257-RZAHR,14,64.7,Month-to-month,Bank transfer (automatic),DSL,0,Yes,No,2,27,0.5,250.11111111111111,2,0.5,37.2,5.8
5293-WXJAK,11,104.05,Month-to-month,Bank transfer (automatic),Fiber optic,1,Yes,No,4,23,0.2777777777777778,319.2,1,0.0,6.26,7.125
3156-QLHBO,2,19.25,Month-to-month,Mailed check,No,0,No,Yes,0,25,0.5625,599.5555555555555,0,0.0,0.0,0.0
2208-NQBCT,26,81.95,Month-to-month,Electronic check,Fiber optic,0,Yes,Yes,2,26,0.3684210526315789,413.57142857142856,2,0.0,9.105,6.409090909090909
1779-PWPMG,72,114.65,Two year,Bank transfer (automatic),Fiber optic,1,Yes,No,6,15,0.5,415.4,1,1.0,0.0,5.085106382978723
6621-NRZAK,63,20.0,Two year,Credit card (automatic),No,0,Yes,Yes,0,12,1.0,476.1666666666667,0,0.0,0.0,0.0
0831-JNISG,71,19.8,Two year,Mailed check,No,0,Yes,Yes,0,16,0.6,617.5,1,0.0,40.79,0.0
0774-IFUVM,11,65.15,Month-to-month,Bank transfer (automatic),DSL,0,Yes,Yes,2,18,0.5,375.8333333333333,2,0.0,15.135,19.333333333333332
3082-WQRVY,14,19.65,One year,Mailed check,No,1,Yes,No,0,30,1.5,536.8888888888889,4,0.0,3.765,0.0
9553-DLCLU,13,88.95,Two year,Credit card (automatic),DSL,0,No,Yes,6,19,0.46153846153846156,434.8333333333333,0,0.0,0.0,3.593220338983051
1641-BYBTK,6,20.2,Month-to-month,Mailed check,No,0,No,Yes,0,26,0.5294117647058824,431.0,2,0.0,5.82,0.0
2460-NGXBJ,11,75.2,Month-to-month,Credit card (automatic),Fiber optic,1,Yes,Yes,0,14,0.16666666666666666,246.5,3,0.0,5.346666666666667,0.0
2446-ZKVAF,18,56.8,Month-to-month,Credit card (automatic),DSL,0,Yes,No,1,17,0.4166666666666667,739.6,2,0.5,6.7,4.2
0841-NULXI,1,35.55,Month-to-month,Electronic check,DSL,0,No,No,1,26,0.4444444444444444,355.25,1,0.0,26.91,3.5714285714285716
3522-CDKHF,32,75.5,Month-to-month,Bank transfer (automatic),Fiber optic,0,Yes,No,1,23,0.9166666666666666,484.8181818181818,5,0.2,6.0024999999999995,4.833333333333333
1430-SFQSA,29,35.6,One year,Mailed check,DSL,0,No,No,2,19,0.5833333333333334,541.4285714285714,0,0.0,0.0,6.818181818181818
0411-EZJZE,3,60.25,Month-to-month,Electronic check,DSL,0,No,No,1,11,0.1,579.0,0,0.0,0.0,5.384615384615385
7851-WZEKY,2,95.15,Month-to-month,Electronic check,Fiber optic,0,No,No,2,14,0.75,576.0,4,0.0,11.94,6.166666666666667
8844-TONUD,13,96.65,Month-to-month,Mailed check,Fiber optic,0,Yes,Yes,3,21,0.6153846153846154,645.25,5,0.2,10.98,2.85
8807-ARQET,41,40.35,Month-to-month,Electronic check,DSL,0,No,No,2,12,0.2,780.5,0,0.0,0.0,8.263157894736842
7126-RBHSD,17,78.9,Month-to-month,Electronic check,Fiber optic,0,Yes,No,1,10,1.5,473.6666666666667,2,0.0,5.085000000000001,15.5
8992-CEUEN,1,18.85,Month-to-month,Electronic check,No,0,No,No,0,10,0.42857142857142855,880.6666666666666,2,0.0,18.285,0.0
4320-QMLLA,7,54.85,Month-to-month,Mailed check,DSL,0,No,No,1,21,0.23529411764705882,414.75,3,0.6666666666666666,24.24,4.2
8777-PVYGU,52,64.3,One year,Mailed check,DSL,0,Yes,No,3,21,0.4,631.1666666666666,1,0.0,4.69,4.958333333333333
8292-ITGYJ,45,24.65,Two year,Bank transfer (automatic),No,0,Yes,Yes,0,23,0.9166666666666666,449.3636363636364,1,0.0,12.01,0.0
6870-ZWMNX,70,76.1,Two year,Credit card (automatic),DSL,0,Yes,No,4,15,0.25,376.6666666666667,0,0.0,0.0,8.625
0621-CXBKL,53,18.7,Two year,Mailed check,No,0,No,No,0,13,0.3,470.0,1,0.0,5.41,0.0
5268-DSMNQ,62,97.95,One year,Credit card (automatic),Fiber optic,1,Yes,No,3,17,0.5454545454545454,346.1666666666667,4,0.0,6.52,6.464285714285714
5334-JLAXU,60,94.1,Month-to-month,Credit card (automatic),Fiber optic,0,Yes,No,3,12,0.3333333333333333,387.0,3,0.0,2.256666666666667,5.709677419354839
4086-YQSNZ,3,80.4,Month-to-month,Electronic check,Fiber optic,1,Yes,No,1,16,0.6,442.6666666666667,0,0.0,0.0,4.111111111111111
6242-MBHPK,23,95.1,Month-to-month,Electronic check,Fiber optic,1,Yes,No,3,11,1.75,758.0,2,0.5,12.85,6.555555555555555
5868-CZJDR,1,31.35,Month-to-month,Mailed check,DSL,0,No,Yes,1,24,0.5,370.0,3,0.0,51.876666666666665,6.8
9359-UGBTK,67,72.35,One year,Bank transfer (automatic),DSL,0,No,No,4,12,0.2,498.5,1,0.0,4.11,5.4
0135-NMXAP,12,89.75,Month-to-month,Bank transfer (automatic),Fiber optic,0,No,No,2,22,1.2,553.6666666666666,1,1.0,0.0,3.933333333333333
4782-OSFXZ,71,82.7,Two year,Bank transfer (automatic),DSL,1,Yes,No,5,17,0.13333333333333333,262.0,1,0.0,3.4,6.566666666666666
6479-OAUSD,25,19.9,One year,Credit card (automatic),No,0,No,No,0,26,0.625,484.0,0,0.0,0.0,0.0
7129-ACFOG,5,53.8,Month-to-month,Electronic check,DSL,0,No,No,1,24,0.8461538461538461,450.72727272727275,3,0.3333333333333333,9.615,1.8888888888888888
4189-NAKJS,26,51.55,One year,Credit card (automatic),DSL,0,No,No,0,15,0.875,746.8571428571429,3,0.0,9.479999999999999,0.0
5562-BETPV,1,19.65,One year,Mailed check,No,0,Yes,Yes,0,24,1.1818181818181819,479.6923076923077,1,0.0,31.32,0.0
1282-IHQAC,70,44.05,One year,Credit card (automatic),DSL,1,No,No,3,28,0.21739130434782608,562.8,3,0.0,6.2299999999999995,4.9523809523809526
9127-FHJBZ,72,114.0,Two year,Electronic check,Fiber optic,0,Yes,Yes,6,21,0.5,461.85714285714283,1,0.0,19.1,5.350877192982456
6270-OMFIW,60,94.4,One year,Electronic check,Fiber optic,0,Yes,No,3,21,0.5,648.5714285714286,5,0.4,34.86666666666667,2.9615384615384617
1641-RQDAY,32,100.4,Month-to-month,Electronic check,Fiber optic,1,Yes,Yes,3,21,0.9090909090909091,755.3,5,0.2,8.775,18.34375
0107-WESLM,1,19.85,Month-to-month,Electronic check,No,0,No,No,0,26,0.5294117647058824,605.4444444444445,1,1.0,0.0,0.0
6994-ORCWG,14,54.25,One year,Mailed check,DSL,0,No,No,1,14,0.5555555555555556,640.6,3,0.6666666666666666,1.85,7.0
1346-UFHAX,13,80.0,Month-to-month,Credit card (automatic),Fiber optic,0,No,No,1,29,0.45,550.5555555555555,2,0.0,8.969999999999999,12.166666666666666
3992-YWPKO,6,109.9,Month-to-month,Credit card (automatic),Fiber optic,0,No,No,5,26,0.5294117647058824,549.5555555555555,2,0.5,25.92,4.28125
2933-XEUJM,46,79.2,Two year,Mailed check,DSL,0,No,No,4,22,0.6923076923076923,499.44444444444446,1,0.0,17.64,6.08
0125-LZQXK,15,101.35,Month-to-month,Electronic check,Fiber optic,0,No,No,4,10,0.42857142857142855,361.3333333333333,0,0.0,0.0,1.9642857142857142
5461-QKNTN,43,94.3,Month-to-month,Electronic check,Fiber optic,1,Yes,No,3,20,0.25,681.5,5,0.2,12.8125,8.666666666666666
4835-YSJMR,39,49.8,Two year,Bank transfer (automatic),DSL,0,No,No,1,19,0.26666666666666666,447.25,1,0.0,1.34,8.0
8399-YNDCH,21,60.05,Month-to-month,Bank transfer (automatic),DSL,1,No,No,2,14,0.2727272727272727,457.3333333333333,1,1.0,0.0,9.916666666666666
3164-YAXFY,57,53.75,Month-to-month,Electronic check,DSL,0,No,No,4,10,0.25,855.0,4,0.5,23.655,4.2105263157894735
0887-WBJVH,53,93.45,One year,Electronic check,Fiber optic,0,Yes,No,3,24,0.4117647058823529,461.7142857142857,1,0.0,33.8,4.411764705882353
4660-IRIBM,18,87.9,Month-to-month,Mailed check,Fiber optic,0,Yes,Yes,3,10,0.6666666666666666,624.5,4,0.0,21.5575,7.277777777777778
5673-FSSMF,1,60.15,Month-to-month,Electronic check,DSL,0,No,No,1,13,0.18181818181818182,513.5,3,0.3333333333333333,13.440000000000001,7.857142857142857
7670-ZBPOQ,58,61.05,One year,Bank transfer (automatic),DSL,0,Yes,No,2,27,0.2857142857142857,371.5,0,0.0,0.0,3.6153846153846154
8089-UZWLX,71,104.05,Two year,Bank transfer (automatic),Fiber optic,1,No,No,3,21,0.75,271.6666666666667,4,0.0,4.9775,6.733333333333333
0080-OROZO,35,99.25,One year,Electronic check,Fiber optic,0,No,No,4,19,0.26666666666666666,660.75,1,0.0,6.34,12.25
3916-NRPAP,3,85.7,Month-to-month,Credit card (automatic),Fiber optic,0,No,No,2,15,0.36363636363636365,429.25,1,0.0,6.87,9.88888888888889
6807-SIWJI,38,104.85,One year,Electronic check,Fiber optic,0,No,No,4,11,0.8333333333333334,790.0,5,0.0,3.072,12.483870967741936
8221-HVAYI,35,69.15,Two year,Credit card (automatic),DSL,0,Yes,Yes,4,18,0.6363636363636364,282.0,2,0.5,7.33,11.214285714285714
1579-KLYDT,7,90.45,Month-to-month,Electronic check,Fiber optic,0,No,No,2,28,0.3333333333333333,390.7142857142857,3,0.0,15.283333333333333,4.0
5232-NXPAY,47,74.45,Two year,Mailed check,DSL,0,No,No,4,23,0.35294117647058826,571.8333333333334,2,0.0,14.175,3.7714285714285714
8967-SZQAS,14,50.45,Month-to-month,Electronic check,DSL,0,No,No,1,22,0.4666666666666667,505.85714285714283,1,0.0,6.67,8.875
4468-KAZHE,20,60.0,Month-to-month,Electronic check,DSL,1,Yes,No,2,23,1.0909090909090908,361.5,1,0.0,12.03,4.5
0455-ENTCR,66,85.25,Two year,Electronic check,DSL,0,Yes,No,5,30,0.5789473684210527,682.5454545454545,1,0.0,10.38,13.486486486486486
8944-AILEF,15,19.45,Month-to-month,Credit card (automatic),No,0,Yes,No,0,21,0.5,479.2857142857143,2,0.5,11.95,0.0
5542-NKVRU,42,20.75,Two year,Bank transfer (automatic),No,0,No,No,0,12,0.2,891.5,3,0.3333333333333333,3.1799999999999997,0.0
5370-IIVVL,37,104.5,One year,Credit card (automatic),Fiber optic,0,No,No,4,25,0.5625,326.22222222222223,1,0.0,3.07,6.533333333333333
6789-HJBWG,12,49.4,Month-to-month,Electronic check,DSL,0,No,No,1,12,1.0,791.8333333333334,5,0.0,4.162000000000001,4.625
3927-NLNRY,53,94.25,One year,Bank transfer (automatic),Fiber optic,0,Yes,No,3,18,0.2857142857142857,270.5,5,0.0,20.134,2.5294117647058822
9087-EYCPR,60,25.0,Two year,Mailed check,No,0,No,No,0,17,0.7,474.14285714285717,0,0.0,0.0,0.0
6791-YBNAK,18,25.55,Month-to-month,Credit card (automatic),DSL,0,Yes,Yes,0,24,0.6,782.2222222222222,3,0.6666666666666666,6.26,0.0
6358-LYNGM,1,74.9,Month-to-month,Electronic check,Fiber optic,0,No,No,0,14,0.2727272727272727,372.0,1,1.0,0.0,0.0
6077-BDPXA,3,70.15,Month-to-month,Electronic check,Fiber optic,0,No,No,0,22,0.2222222222222222,428.5,1,0.0,30.24,0.0
0013-MHZWF,9,69.4,Month-to-month,Credit card (automatic),DSL,0,No,Yes,3,17,0.3076923076923077,286.75,0,0.0,0.0,16.6
5494-HECPR,1,80.25,Month-to-month,Electronic check,Fiber optic,0,No,No,1,23,0.2777777777777778,822.0,2,0.5,3.11,6.125
8268-YDIXR,56,93.15,One year,Electronic check,Fiber optic,0,Yes,No,3,15,0.36363636363636365,523.0,2,0.5,6.6,5.447368421052632
9824-BEMCV,17,69.0,Month-to-month,Electronic check,Fiber optic,0,Yes,Yes,0,14,0.75,619.3333333333334,2,0.0,6.915,0.0
1373-ORVIZ,11,66.35,Month-to-month,Electronic check,DSL,0,Yes,Yes,2,24,0.3333333333333333,488.0,1,0.0,29.3,3.1333333333333333
4291-SHSBH,7,69.55,Month-to-month,Electronic check,Fiber optic,0,No,No,0,26,0.7333333333333333,549.0,2,0.5,9.87,0.0
6980-IMXXE,69,20.2,Two year,Bank transfer (automatic),No,0,Yes,Yes,0,13,0.3,436.0,1,0.0,3.62,0.0
9866-QEVEE,19,86.0,Month-to-month,Bank transfer (automatic),Fiber optic,0,No,No,1,29,0.7058823529411765,323.9166666666667,2,0.0,46.849999999999994,4.0
9897-KXHCM,3,80.3,Month-to-month,Electronic check,Fiber optic,0,Yes,Yes,1,16,0.14285714285714285,255.5,2,0.5,56.14,2.888888888888889
0040-HALCW,54,20.4,Two year,Credit card (automatic),No,0,Yes,Yes,0,24,0.2,323.0,0,0.0,0.0,0.0
0784-GTUUK,62,23.75,One year,Credit card (automatic),No,0,Yes,No,0,23,1.0909090909090908,657.5,0,0.0,0.0,0.0
7979-CORPM,24,90.55,Month-to-month,Credit card (automatic),Fiber optic,0,No,No,2,26,0.625,534.0,2,0.0,7.67,2.3333333333333335
2294-DMMUS,62,70.45,Month-to-month,Credit card (automatic),DSL,0,Yes,Yes,2,23,0.6428571428571429,441.6666666666667,4,0.0,69.12,15.923076923076923
0872-JCPIB,17,65.75,Month-to-month,Bank transfer (automatic),DSL,0,No,No,2,25,0.7857142857142857,591.4545454545455,2,0.5,11.1,2.5714285714285716
3055-MJDSB,9,24.6,Month-to-month,Mailed check,DSL,0,No,No,0,14,0.75,397.1666666666667,0,0.0,0.0,0.0
9091-WTUUY,64,69.25,Two year,Mailed check,DSL,0,Yes,Yes,4,21,1.1,714.7272727272727,2,0.0,12.6,4.846153846153846
1618-CFHME,2,75.9,Month-to-month,Electronic check,Fiber optic,0,No,No,0,23,0.4375,275.85714285714283,5,0.2,13.6275,0.0
3165-HDOEW,1,45.85,Month-to-month,Mailed check,DSL,0,Yes,Yes,0,24,0.5,726.375,2,0.0,37.19,0.0
6581-NQCBA,16,49.95,Month-to-month,Electronic check,DSL,0,Yes,No,3,19,0.9,454.55555555555554,0,0.0,0.0,1.85
7115-IRDHS,72,24.65,Two year,Bank transfer (automatic),No,0,Yes,No,0,24,0.6,443.3333333333333,3,0.0,6.686666666666667,0.0
8496-DMZUK,30,90.4,One year,Bank transfer (automatic),Fiber optic,0,No,No,3,16,0.6,476.1666666666667,5,0.6,17.14,4.857142857142857
2040-VZIKE,49,100.85,Month-to-month,Mailed check,Fiber optic,0,Yes,No,3,13,0.18181818181818182,1495.0,4,0.75,7.24,7.769230769230769
9068-VPWQQ,61,75.35,Two year,Credit card (automatic),DSL,0,Yes,No,4,18,0.38461538461538464,492.0,1,0.0,8.07,9.54054054054054
0178-SZBHO,47,87.2,Month-to-month,Electronic check,Fiber optic,0,Yes,Yes,2,15,0.6666666666666666,347.0,0,0.0,0.0,2.782608695652174
0384-RVBPI,20,64.4,Month-to-month,Credit card (automatic),DSL,0,No,No,3,10,0.42857142857142855,283.3333333333333,5,0.6,22.24,5.6521739130434785
1689-MRZQR,34,78.3,Month-to-month,Electronic check,Fiber optic,0,Yes,Yes,1,16,0.45454545454545453,536.6,1,0.0,54.5,5.333333333333333
1299-AURJA,70,24.7,Two year,Bank transfer (automatic),No,0,Yes,Yes,0,13,1.1666666666666667,494.14285714285717,0,0.0,0.0,0.0
4525-VZCZG,54,105.85,One year,Electronic check,Fiber optic,0,No,Yes,5,18,0.2857142857142857,678.5,1,0.0,20.86,7.195121951219512
1543-LLLFT,61,98.3,One year,Mailed check,Fiber optic,1,Yes,No,4,14,0.2727272727272727,546.6666666666666,2,0.0,6.760000000000001,4.875
5835-BEQEU,3,76.95,Month-to-month,Electronic check,Fiber optic,0,No,No,0,22,0.5714285714285714,320.625,2,1.0,0.0,0.0
2788-CJQAQ,13,19.45,One year,Mailed check,No,0,No,No,0,26,0.5294117647058824,397.55555555555554,0,0.0,0.0,0.0
5565-FILXA,16,96.15,Month-to-month,Electronic check,Fiber optic,1,No,No,2,12,0.2,312.0,3,0.6666666666666666,39.79,2.8461538461538463
0319-QZTCO,3,58.7,Month-to-month,Credit card (automatic),DSL,0,Yes,Yes,2,28,1.3333333333333333,555.25,5,0.2,7.5425,5.565217391304348
2120-SMPEX,25,20.15,Month-to-month,Mailed check,No,0,No,No,0,17,0.7,339.2857142857143,2,0.5,1.34,0.0
0096-FCPUF,30,64.5,Month-to-month,Mailed check,DSL,0,No,No,2,25,0.7857142857142857,610.2727272727273,0,0.0,0.0,4.647058823529412
0668-OGMHD,21,28.5,Month-to-month,Electronic check,DSL,0,Yes,No,1,30,0.42857142857142855,603.4444444444445,3,0.0,4.656666666666666,4.4
5552-ZNFSJ,1,45.3,Month-to-month,Electronic check,DSL,0,No,No,0,30,0.875,464.64285714285717,3,0.3333333333333333,34.16,0.0
2223-KAGMX,15,19.4,Month-to-month,Bank transfer (automatic),No,0,No,No,0,30,0.6666666666666666,391.9166666666667,1,1.0,0.0,0.0
6507-ZJSUR,23,90.45,Month-to-month,Electronic check,Fiber optic,1,Yes,No,2,30,0.36363636363636365,557.125,2,0.0,2.13,6.9375
9408-HRXRK,45,105.15,Month-to-month,Electronic check,Fiber optic,0,Yes,Yes,4,13,0.4444444444444444,599.5,1,0.0,4.36,7.53125
5593-SUAOO,24,83.15,One year,Bank transfer (automatic),Fiber optic,0,Yes,Yes,2,22,0.5714285714285714,402.5,4,0.0,8.9825,4.6
7321-PKUYW,11,90.15,Month-to-month,Electronic check,Fiber optic,0,No,No,2,21,0.3125,446.2,1,0.0,29.99,2.7857142857142856
2833-SLKDQ,1,45.05,Month-to-month,Mailed check,DSL,0,No,No,0,14,0.16666666666666666,280.0,4,0.0,24.55,0.0
6766-HFKLA,56,103.2,Two year,Bank transfer (automatic),Fiber optic,0,Yes,No,4,27,0.42105263157894735,316.125,1,0.0,9.98,4.115384615384615
7595-EUIVN,1,75.8,Month-to-month,Electronic check,Fiber optic,0,No,No,1,23,0.35294117647058826,363.6666666666667,4,1.0,0.0,8.857142857142858
7617-EYGLW,1,19.45,Month-to-month,Electronic check,No,0,No,No,0,13,0.8571428571428571,710.8333333333334,1,0.0,5.58,0.0
2026-TGDHM,7,79.3,Month-to-month,Electronic check,Fiber optic,0,No,No,1,20,0.5384615384615384,620.5714285714286,2,0.5,38.06,5.5
9220-ZNKJI,55,88.8,Two year,Credit card (automatic),Fiber optic,1,Yes,No,3,21,0.23529411764705882,295.25,0,0.0,0.0,2.8421052631578947
4030-VPZBD,2,30.9,Month-to-month,Electronic check,DSL,0,No,No,1,26,1.0,552.9230769230769,0,0.0,0.0,4.555555555555555
2226-ICFDO,72,85.9,Two year,Credit card (automatic),DSL,0,Yes,Yes,5,19,0.7272727272727273,636.625,0,0.0,0.0,8.15
0723-VSOBE,45,34.2,One year,Electronic check,DSL,1,No,No,1,14,0.5555555555555556,439.2,4,0.25,7.476666666666667,5.5
5529-GIBVH,47,20.15,Two year,Mailed check,No,0,No,No,0,21,0.4,346.8333333333333,2,0.0,6.34,0.0
4187-CINZD,46,95.25,One year,Credit card (automatic),Fiber optic,1,No,No,3,15,0.25,318.3333333333333,2,0.5,79.98,4.25
9992-UJOEL,2,50.3,Month-to-month,Mailed check,DSL,0,No,No,1,10,0.42857142857142855,645.3333333333334,2,0.0,4.92,7.625
4741-WWJQZ,2,80.15,Month-to-month,Electronic check,Fiber optic,0,Yes,No,2,29,0.45,631.7777777777778,2,1.0,0.0,5.533333333333333
6625-UTXEW,12,51.25,Month-to-month,Electronic check,DSL,0,Yes,No,1,20,0.5384615384615384,407.85714285714283,1,0.0,14.5,7.25
6818-WOBHJ,68,89.6,Month-to-month,Bank transfer (automatic),Fiber optic,1,Yes,No,2,30,0.36363636363636365,294.625,2,0.0,18.91,2.1176470588235294
6244-BESBM,69,95.2,Two year,Credit card (automatic),Fiber optic,0,Yes,Yes,3,29,0.2608695652173913,384.5,1,0.0,6.84,9.642857142857142
1004-NOZNR,56,94.8,One year,Credit card (automatic),Fiber optic,1,No,Yes,3,16,0.45454545454545453,661.2,2,0.0,8.03,8.04
1251-STYSZ,4,80.25,Month-to-month,Electronic check,Fiber optic,1,No,No,1,17,0.4166666666666667,647.6,0,0.0,0.0,13.222222222222221
2612-PHGOX,64,76.1,Two year,Bank transfer (automatic),DSL,0,Yes,No,4,15,0.5,438.6,0,0.0,0.0,2.6363636363636362
2408-TZMJL,59,110.15,One year,Electronic check,Fiber optic,0,Yes,No,5,12,0.2,596.0,5,0.2,66.755,8.9
8480-PPONV,62,115.55,Two year,Bank transfer (automatic),Fiber optic,0,Yes,Yes,6,16,0.6,610.6666666666666,1,1.0,0.0,6.192982456140351
8780-IHCRN,63,24.65,Two year,Credit card (automatic),No,0,Yes,Yes,0,10,0.6666666666666666,377.5,3,0.0,30.62,0.0
4598-ZADCK,53,53.6,One year,Electronic check,DSL,0,No,No,5,27,1.0769230769230769,383.2142857142857,2,0.0,9.49,14.790697674418604
1257-SXUXQ,5,19.45,Month-to-month,Mailed check,No,0,Yes,Yes,0,24,0.5,456.25,1,0.0,7.16,0.0
9681-KYGYB,49,88.2,Month-to-month,Electronic check,Fiber optic,1,Yes,No,3,25,1.7777777777777777,552.1875,3,0.0,6.5,5.5
7182-OVLBJ,62,101.15,Two year,Bank transfer (automatic),Fiber optic,0,Yes,Yes,3,11,0.1,277.0,2,0.0,4.085,4.578947368421052
5095-ETBRJ,55,56.8,Two year,Mailed check,DSL,0,Yes,No,3,19,0.26666666666666666,490.75,0,0.0,0.0,6.962962962962963
7005-CYUIL,71,99.4,Two year,Electronic check,Fiber optic,1,Yes,No,5,23,0.4375,1015.4285714285714,1,0.0,9.42,4.7592592592592595
4821-WQOYN,72,20.1,Two year,Credit card (automatic),No,0,Yes,Yes,0,28,0.47368421052631576,468.1111111111111,3,0.6666666666666666,12.52,0.0
4730-AWNAU,36,60.7,One year,Credit card (automatic),DSL,0,Yes,Yes,5,15,0.5,675.6,2,0.0,10.364999999999998,9.911764705882353
3452-FLHYD,25,20.95,One year,Bank transfer (automatic),No,0,Yes,No,0,16,0.6,449.6666666666667,1,0.0,3.05,0.0
2388-LAESQ,72,114.85,Two year,Bank transfer (automatic),Fiber optic,1,Yes,No,6,12,0.5,669.25,0,0.0,0.0,3.7636363636363637
9531-NSBMR,36,19.25,One year,Bank transfer (automatic),No,0,No,No,0,25,1.0833333333333333,572.1538461538462,3,0.0,14.56,0.0
6260-ONULR,1,62.8,Month-to-month,Mailed check,DSL,0,No,No,2,19,0.11764705882352941,181.5,3,0.0,6.16,8.52
4389-UEFCZ,72,105.5,Two year,Electronic check,Fiber optic,0,Yes,No,4,24,0.3333333333333333,323.5,2,0.5,2.18,7.193548387096774
8711-LOBKY,59,19.85,Two year,Mailed check,No,0,Yes,Yes,0,23,0.6428571428571429,542.6666666666666,3,0.0,2.1933333333333334,0.0
9134-CEQMF,7,89.5,Month-to-month,Electronic check,Fiber optic,1,Yes,No,2,26,0.5294117647058824,387.3333333333333,4,0.25,26.493333333333336,11.090909090909092
8985-OOPOS,1,74.1,One year,Credit card (automatic),DSL,0,No,No,4,13,0.08333333333333333,272.0,1,0.0,18.08,2.526315789473684
8800-ZKRFW,30,107.5,Month-to-month,Electronic check,Fiber optic,0,Yes,Yes,5,10,0.42857142857142855,814.3333333333334,0,0.0,0.0,5.097560975609756
2616-FLVQC,64,19.55,Two year,Mailed check,No,0,No,No,0,17,0.5454545454545454,388.5,4,0.0,6.5925,0.0
9968-FFVVH,63,68.8,One year,Bank transfer (automatic),DSL,0,No,No,4,15,0.36363636363636365,328.0,1,0.0,4.14,2.7083333333333335
3108-PCCGG,72,84.45,Two year,Credit card (automatic),DSL,1,Yes,No,5,29,1.4166666666666667,658.7647058823529,3,0.0,6.253333333333333,2.121212121212121
7993-PYKOF,8,75.0,Month-to-month,Electronic check,Fiber optic,0,Yes,No,1,12,0.3333333333333333,265.6666666666667,3,0.3333333333333333,34.005,2.0
8390-FESFV,62,84.5,Two year,Bank transfer (automatic),DSL,0,No,No,5,20,0.8181818181818182,576.6666666666666,1,0.0,12.29,7.883720930232558
3022-BEXHZ,67,111.2,Two year,Bank transfer (automatic),Fiber optic,0,Yes,Yes,5,19,0.9,548.6666666666666,0,0.0,0.0,9.204545454545455
5027-XWQHA,6,44.75,Month-to-month,Electronic check,DSL,0,No,No,0,29,1.6363636363636365,766.3333333333334,1,0.0,18.1,0.0
6248-TKCQV,70,80.6,Two year,Bank transfer (automatic),DSL,0,Yes,Yes,4,10,0.1111111111111111,108.0,1,0.0,8.36,3.0294117647058822
6729-GDNGC,20,80.7,Month-to-month,Bank transfer (automatic),Fiber optic,1,No,No,1,28,0.3333333333333333,727.5714285714286,0,0.0,0.0,7.666666666666667
6198-ZFIOJ,5,75.6,Month-to-month,Electronic check,Fiber optic,0,No,No,0,15,0.15384615384615385,457.5,4,0.0,4.7225,0.0
5989-OMNJE,24,57.6,One year,Electronic check,DSL,0,Yes,Yes,5,27,0.35,539.0,4,0.0,2.56,12.10204081632653
4566-QVRRW,11,44.05,Month-to-month,Electronic check,DSL,0,Yes,No,0,28,0.3333333333333333,401.85714285714283,5,0.4,51.43333333333334,0.0
1291-CUOCY,72,110.6,Two year,Credit card (automatic),Fiber optic,0,Yes,No,5,25,0.5625,345.0,1,0.0,4.14,35.714285714285715
9795-SHUHB,66,58.2,Two year,Credit card (automatic),DSL,0,Yes,Yes,3,24,0.6,446.55555555555554,1,1.0,0.0,8.15
3230-IUALN,45,81.0,Two year,Mailed check,DSL,0,Yes,Yes,5,13,0.3,321.6666666666667,4,0.25,5.81,13.272727272727273
0042-RLHYP,69,19.7,Two year,Bank transfer (automatic),No,0,Yes,Yes,0,10,0.42857142857142855,403.6666666666667,1,0.0,14.99,0.0
8519-IMDHU,15,85.6,Month-to-month,Bank transfer (automatic),Fiber optic,1,Yes,No,1,21,0.3125,478.8,1,0.0,51.03,2.6666666666666665
4945-RVMTE,28,59.55,Month-to-month,Bank transfer (automatic),DSL,0,No,No,2,24,0.6,695.5555555555555,5,0.2,4.845,4.45
0201-OAMXR,70,115.55,One year,Credit card (automatic),Fiber optic,0,No,No,6,13,1.6,354.375,3,0.0,14.266666666666666,6.261904761904762
1866-NXPSP,36,75.55,One year,Mailed check,DSL,0,No,No,5,21,0.6153846153846154,533.875,1,0.0,7.18,6.9
3372-KWFBM,16,86.6,Month-to-month,Electronic check,Fiber optic,1,No,No,1,14,1.0,479.85714285714283,1,0.0,12.42,9.833333333333334
7831-QGOXH,18,85.2,Month-to-month,Electronic check,Fiber optic,0,No,No,1,20,0.5384615384615384,506.7142857142857,5,0.2,16.5575,2.5
6393-WRYZE,34,97.65,Month-to-month,Electronic check,Fiber optic,0,Yes,No,2,18,0.2,513.0,4,0.0,17.2275,3.4545454545454546
3941-XTSKM,42,45.1,One year,Credit card (automatic),DSL,0,Yes,Yes,3,14,0.4,402.75,3,0.6666666666666666,3.75,5.625
1661-CZBAU,48,70.95,One year,Bank transfer (automatic),DSL,0,No,No,3,19,0.7272727272727273,508.375,3,0.3333333333333333,12.135000000000002,5.478260869565218
6599-RCLCJ,47,109.55,Month-to-month,Electronic check,Fiber optic,0,Yes,No,5,16,0.0,0.0,1,0.0,4.22,3.8
9831-BPFRI,39,89.55,One year,Electronic check,Fiber optic,0,Yes,Yes,3,30,0.42857142857142855,347.8888888888889,2,0.5,7.57,5.7894736842105265
5158-RIVOP,11,20.9,Two year,Credit card (automatic),No,0,Yes,Yes,0,23,0.4375,574.1428571428571,0,0.0,0.0,0.0
9788-YTFGE,7,19.95,Month-to-month,Mailed check,No,0,No,No,0,13,0.4444444444444444,595.0,2,0.0,23.52,0.0
9277-JOOMO,3,24.6,Month-to-month,Mailed check,No,0,No,No,0,15,0.36363636363636365,764.75,1,0.0,18.17,0.0
1907-YLNYW,8,66.7,Month-to-month,Electronic check,DSL,0,No,No,3,24,0.4117647058823529,447.0,0,0.0,0.0,19.291666666666668
1725-MIMXW,1,19.45,Month-to-month,Mailed check,No,0,No,Yes,0,28,0.16666666666666666,299.75,1,0.0,9.73,0.0
8947-YRTDV,32,94.8,One year,Mailed check,Fiber optic,0,Yes,Yes,4,17,0.4166666666666667,575.0,5,0.4,34.09,1.9591836734693877
3161-ONRWK,60,65.85,One year,Bank transfer (automatic),DSL,0,Yes,Yes,4,18,0.38461538461538464,595.4,3,0.3333333333333333,5.01,12.67741935483871
0114-RSRRW,10,19.95,Month-to-month,Bank transfer (automatic),No,0,Yes,No,0,23,0.4375,257.85714285714283,1,0.0,13.23,0.0
4565-NLZBV,71,24.65,Two year,Bank transfer (automatic),No,0,Yes,No,0,15,0.5,508.8,3,0.0,32.343333333333334,0.0
0031-PVLZI,4,20.35,Month-to-month,Mailed check,No,0,Yes,Yes,0,17,0.13333333333333333,172.5,1,0.0,16.99,0.0
7206-GZCDC,1,69.25,Month-to-month,Electronic check,Fiber optic,1,No,No,0,29,0.3181818181818182,676.4285714285714,3,0.0,13.08,0.0
6682-VCIXC,43,51.25,One year,Bank transfer (automatic),DSL,0,Yes,Yes,4,30,0.875,693.4285714285714,1,0.0,9.16,6.147058823529412
4791-QRGMF,59,99.5,One year,Bank transfer (automatic),Fiber optic,0,Yes,No,3,20,0.6666666666666666,466.125,4,0.25,12.966666666666667,7.315789473684211
6475-VHUIZ,23,54.25,Month-to-month,Electronic check,DSL,0,Yes,No,2,29,0.7058823529411765,497.4166666666667,3,0.6666666666666666,4.57,7.923076923076923
3910-MRQOY,72,19.4,Two year,Bank transfer (automatic),No,0,Yes,No,0,15,0.25,488.0,0,0.0,0.0,0.0
0661-WCQNQ,22,56.25,One year,Credit card (automatic),DSL,0,Yes,No,2,18,0.38461538461538464,697.6,2,0.5,7.17,15.84
7537-RBWEA,1,25.15,Month-to-month,Mailed check,DSL,0,No,No,0,21,0.5,571.1428571428571,3,0.0,16.153333333333332,0.0
4656-CAURT,69,23.95,Two year,Bank transfer (automatic),No,0,No,No,0,15,0.36363636363636365,295.75,1,0.0,7.48,0.0
0121-SNYRK,50,35.4,One year,Mailed check,DSL,0,No,No,2,26,1.1666666666666667,607.9285714285714,0,0.0,0.0,14.722222222222221
1768-ZAIFU,1,25.2,Month-to-month,Electronic check,DSL,1,No,No,0,14,0.5555555555555556,618.8,5,0.6,153.44,0.0
4671-LXRDQ,2,45.0,Month-to-month,Mailed check,DSL,0,No,No,0,10,0.6666666666666666,563.0,5,1.0,0.0,0.0
3733-LSYCE,15,75.35,Month-to-month,Bank transfer (automatic),Fiber optic,0,Yes,No,1,28,0.47368421052631576,551.8888888888889,4,0.25,4.79,2.4
6265-FRMTQ,31,20.4,Two year,Bank transfer (automatic),No,0,No,No,0,12,0.7142857142857143,296.8,0,0.0,0.0,0.0
1934-SJVJK,1,20.15,Month-to-month,Mailed check,No,0,No,No,0,26,0.625,736.3,0,0.0,0.0,0.0
3838-OZURD,66,105.0,Month-to-month,Credit card (automatic),Fiber optic,0,Yes,No,4,29,0.5263157894736842,534.0,1,1.0,0.0,6.269230769230769
1371-DWPAZ,0,56.05,Two year,Credit card (automatic),DSL,0,Yes,Yes,5,16,0.7777777777777778,468.2857142857143,1,1.0,0.0,5.068181818181818
9269-CQOOL,3,54.7,Month-to-month,Credit card (automatic),DSL,0,No,Yes,1,21,0.5,429.2857142857143,3,1.0,0.0,5.375
2017-CCBLH,8,20.0,Two year,Mailed check,No,0,No,No,0,28,0.6470588235294118,604.9090909090909,2,0.0,17.67,0.0
7690-KPNCU,64,73.05,One year,Credit card (automatic),DSL,0,Yes,Yes,4,22,0.8333333333333334,436.5,0,0.0,0.0,7.0
0536-BGFMZ,28,20.5,Month-to-month,Mailed check,No,0,Yes,No,0,11,0.5714285714285714,465.25,2,0.0,2.34,0.0
2293-IJWPS,57,100.75,One year,Credit card (automatic),Fiber optic,0,Yes,No,3,14,0.5555555555555556,299.2,1,0.0,3.39,8.851851851851851
2845-HSJCY,14,87.25,Month-to-month,Electronic check,Fiber optic,0,Yes,Yes,2,14,0.16666666666666666,626.0,0,0.0,0.0,5.571428571428571
5469-NUJUR,19,19.95,Two year,Mailed check,No,0,No,No,0,30,0.42857142857142855,264.8888888888889,3,1.0,0.0,0.0
1184-PJVDB,10,79.95,Month-to-month,Electronic check,Fiber optic,0,Yes,No,1,25,0.25,406.8,4,0.5,19.02,4.6
2625-TRCZQ,51,49.65,Month-to-month,Electronic check,DSL,0,Yes,No,3,17,0.5454545454545454,507.1666666666667,3,0.0,22.333333333333332,4.285714285714286
4102-HLENU,67,65.65,Two year,Mailed check,DSL,0,Yes,No,3,10,0.25,321.0,2,0.5,10.92,15.578947368421053
7266-GSSJX,11,20.45,Month-to-month,Electronic check,No,0,Yes,Yes,0,29,0.6111111111111112,574.2727272727273,0,0.0,0.0,0.0
7722-VJRQD,72,60.95,Two year,Bank transfer (automatic),DSL,0,Yes,Yes,5,10,0.42857142857142855,322.3333333333333,1,0.0,15.29,8.682926829268293
7073-QETQY,66,20.35,One year,Electronic check,No,0,Yes,Yes,0,29,0.38095238095238093,586.375,0,0.0,0.0,0.0
9415-DPEWS,18,88.35,Month-to-month,Electronic check,Fiber optic,0,No,No,2,10,0.25,257.5,1,0.0,4.15,5.571428571428571
5624-RYAMH,9,19.5,Month-to-month,Electronic check,No,0,No,No,0,11,0.8333333333333334,292.6,0,0.0,0.0,0.0
0196-JTUQI,9,75.2,Month-to-month,Credit card (automatic),Fiber optic,0,No,No,0,29,0.5263157894736842,524.7,2,0.0,28.43,0.0
7130-YXBRO,48,111.45,Month-to-month,Bank transfer (automatic),Fiber optic,0,Yes,No,5,22,1.0,489.1818181818182,2,1.0,0.0,6.166666666666667
9272-LSVYH,10,70.15,Month-to-month,Mailed check,Fiber optic,0,No,No,0,20,0.3333333333333333,642.0,4,0.25,11.633333333333333,0.0
7943-RQCHR,9,94.75,Month-to-month,Electronic check,Fiber optic,0,No,No,2,13,0.4444444444444444,603.0,2,0.5,24.8,9.866666666666667
3793-MMFUH,13,95.05,Month-to-month,Electronic check,Fiber optic,1,No,No,2,18,0.6363636363636364,484.7142857142857,1,0.0,104.72,2.4285714285714284
3249-ZPQRG,4,78.45,Month-to-month,Electronic check,Fiber optic,0,No,No,1,27,0.5882352941176471,827.8,1,1.0,0.0,4.777777777777778
2568-BRGYX,4,70.2,Month-to-month,Electronic check,Fiber optic,0,No,No,0,29,0.45,646.2222222222222,1,0.0,38.05,0.0
3084-DOWLE,72,92.0,Two year,Bank transfer (automatic),DSL,0,Yes,No,6,12,0.2,187.0,4,0.25,2.063333333333333,3.6595744680851063
1084-MNSMJ,51,85.5,Two year,Credit card (automatic),DSL,0,Yes,Yes,6,17,0.7,477.14285714285717,2,0.5,7.37,8.508771929824562
7721-JXEAW,59,41.05,Month-to-month,Bank transfer (automatic),DSL,0,Yes,No,2,18,0.2857142857142857,583.0,0,0.0,0.0,5.666666666666667
7249-WBIYX,10,85.6,Month-to-month,Electronic check,Fiber optic,0,Yes,No,1,28,0.75,579.75,3,0.6666666666666666,10.22,4.0
4238-HFHSN,61,82.15,Month-to-month,Electronic check,Fiber optic,1,Yes,No,1,24,0.6,440.77777777777777,3,0.3333333333333333,3.025,7.555555555555555
6250-CGGUN,54,84.4,One year,Electronic check,Fiber optic,0,No,No,3,23,0.7692307692307693,416.1,2,0.5,13.15,4.636363636363637
5478-JJVZK,33,60.9,Month-to-month,Mailed check,DSL,0,No,No,2,20,0.42857142857142855,600.6666666666666,2,0.0,11.77,6.333333333333333
7596-IIWYC,27,20.25,Two year,Bank transfer (automatic),No,0,No,No,0,23,0.2777777777777778,507.4,1,0.0,12.9,0.0
6567-HOOPW,1,79.2,Month-to-month,Electronic check,Fiber optic,1,No,No,1,30,0.5,266.3,2,1.0,0.0,4.666666666666667
9793-WECQC,23,95.3,Month-to-month,Mailed check,Fiber optic,0,No,No,3,16,1.0,506.5,3,0.0,18.746666666666666,10.55
4291-HPAXL,1,19.85,Month-to-month,Mailed check,No,0,No,Yes,0,18,0.5,412.6666666666667,0,0.0,0.0,0.0
8999-YPYBV,45,84.35,Two year,Mailed check,DSL,0,Yes,Yes,6,30,0.5789473684210527,451.8181818181818,1,0.0,30.07,10.767441860465116
1839-FBNFR,39,19.85,Two year,Bank transfer (automatic),No,0,Yes,Yes,0,25,0.3888888888888889,380.7142857142857,0,0.0,0.0,0.0
3164-AALRN,5,70.0,One year,Mailed check,DSL,0,No,No,3,12,0.3333333333333333,350.0,5,0.2,18.0975,2.8947368421052633
3071-MVJCD,72,82.3,Two year,Bank transfer (automatic),DSL,0,Yes,Yes,5,18,0.8,377.625,1,0.0,7.61,12.512195121951219
1697-BCSHV,58,66.8,Month-to-month,Bank transfer (automatic),DSL,0,Yes,Yes,2,22,0.6923076923076923,545.6666666666666,1,0.0,9.73,2.8421052631578947
0562-KBDVM,70,44.6,Two year,Bank transfer (automatic),DSL,0,No,No,4,29,0.45,549.4444444444445,1,0.0,4.43,16.128205128205128
1131-SUEKT,61,98.45,One year,Bank transfer (automatic),Fiber optic,0,Yes,Yes,4,25,0.3157894736842105,477.1666666666667,2,0.0,62.76,6.075
3717-OEAUQ,2,70.7,Month-to-month,Mailed check,Fiber optic,0,No,No,0,19,0.26666666666666666,469.5,3,0.6666666666666666,16.41,0.0
4538-WNTMJ,46,24.95,One year,Mailed check,No,0,Yes,Yes,0,30,0.5789473684210527,570.1818181818181,1,0.0,26.69,0.0
3334-CTHOL,1,49.95,Month-to-month,Bank transfer (automatic),DSL,0,No,No,0,17,0.3076923076923077,581.0,2,0.0,41.459999999999994,0.0
4704-ERYFC,22,69.25,Month-to-month,Electronic check,Fiber optic,0,Yes,No,0,30,0.875,544.2142857142857,2,0.5,3.85,0.0
9432-RUVSL,48,102.5,Two year,Credit card (automatic),Fiber optic,0,No,No,5,23,0.6428571428571429,267.55555555555554,0,0.0,0.0,5.212121212121212
8060-HIWJJ,64,86.55,Two year,Credit card (automatic),DSL,0,No,No,5,26,0.3,456.1666666666667,2,0.5,23.11,10.325581395348838
7684-XSZIY,72,24.3,Two year,Bank transfer (automatic),No,0,Yes,Yes,0,23,0.5333333333333333,529.75,1,1.0,0.0,0.0
9089-UOWJG,12,58.35,Month-to-month,Credit card (automatic),DSL,0,Yes,Yes,2,28,0.6470588235294118,528.3636363636364,1,0.0,2.3,4.9523809523809526
8621-MNIHH,34,94.25,Month-to-month,Electronic check,Fiber optic,1,Yes,No,3,23,0.21052631578947367,461.25,1,1.0,0.0,3.764705882352941
8039-ACLPL,72,68.75,Two year,Credit card (automatic),DSL,0,Yes,Yes,4,14,0.2727272727272727,503.0,1,0.0,10.01,6.0
9885-AIBVB,29,85.8,Month-to-month,Electronic check,Fiber optic,0,Yes,No,2,26,0.8571428571428571,516.9166666666666,4,0.25,3.42,6.352941176470588
1934-MKPXS,33,20.1,One year,Credit card (automatic),No,0,Yes,Yes,0,17,0.8888888888888888,595.125,0,0.0,0.0,0.0
2592-YKDIF,1,20.35,Month-to-month,Mailed check,No,0,No,No,0,10,0.6666666666666666,463.25,1,0.0,2.83,0.0
2272-JKMSI,62,110.8,One year,Electronic check,Fiber optic,0,Yes,Yes,5,24,0.2631578947368421,365.0,5,0.6,12.14,2.9767441860465116
0471-LVHGK,41,73.0,One year,Electronic check,DSL,0,Yes,No,3,19,1.375,693.1818181818181,2,0.0,17.78,4.65
9518-RWHZL,64,100.05,One year,Credit card (automatic),Fiber optic,0,No,No,3,30,0.6666666666666666,393.6666666666667,4,0.25,8.85,4.181818181818182
8714-CTZJW,4,82.85,Month-to-month,Credit card (automatic),Fiber optic,0,No,No,2,27,0.2857142857142857,481.3333333333333,2,0.0,5.855,4.933333333333334
3569-EDBPQ,24,84.35,Month-to-month,Electronic check,Fiber optic,0,No,No,2,14,0.4,446.5,1,0.0,2.61,15.695652173913043
3131-NWVFJ,14,19.55,One year,Mailed check,No,0,Yes,Yes,0,15,1.5,455.1111111111111,0,0.0,0.0,0.0
7521-YXVZY,3,19.95,Month-to-month,Mailed check,No,0,No,Yes,0,25,1.2727272727272727,526.5,0,0.0,0.0,0.0
5419-CONWX,4,99.8,Month-to-month,Credit card (automatic),Fiber optic,1,No,No,4,29,0.7058823529411765,364.3333333333333,1,0.0,53.12,3.727272727272727
6240-EURKS,18,35.0,Month-to-month,Electronic check,DSL,0,No,Yes,1,15,0.6666666666666666,418.8333333333333,1,1.0,0.0,3.6666666666666665
2373-NTKOD,8,66.25,Month-to-month,Electronic check,DSL,0,No,No,2,28,0.4,472.125,1,0.0,8.37,4.434782608695652
1970-KKFWL,35,23.3,Two year,Bank transfer (automatic),No,0,No,No,0,20,0.6666666666666666,653.625,1,1.0,0.0,0.0
6960-HVYXR,1,76.0,Month-to-month,Electronic check,Fiber optic,0,No,No,0,28,0.47368421052631576,499.3333333333333,2,1.0,0.0,0.0
9337-SRRNI,66,25.3,Two year,Credit card (automatic),No,0,No,Yes,0,16,0.7777777777777778,420.2857142857143,0,0.0,0.0,0.0
0895-UADGO,8,44.55,Two year,Mailed check,DSL,0,No,Yes,3,23,0.4375,692.5714285714286,1,0.0,10.83,4.764705882352941
5678-VFNEQ,71,104.1,One year,Credit card (automatic),Fiber optic,0,Yes,No,4,30,0.25,762.8333333333334,3,0.0,5.69,7.205882352941177
5977-CKHON,43,92.55,Month-to-month,Bank transfer (automatic),Fiber optic,0,Yes,Yes,2,15,0.5,509.2,1,0.0,14.79,5.894736842105263
7024-OHCCK,2,93.85,Month-to-month,Electronic check,Fiber optic,1,No,No,2,13,0.4444444444444444,639.25,3,0.3333333333333333,130.61,4.266666666666667
2692-BUCFV,29,101.45,Month-to-month,Bank transfer (automatic),Fiber optic,1,No,No,4,30,0.42857142857142855,480.8888888888889,0,0.0,0.0,7.470588235294118
7861-UVUFT,15,84.3,Month-to-month,Electronic check,Fiber optic,0,Yes,No,2,25,0.5625,424.1111111111111,2,0.5,18.62,2.3636363636363638
1830-GGFNM,65,94.55,Two year,Credit card (automatic),Fiber optic,0,Yes,Yes,4,25,0.47058823529411764,392.125,2,0.5,6.71,13.371428571428572
5302-BDJNT,35,95.5,Month-to-month,Electronic check,Fiber optic,0,No,No,3,17,0.3076923076923077,657.5,1,0.0,12.87,7.615384615384615
5223-UZAVK,64,100.3,One year,Credit card (automatic),Fiber optic,0,No,No,4,17,0.8888888888888888,794.625,3,0.3333333333333333,6.8100000000000005,8.6
4859-ZSRDZ,58,55.5,Two year,Credit card (automatic),DSL,0,Yes,Yes,4,18,0.5,888.6666666666666,1,0.0,2.43,3.212121212121212
5651-WYIPH,18,49.85,Month-to-month,Credit card (automatic),DSL,1,No,No,1,19,0.46153846153846156,406.3333333333333,2,0.0,7.129999999999999,3.0
9350-VLHMB,67,89.55,Month-to-month,Bank transfer (automatic),Fiber optic,0,Yes,Yes,2,10,0.25,141.5,5,0.2,1.995,8.636363636363637
3498-LZGQZ,63,19.15,Two year,Mailed check,No,0,Yes,Yes,0,26,0.7333333333333333,557.8181818181819,1,0.0,21.56,0.0
8785-CJSHH,60,99.8,Month-to-month,Electronic check,Fiber optic,0,Yes,No,3,17,0.8888888888888888,391.125,1,0.0,14.46,5.157894736842105
5357-TZHPP,9,84.4,Month-to-month,Credit card (automatic),Fiber optic,1,No,No,1,10,1.0,384.8,3,0.3333333333333333,17.12,3.4285714285714284
3870-SPZSI,70,113.05,Two year,Credit card (automatic),Fiber optic,0,Yes,Yes,6,13,0.4444444444444444,403.0,0,0.0,0.0,8.333333333333334
0680-DFNNY,15,101.1,Month-to-month,Electronic check,Fiber optic,0,Yes,No,3,19,0.26666666666666666,551.75,1,0.0,3.14,2.764705882352941
7560-QRBXH,48,19.95,One year,Mailed check,No,0,No,Yes,0,22,0.8333333333333334,476.6,1,0.0,4.2,0.0
7077-XJMET,12,74.15,Month-to-month,Electronic check,DSL,0,Yes,No,4,14,0.16666666666666666,602.5,1,0.0,3.89,6.366666666666666
8752-GHJFU,71,92.0,One year,Electronic check,Fiber optic,1,Yes,No,4,20,0.5384615384615384,380.7142857142857,0,0.0,0.0,6.461538461538462
6896-SRVYQ,44,73.85,Month-to-month,Electronic check,Fiber optic,1,No,No,1,25,0.3888888888888889,722.5714285714286,5,0.0,24.080000000000002,4.25
7767-UXAGJ,1,50.45,Month-to-month,Electronic check,DSL,0,No,No,0,11,0.2222222222222222,470.5,5,0.4,14.703333333333333,0.0
4652-ODEVH,45,24.45,Two year,Mailed check,No,0,Yes,Yes,0,10,1.0,537.4,2,0.0,20.755,0.0
5766-XQXMQ,29,68.85,Month-to-month,Bank transfer (automatic),DSL,0,No,No,4,18,0.6363636363636364,674.5714285714286,4,0.0,37.315,2.5
6510-UPNKS,23,24.8,One year,Credit card (automatic),No,0,No,No,0,22,0.375,435.1666666666667,2,0.5,13.35,0.0
6718-BDGHG,43,64.85,One year,Bank transfer (automatic),DSL,0,Yes,No,2,22,0.6923076923076923,556.4444444444445,0,0.0,0.0,10.130434782608695
9046-DQMTP,35,20.75,Month-to-month,Bank transfer (automatic),No,0,No,No,0,30,0.15384615384615385,430.5,0,0.0,0.0,0.0
6439-LAJXL,9,68.95,Month-to-month,Mailed check,DSL,0,Yes,No,4,30,0.5789473684210527,317.6363636363636,1,1.0,0.0,6.605263157894737
1571-SAVHK,12,99.95,Month-to-month,Mailed check,Fiber optic,0,No,No,3,10,0.25,390.0,1,0.0,46.32,3.2083333333333335
9052-VKDUW,65,109.4,Month-to-month,Credit card (automatic),Fiber optic,1,Yes,No,5,13,0.8571428571428571,577.6666666666666,5,0.2,10.205,11.868421052631579
9546-CQJSU,2,91.4,Month-to-month,Electronic check,Fiber optic,0,No,No,2,16,0.7777777777777778,646.0,3,0.3333333333333333,5.275,3.6923076923076925
1666-JZPZT,27,49.0,Month-to-month,Mailed check,DSL,0,No,No,0,20,0.42857142857142855,591.3333333333334,1,0.0,5.01,0.0
5777-KJIRB,40,50.25,One year,Mailed check,DSL,0,No,No,1,12,1.0,498.5,2,0.0,7.16,3.5
0506-LVNGN,5,75.55,Month-to-month,Credit card (automatic),Fiber optic,1,No,No,1,24,0.8461538461538461,550.8181818181819,4,0.75,28.7,3.8333333333333335
7677-SJJJK,8,19.9,One year,Credit card (automatic),No,0,Yes,Yes,0,12,0.5,1048.25,1,0.0,10.15,0.0
2480-EJWYP,58,97.8,One year,Bank transfer (automatic),Fiber optic,1,Yes,No,3,21,0.5,658.2857142857143,3,0.3333333333333333,10.01,5.916666666666667
3253-HKOKL,52,100.3,One year,Electronic check,Fiber optic,0,Yes,Yes,4,26,0.5294117647058824,474.55555555555554,1,0.0,14.26,5.805555555555555
7055-HNEOJ,3,55.8,Month-to-month,Mailed check,DSL,0,Yes,No,2,10,0.25,971.0,1,0.0,6.05,14.91304347826087
5514-YQENT,41,111.15,Two year,Electronic check,Fiber optic,0,No,Yes,6,24,0.6,351.44444444444446,0,0.0,0.0,6.315789473684211
3211-AAPKX,20,98.55,Month-to-month,Mailed check,Fiber optic,0,No,No,3,20,0.5384615384615384,724.1428571428571,2,0.0,7.01,16.586206896551722
8445-DNBAE,1,50.05,Month-to-month,Electronic check,DSL,0,No,Yes,0,25,0.3157894736842105,356.1666666666667,4,0.25,5.8933333333333335,0.0
2951-QOQTK,4,80.8,Month-to-month,Credit card (automatic),Fiber optic,0,No,Yes,1,17,0.7,457.2857142857143,1,1.0,0.0,4.0
2958-NHPPS,23,20.85,Month-to-month,Electronic check,No,0,No,No,0,12,0.2,715.5,1,0.0,11.69,0.0
6806-YDEUL,6,19.5,Month-to-month,Bank transfer (automatic),No,1,No,No,0,19,0.46153846153846156,567.8333333333334,2,0.0,4.4350000000000005,0.0
1735-XMJVH,8,19.35,Month-to-month,Mailed check,No,0,Yes,Yes,0,26,0.3,579.5,1,0.0,3.56,0.0
6890-PFRQX,18,69.5,Month-to-month,Mailed check,DSL,0,No,No,3,18,0.2,377.3333333333333,2,0.5,7.08,2.1818181818181817
0222-CNVPT,52,48.8,Month-to-month,Credit card (automatic),DSL,1,No,No,3,23,0.4375,549.7142857142857,1,0.0,15.23,5.894736842105263
5899-OUVKV,31,94.5,Month-to-month,Electronic check,Fiber optic,0,No,No,3,30,0.875,641.1428571428571,0,0.0,0.0,9.529411764705882
8681-ICONS,29,20.65,Month-to-month,Mailed check,No,0,Yes,Yes,0,17,0.5454545454545454,465.5,0,0.0,0.0,0.0
1621-YNCJH,36,106.05,Two year,Credit card (automatic),Fiber optic,0,Yes,No,5,12,1.0,676.0,0,0.0,0.0,9.837209302325581
3473-XIIIT,16,100.0,Month-to-month,Electronic check,Fiber optic,0,Yes,No,3,17,0.4166666666666667,647.6,5,0.4,80.57333333333334,3.5
6362-QHAFM,42,108.3,One year,Electronic check,Fiber optic,0,Yes,No,4,17,1.125,644.1111111111111,1,0.0,4.87,3.3448275862068964
7893-IXHRQ,1,20.55,Month-to-month,Electronic check,No,0,No,No,0,28,0.5555555555555556,578.7,1,0.0,5.25,0.0
3070-BDOQC,60,99.65,Two year,Electronic check,Fiber optic,0,No,No,4,18,1.0,551.8888888888889,2,0.0,2.17,6.428571428571429
2952-QAYZF,5,85.3,Month-to-month,Electronic check,Fiber optic,0,No,No,2,11,0.8333333333333334,429.8,0,0.0,0.0,5.384615384615385
6234-PFPXL,22,95.9,Month-to-month,Credit card (automatic),Fiber optic,0,Yes,No,3,18,1.5714285714285714,616.0,1,1.0,0.0,8.285714285714286
9824-QCJPK,36,20.0,One year,Mailed check,No,0,Yes,No,0,24,0.6,530.3333333333334,0,0.0,0.0,0.0
4763-PGDPO,4,70.4,Month-to-month,Electronic check,Fiber optic,0,No,No,0,20,1.0,489.8,2,0.5,14.25,0.0
4283-IVYCI,9,64.95,Month-to-month,Mailed check,DSL,0,No,No,3,28,0.4,962.25,0,0.0,0.0,8.80952380952381
1866-OBPNR,1,74.6,Month-to-month,Credit card (automatic),Fiber optic,0,Yes,Yes,1,29,0.45,247.55555555555554,1,0.0,8.45,33.111111111111114
8205-MQUGY,12,49.2,Month-to-month,Electronic check,DSL,0,Yes,Yes,1,25,0.47058823529411764,531.125,3,0.0,13.063333333333333,9.0
8970-ANWXO,23,73.75,One year,Mailed check,DSL,0,No,No,3,25,0.3157894736842105,579.8333333333334,1,0.0,30.02,8.083333333333334
9480-BQJEI,62,92.3,One year,Bank transfer (automatic),Fiber optic,0,No,No,3,16,0.06666666666666667,1208.0,5,0.4,6.91,4.2272727272727275
5394-SVGJV,37,98.8,Month-to-month,Bank transfer (automatic),Fiber optic,0,No,No,3,21,0.9090909090909091,418.4,2,0.5,5.9,3.2142857142857144
6979-TNDEU,8,19.2,Month-to-month,Mailed check,No,0,No,No,0,22,0.4666666666666667,311.85714285714283,0,0.0,0.0,0.0
9777-WJJPR,31,88.65,Month-to-month,Credit card (automatic),Fiber optic,0,Yes,No,2,20,1.0,530.0,2,1.0,0.0,7.666666666666667
9283-LZQOH,13,74.4,Month-to-month,Credit card (automatic),Fiber optic,0,Yes,Yes,0,14,0.5555555555555556,341.6,3,0.0,34.97666666666667,0.0
7079-QRCBC,24,98.75,Month-to-month,Electronic check,Fiber optic,0,No,No,3,10,0.25,355.0,1,1.0,0.0,2.2777777777777777
9495-SKLKD,45,95.95,Month-to-month,Bank transfer (automatic),Fiber optic,0,Yes,Yes,3,26,0.5294117647058824,452.55555555555554,1,0.0,9.96,4.242424242424242
6048-UWKAL,69,105.4,Two year,Credit card (automatic),Fiber optic,1,Yes,No,4,28,0.75,672.8333333333334,0,0.0,0.0,4.3076923076923075
5067-DGXLL,2,20.25,Month-to-month,Mailed check,No,0,No,No,0,11,0.375,499.3333333333333,1,0.0,31.73,0.0
5469-CTCWN,61,106.0,One year,Electronic check,Fiber optic,0,Yes,Yes,4,15,0.875,370.57142857142856,2,0.5,14.64,4.44
9851-QXEEQ,41,104.7,Month-to-month,Electronic check,Fiber optic,0,No,No,4,24,0.5,544.75,1,0.0,12.59,1.7916666666666667
6281-FKEWS,44,49.05,One year,Electronic check,DSL,0,No,No,3,27,0.2857142857142857,550.3333333333334,4,0.0,12.125,4.428571428571429
8898-KASCD,39,35.55,One year,Mailed check,DSL,0,No,No,2,10,0.6666666666666666,493.5,2,0.5,7.95,6.583333333333333
9242-TKFSV,72,65.1,Two year,Credit card (automatic),DSL,0,Yes,Yes,6,28,0.5555555555555556,494.1,2,0.0,7.0,8.053571428571429
9290-SHCMB,13,96.85,Month-to-month,Electronic check,Fiber optic,1,No,No,3,23,0.2777777777777778,393.2,2,0.0,3.55,9.272727272727273
0743-HNPFG,51,69.75,One year,Credit card (automatic),DSL,0,Yes,Yes,4,22,0.2222222222222222,457.25,0,0.0,0.0,2.1875
2277-BKJKN,71,99.2,Two year,Electronic check,Fiber optic,1,Yes,No,4,30,0.5,656.1,5,0.0,5.276000000000001,8.384615384615385
9809-IMGCQ,22,96.7,Month-to-month,Electronic check,Fiber optic,1,No,No,2,30,0.7647058823529411,383.15384615384613,1,1.0,0.0,2.8181818181818183
5208-HFSBT,2,55.05,Month-to-month,Credit card (automatic),DSL,0,No,No,2,20,0.3333333333333333,424.4,3,0.3333333333333333,10.07,9.363636363636363
5035-PGZXH,56,106.8,One year,Electronic check,Fiber optic,0,No,No,4,20,0.6666666666666666,778.625,5,0.2,26.0675,7.0
8695-WDYEA,1,51.25,Month-to-month,Mailed check,DSL,0,No,No,1,11,0.2222222222222222,243.0,1,1.0,0.0,4.9
6543-JXSOO,23,57.75,One year,Mailed check,DSL,0,Yes,Yes,3,29,0.8125,499.2307692307692,2,0.5,28.8,5.88
8016-ZMGMO,66,70.85,One year,Bank transfer (automatic),DSL,1,Yes,No,3,21,0.75,457.3333333333333,0,0.0,0.0,5.607142857142857
8605-ITULD,1,19.55,Month-to-month,Mailed check,No,0,No,No,0,24,0.5,377.25,0,0.0,0.0,0.0
3254-YRILK,19,88.2,Month-to-month,Electronic check,Fiber optic,1,No,No,2,21,0.6153846153846154,390.875,2,0.5,23.63,5.416666666666667
6416-YJTTB,11,79.5,Month-to-month,Bank transfer (automatic),Fiber optic,0,No,No,2,24,0.7142857142857143,502.5,5,0.4,9.733333333333333,8.833333333333334
2667-WYLWJ,8,19.75,One year,Mailed check,No,0,Yes,Yes,0,30,0.875,691.4285714285714,1,0.0,48.49,0.0
4472-VESGY,52,98.15,Month-to-month,Bank transfer (automatic),Fiber optic,0,Yes,Yes,4,21,0.75,728.5555555555555,3,0.0,10.31,12.25
3195-TQDZX,3,20.25,Month-to-month,Electronic check,No,0,No,No,0,20,0.42857142857142855,398.5,2,0.5,29.64,0.0
3128-YOVTD,51,79.15,Month-to-month,Bank transfer (automatic),Fiber optic,0,Yes,Yes,2,30,0.5789473684210527,528.1818181818181,2,0.0,10.75,16.083333333333332
0529-ONKER,15,75.65,Month-to-month,Electronic check,Fiber optic,1,No,No,0,30,0.5,575.9,4,0.5,43.26,0.0
1728-CXQBE,64,94.25,Month-to-month,Electronic check,Fiber optic,1,Yes,No,3,17,1.125,547.0,2,0.0,5.515000000000001,7.083333333333333
7041-TXQJH,37,40.2,Month-to-month,Credit card (automatic),DSL,0,No,No,2,15,0.36363636363636365,438.5,4,0.0,13.592500000000001,4.315789473684211
5014-GSOUQ,13,19.95,Two year,Mailed check,No,0,No,No,0,26,0.625,483.7,2,1.0,0.0,0.0
5724-BIDBU,49,55.35,One year,Electronic check,DSL,0,Yes,No,1,11,0.375,458.6666666666667,5,0.0,8.040000000000001,17.2
0481-SUMCB,45,102.15,One year,Bank transfer (automatic),Fiber optic,1,No,No,3,11,1.2,683.5,1,0.0,4.13,1.9047619047619047
1769-GRUIK,18,71.1,Month-to-month,Electronic check,Fiber optic,0,No,No,0,28,0.75,582.8333333333334,3,0.3333333333333333,1.155,0.0
5240-IJOQT,1,74.7,Month-to-month,Electronic check,Fiber optic,1,No,No,0,21,0.9090909090909091,539.7,2,0.0,23.93,0.0
8819-WFGGJ,68,54.1,Two year,Bank transfer (automatic),DSL,0,Yes,No,4,11,1.75,720.8571428571429,2,0.0,1.875,5.65625
7427-AUFPY,54,19.65,Two year,Credit card (automatic),No,0,No,No,0,26,0.7333333333333333,565.3636363636364,2,0.5,1.71,0.0
2811-POVEX,23,88.45,Month-to-month,Bank transfer (automatic),Fiber optic,1,Yes,Yes,3,30,0.5,689.1,3,0.0,12.893333333333333,14.133333333333333
1092-GANHU,17,76.65,Month-to-month,Electronic check,Fiber optic,0,No,No,1,28,0.21739130434782608,428.6,5,0.4,14.706666666666669,2.6666666666666665
7898-PDWQE,71,80.4,Two year,Credit card (automatic),DSL,0,Yes,No,5,23,0.4375,601.4285714285714,1,0.0,8.36,8.733333333333333
9972-EWRJS,67,19.25,Two year,Bank transfer (automatic),No,0,Yes,Yes,0,16,1.0,353.875,0,0.0,0.0,0.0
9314-IJWSQ,14,84.8,Month-to-month,Electronic check,Fiber optic,0,Yes,Yes,1,26,0.7333333333333333,490.90909090909093,0,0.0,0.0,5.7272727272727275
0661-XEYAN,1,25.8,Month-to-month,Mailed check,DSL,1,No,No,0,20,0.8181818181818182,746.0,4,0.5,29.605,0.0
5799-JRCZO,63,19.5,Two year,Credit card (automatic),No,0,No,Yes,0,24,0.5,662.625,1,0.0,4.73,0.0
1921-KYSAY,41,68.6,One year,Electronic check,DSL,0,No,No,3,26,0.625,563.3,0,0.0,0.0,3.793103448275862
6198-RTPMF,17,92.6,Month-to-month,Electronic check,Fiber optic,0,Yes,No,2,19,0.35714285714285715,446.4,4,0.25,7.78,6.857142857142857
2924-KHUVI,56,100.55,One year,Electronic check,Fiber optic,0,Yes,No,3,23,0.4375,383.57142857142856,4,0.0,7.6675,5.45
1925-GMVBW,5,20.55,Month-to-month,Credit card (automatic),No,0,No,No,0,27,0.5,721.1111111111111,0,0.0,0.0,0.0
7881-EVUAD,2,42.6,Month-to-month,Electronic check,DSL,0,No,No,3,11,0.375,426.0,3,0.3333333333333333,30.15,3.45
6184-DYUOB,3,19.6,Month-to-month,Mailed check,No,0,Yes,No,0,18,0.6363636363636364,375.42857142857144,1,1.0,0.0,0.0
9207-ZPANB,37,67.45,One year,Electronic check,DSL,0,No,No,4,22,0.5714285714285714,658.875,0,0.0,0.0,4.90625
9327-QSDED,8,43.55,Month-to-month,Mailed check,DSL,0,No,No,0,10,0.42857142857142855,266.3333333333333,2,1.0,0.0,0.0
1656-DRSMG,63,109.85,Month-to-month,Credit card (automatic),Fiber optic,0,No,No,5,23,0.35294117647058826,614.8333333333334,1,0.0,1.6,7.17948717948718
3012-VFFMN,7,20.65,Month-to-month,Mailed check,No,0,Yes,Yes,0,12,0.5,596.25,1,0.0,4.55,0.0
2984-AFWNC,3,95.4,Month-to-month,Electronic check,Fiber optic,0,No,No,3,11,0.375,712.3333333333334,3,0.0,20.266666666666666,2.8260869565217392
0640-YJTPY,72,21.0,Two year,Bank transfer (automatic),No,0,Yes,Yes,0,20,0.5384615384615384,651.2857142857143,1,0.0,6.48,0.0
8096-LOIST,19,56.2,Month-to-month,Electronic check,DSL,0,No,No,1,11,0.5714285714285714,364.5,2,0.0,3.35,8.3
9764-REAFF,59,18.4,Two year,Bank transfer (automatic),No,0,Yes,No,0,10,0.42857142857142855,441.0,2,0.0,7.824999999999999,0.0
3703-VAVCL,2,90.0,Month-to-month,Credit card (automatic),Fiber optic,0,Yes,Yes,3,16,0.6,704.8333333333334,1,0.0,41.89,13.3125
7107-UBYKY,35,25.75,Month-to-month,Electronic check,No,0,Yes,Yes,0,14,0.07692307692307693,466.0,2,1.0,0.0,0.0
4881-GQJTW,14,19.6,Month-to-month,Credit card (automatic),No,0,No,No,0,10,0.6666666666666666,384.25,3,0.0,5.723333333333333,0.0
8519-QJGJD,14,75.35,Month-to-month,Electronic check,Fiber optic,0,No,No,1,25,0.9230769230769231,863.1666666666666,4,0.75,33.6,6.166666666666667
7876-DNYAP,69,19.8,Two year,Credit card (automatic),No,0,Yes,Yes,0,28,0.16666666666666666,371.0,3,0.0,5.496666666666666,0.0
7905-NJMXS,7,64.2,Month-to-month,Electronic check,DSL,1,Yes,No,3,14,0.2727272727272727,357.6666666666667,0,0.0,0.0,6.176470588235294
2882-WDTBA,69,75.75,Two year,Bank transfer (automatic),DSL,0,Yes,Yes,5,20,0.17647058823529413,302.3333333333333,0,0.0,0.0,4.733333333333333
2091-GPPIQ,72,78.95,Two year,Electronic check,DSL,0,Yes,Yes,4,14,0.2727272727272727,500.3333333333333,1,0.0,1.58,3.4516129032258065
6326-MTTXK,8,100.85,Month-to-month,Electronic check,Fiber optic,0,No,No,3,25,0.13636363636363635,349.3333333333333,1,0.0,24.38,7.428571428571429
5071-FBJFS,4,50.3,Month-to-month,Electronic check,DSL,0,Yes,Yes,1,17,1.4285714285714286,502.9,0,0.0,0.0,44.84615384615385
2796-UUZZO,63,80.3,Month-to-month,Credit card (automatic),Fiber optic,0,Yes,Yes,2,23,0.35294117647058826,475.3333333333333,1,0.0,3.79,7.181818181818182
2429-AYKKO,72,19.85,Two year,Bank transfer (automatic),No,0,No,No,0,16,0.23076923076923078,464.0,1,0.0,13.89,0.0
9798-OPFEM,46,21.1,Two year,Electronic check,No,0,No,No,0,21,0.4,592.5,1,1.0,0.0,0.0
0330-IVZHA,5,69.95,Month-to-month,Electronic check,Fiber optic,0,Yes,No,0,21,0.5,510.85714285714283,1,1.0,0.0,0.0
3794-NFNCH,30,50.0,Month-to-month,Mailed check,DSL,0,Yes,No,1,15,0.25,488.6666666666667,3,1.0,0.0,17.875
5193-QLVZB,63,104.75,Two year,Bank transfer (automatic),Fiber optic,0,No,No,4,16,0.6,641.0,2,0.5,8.32,12.384615384615385
7114-AEOZE,60,19.85,Two year,Bank transfer (automatic),No,0,No,No,0,26,0.23809523809523808,463.0,2,0.0,11.82,0.0
2886-KEFUM,63,107.5,One year,Electronic check,Fiber optic,0,Yes,No,4,18,0.8,535.25,4,0.0,21.8425,3.0
5522-NYKPB,25,85.9,Month-to-month,Electronic check,Fiber optic,0,Yes,Yes,2,19,1.1111111111111112,685.0,2,0.0,12.365,5.217391304347826
4237-RLAQD,1,45.85,Month-to-month,Mailed check,DSL,0,No,No,0,20,0.3333333333333333,499.8,5,0.6,9.325,0.0
9957-YODKZ,6,80.8,Month-to-month,Electronic check,Fiber optic,1,Yes,No,1,13,0.625,510.6,3,0.0,5.66,3.375
6518-KZXCB,22,25.25,Two year,Mailed check,No,0,No,No,0,10,0.6666666666666666,742.5,2,0.5,4.07,0.0
2245-ADZFJ,31,80.55,Two year,Bank transfer (automatic),DSL,0,Yes,Yes,4,27,0.9285714285714286,766.7692307692307,0,0.0,0.0,5.433333333333334
7776-QGYJC,39,81.5,Month-to-month,Bank transfer (automatic),Fiber optic,0,Yes,Yes,2,17,0.4166666666666667,422.4,0,0.0,0.0,15.333333333333334
9313-QOLTZ,26,20.9,Month-to-month,Mailed check,No,0,No,No,0,27,0.2857142857142857,504.6666666666667,2,0.0,28.765,0.0
9651-GTSAQ,53,106.1,One year,Bank transfer (automatic),Fiber optic,0,Yes,No,5,24,0.8461538461538461,415.72727272727275,2,0.5,12.03,4.888888888888889
3186-BAXNB,1,91.7,Month-to-month,Electronic check,Fiber optic,0,No,No,3,15,0.07142857142857142,228.0,0,0.0,0.0,3.95
4672-FOTSD,12,67.25,Month-to-month,Electronic check,DSL,0,No,No,3,16,0.6,315.6666666666667,0,0.0,0.0,6.666666666666667
0637-YLETY,16,95.6,Month-to-month,Credit card (automatic),Fiber optic,0,No,No,3,21,0.6153846153846154,386.125,2,0.5,25.27,3.2
9818-XQCUV,2,20.35,Month-to-month,Mailed check,No,0,No,No,0,10,1.0,575.2,0,0.0,0.0,0.0
7338-ERIVA,39,45.05,One year,Bank transfer (automatic),DSL,0,No,Yes,3,17,0.4166666666666667,348.6,2,0.0,6.23,7.0
1157-BQCUW,1,74.95,Month-to-month,Electronic check,Fiber optic,0,No,No,0,13,0.4444444444444444,363.0,5,0.6,59.515,0.0
8259-NFJTV,7,34.65,Month-to-month,Mailed check,DSL,0,Yes,Yes,2,10,0.42857142857142855,223.33333333333334,0,0.0,0.0,3.875
3223-DWFIO,4,69.35,Month-to-month,Electronic check,Fiber optic,1,No,No,0,18,0.5,423.6666666666667,0,0.0,0.0,0.0
2660-EMUBI,10,95.35,Month-to-month,Electronic check,Fiber optic,1,No,No,2,24,0.4117647058823529,440.85714285714283,2,0.0,19.995,3.75
6968-GMKPR,55,81.55,Month-to-month,Electronic check,Fiber optic,0,No,No,2,15,0.5,348.8,2,0.5,6.83,4.666666666666667
4751-ERMAN,72,75.4,Two year,Bank transfer (automatic),DSL,0,Yes,Yes,4,24,0.3333333333333333,467.1666666666667,3,0.0,6.586666666666667,14.529411764705882
1436-ZMJAN,10,67.8,Month-to-month,Credit card (automatic),DSL,0,Yes,No,3,21,0.10526315789473684,556.0,4,0.0,4.9075,7.033333333333333
3292-PBZEJ,11,111.4,Month-to-month,Electronic check,Fiber optic,1,No,No,5,29,0.5263157894736842,523.5,2,0.0,6.1850000000000005,4.045454545454546
0799-DDIHE,15,46.3,Month-to-month,Electronic check,DSL,0,Yes,Yes,0,27,0.5,418.55555555555554,4,0.0,17.05,0.0
3070-FNFZQ,23,20.4,Two year,Bank transfer (automatic),No,0,Yes,Yes,0,28,0.8666666666666667,462.3076923076923,1,0.0,10.05,0.0
2812-SFXMJ,1,20.05,Month-to-month,Mailed check,No,0,No,Yes,0,13,0.625,380.6,0,0.0,0.0,0.0
7675-OZCZG,3,45.0,Month-to-month,Electronic check,DSL,1,No,No,0,12,0.5,327.25,1,1.0,0.0,0.0
5014-WUQMG,47,96.1,One year,Electronic check,Fiber optic,0,Yes,Yes,4,16,0.45454545454545453,538.2,2,0.5,2.98,4.777777777777778
5312-TSZVC,15,19.65,One year,Mailed check,No,0,No,Yes,0,24,0.5,432.375,3,0.0,6.723333333333334,0.0
2003-CKLOR,66,99.5,Month-to-month,Electronic check,Fiber optic,0,No,No,4,23,0.5333333333333333,382.125,3,0.0,15.17,4.576923076923077
0993-OSGPT,68,60.65,One year,Bank transfer (automatic),DSL,1,Yes,No,3,23,0.4375,706.2857142857143,1,0.0,3.23,5.0
9254-RBFON,17,98.6,One year,Bank transfer (automatic),Fiber optic,0,Yes,Yes,4,10,0.25,376.5,3,1.0,0.0,2.6774193548387095
1205-WNWPJ,7,59.5,Month-to-month,Mailed check,DSL,0,No,No,2,26,0.3684210526315789,442.0,3,0.6666666666666666,5.19,4.571428571428571
9391-EOYLI,12,80.45,Month-to-month,Electronic check,Fiber optic,1,Yes,No,1,22,0.4666666666666667,579.1428571428571,1,0.0,18.88,4.0
7108-DGVUU,21,71.7,One year,Bank transfer (automatic),DSL,1,Yes,No,3,13,0.8571428571428571,595.3333333333334,2,0.5,10.52,6.9
2782-JEEBU,21,36.0,Month-to-month,Mailed check,DSL,0,No,No,2,22,1.4444444444444444,626.9230769230769,0,0.0,0.0,5.076923076923077
5127-BZENZ,56,65.2,One year,Bank transfer (automatic),DSL,0,Yes,Yes,2,12,0.5,616.5,3,0.0,27.676666666666666,12.31578947368421
2720-FVBQP,6,48.95,Month-to-month,Credit card (automatic),DSL,0,Yes,Yes,0,22,0.8333333333333334,359.6,4,0.5,4.3,0.0
9906-NHHVC,65,53.5,Two year,Bank transfer (automatic),DSL,1,No,No,4,28,0.4,454.5,5,0.2,9.495000000000001,7.03030303030303
4522-XRWWI,42,80.45,One year,Credit card (automatic),DSL,0,Yes,No,4,18,1.0,647.4444444444445,0,0.0,0.0,5.4222222222222225
3766-EJLFL,68,109.05,Two year,Bank transfer (automatic),Fiber optic,0,Yes,Yes,5,11,0.8333333333333334,476.4,1,0.0,5.37,5.553191489361702
5939-SXWHM,48,26.3,Two year,Bank transfer (automatic),No,0,Yes,Yes,0,10,0.42857142857142855,313.6666666666667,1,1.0,0.0,0.0
8152-UOBNY,50,106.8,One year,Electronic check,Fiber optic,1,No,No,4,18,0.38461538461538464,454.8,2,0.0,7.085,9.2
7351-KYHQH,7,64.95,Month-to-month,Electronic check,DSL,1,No,No,3,26,0.625,221.4,2,0.0,5.125,4.428571428571429
7643-RCHXS,63,19.35,Two year,Electronic check,No,0,Yes,Yes,0,22,0.4666666666666667,399.85714285714283,3,0.6666666666666666,29.63,0.0
8246-SHFGA,17,21.1,Month-to-month,Credit card (automatic),No,0,No,No,0,11,0.1,265.0,0,0.0,0.0,0.0
8387-MOJJT,42,77.95,Month-to-month,Credit card (automatic),Fiber optic,0,Yes,Yes,1,14,0.5555555555555556,440.6,1,1.0,0.0,3.8
0620-XEFWH,4,18.85,Month-to-month,Mailed check,No,0,Yes,Yes,0,15,0.25,510.3333333333333,0,0.0,0.0,0.0
6485-QXWWE,62,26.0,Two year,Bank transfer (automatic),No,0,No,Yes,0,23,0.7692307692307693,669.6,1,0.0,8.54,0.0
2761-OCIAX,2,74.7,Month-to-month,Electronic check,Fiber optic,1,No,No,1,10,1.0,492.0,5,0.0,30.703999999999997,2.0
7321-VGNKU,2,70.35,Month-to-month,Electronic check,Fiber optic,0,Yes,No,0,24,0.8461538461538461,557.4545454545455,2,0.0,5.23,0.0
5327-CNLUQ,48,96.9,Two year,Bank transfer (automatic),Fiber optic,0,Yes,No,4,27,0.5,641.6666666666666,2,0.0,3.9450000000000003,6.419354838709677
7552-KEYGT,27,19.55,Two year,Bank transfer (automatic),No,0,Yes,No,0,29,0.3181818181818182,559.2857142857143,2,0.0,33.91,0.0
5816-JMLGY,70,80.4,Two year,Bank transfer (automatic),DSL,0,Yes,Yes,5,22,0.375,573.1666666666666,5,0.2,15.915000000000001,4.666666666666667
3068-OMWZA,1,88.8,Month-to-month,Electronic check,Fiber optic,1,No,No,2,30,0.36363636363636365,429.125,3,0.3333333333333333,24.880000000000003,4.428571428571429
2927-QRRQV,46,94.65,One year,Electronic check,Fiber optic,0,Yes,No,3,30,0.5,420.5,2,0.5,9.26,10.6
6032-KRXXO,30,90.25,Month-to-month,Electronic check,Fiber optic,0,No,No,2,14,2.5,597.0,1,1.0,0.0,2.8181818181818183
7459-RRWQZ,15,64.65,Month-to-month,Bank transfer (automatic),DSL,0,No,No,2,10,1.0,595.6,2,0.5,41.49,2.3333333333333335
6265-SXWBU,69,95.75,One year,Credit card (automatic),Fiber optic,0,Yes,Yes,3,28,0.3333333333333333,377.85714285714283,4,0.0,13.47,6.086956521739131
7941-RCJOW,65,19.55,Two year,Credit card (automatic),No,0,No,No,0,25,0.9230769230769231,643.9166666666666,1,0.0,3.94,0.0
6374-NTQLP,72,104.1,Two year,Credit card (automatic),Fiber optic,1,Yes,Yes,5,12,1.0,603.3333333333334,2,0.5,6.96,5.764705882352941
4154-AQUGT,13,89.05,Month-to-month,Bank transfer (automatic),Fiber optic,1,Yes,No,3,15,1.1428571428571428,540.75,0,0.0,0.0,5.176470588235294
2387-KDZQY,17,20.1,One year,Mailed check,No,0,No,No,0,29,0.5263157894736842,470.7,3,0.3333333333333333,4.1850000000000005,0.0
3584-WKTTW,51,111.55,One year,Electronic check,Fiber optic,0,Yes,No,5,14,0.2727272727272727,495.3333333333333,1,0.0,1.99,3.731707317073171
3399-BMLVW,51,60.5,Two year,Credit card (automatic),DSL,0,Yes,Yes,3,17,0.3076923076923077,261.75,1,0.0,1.78,8.944444444444445
1971-DTCZB,72,90.95,Two year,Bank transfer (automatic),DSL,0,Yes,No,6,10,0.25,556.0,1,1.0,0.0,16.053571428571427
3092-IGHWF,67,87.4,One year,Electronic check,Fiber optic,0,Yes,Yes,2,29,0.5263157894736842,583.6,3,0.3333333333333333,12.745000000000001,3.75
3374-PZLXD,34,19.7,Month-to-month,Mailed check,No,0,No,No,0,21,0.6153846153846154,418.75,0,0.0,0.0,0.0
3813-DHBBB,67,50.95,Two year,Bank transfer (automatic),DSL,0,Yes,No,4,24,0.6,597.3333333333334,2,0.0,16.65,9.838709677419354
2812-REYAT,49,20.05,One year,Bank transfer (automatic),No,0,Yes,No,0,13,0.625,355.6,1,0.0,3.48,0.0
6518-PPLMZ,53,19.4,Two year,Mailed check,No,0,Yes,Yes,0,22,0.1,519.5,2,0.0,7.959999999999999,0.0
4939-KYYPY,27,59.45,Month-to-month,Electronic check,DSL,0,No,No,2,27,0.35,319.14285714285717,2,0.0,8.375,3.6363636363636362
8017-LXHFA,23,94.75,Month-to-month,Electronic check,Fiber optic,1,No,No,3,24,0.3333333333333333,464.0,1,0.0,22.34,3.875
5930-GBIWP,69,81.5,Two year,Credit card (automatic),DSL,0,No,No,5,21,0.23529411764705882,547.75,1,0.0,4.43,7.181818181818182
6022-KOUQO,2,29.05,Month-to-month,Bank transfer (automatic),DSL,0,Yes,Yes,1,14,1.0,415.0,2,0.0,98.67,5.384615384615385
6352-TWCAU,35,86.45,Month-to-month,Electronic check,Fiber optic,0,No,No,1,10,2.3333333333333335,661.2857142857143,3,0.6666666666666666,2.67,2.625
2361-UPSND,46,70.6,One year,Mailed check,DSL,0,Yes,No,4,28,0.5555555555555556,560.7,2,0.0,23.245,4.96969696969697
6035-RIIOM,54,97.2,Two year,Bank transfer (automatic),Fiber optic,0,No,No,3,29,0.8125,531.7692307692307,2,0.0,7.485,6.0
2929-QNSRW,56,98.25,One year,Electronic check,Fiber optic,0,Yes,No,3,12,0.3333333333333333,748.6666666666666,4,0.5,19.895,4.833333333333333
1262-OPMFY,9,75.75,Month-to-month,Bank transfer (automatic),Fiber optic,0,Yes,No,1,26,0.3684210526315789,365.0,3,0.3333333333333333,12.205,1.8571428571428572
9504-DSHWM,20,59.2,Month-to-month,Bank transfer (automatic),DSL,0,No,No,2,20,0.1111111111111111,892.0,1,0.0,1.39,11.608695652173912
5035-BVCXS,11,75.9,Month-to-month,Mailed check,Fiber optic,0,No,No,1,14,0.4,471.5,2,0.5,1.1,4.230769230769231
6267-DCFFZ,30,90.05,Month-to-month,Electronic check,Fiber optic,1,Yes,No,2,11,0.1,446.0,2,0.0,7.67,14.875
3533-UVMOM,68,70.95,Two year,Bank transfer (automatic),DSL,0,Yes,No,4,18,0.38461538461538464,577.4,1,0.0,2.93,2.3793103448275863
2439-LYPMQ,38,102.6,Month-to-month,Electronic check,Fiber optic,1,Yes,No,4,28,0.5555555555555556,244.6,4,0.25,6.886666666666667,10.583333333333334
4248-QPAVC,17,85.35,Month-to-month,Bank transfer (automatic),Fiber optic,1,Yes,No,2,12,0.3333333333333333,509.3333333333333,2,0.0,6.15,5.0625
1899-VXWXM,48,106.1,One year,Credit card (automatic),Fiber optic,0,No,No,4,29,0.8125,719.6923076923077,3,0.3333333333333333,11.4,5.689655172413793
1478-VPOAD,1,43.8,Month-to-month,Electronic check,DSL,0,No,No,0,24,0.3333333333333333,459.6666666666667,3,0.3333333333333333,3.2,0.0
9995-HOTOH,63,59.0,Two year,Electronic check,DSL,0,Yes,Yes,5,19,0.9,640.6666666666666,2,0.5,11.93,11.222222222222221
2988-PLAHS,3,69.95,One year,Electronic check,DSL,0,No,No,3,30,0.6666666666666666,274.8333333333333,3,0.3333333333333333,6.105,4.904761904761905
1371-OJCEK,48,24.35,One year,Bank transfer (automatic),No,0,No,No,0,12,2.0,676.375,0,0.0,0.0,0.0
4999-IEZLT,66,29.45,One year,Credit card (automatic),DSL,0,No,No,1,15,0.5,393.2,3,0.3333333333333333,5.779999999999999,7.125
8883-ANODQ,68,84.4,Two year,Credit card (automatic),Fiber optic,0,Yes,Yes,2,30,0.42857142857142855,539.1111111111111,2,0.0,9.18,6.647058823529412
4690-LLKUA,17,45.05,Month-to-month,Electronic check,DSL,1,No,No,0,28,0.12,150.33333333333334,3,0.6666666666666666,12.61,0.0
2351-RRBUE,7,20.65,One year,Mailed check,No,0,Yes,Yes,0,27,0.42105263157894735,618.0,0,0.0,0.0,0.0
5980-BDHPY,72,87.1,Two year,Bank transfer (automatic),DSL,0,Yes,No,6,14,0.4,364.0,2,0.0,23.305,8.133333333333333
1498-DQNRX,29,19.85,Month-to-month,Mailed check,No,0,Yes,No,0,22,0.4666666666666667,656.0,0,0.0,0.0,0.0
9469-WEJBT,37,90.35,Month-to-month,Electronic check,Fiber optic,0,Yes,No,3,15,0.07142857142857142,218.0,1,1.0,0.0,9.363636363636363
3331-HQDTW,34,109.8,Month-to-month,Mailed check,Fiber optic,0,No,No,5,15,0.5,487.6,4,0.0,72.765,6.5588235294117645
9490-DFPMD,42,84.65,Month-to-month,Electronic check,Fiber optic,1,No,No,1,18,0.2857142857142857,413.25,1,0.0,28.17,4.285714285714286
2581-VKIRT,59,65.5,One year,Mailed check,DSL,0,Yes,Yes,3,19,0.7272727272727273,484.5,4,0.0,5.3425,8.090909090909092
5442-XSDCW,11,79.5,Month-to-month,Bank transfer (automatic),Fiber optic,0,Yes,Yes,1,25,0.3888888888888889,704.0,1,1.0,0.0,3.4285714285714284
7426-WEIJX,60,80.95,Month-to-month,Electronic check,Fiber optic,1,Yes,Yes,1,19,0.46153846153846156,473.3333333333333,3,0.0,2.7733333333333334,3.75
2851-MMUTZ,27,56.15,Month-to-month,Mailed check,DSL,0,No,No,2,18,0.8,532.25,0,0.0,0.0,4.15
3049-NDXFL,1,85.8,Month-to-month,Mailed check,Fiber optic,0,No,No,1,24,0.6,647.4444444444445,3,0.6666666666666666,31.34,2.0
8580-AECUZ,1,79.1,Month-to-month,Electronic check,Fiber optic,1,No,No,1,10,0.6666666666666666,556.5,1,0.0,71.52,4.571428571428571
3307-TLCUD,17,34.4,Month-to-month,Mailed check,DSL,0,Yes,No,2,17,0.13333333333333333,470.0,5,0.0,2.46,3.5454545454545454
6625-FLENO,58,20.75,Two year,Mailed check,No,0,Yes,No,0,13,0.625,797.4,2,0.0,8.99,0.0
2967-MXRAV,1,18.8,One year,Mailed check,No,0,Yes,Yes,0,16,1.0,722.75,1,0.0,20.68,0.0
7963-GQRMY,3,44.3,Month-to-month,Mailed check,DSL,0,Yes,Yes,0,17,0.21428571428571427,548.6666666666666,2,1.0,0.0,0.0
8189-HBVRW,53,90.8,Month-to-month,Electronic check,Fiber optic,0,No,No,3,29,0.38095238095238093,404.5,3,0.3333333333333333,6.7299999999999995,3.5
4163-KIUHY,35,25.6,Month-to-month,Electronic check,No,0,No,No,0,22,1.4444444444444444,626.6153846153846,2,0.0,13.045000000000002,0.0
1228-FZFRV,50,105.95,Month-to-month,Credit card (automatic),Fiber optic,0,Yes,Yes,4,19,1.1111111111111112,384.0,5,0.2,13.842500000000001,5.241379310344827
3500-NSDOA,68,70.8,Two year,Credit card (automatic),DSL,0,Yes,Yes,3,21,0.23529411764705882,304.0,1,0.0,8.58,2.967741935483871
1171-TYKUR,47,25.4,Month-to-month,Electronic check,No,0,Yes,No,0,26,0.3684210526315789,573.7142857142857,2,0.0,23.805,0.0
3761-FLYZI,65,108.8,Month-to-month,Bank transfer (automatic),Fiber optic,1,Yes,No,4,12,0.3333333333333333,664.0,2,0.5,7.54,3.46875
2058-DCJBE,5,69.75,Month-to-month,Electronic check,Fiber optic,0,No,No,0,28,0.4,580.125,5,0.6,47.44,0.0
5364-XYIRR,51,94.65,Month-to-month,Electronic check,Fiber optic,0,Yes,No,2,28,0.4,529.625,0,0.0,0.0,2.0
4829-AUOAX,46,96.05,Month-to-month,Bank transfer (automatic),Fiber optic,0,No,No,2,22,0.15789473684210525,617.0,2,0.0,33.765,3.5555555555555554
1219-NNDDO,9,76.85,Month-to-month,Electronic check,Fiber optic,0,No,No,0,30,0.30434782608695654,474.0,3,0.0,8.076666666666666,0.0
8388-DMKAE,8,20.25,Two year,Mailed check,No,0,No,No,0,11,0.375,330.0,2,0.0,14.065000000000001,0.0
4403-BWPAY,14,24.8,One year,Credit card (automatic),No,0,No,No,0,21,0.3125,465.8,1,0.0,12.11,0.0
9659-QEQSY,45,115.65,Month-to-month,Electronic check,Fiber optic,0,No,No,6,16,0.45454545454545453,575.0,1,0.0,8.34,11.0
5405-ZMYXQ,8,74.6,Month-to-month,Credit card (automatic),Fiber optic,0,No,No,0,21,0.16666666666666666,339.6666666666667,0,0.0,0.0,0.0
5047-LHVLY,1,50.15,Month-to-month,Mailed check,DSL,1,No,Yes,1,15,0.5,629.0,1,1.0,0.0,3.5714285714285716
1442-OKRJE,66,103.15,One year,Bank transfer (automatic),Fiber optic,0,Yes,Yes,5,28,0.4,753.25,0,0.0,0.0,3.888888888888889
4737-AQCPU,72,72.1,Two year,Credit card (automatic),DSL,0,Yes,Yes,4,12,0.7142857142857143,528.8,0,0.0,0.0,28.914285714285715
9158-VCTQB,41,113.6,Month-to-month,Bank transfer (automatic),Fiber optic,0,Yes,No,6,25,0.3888888888888889,285.0,2,0.0,8.67,2.896551724137931
2808-CHTDM,23,25.1,Two year,Mailed check,No,0,Yes,Yes,0,26,0.3684210526315789,367.42857142857144,2,0.5,9.71,0.0
6311-UEUME,29,78.9,Month-to-month,Electronic check,Fiber optic,0,No,No,1,23,0.2777777777777778,740.2,3,0.0,22.083333333333332,3.0
0793-TWELN,4,80.15,Month-to-month,Electronic check,Fiber optic,0,No,No,1,20,0.5384615384615384,400.0,2,0.0,6.199999999999999,10.0
3283-WCWXT,6,25.4,Two year,Mailed check,No,0,Yes,Yes,0,23,0.2777777777777778,540.6,1,0.0,10.02,0.0
1060-ENTOF,67,105.4,One year,Credit card (automatic),Fiber optic,1,Yes,No,5,27,0.5,510.3333333333333,0,0.0,0.0,8.16326530612245
0999-QXNSA,7,45.75,Month-to-month,Mailed check,DSL,1,No,Yes,0,15,0.6666666666666666,254.5,2,0.5,15.87,0.0
5451-MHQOF,56,24.45,One year,Mailed check,No,0,Yes,Yes,0,29,0.5263157894736842,624.9,1,0.0,3.9,0.0
4836-WNFNO,72,25.0,Two year,Credit card (automatic),No,0,Yes,No,0,25,0.3888888888888889,526.2857142857143,3,0.3333333333333333,5.6450000000000005,0.0
9225-BZLNZ,72,85.25,Two year,Electronic check,DSL,0,Yes,No,5,24,0.4117647058823529,526.0,3,0.0,7.3933333333333335,4.5625
0354-VXMJC,23,19.6,Two year,Credit card (automatic),No,0,Yes,Yes,0,25,0.3157894736842105,590.8333333333334,1,0.0,9.43,0.0
4422-QVIJA,35,50.15,Month-to-month,Mailed check,DSL,0,No,Yes,0,27,0.8,551.0833333333334,5,0.4,24.386666666666667,0.0
9365-SRSZE,27,70.55,Month-to-month,Electronic check,Fiber optic,1,Yes,No,0,25,0.6666666666666666,397.7,1,1.0,0.0,0.0
6839-ITVZJ,26,60.05,Month-to-month,Electronic check,DSL,0,Yes,Yes,2,21,0.3125,434.2,2,0.5,10.62,3.1538461538461537
8332-OSJDW,12,26.4,One year,Mailed check,No,0,Yes,Yes,0,19,0.7272727272727273,526.5,4,0.25,2.0966666666666667,0.0
4735-BJKOU,40,20.15,Two year,Mailed check,No,0,No,No,0,17,0.3076923076923077,694.75,1,0.0,9.21,0.0
0274-JKUJR,7,58.85,Month-to-month,Mailed check,DSL,0,Yes,Yes,5,20,0.8181818181818182,943.4444444444445,0,0.0,0.0,4.775
5740-YHGTW,70,97.55,Month-to-month,Credit card (automatic),Fiber optic,0,Yes,Yes,3,13,0.4444444444444444,484.0,4,0.25,15.62,8.411764705882353
8917-SZTTJ,60,19.65,Two year,Credit card (automatic),No,0,Yes,Yes,0,17,0.7,733.7142857142857,0,0.0,0.0,0.0
1696-MZVAU,39,25.25,One year,Credit card (automatic),DSL,0,Yes,Yes,0,14,0.75,533.0,1,0.0,7.37,0.0
7359-WWYJV,72,114.45,Two year,Credit card (automatic),Fiber optic,0,Yes,No,6,24,0.4117647058823529,342.2857142857143,0,0.0,0.0,8.916666666666666
0375-HVGXO,1,34.7,Month-to-month,Electronic check,DSL,0,No,No,1,17,0.3076923076923077,691.25,5,0.6,19.32,3.25
4906-ZHGPK,54,70.7,One year,Electronic check,DSL,0,Yes,Yes,3,30,0.875,561.4285714285714,1,0.0,10.7,7.388888888888889
8593-WHYHV,3,85.3,Month-to-month,Electronic check,Fiber optic,0,No,No,1,14,0.4,344.75,2,0.5,66.99,2.6666666666666665
3795-GWTRD,63,75.55,Two year,Credit card (automatic),DSL,0,Yes,Yes,5,11,0.375,590.6666666666666,1,0.0,9.81,6.377777777777778
1298-PHBTI,71,84.8,Two year,Electronic check,Fiber optic,0,Yes,Yes,2,20,0.6666666666666666,438.0,4,0.0,3.7249999999999996,11.846153846153847
6223-DHJGV,42,20.65,One year,Mailed check,No,0,No,No,0,10,0.42857142857142855,767.3333333333334,2,0.0,7.215,0.0
6961-MJKBO,47,20.45,Two year,Bank transfer (automatic),No,0,No,No,0,12,0.7142857142857143,433.6,1,0.0,40.32,0.0
6097-EQISJ,66,102.45,One year,Credit card (automatic),Fiber optic,0,Yes,Yes,4,19,0.7272727272727273,647.75,3,0.0,19.546666666666667,4.0
4423-YLHDV,21,104.4,Month-to-month,Bank transfer (automatic),Fiber optic,0,Yes,No,4,24,0.09090909090909091,444.0,3,0.3333333333333333,7.699999999999999,3.4285714285714284
8158-WPEZG,11,35.65,Month-to-month,Electronic check,DSL,0,No,No,2,24,0.3333333333333333,489.6666666666667,2,0.0,4.3100000000000005,10.6875
0107-YHINA,1,99.75,Month-to-month,Electronic check,Fiber optic,0,No,Yes,3,28,0.3333333333333333,533.8571428571429,2,0.0,25.96,4.904761904761905
4918-FYJNT,55,90.45,Month-to-month,Electronic check,Fiber optic,1,Yes,No,3,27,0.6875,536.1818181818181,0,0.0,0.0,4.523809523809524
0727-BNRLG,69,97.65,Two year,Credit card (automatic),Fiber optic,0,No,No,4,15,0.5,514.4,0,0.0,0.0,6.166666666666667
4854-CIDCF,3,73.85,Month-to-month,Electronic check,Fiber optic,1,No,No,1,21,0.75,447.6666666666667,1,0.0,4.5,13.333333333333334
8640-SDGKB,4,74.4,Month-to-month,Electronic check,DSL,0,No,No,4,21,0.6153846153846154,354.125,0,0.0,0.0,2.142857142857143
3280-MRDOF,30,69.1,Two year,Credit card (automatic),DSL,1,No,No,3,28,0.75,518.5,0,0.0,0.0,6.5
6435-SRWBJ,5,82.75,Month-to-month,Electronic check,Fiber optic,0,No,No,2,23,0.9166666666666666,496.3636363636364,2,0.0,5.109999999999999,10.3125
9964-WBQDJ,71,24.4,Two year,Credit card (automatic),No,0,Yes,No,0,17,0.4166666666666667,626.8,1,0.0,18.96,0.0
6303-KFWSL,29,55.25,One year,Electronic check,DSL,0,No,No,1,30,0.42857142857142855,457.22222222222223,4,0.25,10.663333333333334,7.3076923076923075
1702-CCFNJ,52,61.35,Month-to-month,Bank transfer (automatic),DSL,0,Yes,No,2,19,0.26666666666666666,681.25,0,0.0,0.0,4.666666666666667
8932-CZHRQ,68,76.75,One year,Credit card (automatic),DSL,0,No,No,4,20,0.42857142857142855,509.1666666666667,3,0.6666666666666666,11.33,5.7631578947368425
0386-CWRGM,46,19.4,Two year,Mailed check,No,0,Yes,Yes,0,25,0.3888888888888889,490.42857142857144,0,0.0,0.0,0.0
5515-RUGKN,8,54.75,Month-to-month,Credit card (automatic),DSL,0,No,No,1,22,0.375,737.8333333333334,5,0.0,34.15,4.166666666666667
0404-AHASP,72,19.7,Two year,Credit card (automatic),No,0,Yes,No,0,16,0.45454545454545453,292.6,1,0.0,27.15,0.0
7279-NMVJC,17,19.9,One year,Bank transfer (automatic),No,0,No,No,0,30,0.6666666666666666,372.0833333333333,1,0.0,6.87,0.0
2081-VEYEH,3,107.95,Month-to-month,Electronic check,Fiber optic,0,No,No,5,29,0.6111111111111112,798.2727272727273,4,0.0,3.675,3.6808510638297873
6407-UTSLV,2,83.8,Month-to-month,Bank transfer (automatic),Fiber optic,1,No,No,2,19,0.1875,618.3333333333334,4,0.0,5.7825,17.714285714285715
4116-TZAQJ,9,74.25,Month-to-month,Credit card (automatic),Fiber optic,0,No,No,1,19,1.1111111111111112,588.2,4,0.75,33.23,3.2
9060-HJJRW,51,56.4,One year,Credit card (automatic),DSL,0,No,No,4,17,0.5454545454545454,369.0,1,0.0,8.83,23.390243902439025
2587-YNLES,6,20.1,Two year,Mailed check,No,0,Yes,Yes,0,15,0.875,777.8571428571429,0,0.0,0.0,0.0
7398-SKNQZ,3,94.9,Month-to-month,Electronic check,Fiber optic,0,Yes,No,2,17,0.4166666666666667,344.8,2,0.5,24.6,4.142857142857143
5935-FCCNB,17,94.2,Month-to-month,Electronic check,Fiber optic,1,No,No,2,18,0.125,561.0,3,0.0,14.200000000000001,6.631578947368421
1958-RNRKS,30,49.9,Month-to-month,Electronic check,DSL,0,Yes,No,0,23,0.9166666666666666,649.4545454545455,3,0.0,4.003333333333333,0.0
5136-RGMZO,31,71.05,Month-to-month,Electronic check,DSL,0,No,No,3,21,1.3333333333333333,637.75,0,0.0,0.0,11.142857142857142
8345-MVDYC,45,81.65,Two year,Bank transfer (automatic),DSL,0,No,No,5,25,0.47058823529411764,483.375,1,0.0,13.83,7.355555555555555
8226-BXGES,64,89.45,One year,Bank transfer (automatic),Fiber optic,0,Yes,No,3,25,1.0833333333333333,521.4615384615385,1,0.0,12.7,22.153846153846153
3877-JRJIP,1,59.85,Month-to-month,Electronic check,DSL,0,No,No,1,27,0.8,615.0,1,1.0,0.0,2.4285714285714284
8375-DKEBR,1,69.6,Month-to-month,Electronic check,Fiber optic,1,No,No,0,15,1.1428571428571428,635.375,3,0.0,3.07,0.0
9705-IOVQQ,61,99.0,One year,Electronic check,Fiber optic,1,Yes,Yes,3,20,0.17647058823529413,537.6666666666666,4,0.0,7.477499999999999,2.3214285714285716
1015-OWJKI,1,19.05,Month-to-month,Mailed check,No,0,No,No,0,19,0.7272727272727273,554.5,1,0.0,5.26,0.0
7511-YMXVQ,9,45.4,Month-to-month,Electronic check,DSL,0,No,No,2,10,0.25,1006.5,3,0.6666666666666666,31.59,5.2727272727272725
2040-XBAVJ,72,114.45,Two year,Bank transfer (automatic),Fiber optic,0,Yes,Yes,6,10,1.0,649.0,0,0.0,0.0,39.63157894736842
7551-JOHTI,1,19.5,Month-to-month,Mailed check,No,0,No,No,0,30,1.0,400.2,1,1.0,0.0,0.0
8887-IPQNC,7,44.25,Month-to-month,Mailed check,DSL,0,Yes,No,0,22,0.29411764705882354,557.0,5,0.0,2.894,0.0
8646-JCOMS,66,90.55,One year,Bank transfer (automatic),Fiber optic,0,Yes,No,3,22,0.375,354.1666666666667,0,0.0,0.0,11.19047619047619
9804-ICWBG,1,69.9,Month-to-month,Electronic check,Fiber optic,0,No,No,0,29,0.5263157894736842,630.9,5,0.2,10.1975,0.0
1222-KJNZD,40,20.4,Month-to-month,Bank transfer (automatic),No,0,Yes,Yes,0,23,0.2777777777777778,385.2,3,0.0,20.09,0.0
0106-GHRQR,16,71.4,Month-to-month,Bank transfer (automatic),DSL,0,No,No,3,15,0.25,671.0,2,0.0,2.23,2.967741935483871
5318-IXUZF,2,87.15,Month-to-month,Bank transfer (automatic),Fiber optic,0,No,No,2,18,0.058823529411764705,294.0,1,1.0,0.0,3.142857142857143
3768-VHXQO,67,24.85,Two year,Credit card (automatic),No,0,Yes,No,0,12,0.7142857142857143,551.2,2,0.0,3.655,0.0
8952-WCVCD,41,104.45,One year,Bank transfer (automatic),Fiber optic,0,Yes,No,5,13,0.625,462.6,2,0.5,24.78,9.685714285714285
2418-TPEUN,56,19.8,Two year,Credit card (automatic),No,0,Yes,Yes,0,18,0.5,527.0,0,0.0,0.0,0.0
3963-RYFNS,72,116.45,Two year,Bank transfer (automatic),Fiber optic,0,No,No,6,26,0.7333333333333333,650.0909090909091,1,0.0,2.9,3.6862745098039214
3198-VELRD,3,84.75,Month-to-month,Bank transfer (automatic),Fiber optic,0,Yes,Yes,1,10,0.6666666666666666,371.5,3,0.3333333333333333,7.55,4.571428571428571
8540-ZQGEA,54,20.05,Two year,Credit card (automatic),No,0,Yes,No,0,29,0.5263157894736842,455.9,1,1.0,0.0,0.0
1320-REHCS,52,110.75,Month-to-month,Electronic check,Fiber optic,1,No,No,5,29,0.45,556.7777777777778,0,0.0,0.0,18.147058823529413
4137-JOPHL,50,89.7,Two year,Bank transfer (automatic),Fiber optic,0,No,No,3,29,0.45,262.3333333333333,1,0.0,5.85,8.043478260869565
9436-ZBZCT,14,89.95,Month-to-month,Electronic check,Fiber optic,0,No,No,2,27,0.22727272727272727,297.2,1,0.0,34.08,3.1
7801-CEDNV,27,48.7,One year,Credit card (automatic),DSL,0,Yes,No,1,16,0.45454545454545453,438.8,1,0.0,3.82,5.125
2057-BOYKM,72,96.6,Two year,Bank transfer (automatic),Fiber optic,1,Yes,No,4,12,0.09090909090909091,282.0,1,0.0,2.44,7.954545454545454
3658-QQJYD,62,74.3,One year,Credit card (automatic),DSL,0,No,No,4,26,0.7333333333333333,456.27272727272725,2,0.0,17.515,5.125
1803-BGNBD,12,54.3,Month-to-month,Electronic check,DSL,0,No,No,2,12,0.3333333333333333,355.0,1,0.0,24.48,5.5
0134-XWXCE,44,74.85,One year,Bank transfer (automatic),DSL,1,No,No,4,20,0.42857142857142855,390.0,1,0.0,1.53,13.976744186046512
6950-TWMYB,54,79.95,Two year,Bank transfer (automatic),Fiber optic,0,Yes,Yes,2,30,0.30434782608695654,231.71428571428572,0,0.0,0.0,4.85
5848-FHRFC,68,20.05,Two year,Bank transfer (automatic),No,0,No,No,0,29,0.6111111111111112,602.0,0,0.0,0.0,0.0
2243-FNMMI,20,19.4,Month-to-month,Mailed check,No,0,No,No,0,22,0.6923076923076923,742.7777777777778,2,1.0,0.0,0.0
2511-MORQY,50,54.9,One year,Bank transfer (automatic),DSL,0,Yes,Yes,1,10,0.25,357.5,5,0.4,3.7899999999999996,5.636363636363637
5356-KZCKT,58,24.45,Two year,Credit card (automatic),No,0,No,No,0,27,0.5,540.0,1,0.0,18.14,0.0
9470-XCCEM,35,89.65,Month-to-month,Bank transfer (automatic),Fiber optic,0,Yes,Yes,2,29,0.2608695652173913,456.6666666666667,2,0.0,5.115,5.0
6519-CFDBX,2,45.4,Month-to-month,Electronic check,DSL,0,No,No,0,19,0.7272727272727273,559.75,4,0.25,7.676666666666667,0.0
3902-MIVLE,63,75.7,Two year,Mailed check,DSL,0,Yes,Yes,4,30,0.5789473684210527,446.90909090909093,0,0.0,0.0,13.594594594594595
0409-WTMPL,58,110.65,One year,Credit card (automatic),Fiber optic,0,Yes,No,5,18,0.2857142857142857,701.25,4,0.0,4.365,4.176470588235294
8763-KIAFH,27,20.55,One year,Mailed check,No,0,Yes,Yes,0,15,0.5,392.4,2,0.0,2.245,0.0
3669-WHAFY,71,115.15,Two year,Credit card (automatic),Fiber optic,0,Yes,No,6,11,0.375,654.3333333333334,1,0.0,3.75,9.535714285714286
3055-VTCGS,63,58.55,One year,Credit card (automatic),DSL,0,No,No,2,10,1.5,457.5,3,0.0,16.19,3.3333333333333335
3144-KMTWZ,71,93.25,Month-to-month,Bank transfer (automatic),Fiber optic,0,Yes,No,3,17,0.0625,598.0,4,0.0,4.975,6.833333333333333
7279-BUYWN,41,113.2,Month-to-month,Electronic check,Fiber optic,1,No,No,5,24,0.8461538461538461,661.6363636363636,2,0.0,26.28,3.3142857142857145
7156-MHUGY,13,90.5,Month-to-month,Electronic check,Fiber optic,1,No,No,2,12,0.7142857142857143,402.0,3,0.3333333333333333,5.725,3.857142857142857
7198-GLXTC,2,79.0,Month-to-month,Electronic check,Fiber optic,0,No,No,1,19,1.1111111111111112,674.4,4,0.25,65.05333333333333,2.857142857142857
2007-QVGAW,68,19.35,Two year,Bank transfer (automatic),No,0,Yes,Yes,0,19,0.1875,383.6666666666667,1,0.0,1.84,0.0
5207-PLSTK,1,48.75,Month-to-month,Mailed check,DSL,0,Yes,Yes,1,19,0.7272727272727273,507.75,5,0.8,4.15,5.125
2307-FYNNL,65,109.05,Two year,Electronic check,Fiber optic,1,No,No,5,30,0.36363636363636365,370.375,1,0.0,4.98,11.38
5605-XNWEN,72,25.0,Two year,Bank transfer (automatic),No,1,Yes,No,0,19,0.26666666666666666,325.0,1,0.0,25.39,0.0
2155-AMQRX,28,54.9,Month-to-month,Credit card (automatic),DSL,0,No,No,1,21,0.5,398.42857142857144,1,0.0,3.24,7.7
6181-AXXYF,72,24.75,Two year,Credit card (automatic),No,0,Yes,Yes,0,26,0.5294117647058824,647.0,1,0.0,7.64,0.0
5091-HFAZW,2,91.15,Month-to-month,Electronic check,Fiber optic,0,No,No,3,15,0.36363636363636365,387.0,3,0.0,6.55,3.6842105263157894
0516-VRYBW,18,20.15,One year,Bank transfer (automatic),No,0,No,Yes,0,19,0.11764705882352941,510.0,1,0.0,21.39,0.0
2519-LBNQL,60,104.35,One year,Electronic check,Fiber optic,1,Yes,No,4,29,0.8125,510.61538461538464,2,0.5,5.76,22.73076923076923
8623-ULFNQ,26,66.05,Month-to-month,Electronic check,DSL,1,No,No,2,12,0.3333333333333333,461.0,3,0.6666666666666666,9.6,11.090909090909092
8380-PEFPE,1,71.65,Month-to-month,Electronic check,Fiber optic,0,No,Yes,0,23,0.5333333333333333,481.625,2,0.5,21.9,0.0
5687-DKDTV,4,20.35,Month-to-month,Mailed check,No,0,No,No,0,14,0.16666666666666666,205.5,0,0.0,0.0,0.0
1568-LJSZU,68,92.2,Two year,Credit card (automatic),DSL,0,Yes,Yes,6,27,0.17391304347826086,301.25,1,0.0,8.49,5.452830188679245
7530-HDYDS,38,84.25,Month-to-month,Credit card (automatic),Fiber optic,0,No,No,3,23,0.4375,410.42857142857144,0,0.0,0.0,3.8421052631578947
7789-HKSBS,42,105.2,One year,Bank transfer (automatic),Fiber optic,1,Yes,No,4,26,0.4444444444444444,640.0,1,0.0,8.63,3.7714285714285714
7416-CKTEP,57,19.6,Two year,Bank transfer (automatic),No,0,Yes,No,0,28,0.5555555555555556,615.6,4,0.5,10.629999999999999,0.0
2586-CWXVV,54,30.4,Month-to-month,Electronic check,DSL,0,Yes,No,1,20,0.25,462.25,1,0.0,8.47,2.4
3096-IZETN,12,78.1,Month-to-month,Bank transfer (automatic),Fiber optic,0,No,No,1,25,0.3888888888888889,701.4285714285714,0,0.0,0.0,10.4
2348-KCJLT,44,61.5,One year,Mailed check,DSL,0,Yes,No,3,27,0.6875,544.7272727272727,2,0.0,5.915,8.096774193548388
8401-EMUWF,42,69.4,Month-to-month,Bank transfer (automatic),DSL,0,Yes,Yes,3,13,0.3,656.0,2,0.0,3.1799999999999997,12.071428571428571
4193-IBKSW,72,24.75,Two year,Bank transfer (automatic),No,0,Yes,Yes,0,24,0.5,656.5,1,1.0,0.0,0.0
5377-NDTOU,71,91.05,Two year,Mailed check,DSL,0,Yes,Yes,6,19,0.26666666666666666,432.5,0,0.0,0.0,3.6545454545454548
5922-ABDVO,19,89.65,Month-to-month,Mailed check,Fiber optic,0,Yes,No,2,29,0.5263157894736842,501.2,1,0.0,64.05,1.7142857142857142
2474-LCNUE,23,73.65,Month-to-month,Credit card (automatic),DSL,0,Yes,No,3,17,0.3076923076923077,318.5,5,0.4,28.279999999999998,5.130434782608695
0839-QNXME,30,19.4,Two year,Credit card (automatic),No,0,No,No,0,25,0.3888888888888889,744.1428571428571,0,0.0,0.0,0.0
3506-OVLKD,35,26.2,One year,Bank transfer (automatic),No,0,No,No,0,19,0.46153846153846156,507.1666666666667,2,0.0,23.765,0.0
9172-ANCRX,10,98.7,Month-to-month,Electronic check,Fiber optic,0,No,No,3,11,0.1,246.0,3,0.3333333333333333,8.415000000000001,9.272727272727273
6650-VJONK,1,43.85,Month-to-month,Bank transfer (automatic),DSL,0,No,No,0,26,0.625,460.2,5,0.2,7.175,0.0
2178-PMGCJ,22,69.7,Month-to-month,Mailed check,Fiber optic,0,No,No,0,15,0.875,607.0,2,0.0,34.835,0.0
7492-TAFJD,7,38.55,Two year,Mailed check,DSL,0,Yes,Yes,3,24,0.4117647058823529,578.2857142857143,1,0.0,23.42,23.7027027027027
2773-MADBQ,36,53.1,Two year,Mailed check,DSL,0,No,No,5,11,0.8333333333333334,344.0,4,0.0,4.515,12.642857142857142
6016-LVTJQ,34,20.65,Month-to-month,Mailed check,No,0,Yes,Yes,0,11,0.2222222222222222,1091.0,3,0.0,17.64,0.0
7860-KSUGX,72,64.45,Two year,Credit card (automatic),DSL,0,Yes,Yes,3,26,0.18181818181818182,494.5,5,0.0,19.122,6.8
8966-KZXXA,36,25.1,Two year,Credit card (automatic),No,0,Yes,Yes,0,25,0.47058823529411764,641.25,5,0.6,1.8199999999999998,0.0
6910-HADCM,1,76.35,Month-to-month,Electronic check,Fiber optic,0,No,No,1,30,0.42857142857142855,419.22222222222223,2,0.5,20.34,3.0
4816-LXZYW,23,79.15,Month-to-month,Electronic check,Fiber optic,0,No,No,1,12,0.2,476.5,3,0.0,25.69333333333333,2.0
9606-PBKBQ,32,85.0,Month-to-month,Electronic check,Fiber optic,1,Yes,No,1,27,0.5882352941176471,505.1,3,0.6666666666666666,26.63,2.0
5149-QYTTU,71,95.15,One year,Credit card (automatic),Fiber optic,0,Yes,Yes,4,16,0.23076923076923078,871.3333333333334,3,0.0,3.11,13.121212121212121
2070-XYMFH,23,79.35,Month-to-month,Mailed check,Fiber optic,1,No,No,1,27,0.6875,342.54545454545456,1,0.0,7.56,3.3333333333333335
2085-BOJKI,17,96.65,One year,Bank transfer (automatic),Fiber optic,0,Yes,No,3,21,0.5,331.85714285714283,3,0.3333333333333333,24.7,3.1923076923076925
0817-HSUSE,1,75.5,Month-to-month,Electronic check,DSL,0,No,No,4,14,1.0,345.0,1,1.0,0.0,6.393939393939394
5442-PPTJY,12,19.7,Two year,Mailed check,No,0,Yes,Yes,0,10,1.5,412.1666666666667,0,0.0,0.0,0.0
1927-QEWMY,72,20.5,Two year,Credit card (automatic),No,0,Yes,No,0,24,0.6,597.8888888888889,1,0.0,9.0,0.0
1663-MHLHE,1,19.2,Month-to-month,Mailed check,No,0,No,No,0,14,0.75,644.8333333333334,2,0.5,52.77,0.0
5663-QBGIS,72,98.35,Two year,Bank transfer (automatic),Fiber optic,1,Yes,No,3,11,0.8333333333333334,623.2,3,0.0,2.0500000000000003,5.130434782608695
4450-MDZFX,60,74.35,Month-to-month,Bank transfer (automatic),Fiber optic,0,Yes,Yes,0,16,0.45454545454545453,320.8,1,0.0,3.49,0.0
6701-DHKWQ,61,51.35,Two year,Credit card (automatic),DSL,0,Yes,Yes,4,22,0.4666666666666667,437.7142857142857,0,0.0,0.0,6.5
7554-AKDQF,6,45.65,Month-to-month,Mailed check,DSL,0,Yes,No,0,15,0.6666666666666666,454.6666666666667,5,0.2,7.460000000000001,0.0
3536-IQCTX,32,85.3,Month-to-month,Electronic check,Fiber optic,1,Yes,No,1,12,0.7142857142857143,422.8,3,0.0,21.366666666666664,3.25
4911-BANWH,31,86.55,Month-to-month,Credit card (automatic),Fiber optic,0,No,Yes,1,27,0.9285714285714286,469.15384615384613,4,0.5,13.21,11.25
8496-EJAUI,19,73.85,Month-to-month,Credit card (automatic),Fiber optic,0,No,No,1,24,0.3333333333333333,589.1666666666666,2,0.5,39.78,2.5
0794-YVSGE,72,20.3,Two year,Bank transfer (automatic),No,0,Yes,Yes,0,14,1.0,550.5714285714286,0,0.0,0.0,0.0
5423-BHIXO,32,54.2,Month-to-month,Electronic check,DSL,0,No,No,1,29,0.38095238095238093,422.875,5,0.8,13.24,6.583333333333333
6908-VVYHM,65,90.65,Month-to-month,Electronic check,Fiber optic,0,Yes,No,2,19,0.35714285714285715,551.6,2,0.5,10.76,4.454545454545454
2959-EEXWB,45,50.9,Month-to-month,Bank transfer (automatic),DSL,0,Yes,Yes,3,17,0.5454545454545454,756.1666666666666,1,0.0,23.95,12.942857142857143
1839-UMACK,42,25.05,One year,Electronic check,No,0,No,No,0,21,0.4,282.0,0,0.0,0.0,0.0
3030-YDNRM,8,74.85,Month-to-month,Electronic check,Fiber optic,0,No,No,0,14,0.2727272727272727,409.0,2,0.0,4.125,0.0
7321-KKSDU,32,20.5,Two year,Mailed check,No,0,No,Yes,0,15,0.25,342.6666666666667,0,0.0,0.0,0.0
3402-XRIUO,22,63.55,Month-to-month,Mailed check,DSL,1,Yes,No,3,27,1.0769230769230769,659.2142857142857,1,0.0,3.84,8.55
3132-TVFDZ,57,44.85,Month-to-month,Electronic check,DSL,1,Yes,No,2,25,0.3888888888888889,397.85714285714283,0,0.0,0.0,5.769230769230769
8286-AFUYI,1,47.95,Month-to-month,Electronic check,DSL,0,No,No,1,26,0.8571428571428571,475.5833333333333,1,0.0,26.63,4.555555555555555
8080-DDEMJ,1,45.1,Month-to-month,Electronic check,DSL,1,No,No,0,23,0.2777777777777778,739.2,3,0.3333333333333333,13.665000000000001,0.0
8356-WUAOJ,1,45.0,Month-to-month,Electronic check,DSL,0,Yes,No,0,19,0.26666666666666666,518.5,3,0.0,4.786666666666666,0.0
6365-MTGZX,24,96.0,Month-to-month,Electronic check,Fiber optic,0,No,No,3,28,0.47368421052631576,791.4444444444445,2,0.5,19.16,3.5
1349-WXNGG,1,20.05,Month-to-month,Bank transfer (automatic),No,0,No,No,0,27,0.42105263157894735,683.75,2,1.0,0.0,0.0
8058-DMYRU,54,90.05,Month-to-month,Electronic check,Fiber optic,1,No,No,2,22,0.4666666666666667,671.0,1,0.0,11.25,5.2
9350-ZXYJC,4,25.3,Two year,Credit card (automatic),No,0,No,No,0,24,0.3333333333333333,537.0,2,0.0,7.345,0.0
6990-YNRIO,65,108.65,Two year,Bank transfer (automatic),Fiber optic,0,Yes,Yes,5,15,0.875,505.7142857142857,0,0.0,0.0,4.166666666666667
8958-JPTRR,56,24.3,One year,Electronic check,No,0,Yes,No,0,19,0.5833333333333334,652.2857142857143,0,0.0,0.0,0.0
6959-GQEGV,45,75.95,Month-to-month,Electronic check,DSL,0,No,No,4,20,0.5384615384615384,593.5714285714286,4,0.0,13.135,14.675
3173-WSSUE,71,19.7,Two year,Credit card (automatic),No,0,Yes,Yes,0,27,0.5882352941176471,513.6,2,0.0,3.115,0.0
1265-HVPZB,59,66.4,One year,Credit card (automatic),DSL,0,Yes,No,4,25,0.3157894736842105,650.1666666666666,3,0.6666666666666666,17.54,12.837837837837839
4115-UMJFQ,69,35.75,One year,Bank transfer (automatic),DSL,0,No,No,2,15,0.36363636363636365,339.5,1,0.0,18.31,6.857142857142857
7369-TRPFD,19,18.8,One year,Mailed check,No,0,No,No,0,15,0.5,588.0,2,0.0,12.395,0.0
1098-KFQEC,55,19.4,Two year,Credit card (automatic),No,0,Yes,Yes,0,16,1.0,578.625,1,0.0,3.42,0.0
7190-XHTWJ,38,19.3,One year,Mailed check,No,0,No,No,0,14,0.4,795.75,0,0.0,0.0,0.0
0621-TWIEM,10,45.55,Month-to-month,Electronic check,DSL,0,No,No,0,27,0.2857142857142857,264.5,5,0.4,7.373333333333334,0.0
3537-RYBHH,47,67.45,Month-to-month,Credit card (automatic),DSL,1,Yes,No,3,18,0.8,656.0,3,0.3333333333333333,6.92,4.866666666666666
2485-ITVKB,2,35.1,Month-to-month,Electronic check,DSL,0,Yes,No,1,23,0.6428571428571429,376.0,4,0.5,41.11,4.333333333333333
3669-OYSJI,1,46.2,Month-to-month,Credit card (automatic),DSL,0,No,No,0,28,0.47368421052631576,514.7777777777778,4,0.75,23.1,0.0
1612-EOHDH,1,45.15,Month-to-month,Electronic check,DSL,0,No,No,0,27,0.5882352941176471,557.0,2,0.0,7.3100000000000005,0.0
6702-OHFWR,1,43.3,Month-to-month,Electronic check,DSL,1,No,No,3,27,0.9285714285714286,515.3846153846154,2,1.0,0.0,6.461538461538462
5296-BFCYD,46,20.1,Two year,Mailed check,No,0,Yes,Yes,0,14,1.0,833.8571428571429,3,0.3333333333333333,5.33,0.0
4510-PYUSH,38,57.15,Month-to-month,Credit card (automatic),DSL,1,No,No,2,13,0.625,565.8,0,0.0,0.0,2.0
9359-JANWS,65,58.9,Two year,Credit card (automatic),DSL,0,Yes,No,3,29,0.3181818181818182,407.57142857142856,1,0.0,11.82,3.409090909090909
7517-SAWMO,19,73.2,Month-to-month,Electronic check,Fiber optic,0,Yes,No,1,16,0.7777777777777778,1190.2857142857142,1,0.0,17.26,4.833333333333333
4143-HHPMK,52,85.35,Month-to-month,Electronic check,Fiber optic,0,No,No,2,20,0.3333333333333333,530.2,2,0.5,13.66,4.0
3279-DYZQM,71,19.45,Two year,Mailed check,No,0,Yes,Yes,0,23,1.0909090909090908,738.1666666666666,1,1.0,0.0,0.0
7054-LGEQW,1,45.95,Month-to-month,Mailed check,DSL,0,No,No,0,17,0.21428571428571427,723.6666666666666,3,0.6666666666666666,112.77,0.0
0523-VNGTF,52,50.5,Month-to-month,Electronic check,DSL,1,No,No,4,30,0.42857142857142855,233.33333333333334,1,0.0,3.76,5.594594594594595
9575-IWCAZ,6,25.1,One year,Mailed check,No,0,Yes,No,0,28,0.8666666666666667,354.15384615384613,0,0.0,0.0,0.0
7105-MXJLL,26,60.7,One year,Mailed check,DSL,1,Yes,No,2,29,1.0714285714285714,481.46666666666664,0,0.0,0.0,5.071428571428571
7064-FRRSW,48,99.0,One year,Electronic check,Fiber optic,1,No,No,3,17,0.8888888888888888,494.125,2,0.0,6.46,16.666666666666668
7940-UQQUG,64,104.4,One year,Bank transfer (automatic),Fiber optic,0,Yes,Yes,4,19,0.46153846153846156,709.0,1,0.0,9.9,6.142857142857143
0923-PNFUB,3,83.75,Month-to-month,Electronic check,Fiber optic,0,No,No,2,18,0.2,513.3333333333334,0,0.0,0.0,6.916666666666667
3961-SXAXY,1,44.05,Month-to-month,Bank transfer (automatic),DSL,0,No,No,0,10,0.42857142857142855,694.6666666666666,3,0.0,4.283333333333333,0.0
7010-BRBUU,72,24.1,Two year,Credit card (automatic),No,0,Yes,Yes,0,28,0.2727272727272727,521.5,1,0.0,5.67,0.0
3566-HJGPK,1,45.55,Month-to-month,Mailed check,DSL,0,No,No,0,29,0.20833333333333334,1019.8,5,0.4,4.946666666666666,0.0
3062-ICYZQ,51,93.8,Month-to-month,Electronic check,Fiber optic,0,Yes,Yes,3,28,0.8666666666666667,517.3846153846154,4,0.5,14.114999999999998,5.137931034482759
9938-PRCVK,41,19.7,Two year,Bank transfer (automatic),No,0,Yes,Yes,0,16,1.0,811.625,1,0.0,4.82,0.0
0973-KYVNF,72,70.65,Two year,Credit card (automatic),DSL,0,Yes,Yes,4,26,0.625,556.7,2,0.0,6.83,16.45945945945946
5129-HHMZC,43,86.45,Two year,Credit card (automatic),DSL,0,Yes,No,5,23,0.4375,381.57142857142856,0,0.0,0.0,3.290909090909091
9637-CDTKZ,72,114.1,Two year,Credit card (automatic),Fiber optic,0,Yes,No,6,22,0.375,338.6666666666667,0,0.0,0.0,7.487804878048781
3946-JEWRQ,47,95.2,One year,Credit card (automatic),Fiber optic,0,Yes,No,2,24,0.2631578947368421,442.8,4,0.25,6.81,5.6923076923076925
7873-CVMAW,72,88.55,Two year,Credit card (automatic),DSL,0,No,No,6,12,1.0,508.0,2,0.0,15.805,5.111111111111111
0463-WZZKO,3,20.75,Month-to-month,Credit card (automatic),No,0,No,No,0,12,0.09090909090909091,355.0,2,0.0,31.93,0.0
3494-JCHRQ,1,70.05,Month-to-month,Electronic check,Fiber optic,0,No,No,0,24,0.4117647058823529,573.2857142857143,5,0.6,16.015,0.0
6474-FVJLC,2,86.0,Month-to-month,Electronic check,Fiber optic,0,No,No,1,22,0.5714285714285714,520.25,2,0.5,32.37,5.666666666666667
4524-QCSSM,26,44.65,Month-to-month,Bank transfer (automatic),DSL,0,No,No,3,18,1.0,474.44444444444446,4,0.25,7.533333333333334,6.7272727272727275
5832-EXGTT,29,60.2,Month-to-month,Mailed check,DSL,0,Yes,Yes,2,16,1.0,362.375,3,0.6666666666666666,15.86,7.764705882352941
8840-DQLGN,35,100.5,Month-to-month,Bank transfer (automatic),Fiber optic,1,Yes,No,4,16,0.3333333333333333,623.5,1,0.0,9.37,3.423076923076923
2039-JONDJ,27,55.45,One year,Bank transfer (automatic),DSL,0,No,No,2,20,0.8181818181818182,541.8888888888889,4,0.0,8.18,5.214285714285714
7217-JYHOQ,24,70.3,Month-to-month,Credit card (automatic),DSL,0,Yes,Yes,4,13,1.1666666666666667,513.0,1,0.0,13.59,4.096774193548387
6695-FRVEC,67,60.4,Two year,Bank transfer (automatic),DSL,0,Yes,Yes,3,21,1.625,540.9230769230769,0,0.0,0.0,6.409090909090909
4547-LYTDD,16,72.65,Month-to-month,Electronic check,Fiber optic,0,No,No,0,17,0.13333333333333333,563.0,2,0.5,4.05,0.0
9894-QMIMJ,23,55.8,One year,Bank transfer (automatic),DSL,0,No,No,2,30,0.36363636363636365,612.75,4,0.0,17.72,3.272727272727273
8069-YQQAJ,14,31.1,Month-to-month,Mailed check,DSL,0,No,No,1,20,0.42857142857142855,699.5,2,0.5,5.15,5.0
6770-XUAGN,1,21.0,Month-to-month,Electronic check,No,0,Yes,Yes,0,20,1.5,507.5,1,0.0,5.42,0.0
4193-ORFCL,1,45.1,Month-to-month,Mailed check,DSL,1,No,No,0,24,1.4,469.14285714285717,0,0.0,0.0,0.0
1636-NTNCO,4,50.95,Month-to-month,Credit card (automatic),DSL,1,No,No,3,15,0.875,365.14285714285717,4,0.0,6.0525,9.652173913043478
3466-WAESX,16,69.1,Month-to-month,Electronic check,DSL,0,No,Yes,3,25,0.7857142857142857,621.8181818181819,5,0.2,4.425,8.36
9281-PKKZE,46,43.95,Month-to-month,Electronic check,DSL,0,Yes,No,2,10,0.6666666666666666,479.75,3,0.0,28.636666666666667,4.3
3638-VBZTA,68,86.5,Two year,Bank transfer (automatic),DSL,0,No,Yes,5,24,0.6,549.0,0,0.0,0.0,3.8055555555555554
7459-IMVYU,38,69.95,Month-to-month,Electronic check,DSL,0,No,No,4,16,0.3333333333333333,309.0,1,1.0,0.0,2.393939393939394
7776-QWNFX,30,50.4,Month-to-month,Bank transfer (automatic),DSL,1,Yes,No,1,14,0.2727272727272727,222.33333333333334,2,0.0,18.38,4.285714285714286
6689-TCZHQ,5,78.95,Month-to-month,Electronic check,Fiber optic,1,No,No,1,14,1.8,446.22222222222223,4,0.25,27.76,4.142857142857143
8563-OYMQY,17,90.95,Month-to-month,Credit card (automatic),Fiber optic,0,No,No,3,10,0.25,239.5,1,0.0,21.85,7.5
0754-EEBDC,4,19.9,Two year,Mailed check,No,0,Yes,Yes,0,29,0.45,610.4444444444445,1,0.0,17.18,0.0
5777-ZPQNC,12,20.15,One year,Electronic check,No,0,No,No,0,12,1.4,631.7142857142857,0,0.0,0.0,0.0
1951-IEYXM,72,90.6,Two year,Credit card (automatic),DSL,0,Yes,Yes,6,30,0.36363636363636365,370.5,1,0.0,6.22,3.3
3318-NMQXL,3,92.0,Month-to-month,Electronic check,Fiber optic,0,No,No,2,20,0.8181818181818182,734.5555555555555,4,0.0,28.11,4.625
3143-ILDAL,56,94.45,Month-to-month,Electronic check,Fiber optic,0,No,No,3,18,0.8,884.5,0,0.0,0.0,5.9
1022-RKXDR,41,24.85,One year,Mailed check,No,0,No,No,0,11,0.2222222222222222,500.5,1,0.0,12.21,0.0
2361-FJWNO,40,36.0,One year,Credit card (automatic),DSL,0,No,No,2,19,0.46153846153846156,511.8333333333333,2,0.0,32.145,5.0
2272-UOINI,7,78.5,Month-to-month,Electronic check,DSL,0,No,No,5,24,1.1818181818181819,455.38461538461536,4,0.0,17.375,5.142857142857143
8232-UTFOZ,69,19.95,Two year,Credit card (automatic),No,0,No,No,0,21,0.6153846153846154,490.375,0,0.0,0.0,0.0
3750-YHRYO,7,20.65,One year,Mailed check,No,0,Yes,Yes,0,13,0.4444444444444444,938.5,0,0.0,0.0,0.0
6637-KYRCV,5,30.5,Month-to-month,Electronic check,DSL,0,Yes,Yes,1,22,0.6923076923076923,536.8888888888889,1,0.0,16.15,2.0
5668-MEISB,72,106.1,Two year,Credit card (automatic),Fiber optic,0,Yes,Yes,5,10,1.0,571.2,0,0.0,0.0,6.605263157894737
0129-QMPDR,44,20.5,One year,Bank transfer (automatic),No,0,Yes,Yes,0,12,0.2,373.0,2,1.0,0.0,0.0
7188-CBBBA,65,95.5,One year,Electronic check,Fiber optic,0,No,No,3,26,0.3684210526315789,296.0,2,0.0,12.805,5.903225806451613
5356-CSVSQ,3,64.6,Month-to-month,Electronic check,DSL,0,No,No,2,28,0.6470588235294118,383.90909090909093,2,0.0,23.365000000000002,6.4
3221-CJMSG,24,51.1,Month-to-month,Credit card (automatic),DSL,0,No,No,1,22,0.5714285714285714,569.375,0,0.0,0.0,3.142857142857143
4720-VSTSI,44,84.8,Month-to-month,Bank transfer (automatic),Fiber optic,0,No,No,2,29,0.7058823529411765,400.75,2,0.5,29.93,2.4166666666666665
3219-JQRSL,72,89.1,Two year,Credit card (automatic),DSL,1,Yes,No,6,15,1.1428571428571428,474.5,2,0.5,2.31,5.27906976744186
2801-NISEI,24,54.95,Month-to-month,Electronic check,DSL,0,No,No,2,29,0.7058823529411765,504.1666666666667,2,0.0,1.86,5.578947368421052
3946-MHCZW,1,50.9,Month-to-month,Mailed check,DSL,0,No,No,1,15,0.36363636363636365,358.0,3,0.0,15.08,5.166666666666667
4623-ZKHLY,22,20.45,Month-to-month,Bank transfer (automatic),No,0,Yes,No,0,18,1.0,446.8888888888889,2,0.0,37.665,0.0
6732-VAILE,70,85.95,Two year,Credit card (automatic),DSL,0,Yes,Yes,5,28,0.4,362.125,1,0.0,3.58,10.571428571428571
8201-AAXCB,25,60.35,Month-to-month,Electronic check,DSL,0,Yes,Yes,1,20,0.1111111111111111,579.5,1,0.0,14.08,9.166666666666666
7696-CFTAT,37,19.8,Two year,Bank transfer (automatic),No,0,Yes,Yes,0,29,0.6111111111111112,692.1818181818181,0,0.0,0.0,0.0
1845-CSBRZ,22,85.35,Month-to-month,Bank transfer (automatic),Fiber optic,1,Yes,Yes,1,21,0.75,487.22222222222223,1,1.0,0.0,8.4
2123-VSCOT,59,72.1,Two year,Bank transfer (automatic),DSL,0,Yes,Yes,3,25,0.5625,443.0,1,0.0,8.91,4.931034482758621
6651-AZVTJ,49,99.8,Month-to-month,Electronic check,Fiber optic,0,Yes,Yes,3,22,0.29411764705882354,344.2,2,0.0,27.155,9.357142857142858
4566-GOLUK,47,107.35,Month-to-month,Bank transfer (automatic),Fiber optic,0,Yes,Yes,4,21,0.5,686.7142857142857,5,0.4,6.963333333333334,6.8
2484-DGXPZ,31,19.55,Month-to-month,Mailed check,No,0,Yes,Yes,0,24,0.8461538461538461,559.9090909090909,0,0.0,0.0,0.0
2018-QKYGT,1,81.05,Month-to-month,Electronic check,Fiber optic,0,Yes,Yes,1,28,0.5555555555555556,588.5,1,0.0,20.22,7.916666666666667
2792-VPPET,3,20.5,Month-to-month,Electronic check,No,0,No,No,0,30,0.42857142857142855,646.2222222222222,3,0.6666666666666666,8.19,0.0
7409-JURKQ,53,111.8,One year,Bank transfer (automatic),Fiber optic,0,Yes,No,5,10,0.42857142857142855,546.3333333333334,2,0.5,8.97,7.684210526315789
3247-MHJKM,1,20.2,Month-to-month,Mailed check,No,0,No,No,0,25,0.25,701.2,0,0.0,0.0,0.0
1964-SVLEA,20,19.7,One year,Mailed check,No,0,No,No,0,17,0.4166666666666667,555.2,1,0.0,5.08,0.0
4587-NUKOX,3,79.1,Month-to-month,Electronic check,Fiber optic,0,No,No,2,30,0.5789473684210527,545.2727272727273,4,0.5,12.260000000000002,8.125
7297-DVYGA,51,19.85,One year,Bank transfer (automatic),No,0,No,No,0,30,0.6666666666666666,436.8333333333333,1,0.0,11.15,0.0
2239-CGBUZ,51,60.5,One year,Bank transfer (automatic),DSL,0,Yes,No,3,23,0.35294117647058826,419.3333333333333,1,0.0,4.04,7.533333333333333
0854-UYHZD,13,19.55,Two year,Mailed check,No,0,Yes,Yes,0,21,0.6153846153846154,616.375,2,0.0,9.605,0.0
7243-LCGGZ,1,20.9,Month-to-month,Mailed check,No,0,No,No,0,27,0.35,684.4285714285714,0,0.0,0.0,0.0
8267-KFGYD,1,21.05,Month-to-month,Mailed check,No,0,No,Yes,0,27,0.8,565.3333333333334,3,0.3333333333333333,21.29,0.0
4890-VMUAV,63,71.5,One year,Electronic check,DSL,0,No,No,4,12,0.7142857142857143,384.6,0,0.0,0.0,6.621621621621622
9261-WDCAF,3,54.65,Month-to-month,Mailed check,DSL,0,No,No,1,21,0.3125,518.8,0,0.0,0.0,5.0
3764-MNMOI,46,19.2,Two year,Credit card (automatic),No,0,No,No,0,10,0.42857142857142855,400.0,0,0.0,0.0,0.0
7442-YGZFK,1,49.8,Month-to-month,Credit card (automatic),DSL,0,No,No,0,19,0.26666666666666666,882.25,2,0.0,5.5,0.0
0420-BWTPW,8,25.5,Month-to-month,Mailed check,DSL,0,No,Yes,0,14,0.75,653.6666666666666,1,1.0,0.0,0.0
8229-BUJHX,71,20.5,Two year,Bank transfer (automatic),No,0,Yes,Yes,0,10,1.5,610.1666666666666,0,0.0,0.0,0.0
7449-HVPIV,55,90.4,Month-to-month,Credit card (automatic),Fiber optic,0,Yes,Yes,2,12,0.7142857142857143,392.4,3,0.6666666666666666,3.68,13.4375
5504-WSIUR,70,90.25,One year,Bank transfer (automatic),Fiber optic,0,No,No,3,21,0.23529411764705882,587.25,2,0.0,8.165,4.4
8183-ONMXC,2,80.75,Month-to-month,Electronic check,Fiber optic,0,No,No,1,26,0.23809523809523808,201.0,3,1.0,0.0,6.75
8466-PZBLH,67,104.6,Two year,Bank transfer (automatic),Fiber optic,0,Yes,Yes,4,29,0.38095238095238093,685.375,0,0.0,0.0,13.696969696969697
9614-RMGHA,65,91.85,Month-to-month,Bank transfer (automatic),Fiber optic,0,Yes,No,2,10,0.42857142857142855,298.0,5,0.6,47.985,2.466666666666667
8735-IJJEG,14,50.2,Month-to-month,Credit card (automatic),DSL,0,Yes,No,1,11,0.5714285714285714,820.5,5,0.0,2.436,3.923076923076923
0564-MUUQK,20,95.5,Month-to-month,Bank transfer (automatic),Fiber optic,0,Yes,Yes,3,25,0.6666666666666666,444.7,2,0.5,12.12,5.384615384615385
5054-IEXZT,1,75.35,Month-to-month,Electronic check,Fiber optic,0,No,Yes,1,23,0.21052631578947367,636.5,5,0.2,94.2375,12.0
5834-ASPWA,1,75.45,Month-to-month,Electronic check,Fiber optic,0,No,No,0,27,0.17391304347826086,432.25,3,0.3333333333333333,7.8950000000000005,0.0
0701-RFGFI,49,95.4,Month-to-month,Bank transfer (automatic),Fiber optic,0,Yes,Yes,2,15,0.5,808.0,4,0.0,4.465,9.625
0019-EFAEP,72,101.3,Two year,Bank transfer (automatic),Fiber optic,0,No,No,4,24,0.3333333333333333,434.6666666666667,5,0.2,1.54,13.5
5619-PTMIK,46,53.1,Month-to-month,Electronic check,DSL,0,Yes,No,1,12,0.7142857142857143,489.2,1,0.0,12.01,2.3333333333333335
3737-XBQDD,24,84.85,Month-to-month,Bank transfer (automatic),Fiber optic,0,No,No,2,13,0.4444444444444444,607.0,2,0.0,6.4,7.823529411764706
5882-CMAZQ,5,34.25,Month-to-month,Electronic check,DSL,0,Yes,Yes,2,23,0.6428571428571429,502.0,4,0.0,15.145,9.333333333333334
5846-QFDFI,33,88.6,Month-to-month,Credit card (automatic),Fiber optic,0,Yes,Yes,3,21,0.4,346.6666666666667,3,0.0,11.736666666666666,8.709677419354838
4445-KWOKW,42,60.15,One year,Bank transfer (automatic),DSL,0,No,No,2,13,2.25,665.1111111111111,2,0.5,3.42,6.0
3511-APPBJ,23,99.95,One year,Credit card (automatic),Fiber optic,0,No,No,4,19,0.26666666666666666,678.5,0,0.0,0.0,12.25
7967-HYCDE,8,70.7,Month-to-month,Bank transfer (automatic),Fiber optic,0,No,No,0,22,0.4666666666666667,615.1428571428571,1,0.0,18.21,0.0
2430-RRYUW,66,54.8,One year,Mailed check,DSL,0,No,No,2,26,0.5294117647058824,460.6666666666667,4,0.5,12.615,7.590909090909091
3948-XHGNA,24,49.55,Month-to-month,Bank transfer (automatic),DSL,0,No,No,1,25,0.9230769230769231,499.5833333333333,4,0.0,14.2725,5.8
3723-BFBGR,24,54.8,Month-to-month,Credit card (automatic),DSL,1,No,No,1,20,0.42857142857142855,400.6666666666667,1,0.0,6.75,9.333333333333334
0565-IYCGT,69,78.6,One year,Credit card (automatic),DSL,0,No,No,5,23,0.9166666666666666,318.8181818181818,1,0.0,22.27,1.5517241379310345
5447-WZAFP,53,100.3,One year,Mailed check,Fiber optic,0,No,No,4,20,0.25,590.75,2,0.0,5.54,3.3333333333333335
5110-CHOPY,60,53.6,Two year,Electronic check,DSL,0,No,No,4,16,1.0,613.25,3,0.0,10.41,13.235294117647058
5445-UTODQ,7,81.1,Month-to-month,Electronic check,Fiber optic,0,Yes,No,1,25,0.25,389.0,5,0.4,7.316666666666667,3.111111111111111
4425-OWHWB,20,19.35,One year,Credit card (automatic),No,0,No,No,0,19,0.11764705882352941,286.5,2,0.0,45.230000000000004,0.0
7892-QVYKW,23,85.6,Month-to-month,Electronic check,Fiber optic,0,Yes,Yes,1,13,0.8571428571428571,342.1666666666667,1,1.0,0.0,4.428571428571429
9675-ICXCT,72,80.8,Two year,Electronic check,DSL,0,Yes,Yes,5,22,0.375,383.0,1,0.0,13.36,12.394736842105264
1024-VRZHF,11,74.95,Month-to-month,Electronic check,Fiber optic,0,Yes,No,0,21,0.5,382.14285714285717,1,0.0,27.1,0.0
4795-KTRTH,5,81.0,Month-to-month,Electronic check,Fiber optic,1,Yes,No,1,16,0.6,630.3333333333334,2,0.0,33.239999999999995,4.875
4703-MQYKT,21,19.6,Two year,Mailed check,No,0,No,No,0,12,0.3333333333333333,460.0,0,0.0,0.0,0.0
9497-QCMMS,1,93.55,Month-to-month,Electronic check,Fiber optic,1,No,No,2,14,0.75,422.1666666666667,1,0.0,14.45,4.125
5692-ICXLW,31,90.7,Month-to-month,Electronic check,Fiber optic,1,No,No,2,24,0.3333333333333333,491.8333333333333,1,0.0,1.01,4.9411764705882355
0602-DDUML,57,69.75,Two year,Mailed check,DSL,0,No,No,4,14,0.2727272727272727,392.6666666666667,3,0.3333333333333333,11.185,4.25
2208-MPXIO,45,20.0,Two year,Bank transfer (automatic),No,0,Yes,Yes,0,25,0.6666666666666666,355.9,0,0.0,0.0,0.0
1960-UYCNN,10,95.25,Month-to-month,Electronic check,Fiber optic,0,No,No,3,23,0.7692307692307693,432.0,0,0.0,0.0,21.954545454545453
0348-SDKOL,58,102.1,Month-to-month,Credit card (automatic),Fiber optic,0,Yes,No,4,20,0.3333333333333333,800.8,1,0.0,29.79,3.5652173913043477
3190-FZATL,14,19.95,Month-to-month,Mailed check,No,0,No,Yes,0,20,0.8181818181818182,493.77777777777777,1,0.0,7.83,0.0
7336-RLLRH,27,80.85,One year,Mailed check,DSL,0,Yes,No,4,24,0.4117647058823529,552.2857142857143,1,0.0,6.65,9.685714285714285
4373-MAVJG,14,90.9,Month-to-month,Bank transfer (automatic),Fiber optic,0,Yes,Yes,2,28,0.75,469.1666666666667,3,0.3333333333333333,29.735,2.923076923076923
8901-HJXTF,12,29.2,Month-to-month,Mailed check,DSL,0,Yes,Yes,1,25,0.25,384.8,2,1.0,0.0,4.666666666666667
7710-JSYOA,69,93.3,Two year,Bank transfer (automatic),Fiber optic,0,Yes,Yes,3,19,0.1875,647.0,1,0.0,13.59,11.5625
5419-KLXBN,25,89.15,Month-to-month,Bank transfer (automatic),Fiber optic,0,Yes,Yes,3,28,0.47368421052631576,753.3333333333334,3,0.3333333333333333,4.26,9.333333333333334
3424-NMNBO,58,108.85,One year,Electronic check,Fiber optic,1,Yes,No,5,19,0.1875,230.66666666666666,0,0.0,0.0,6.0344827586206895
9885-MFVSU,35,46.35,Two year,Credit card (automatic),DSL,0,Yes,Yes,3,15,0.875,546.5714285714286,0,0.0,0.0,4.916666666666667
4514-GFCFI,16,84.75,Month-to-month,Electronic check,Fiber optic,1,No,No,1,26,0.18181818181818182,476.0,1,0.0,68.35,1.3333333333333333
0607-MVMGC,45,78.75,One year,Credit card (automatic),DSL,0,Yes,Yes,4,17,0.4166666666666667,528.0,4,0.0,16.4675,9.655172413793103
3365-SAIGS,17,83.55,Month-to-month,Electronic check,Fiber optic,0,No,No,2,29,0.5263157894736842,392.9,4,0.25,5.973333333333334,2.111111111111111
9828-AOQLM,1,45.7,Month-to-month,Electronic check,DSL,0,Yes,Yes,0,12,0.7142857142857143,352.8,2,1.0,0.0,0.0
8022-BECSI,22,19.6,One year,Mailed check,No,0,No,No,0,12,0.2,461.5,0,0.0,0.0,0.0
8000-REIQB,1,69.95,Month-to-month,Electronic check,Fiber optic,1,No,No,0,11,1.2,367.1666666666667,0,0.0,0.0,0.0
9993-LHIEB,67,67.85,Two year,Mailed check,DSL,0,Yes,Yes,4,29,0.6111111111111112,273.1818181818182,0,0.0,0.0,8.6875
0266-CLZKZ,67,105.65,Two year,Bank transfer (automatic),Fiber optic,0,Yes,Yes,4,19,0.5833333333333334,571.0,0,0.0,0.0,3.097560975609756
7615-ESMYF,2,44.6,Month-to-month,Electronic check,DSL,0,Yes,No,2,13,0.18181818181818182,550.5,3,0.0,31.073333333333334,2.2666666666666666
3858-VOBET,23,74.95,Month-to-month,Electronic check,Fiber optic,0,No,No,0,18,0.2857142857142857,533.75,1,0.0,48.55,0.0
7020-OZKXZ,9,75.5,Month-to-month,Credit card (automatic),Fiber optic,1,No,No,1,15,0.5,593.0,0,0.0,0.0,7.333333333333333
3977-QCRSL,5,20.15,Month-to-month,Mailed check,No,0,No,No,0,23,0.5333333333333333,386.5,1,0.0,3.01,0.0
0017-DINOC,54,45.2,Two year,Credit card (automatic),DSL,0,No,No,3,13,0.4444444444444444,652.75,1,0.0,24.64,4.068965517241379
1447-PJGGA,57,95.25,Two year,Electronic check,Fiber optic,0,No,No,3,21,0.9090909090909091,554.4,5,0.0,12.14,3.8260869565217392
8565-CLBZW,24,89.85,Month-to-month,Mailed check,Fiber optic,0,No,No,2,16,0.6,350.6666666666667,1,0.0,16.78,4.9411764705882355
9139-WQQDY,49,100.45,One year,Mailed check,Fiber optic,0,Yes,Yes,3,29,0.45,670.5555555555555,5,0.4,17.12,1.619047619047619
0224-HJAPT,5,47.15,Month-to-month,Electronic check,DSL,0,No,No,0,18,0.38461538461538464,462.6,1,0.0,56.76,0.0
8086-OVPWV,2,80.2,Month-to-month,Electronic check,Fiber optic,0,No,No,1,27,0.42105263157894735,583.5,5,0.8,52.66,4.0
9430-FRQOC,4,87.1,Month-to-month,Mailed check,Fiber optic,0,No,Yes,2,14,1.0,316.85714285714283,3,0.0,12.233333333333334,3.6666666666666665
7639-OPLNG,70,79.25,Two year,Bank transfer (automatic),DSL,0,Yes,Yes,5,30,0.5789473684210527,435.90909090909093,1,0.0,6.35,7.085714285714285
3074-GQWYX,5,75.9,Month-to-month,Bank transfer (automatic),Fiber optic,0,No,No,0,26,0.4444444444444444,613.875,1,0.0,86.51,0.0
1492-QGCLU,53,85.7,Month-to-month,Electronic check,DSL,0,Yes,Yes,5,25,0.3888888888888889,636.7142857142857,1,0.0,16.39,11.680851063829786
6845-RGTYS,47,98.75,Month-to-month,Electronic check,Fiber optic,0,Yes,No,4,16,0.6,527.1666666666666,5,0.4,6.420000000000001,2.392857142857143
7328-OWMOM,31,20.1,One year,Credit card (automatic),No,0,No,Yes,0,10,0.42857142857142855,423.3333333333333,0,0.0,0.0,0.0
4418-LZMSV,13,61.8,Month-to-month,Bank transfer (automatic),DSL,0,Yes,Yes,3,15,0.6666666666666666,688.8333333333334,0,0.0,0.0,3.5
5155-AZQPB,28,49.9,Month-to-month,Mailed check,DSL,0,Yes,Yes,0,16,0.3333333333333333,511.0,1,0.0,4.3,0.0
8861-HGGKB,10,86.45,Month-to-month,Electronic check,Fiber optic,0,No,No,1,13,0.4444444444444444,461.75,2,0.5,9.54,3.125
1087-GRUYI,38,20.4,Two year,Bank transfer (automatic),No,0,Yes,No,0,26,0.3684210526315789,644.8571428571429,1,0.0,12.24,0.0
7065-YUNRY,1,45.3,Month-to-month,Mailed check,DSL,0,No,No,0,12,1.0,516.0,3,0.3333333333333333,11.68,0.0
7694-VLBWQ,67,104.1,One year,Electronic check,Fiber optic,0,Yes,No,4,18,0.8,739.375,5,0.4,32.53333333333333,3.272727272727273
2546-KZAAT,52,75.4,One year,Mailed check,DSL,0,Yes,No,4,26,0.7333333333333333,547.8181818181819,5,0.0,7.172,4.052631578947368
0181-RITDD,62,108.15,Two year,Mailed check,Fiber optic,0,Yes,Yes,6,11,0.2222222222222222,386.5,1,0.0,13.65,13.304347826086957
5989-PGKJB,16,86.25,Month-to-month,Electronic check,Fiber optic,0,No,No,2,20,0.3333333333333333,201.6,1,0.0,9.76,6.7
8272-ONJLV,12,95.7,One year,Electronic check,Fiber optic,0,No,No,3,30,0.25,753.8333333333334,4,0.0,42.99,10.03125
1488-PBLJN,72,116.85,Two year,Bank transfer (automatic),Fiber optic,0,Yes,Yes,6,14,0.75,358.6666666666667,0,0.0,0.0,4.136363636363637
0308-GIQJT,71,105.75,One year,Bank transfer (automatic),Fiber optic,1,No,No,4,12,2.0,549.875,1,0.0,2.76,8.580645161290322
3778-FOAQW,24,20.15,One year,Mailed check,No,0,Yes,No,0,14,0.75,505.6666666666667,3,0.0,8.16,0.0
4452-ROHMO,15,19.6,Two year,Mailed check,No,0,No,No,0,20,1.5,565.4166666666666,3,0.0,18.55666666666667,0.0
6481-OGDOO,67,90.6,One year,Credit card (automatic),Fiber optic,0,Yes,No,3,10,0.1111111111111111,513.0,3,0.3333333333333333,3.9349999999999996,4.074074074074074
3090-LETTY,2,60.95,Month-to-month,Bank transfer (automatic),DSL,0,No,Yes,2,15,0.875,467.42857142857144,5,0.0,11.540000000000001,4.7894736842105265
5349-AZPEW,5,25.05,Month-to-month,Mailed check,DSL,0,Yes,Yes,0,21,0.6153846153846154,436.75,0,0.0,0.0,0.0
3753-TSEMP,15,88.15,Month-to-month,Electronic check,Fiber optic,0,Yes,No,2,24,0.7142857142857143,433.7,2,0.5,12.06,8.0
8305-VHZBZ,1,20.2,Month-to-month,Mailed check,No,0,No,No,0,27,0.42105263157894735,851.375,2,0.0,35.45,0.0
9720-JJJOR,41,60.3,One year,Bank transfer (automatic),DSL,0,Yes,Yes,3,18,0.8,551.5,1,0.0,4.05,8.133333333333333
8100-HZZLJ,43,63.95,Month-to-month,Electronic check,DSL,0,No,Yes,3,24,0.8461538461538461,627.9090909090909,2,0.0,2.71,3.72
8775-ERLNB,1,74.3,Month-to-month,Electronic check,Fiber optic,1,Yes,No,0,12,0.3333333333333333,652.6666666666666,3,0.0,3.4466666666666668,0.0
8309-IEYJD,1,70.6,Month-to-month,Mailed check,Fiber optic,1,No,No,0,14,0.5555555555555556,385.6,5,0.0,3.114,0.0
9172-JITSM,26,90.8,Month-to-month,Electronic check,Fiber optic,0,Yes,Yes,2,23,0.9166666666666666,411.09090909090907,5,0.2,9.5,7.363636363636363
6298-QDFNH,22,79.35,Month-to-month,Electronic check,Fiber optic,0,No,No,1,25,0.5625,350.0,0,0.0,0.0,2.5
7398-HPYZQ,71,90.55,Two year,Bank transfer (automatic),DSL,0,Yes,No,6,26,0.8571428571428571,546.75,0,0.0,0.0,8.491803278688524
3546-GHEAE,7,19.45,Two year,Mailed check,No,0,No,No,0,25,0.3157894736842105,592.5,1,0.0,35.44,0.0
7361-YPXFS,28,64.45,Month-to-month,Bank transfer (automatic),DSL,1,No,No,3,17,1.125,664.2222222222222,2,0.0,5.43,7.05
6557-BZXLQ,16,69.65,Month-to-month,Electronic check,Fiber optic,1,No,No,0,16,0.3333333333333333,860.5,0,0.0,0.0,0.0
2550-QHZGP,7,19.5,One year,Mailed check,No,0,No,No,0,13,0.625,544.6,2,0.0,13.379999999999999,0.0
7519-JTWQH,69,110.5,Two year,Bank transfer (automatic),Fiber optic,0,No,No,5,29,0.38095238095238093,581.875,0,0.0,0.0,2.5428571428571427
2538-OIMXF,1,24.7,Month-to-month,Mailed check,DSL,0,No,Yes,0,24,0.6,614.0,4,0.0,8.55,0.0
8543-MSDMF,3,77.4,Month-to-month,Electronic check,DSL,0,No,No,4,17,0.3076923076923077,491.0,2,0.0,36.03,4.282051282051282
9961-JBNMK,21,96.8,Month-to-month,Bank transfer (automatic),Fiber optic,1,No,No,3,16,0.6,544.5,1,0.0,11.79,8.764705882352942
1170-SASML,69,85.4,Month-to-month,Bank transfer (automatic),Fiber optic,0,Yes,No,2,13,0.3,262.0,3,0.0,39.330000000000005,3.176470588235294
4872-JCVCA,71,47.6,Two year,Bank transfer (automatic),DSL,0,Yes,No,4,24,0.5,297.75,1,0.0,3.97,14.78125
5346-BZCHP,69,19.4,Two year,Mailed check,No,0,Yes,Yes,0,15,0.25,370.0,0,0.0,0.0,0.0
2038-LLMLM,48,103.85,Month-to-month,Electronic check,Fiber optic,0,No,No,4,10,0.42857142857142855,536.6666666666666,0,0.0,0.0,5.166666666666667
6173-ITPWD,47,83.35,Month-to-month,Bank transfer (automatic),Fiber optic,0,Yes,No,2,16,0.45454545454545453,478.8,1,0.0,21.55,5.875
9734-UYXQI,2,49.4,Month-to-month,Electronic check,DSL,0,No,No,0,24,1.4,559.5,3,0.0,16.146666666666665,0.0
1216-BGTSP,45,108.45,Month-to-month,Credit card (automatic),Fiber optic,0,No,No,5,20,0.3333333333333333,433.2,3,0.0,2.2166666666666663,9.758620689655173
4138-NAXED,51,81.0,Month-to-month,Bank transfer (automatic),Fiber optic,0,No,No,1,29,0.5263157894736842,496.1,2,0.5,3.35,3.8461538461538463
2189-UXTKY,22,79.2,Month-to-month,Electronic check,DSL,0,Yes,No,4,13,0.08333333333333333,302.0,0,0.0,0.0,7.870967741935484
0744-BIKKF,72,86.65,Two year,Bank transfer (automatic),DSL,0,No,No,6,10,1.0,843.6,1,1.0,0.0,6.035714285714286
7483-IQWIB,37,92.95,Month-to-month,Electronic check,Fiber optic,0,Yes,Yes,3,21,0.4,528.6666666666666,2,0.0,13.165,3.08
5248-KWLAR,71,90.35,Two year,Electronic check,DSL,0,Yes,Yes,6,30,0.6666666666666666,507.75,2,0.0,3.855,8.719298245614034
4958-GZWIY,7,48.7,Month-to-month,Electronic check,DSL,0,Yes,Yes,1,24,0.6,544.0,5,0.6,30.01,6.4
7996-MHXLW,66,25.15,Two year,Credit card (automatic),No,0,No,No,0,26,0.7333333333333333,559.6363636363636,0,0.0,0.0,0.0
7833-PKIHD,51,76.4,One year,Bank transfer (automatic),DSL,0,Yes,Yes,4,29,0.2608695652173913,412.5,4,0.75,8.33,4.484848484848484
7061-OVMIM,30,19.55,One year,Bank transfer (automatic),No,0,Yes,Yes,0,19,0.46153846153846156,653.5,0,0.0,0.0,0.0
5153-RTHKF,34,85.35,Month-to-month,Electronic check,Fiber optic,0,No,No,1,16,0.6,514.5,4,0.0,13.64,2.3333333333333335
1852-QSWCD,64,24.8,Two year,Mailed check,No,0,Yes,Yes,0,18,0.8,438.125,1,1.0,0.0,0.0
4832-VRBMR,65,103.15,One year,Bank transfer (automatic),Fiber optic,1,Yes,No,4,30,0.2,341.8,0,0.0,0.0,5.526315789473684
9079-LWTFD,47,100.75,Month-to-month,Mailed check,Fiber optic,0,No,No,4,19,0.46153846153846156,684.5,4,0.75,5.63,14.375
6356-ELRKD,1,95.6,Month-to-month,Electronic check,Fiber optic,0,No,No,3,13,0.625,610.6,2,0.0,28.310000000000002,2.9
8624-GIOUT,49,59.75,Month-to-month,Credit card (automatic),DSL,0,No,No,2,27,0.6875,472.54545454545456,2,0.5,5.99,4.384615384615385
3392-EHMNK,67,94.1,Two year,Credit card (automatic),Fiber optic,0,Yes,Yes,3,29,0.5263157894736842,601.5,2,0.0,11.035,12.222222222222221
5986-WWXDV,39,19.35,One year,Bank transfer (automatic),No,0,No,Yes,0,26,0.3684210526315789,582.5714285714286,2,0.0,8.39,0.0
3061-BCKYI,14,19.9,Month-to-month,Mailed check,No,0,No,No,0,26,0.3,539.8333333333334,2,0.5,2.4,0.0
6179-GJPSO,43,108.15,Month-to-month,Credit card (automatic),Fiber optic,1,No,No,5,27,0.5,486.6666666666667,1,0.0,7.88,3.230769230769231
7901-TBKJX,56,101.05,Month-to-month,Electronic check,Fiber optic,1,No,No,3,10,1.5,508.1666666666667,4,0.25,24.94333333333333,8.666666666666666
7228-PAQPD,14,59.1,One year,Credit card (automatic),DSL,0,No,No,2,16,1.2857142857142858,569.6666666666666,0,0.0,0.0,2.3684210526315788
3177-LASXD,1,71.35,Month-to-month,Electronic check,Fiber optic,0,No,No,0,21,0.75,334.77777777777777,3,1.0,0.0,0.0
7746-QYVCO,16,55.85,One year,Mailed check,DSL,0,Yes,Yes,2,29,0.8125,771.2307692307693,4,0.25,2.2433333333333336,4.909090909090909
5804-HYIEZ,70,106.05,Month-to-month,Electronic check,Fiber optic,0,Yes,Yes,4,30,0.5,419.0,2,0.0,29.39,3.3055555555555554
9919-FZDED,72,84.1,Two year,Credit card (automatic),DSL,1,Yes,No,5,14,0.16666666666666666,373.0,1,0.0,7.53,7.0256410256410255
5934-TSSAU,23,75.3,Month-to-month,Credit card (automatic),Fiber optic,0,Yes,Yes,1,24,0.7142857142857143,496.8,3,0.0,10.36,7.666666666666667
3486-KHMLI,21,24.7,Month-to-month,Mailed check,No,0,No,Yes,0,14,0.5555555555555556,601.6,0,0.0,0.0,0.0
4897-QSUYC,1,20.15,Month-to-month,Mailed check,No,0,No,No,0,14,0.75,279.5,0,0.0,0.0,0.0
1084-UQCHV,1,69.75,Month-to-month,Bank transfer (automatic),Fiber optic,0,No,Yes,0,12,0.09090909090909091,766.0,1,1.0,0.0,0.0
8290-YWKHZ,32,93.2,Month-to-month,Electronic check,Fiber optic,1,Yes,No,2,17,0.4166666666666667,528.6,1,0.0,11.35,3.5454545454545454
2955-BJZHG,17,80.85,Month-to-month,Electronic check,Fiber optic,0,Yes,Yes,1,27,0.125,314.3333333333333,1,0.0,15.38,2.6666666666666665
3806-DXQOM,4,33.65,Month-to-month,Electronic check,DSL,0,No,No,2,25,0.6666666666666666,548.9,5,0.4,33.29666666666667,3.142857142857143
6784-XYJAE,36,55.8,One year,Electronic check,DSL,0,No,No,1,29,0.3181818181818182,611.4285714285714,2,0.0,4.8149999999999995,3.875
3933-DQPWX,50,39.7,Two year,Credit card (automatic),DSL,0,No,No,3,23,0.35294117647058826,500.3333333333333,1,0.0,2.48,5.730769230769231
6661-EIPZC,48,29.5,Month-to-month,Credit card (automatic),DSL,0,Yes,Yes,1,27,0.35,279.57142857142856,1,0.0,8.29,5.2
8957-THMOA,50,20.15,Two year,Credit card (automatic),No,0,No,Yes,0,16,0.7777777777777778,636.8571428571429,0,0.0,0.0,0.0
2251-PYLPB,72,79.55,Two year,Credit card (automatic),DSL,0,Yes,No,5,12,0.7142857142857143,683.2,1,0.0,11.44,5.645161290322581
5555-RNPGT,10,24.8,Month-to-month,Credit card (automatic),No,0,No,Yes,0,10,0.25,819.0,2,0.0,9.399999999999999,0.0
1057-FOGLZ,18,19.65,Month-to-month,Mailed check,No,0,No,No,0,10,0.25,711.0,2,1.0,0.0,0.0
9300-RENDD,1,79.95,Month-to-month,Electronic check,Fiber optic,0,No,No,1,23,0.7692307692307693,504.6,3,0.0,43.223333333333336,2.625
0761-AETCS,1,19.3,Month-to-month,Electronic check,No,0,No,No,0,25,0.7857142857142857,757.0,2,0.5,27.27,0.0
8087-LGYHQ,9,94.05,Month-to-month,Electronic check,Fiber optic,0,No,No,3,22,0.5714285714285714,387.0,2,0.5,1.94,14.2
4137-BTIKL,2,90.75,Month-to-month,Mailed check,Fiber optic,0,No,No,2,26,0.625,345.7,1,0.0,52.77,4.166666666666667
2190-BCXEC,40,78.85,Month-to-month,Credit card (automatic),Fiber optic,0,Yes,No,1,10,0.1111111111111111,115.0,3,0.0,5.079999999999999,2.6363636363636362
6227-FBDXH,69,99.5,One year,Bank transfer (automatic),Fiber optic,0,Yes,No,3,23,0.4375,633.1428571428571,0,0.0,0.0,8.65
2153-MREFK,37,99.2,One year,Electronic check,Fiber optic,0,Yes,No,4,17,1.125,617.6666666666666,0,0.0,0.0,1.6818181818181819
2911-WDXMV,18,80.55,Month-to-month,Credit card (automatic),Fiber optic,0,No,Yes,1,23,0.5333333333333333,435.125,2,0.5,2.08,4.6
7206-PQBBZ,11,70.2,Month-to-month,Electronic check,Fiber optic,1,Yes,No,0,23,0.6428571428571429,754.4444444444445,4,0.5,23.95,0.0
3106-ULWFW,8,85.2,Month-to-month,Credit card (automatic),Fiber optic,0,Yes,No,1,22,0.29411764705882354,522.4,3,0.3333333333333333,85.485,2.888888888888889
0925-VYDLG,3,75.25,Month-to-month,Electronic check,Fiber optic,0,No,No,0,26,0.3,474.8333333333333,2,0.5,16.62,0.0
4547-FZJWE,55,59.45,One year,Credit card (automatic),DSL,0,Yes,Yes,2,26,0.08333333333333333,274.0,1,0.0,21.33,3.0
7422-WNBTY,33,93.35,Month-to-month,Electronic check,Fiber optic,0,Yes,No,3,17,0.5454545454545454,733.3333333333334,5,0.0,22.782000000000004,5.285714285714286
0842-IWYCP,46,44.95,Month-to-month,Bank transfer (automatic),DSL,0,No,No,0,23,0.4375,461.14285714285717,5,0.0,3.7920000000000003,0.0
3521-HTQTV,34,26.1,Two year,Bank transfer (automatic),No,0,No,No,0,16,0.23076923076923078,362.3333333333333,2,0.0,5.405,0.0
3744-ZBHON,3,20.2,Month-to-month,Electronic check,No,0,No,No,0,23,0.5333333333333333,649.625,1,1.0,0.0,0.0
3373-DIUUN,30,21.25,Two year,Mailed check,No,0,Yes,Yes,0,12,0.5,544.0,0,0.0,0.0,0.0
8383-SGHJU,33,59.4,One year,Electronic check,DSL,0,No,No,2,15,0.6666666666666666,411.8333333333333,0,0.0,0.0,6.176470588235294
7607-QKKTJ,45,95.0,One year,Credit card (automatic),Fiber optic,0,Yes,Yes,3,30,0.30434782608695654,451.85714285714283,3,0.0,6.05,18.055555555555557
7707-PYBBH,40,61.9,Month-to-month,Mailed check,DSL,0,No,No,3,23,0.4375,434.85714285714283,4,0.0,10.23,8.86111111111111
8984-HPEMB,71,118.65,Two year,Electronic check,Fiber optic,0,No,No,6,26,0.23809523809523808,325.6,3,0.6666666666666666,4.75,7.333333333333333
4349-GFQHK,1,54.35,Month-to-month,Electronic check,DSL,0,No,No,1,24,0.6,434.0,1,1.0,0.0,7.571428571428571
4139-DETXS,72,64.45,Two year,Bank transfer (automatic),DSL,0,Yes,Yes,6,22,0.5714285714285714,436.875,0,0.0,0.0,5.404761904761905
9779-DPNEJ,22,80.15,Month-to-month,Electronic check,Fiber optic,0,Yes,Yes,1,11,2.6666666666666665,553.25,2,0.0,2.935,10.0
9805-FILKB,46,20.2,One year,Bank transfer (automatic),No,0,Yes,Yes,0,10,0.6666666666666666,749.25,3,0.3333333333333333,5.53,0.0
5793-YOLJN,55,21.0,Two year,Mailed check,No,0,Yes,Yes,0,30,0.42857142857142855,576.0,0,0.0,0.0,0.0
0673-IGUQO,1,20.45,Month-to-month,Mailed check,No,0,No,No,0,15,0.25,742.0,1,0.0,28.06,0.0
4123-FCVCB,12,75.85,One year,Mailed check,DSL,0,No,No,3,28,0.21739130434782608,532.2,1,0.0,16.02,5.3
8819-IMISP,31,80.45,Month-to-month,Electronic check,Fiber optic,0,No,No,1,14,0.75,630.1666666666666,1,0.0,12.7,8.333333333333334
7802-EFKNY,5,24.95,Month-to-month,Electronic check,DSL,0,Yes,No,0,12,1.0,388.5,0,0.0,0.0,0.0
8311-UEUAB,67,75.5,Two year,Electronic check,DSL,0,Yes,Yes,3,16,0.45454545454545453,464.4,2,0.5,9.36,4.25
5858-EAFCZ,1,44.45,Month-to-month,Mailed check,DSL,0,No,No,0,26,0.18181818181818182,349.25,3,0.0,11.766666666666666,0.0
8035-BUYVG,40,42.35,One year,Electronic check,DSL,0,Yes,No,3,30,0.36363636363636365,554.125,0,0.0,0.0,3.0
1163-ONYEY,41,74.55,Month-to-month,Credit card (automatic),DSL,0,Yes,Yes,4,28,0.5555555555555556,479.5,1,1.0,0.0,8.487179487179487
9787-XVQIU,1,75.3,Month-to-month,Electronic check,Fiber optic,0,No,No,0,14,0.4,476.25,1,1.0,0.0,0.0
8945-MUQUF,51,94.8,One year,Electronic check,Fiber optic,0,No,No,3,10,1.0,578.6,2,0.0,3.96,5.65
5656-MJEFC,42,48.15,Two year,Credit card (automatic),DSL,0,Yes,Yes,4,28,0.2727272727272727,338.0,0,0.0,0.0,7.3
6082-OQFBA,23,19.65,One year,Mailed check,No,0,Yes,Yes,0,30,0.6666666666666666,567.25,0,0.0,0.0,0.0
8051-HJRLT,1,70.55,Month-to-month,Electronic check,Fiber optic,1,No,No,0,15,0.36363636363636365,608.0,2,0.0,6.37,0.0
8974-OVACP,1,20.15,Month-to-month,Mailed check,No,0,No,No,0,15,0.07142857142857142,818.0,0,0.0,0.0,0.0
4010-YLMVT,56,106.6,Month-to-month,Credit card (automatic),Fiber optic,0,No,No,4,13,0.3,307.3333333333333,1,0.0,5.29,6.975609756097561
1379-FRVEB,15,91.0,Month-to-month,Electronic check,Fiber optic,0,No,Yes,2,12,0.3333333333333333,457.6666666666667,5,0.0,7.667999999999999,5.222222222222222
8612-GXIDD,12,25.4,Two year,Bank transfer (automatic),No,0,Yes,Yes,0,16,0.45454545454545453,401.0,0,0.0,0.0,0.0
6288-CHQJB,54,69.95,Two year,Bank transfer (automatic),DSL,0,Yes,Yes,4,14,0.16666666666666666,290.5,2,0.0,14.355,9.551724137931034
8160-HOWOX,7,66.85,Month-to-month,Electronic check,DSL,0,No,No,2,13,0.18181818181818182,281.5,3,0.0,6.136666666666667,3.5
3023-GFLBR,33,86.15,Month-to-month,Credit card (automatic),Fiber optic,0,Yes,Yes,1,26,0.625,526.3,1,0.0,16.25,13.2
6648-INWPS,16,20.15,Month-to-month,Electronic check,No,0,Yes,Yes,0,11,0.2222222222222222,749.5,1,0.0,17.35,0.0
4223-BKEOR,21,64.85,One year,Mailed check,DSL,0,No,Yes,3,20,0.6666666666666666,446.875,2,0.0,6.285,6.521739130434782
4079-VTGLK,30,74.85,Two year,Electronic check,DSL,1,Yes,No,3,20,0.25,495.5,1,0.0,8.77,12.04
1763-WQFUK,3,50.5,Month-to-month,Mailed check,DSL,0,No,No,1,18,0.5,550.1666666666666,3,0.6666666666666666,14.57,5.375
1391-UBDAR,11,72.9,Month-to-month,Electronic check,Fiber optic,0,No,No,1,11,1.2,322.6666666666667,3,0.0,14.33,6.666666666666667
8894-JVDCV,62,115.05,One year,Credit card (automatic),Fiber optic,0,No,No,6,30,0.36363636363636365,421.0,1,0.0,34.92,7.051724137931035
2023-VQFDL,18,19.0,Month-to-month,Electronic check,No,0,No,No,0,22,0.29411764705882354,409.8,1,0.0,30.17,0.0
1345-GKDZZ,6,19.55,Month-to-month,Mailed check,No,0,No,Yes,0,21,0.4,625.3333333333334,0,0.0,0.0,0.0
2014-MKGMH,46,101.1,One year,Electronic check,Fiber optic,0,No,No,3,27,0.35,461.14285714285717,2,0.5,11.81,3.1666666666666665
5628-FCGYG,21,84.1,Month-to-month,Electronic check,Fiber optic,0,No,No,1,13,0.8571428571428571,633.5,2,0.5,3.71,15.857142857142858
2560-WBWXF,68,24.15,Two year,Bank transfer (automatic),No,0,No,No,0,16,0.3333333333333333,462.0,0,0.0,0.0,0.0
0248-IPDFW,1,50.1,Month-to-month,Electronic check,DSL,0,No,No,0,19,0.35714285714285715,432.0,3,0.3333333333333333,10.155000000000001,0.0
7978-DKUQH,25,74.6,Month-to-month,Electronic check,Fiber optic,0,Yes,No,1,17,0.8888888888888888,515.0,4,0.25,9.483333333333333,5.142857142857143
4335-UPJSI,24,19.75,Two year,Mailed check,No,0,No,Yes,0,26,0.4444444444444444,502.375,3,0.0,5.12,0.0
0524-IAVZO,30,85.0,Month-to-month,Electronic check,Fiber optic,0,Yes,No,1,29,0.2608695652173913,308.3333333333333,5,0.6,15.035,1.75
2737-YNGYW,2,80.55,Month-to-month,Electronic check,Fiber optic,0,No,No,1,23,0.6428571428571429,411.1111111111111,3,0.6666666666666666,18.91,6.142857142857143
1784-EZDKJ,51,106.8,One year,Bank transfer (automatic),Fiber optic,0,Yes,No,4,10,0.25,325.0,2,1.0,0.0,5.0588235294117645
9297-FVVDH,57,84.5,Two year,Electronic check,DSL,0,Yes,Yes,5,24,0.6,490.3333333333333,0,0.0,0.0,5.065217391304348
8007-YYPWD,15,25.05,Two year,Bank transfer (automatic),No,0,No,No,0,21,0.23529411764705882,366.0,0,0.0,0.0,0.0
7101-HRBLJ,72,83.7,Two year,Bank transfer (automatic),DSL,0,Yes,Yes,6,14,0.16666666666666666,541.0,4,0.5,7.34,5.090909090909091
5159-YFPKQ,2,75.8,Month-to-month,Electronic check,Fiber optic,0,No,No,1,18,0.6363636363636364,474.42857142857144,5,0.4,90.88666666666666,6.8
6635-CPNUN,28,96.6,Month-to-month,Credit card (automatic),Fiber optic,0,Yes,No,3,12,0.3333333333333333,336.3333333333333,5,0.0,26.926,14.15
4021-RQSNY,29,98.5,Month-to-month,Electronic check,Fiber optic,1,Yes,No,3,19,0.7272727272727273,545.5,2,0.0,14.96,3.6666666666666665
5453-YBTWV,70,101.1,Two year,Credit card (automatic),Fiber optic,0,Yes,Yes,5,20,1.0,511.8,1,0.0,2.26,4.0
5039-LZRQT,13,20.2,One year,Mailed check,No,0,No,No,0,21,1.1,554.6363636363636,1,1.0,0.0,0.0
2931-VUVJN,59,94.05,One year,Electronic check,Fiber optic,1,Yes,No,4,13,0.625,495.8,2,0.0,6.83,20.225806451612904
9061-TIHDA,13,95.25,Month-to-month,Electronic check,Fiber optic,1,Yes,No,2,27,0.9285714285714286,536.6153846153846,4,0.5,14.51,5.230769230769231
8699-ASUFO,7,74.4,Month-to-month,Mailed check,Fiber optic,1,Yes,No,0,16,0.6,497.6666666666667,2,0.0,15.46,0.0
6418-PIQSP,62,81.0,Two year,Mailed check,DSL,0,Yes,No,5,14,0.4,623.75,1,1.0,0.0,6.25
8220-OCUFY,21,60.25,One year,Electronic check,DSL,0,No,No,3,21,0.75,609.0,1,0.0,11.85,3.0689655172413794
3995-WFCSM,2,60.85,Month-to-month,Electronic check,DSL,0,No,No,2,21,0.9090909090909091,582.1,1,1.0,0.0,3.5
1895-QTKDO,1,43.95,Month-to-month,Credit card (automatic),DSL,0,No,No,0,15,0.25,217.66666666666666,2,0.0,8.57,0.0
2038-OEQZH,4,86.05,Month-to-month,Electronic check,Fiber optic,0,No,No,2,12,0.5,652.75,1,0.0,9.77,10.23076923076923
1178-PZGAB,19,20.25,One year,Credit card (automatic),No,0,No,No,0,15,1.1428571428571428,525.125,3,0.0,7.323333333333333,0.0
7927-AUXBZ,30,85.15,Month-to-month,Electronic check,Fiber optic,0,No,No,2,24,0.7142857142857143,385.3,1,0.0,16.05,7.4
2626-VEEWG,67,19.4,Two year,Credit card (automatic),No,0,Yes,Yes,0,20,0.6666666666666666,280.5,1,0.0,1.81,0.0
2878-RMWXY,72,102.65,Two year,Credit card (automatic),Fiber optic,1,Yes,No,4,15,1.1428571428571428,523.75,1,1.0,0.0,9.448275862068966
1657-DYMBM,53,19.9,Two year,Credit card (automatic),No,0,Yes,No,0,10,0.1111111111111111,767.0,1,0.0,13.7,0.0
7311-MQJCH,5,19.55,One year,Electronic check,No,0,No,No,0,23,0.4375,509.42857142857144,3,0.6666666666666666,3.09,0.0
7375-WMVMT,71,95.5,Two year,Credit card (automatic),Fiber optic,1,Yes,No,4,27,0.6875,941.9090909090909,0,0.0,0.0,9.666666666666666
1136-XGEQU,50,84.15,One year,Credit card (automatic),DSL,0,Yes,Yes,5,12,0.5,292.75,1,1.0,0.0,3.15625
2530-FMFXO,56,103.2,Two year,Electronic check,Fiber optic,0,Yes,Yes,4,22,0.8333333333333334,685.6,3,0.3333333333333333,3.9050000000000002,2.3125
6844-DZKRF,2,50.2,Month-to-month,Credit card (automatic),DSL,0,No,No,1,20,0.25,350.5,2,0.0,7.9799999999999995,9.555555555555555
4695-WJZUE,2,88.55,Month-to-month,Electronic check,Fiber optic,1,No,No,2,10,1.0,404.8,4,0.0,12.6,3.375
7619-ODSGN,24,54.75,Month-to-month,Electronic check,DSL,0,Yes,Yes,1,26,1.0,518.2307692307693,5,0.4,10.909999999999998,4.333333333333333
5970-GHJAW,46,19.95,Two year,Credit card (automatic),No,0,Yes,Yes,0,24,0.7142857142857143,523.2,1,0.0,22.97,0.0
8879-XUAHX,71,116.25,Two year,Electronic check,Fiber optic,0,Yes,No,6,22,0.5714285714285714,492.75,1,0.0,8.55,11.979166666666666
3689-MOZGR,29,31.2,Month-to-month,Electronic check,DSL,0,No,No,1,13,0.3,356.6666666666667,0,0.0,0.0,4.666666666666667
4195-PNGZS,69,24.45,Two year,Bank transfer (automatic),No,0,Yes,Yes,0,11,0.5714285714285714,642.75,0,0.0,0.0,0.0
5003-XZWWO,71,84.2,Two year,Credit card (automatic),DSL,0,Yes,No,5,20,0.42857142857142855,667.3333333333334,1,0.0,101.66,7.944444444444445
3988-RQIXO,1,91.3,Month-to-month,Electronic check,Fiber optic,1,No,No,2,17,0.13333333333333333,304.0,1,0.0,18.42,8.615384615384615
7622-FWGEW,56,85.65,Two year,Bank transfer (automatic),DSL,1,Yes,No,6,12,0.7142857142857143,684.2,2,0.5,12.65,4.487804878048781
6922-NCEDI,56,21.2,One year,Mailed check,No,0,No,Yes,0,10,0.6666666666666666,542.25,1,0.0,1.14,0.0
2514-GINMM,1,79.5,Month-to-month,Electronic check,Fiber optic,0,No,No,1,30,0.5,501.3,2,0.0,71.64,5.142857142857143
9891-NQDBD,28,25.55,One year,Mailed check,No,0,Yes,No,0,27,0.5,474.8888888888889,1,0.0,4.04,0.0
6131-IUNXN,19,20.2,Month-to-month,Mailed check,No,0,Yes,Yes,0,17,0.4166666666666667,400.2,1,0.0,7.27,0.0
8548-AWOFC,66,63.85,Month-to-month,Electronic check,DSL,0,Yes,No,2,26,0.5294117647058824,239.22222222222223,0,0.0,0.0,19.565217391304348
9798-DRYDS,17,61.95,One year,Mailed check,DSL,0,Yes,Yes,2,18,0.125,274.0,0,0.0,0.0,4.0
8532-UEFWH,52,25.75,Two year,Mailed check,No,0,Yes,Yes,0,17,0.3076923076923077,451.25,2,0.0,2.92,0.0
6296-DDOOR,19,58.2,One year,Electronic check,DSL,0,No,No,2,11,0.375,977.6666666666666,1,1.0,0.0,12.083333333333334
7951-VRDVK,36,85.85,One year,Bank transfer (automatic),DSL,0,No,No,6,10,0.6666666666666666,664.75,1,0.0,15.65,12.837209302325581
5931-FLJJF,7,70.1,Month-to-month,Mailed check,Fiber optic,1,Yes,No,0,23,0.15,399.3333333333333,2,1.0,0.0,0.0
4815-YOSUK,72,104.9,One year,Credit card (automatic),Fiber optic,0,Yes,Yes,5,26,0.3684210526315789,463.14285714285717,0,0.0,0.0,4.590909090909091
2659-VXMWZ,67,111.3,One year,Electronic check,Fiber optic,0,Yes,Yes,5,30,0.42857142857142855,534.3333333333334,1,0.0,6.34,9.628571428571428
0380-NEAVX,34,99.85,One year,Electronic check,Fiber optic,1,No,No,4,10,0.25,521.5,2,0.0,1.82,12.151515151515152
3207-OYBWH,57,95.25,Month-to-month,Bank transfer (automatic),Fiber optic,1,Yes,No,3,11,0.5714285714285714,389.25,2,0.5,29.16,8.466666666666667
4285-GYRQC,7,86.25,Month-to-month,Electronic check,Fiber optic,0,Yes,No,2,17,0.4166666666666667,412.8,1,0.0,25.61,3.4285714285714284
7216-EWTRS,1,100.8,Month-to-month,Electronic check,Fiber optic,1,Yes,No,3,23,0.4375,655.1428571428571,2,0.5,12.89,5.0
4365-MSDYN,8,19.55,Month-to-month,Bank transfer (automatic),No,0,Yes,No,0,16,0.6,550.3333333333334,2,0.0,25.784999999999997,0.0
7036-TYDEC,69,104.0,Two year,Electronic check,Fiber optic,0,No,No,4,19,0.9,463.22222222222223,1,0.0,6.52,6.884615384615385
5802-ADBRC,50,104.4,One year,Mailed check,Fiber optic,0,Yes,No,4,29,0.38095238095238093,422.375,5,0.2,10.1725,4.972972972972973
8076-FEZKJ,10,19.5,One year,Mailed check,No,0,No,No,0,14,0.2727272727272727,314.0,1,0.0,4.49,0.0
5197-YPYBZ,12,25.25,Two year,Credit card (automatic),No,0,Yes,Yes,0,20,0.8181818181818182,467.22222222222223,0,0.0,0.0,0.0
8337-MSSXB,14,86.3,Month-to-month,Electronic check,Fiber optic,0,No,No,2,28,0.5555555555555556,576.0,5,0.0,158.748,4.375
4312-GVYNH,70,49.85,Two year,Bank transfer (automatic),DSL,0,Yes,No,4,27,0.5882352941176471,606.7,1,0.0,4.11,14.463414634146341
8495-LJDFO,64,108.95,Month-to-month,Bank transfer (automatic),Fiber optic,1,No,No,5,14,0.2727272727272727,712.6666666666666,1,0.0,20.58,2.59375
0839-JTCUD,66,89.9,Two year,Credit card (automatic),DSL,0,Yes,Yes,6,24,0.7142857142857143,609.8,1,0.0,12.43,2.5
5494-WOZRZ,71,82.0,Two year,Credit card (automatic),DSL,0,Yes,Yes,5,16,0.45454545454545453,411.0,0,0.0,0.0,7.6
1302-UHBDD,20,89.95,Month-to-month,Electronic check,Fiber optic,1,No,No,2,14,0.2727272727272727,476.6666666666667,3,0.3333333333333333,5.28,6.55
2234-EOFPT,72,79.35,Two year,Bank transfer (automatic),DSL,0,Yes,No,5,28,0.3333333333333333,352.57142857142856,1,0.0,7.47,3.2
8619-IJNDK,71,64.05,Two year,Credit card (automatic),DSL,0,Yes,Yes,4,11,0.375,388.0,2,0.0,13.0,5.125
8378-LKJAF,38,101.15,Month-to-month,Credit card (automatic),Fiber optic,0,Yes,Yes,3,30,1.5,641.2777777777778,3,0.3333333333333333,2.605,9.88888888888889
8182-BJDSI,28,89.95,Month-to-month,Electronic check,Fiber optic,0,No,No,2,18,0.38461538461538464,446.6,4,0.5,13.735,4.111111111111111
2528-HFYZX,17,76.45,Month-to-month,Electronic check,Fiber optic,1,Yes,No,1,13,0.4444444444444444,708.0,1,1.0,0.0,10.0
1153-GNOLC,33,39.1,One year,Electronic check,DSL,0,No,No,2,27,0.42105263157894735,272.375,4,0.25,5.413333333333334,5.277777777777778
3298-QEICA,23,34.6,Two year,Mailed check,DSL,0,Yes,Yes,2,28,0.6470588235294118,705.3636363636364,2,0.0,7.02,21.666666666666668
0788-DXBFY,58,19.55,One year,Electronic check,No,0,Yes,Yes,0,25,0.6666666666666666,408.2,2,1.0,0.0,0.0
3597-YASZG,70,104.45,Two year,Bank transfer (automatic),Fiber optic,1,Yes,No,4,25,0.3888888888888889,334.42857142857144,0,0.0,0.0,7.162162162162162
3496-LFSZU,4,70.5,Month-to-month,Electronic check,Fiber optic,0,Yes,No,0,13,0.08333333333333333,859.0,5,0.4,3.59,0.0
5242-UOWHD,45,20.35,Two year,Mailed check,No,0,Yes,Yes,0,19,1.375,513.8181818181819,2,0.0,3.62,0.0
2482-CZGBB,10,70.0,Month-to-month,Electronic check,Fiber optic,0,No,No,0,23,0.5333333333333333,391.75,4,0.5,12.434999999999999,0.0
6479-SZPLM,36,19.45,Two year,Credit card (automatic),No,0,Yes,Yes,0,24,0.3333333333333333,405.8333333333333,1,0.0,3.48,0.0
8097-VBQTZ,54,69.9,Month-to-month,Mailed check,DSL,0,No,No,4,24,0.7142857142857143,500.6,0,0.0,0.0,4.7272727272727275
4500-HKANN,23,59.7,Two year,Mailed check,DSL,0,Yes,Yes,2,14,0.4,588.0,1,1.0,0.0,9.642857142857142
9917-KWRBE,41,78.35,One year,Credit card (automatic),DSL,0,Yes,Yes,4,12,0.5,492.25,3,0.3333333333333333,9.99,12.28
3420-ZDBMA,5,71.45,Month-to-month,Mailed check,Fiber optic,1,No,No,0,15,0.15384615384615385,407.0,2,0.0,5.984999999999999,0.0
2212-LYASK,27,45.85,One year,Credit card (automatic),DSL,0,Yes,Yes,3,30,0.6666666666666666,551.5,4,0.0,18.1775,3.3529411764705883
1393-IMKZG,1,95.85,Month-to-month,Electronic check,Fiber optic,0,No,No,3,13,0.625,540.2,0,0.0,0.0,9.04
8069-RHUXK,67,35.7,Two year,Credit card (automatic),DSL,0,Yes,Yes,2,21,0.6153846153846154,485.75,2,0.0,4.08,5.75
3398-GCPMU,72,89.55,Two year,Credit card (automatic),DSL,1,Yes,Yes,6,12,0.3333333333333333,387.6666666666667,2,0.0,5.29,5.458333333333333
2908-WGAXL,56,24.95,Two year,Credit card (automatic),No,0,Yes,Yes,0,21,1.1,586.7272727272727,0,0.0,0.0,0.0
3378-AJRAO,44,24.85,One year,Electronic check,No,0,Yes,Yes,0,11,0.5714285714285714,505.75,2,0.0,5.59,0.0
1013-QCWAM,66,100.8,Month-to-month,Electronic check,Fiber optic,1,Yes,No,3,27,0.35,362.14285714285717,2,0.0,26.325,11.2
0866-QLSIR,34,64.4,One year,Mailed check,DSL,0,No,No,3,14,0.5555555555555556,297.2,0,0.0,0.0,3.7222222222222223
6050-FFXES,69,105.35,Two year,Bank transfer (automatic),Fiber optic,0,Yes,No,4,27,0.5882352941176471,416.1,0,0.0,0.0,10.375
7181-BQYBV,1,102.45,Month-to-month,Electronic check,Fiber optic,0,Yes,Yes,4,28,0.5555555555555556,359.7,4,0.25,18.27,2.0
0362-RAOQO,40,19.65,Two year,Credit card (automatic),No,0,No,No,0,11,0.375,406.3333333333333,0,0.0,0.0,0.0
9554-DFKIC,30,54.45,Month-to-month,Bank transfer (automatic),DSL,0,Yes,Yes,1,24,1.0,669.25,4,0.25,10.853333333333333,5.2
5527-ACHSO,11,70.5,Month-to-month,Mailed check,DSL,0,No,No,3,28,0.5555555555555556,396.1,1,0.0,3.94,4.956521739130435
0829-DDVLK,15,20.1,One year,Credit card (automatic),No,0,No,No,0,19,0.1875,612.3333333333334,4,0.0,2.0975,0.0
1399-UBQIU,11,69.35,Month-to-month,Electronic check,DSL,0,No,No,3,17,1.125,553.6666666666666,2,1.0,0.0,5.296296296296297
1813-JLKWR,64,19.8,One year,Bank transfer (automatic),No,0,Yes,Yes,0,29,0.45,337.6666666666667,1,0.0,2.86,0.0
0336-PIKEI,72,74.4,Two year,Bank transfer (automatic),DSL,1,Yes,No,5,29,0.5263157894736842,553.4,0,0.0,0.0,3.9622641509433962
7322-OCWHC,72,93.05,Two year,Bank transfer (automatic),Fiber optic,1,Yes,No,4,26,0.625,761.2,4,0.0,2.5475,7.953488372093023
9537-VHDTA,1,51.2,Month-to-month,Mailed check,DSL,0,No,Yes,1,12,0.5,449.0,4,0.0,64.58,10.5
4957-TIALW,15,65.6,One year,Credit card (automatic),DSL,0,No,Yes,4,18,1.0,708.3333333333334,0,0.0,0.0,6.486486486486487
2054-PJOCK,60,80.55,One year,Credit card (automatic),DSL,0,No,No,4,16,0.7777777777777778,461.7142857142857,0,0.0,0.0,8.206896551724139
9150-HEPMB,56,52.7,One year,Mailed check,DSL,0,No,No,2,15,0.875,458.42857142857144,2,0.5,10.07,5.875
9030-QGZNL,8,20.85,Two year,Mailed check,No,0,No,No,0,12,0.5,445.75,0,0.0,0.0,0.0
6204-IEUXJ,3,80.1,Month-to-month,Credit card (automatic),Fiber optic,0,No,No,2,20,0.42857142857142855,247.16666666666666,0,0.0,0.0,3.727272727272727
3126-WQMGH,49,52.15,Month-to-month,Credit card (automatic),DSL,0,Yes,No,0,20,0.17647058823529413,346.3333333333333,3,0.0,8.123333333333333,0.0
4529-CKBCL,2,80.2,Month-to-month,Electronic check,Fiber optic,0,No,No,1,10,1.0,407.8,2,0.5,4.47,6.285714285714286
2506-CLAKW,6,98.15,Month-to-month,Bank transfer (automatic),Fiber optic,0,No,No,5,19,0.5833333333333334,702.0,2,0.5,9.87,4.85
7176-WRTNX,70,114.95,Two year,Bank transfer (automatic),Fiber optic,0,No,No,6,30,0.42857142857142855,391.55555555555554,0,0.0,0.0,5.147540983606557
1583-IHQZE,12,112.95,Month-to-month,Mailed check,Fiber optic,0,No,No,5,17,0.5454545454545454,471.1666666666667,2,0.5,27.41,2.6551724137931036
5732-IKGQH,52,104.45,One year,Bank transfer (automatic),Fiber optic,1,Yes,No,5,20,1.8571428571428572,553.0769230769231,0,0.0,0.0,23.275
9239-GZHZE,72,113.65,Two year,Credit card (automatic),Fiber optic,0,Yes,No,6,25,0.47058823529411764,577.75,0,0.0,0.0,11.023255813953488
7205-BAIAD,40,20.6,Two year,Bank transfer (automatic),No,0,No,No,0,26,1.1666666666666667,699.6428571428571,2,0.0,4.2749999999999995,0.0
0151-ONTOV,1,70.9,Month-to-month,Mailed check,Fiber optic,0,No,No,0,30,0.42857142857142855,418.6666666666667,2,0.5,28.74,0.0
4140-MUHUG,3,86.85,Month-to-month,Electronic check,Fiber optic,1,No,No,2,27,0.5882352941176471,575.6,2,0.5,78.93,3.7142857142857144
0093-EXYQL,40,91.55,Month-to-month,Electronic check,Fiber optic,1,No,No,2,27,0.42105263157894735,353.625,1,0.0,4.42,3.1666666666666665
8064-RAVOH,1,49.85,Month-to-month,Electronic check,DSL,0,No,Yes,1,10,0.42857142857142855,273.6666666666667,3,0.0,2.37,5.0
0219-QAERP,30,19.8,One year,Credit card (automatic),No,0,Yes,No,0,28,1.1538461538461537,571.0666666666667,1,0.0,13.34,0.0
0320-JDNQG,23,99.85,Month-to-month,Electronic check,Fiber optic,0,Yes,Yes,4,23,0.5333333333333333,1057.5,2,0.0,28.365000000000002,9.055555555555555
7180-PISOG,1,74.5,Month-to-month,Electronic check,Fiber optic,0,Yes,Yes,0,23,0.35294117647058826,483.3333333333333,1,0.0,4.32,0.0
9168-INPSZ,44,104.15,Month-to-month,Electronic check,Fiber optic,1,Yes,No,4,11,0.375,795.3333333333334,0,0.0,0.0,4.918918918918919
3571-RFHAR,65,109.15,Month-to-month,Electronic check,Fiber optic,0,No,No,5,28,0.3333333333333333,375.42857142857144,1,1.0,0.0,2.2580645161290325
0015-UOCOJ,7,48.2,Month-to-month,Electronic check,DSL,1,No,No,1,23,0.5333333333333333,536.0,2,0.0,10.290000000000001,4.6
5334-AFQJB,72,25.1,Two year,Credit card (automatic),No,1,No,No,0,18,0.2,270.3333333333333,0,0.0,0.0,0.0
2754-SDJRD,8,100.15,Month-to-month,Credit card (automatic),Fiber optic,1,No,No,3,18,0.8,695.875,2,0.0,12.100000000000001,3.6551724137931036
9578-VRMNM,16,65.2,Month-to-month,Credit card (automatic),DSL,0,No,No,2,22,0.29411764705882354,584.8,1,0.0,18.54,2.9285714285714284
1587-FKLZB,66,99.5,Month-to-month,Credit card (automatic),Fiber optic,1,Yes,Yes,3,11,0.1,291.0,1,1.0,0.0,4.5
6140-QNRQQ,1,71.55,Month-to-month,Mailed check,Fiber optic,0,No,No,0,13,0.18181818181818182,544.5,0,0.0,0.0,0.0
8963-JLGJT,3,55.9,Month-to-month,Mailed check,DSL,0,No,Yes,2,23,1.875,592.3333333333334,3,0.0,7.866666666666667,12.176470588235293
4307-KTUMW,53,93.9,Month-to-month,Electronic check,Fiber optic,0,Yes,No,3,22,0.1,456.0,3,0.6666666666666666,63.4,7.055555555555555
1465-LNTLJ,8,64.4,Month-to-month,Credit card (automatic),DSL,1,Yes,No,3,19,0.7272727272727273,478.0,1,0.0,9.84,11.5
5440-FLBQG,69,108.4,Two year,Bank transfer (automatic),Fiber optic,1,Yes,No,5,18,0.5,351.0,2,0.5,7.56,2.727272727272727
2135-DQWAQ,5,85.3,Month-to-month,Mailed check,Fiber optic,0,No,No,2,12,0.7142857142857143,556.6,2,0.0,7.2299999999999995,4.95
4056-QHXHZ,72,107.45,Two year,Mailed check,Fiber optic,0,Yes,Yes,5,11,1.2,991.0,0,0.0,0.0,3.590909090909091
7470-MCQTK,13,48.75,Month-to-month,Bank transfer (automatic),DSL,0,Yes,No,3,30,0.36363636363636365,376.625,0,0.0,0.0,3.0869565217391304
7488-MXJIV,4,85.65,Month-to-month,Electronic check,Fiber optic,0,No,No,1,25,0.3888888888888889,405.2857142857143,2,0.0,3.745,4.25
7401-JIXNM,54,91.3,Two year,Credit card (automatic),DSL,0,Yes,Yes,6,30,0.5,573.9,0,0.0,0.0,6.30188679245283
9339-FIIJL,72,85.95,Two year,Bank transfer (automatic),DSL,0,Yes,No,5,14,0.75,418.8333333333333,0,0.0,0.0,5.588235294117647
2027-FECZV,12,106.7,Month-to-month,Electronic check,Fiber optic,0,No,No,4,15,0.36363636363636365,376.5,2,0.5,3.53,2.727272727272727
2672-DZUOY,1,25.15,Month-to-month,Electronic check,DSL,0,No,No,0,20,0.17647058823529413,278.3333333333333,0,0.0,0.0,0.0
4706-DGAHW,1,45.2,Month-to-month,Electronic check,DSL,1,No,No,0,27,0.6875,690.4545454545455,5,0.4,3.3200000000000003,0.0
3870-MQAMG,54,110.35,One year,Electronic check,Fiber optic,0,Yes,No,5,12,0.7142857142857143,532.0,0,0.0,0.0,6.863636363636363
6670-MFRPK,69,79.2,Two year,Credit card (automatic),Fiber optic,0,Yes,Yes,1,12,0.7142857142857143,696.4,3,0.0,10.306666666666667,4.75
6177-PEVRA,48,55.5,Two year,Credit card (automatic),DSL,0,No,No,2,25,1.0833333333333333,527.6153846153846,2,0.0,2.2649999999999997,5.466666666666667
4800-CZMPC,48,103.25,One year,Credit card (automatic),Fiber optic,0,Yes,Yes,4,29,1.4166666666666667,533.4705882352941,5,0.6,1.275,3.6
4813-HQMGZ,8,90.25,Month-to-month,Electronic check,Fiber optic,0,Yes,No,2,22,1.0,336.8181818181818,0,0.0,0.0,2.375
7579-KKLOE,71,91.25,Two year,Mailed check,DSL,0,Yes,Yes,6,28,0.4,499.625,1,0.0,3.88,10.30952380952381
7377-DMMRI,2,47.8,Month-to-month,Electronic check,DSL,0,No,No,1,15,1.5,629.4444444444445,2,1.0,0.0,4.222222222222222
8402-EIVQS,67,100.9,One year,Credit card (automatic),Fiber optic,0,Yes,No,4,26,0.3,635.1666666666666,4,0.0,13.105,4.138888888888889
4947-DSMXK,34,97.7,Month-to-month,Bank transfer (automatic),Fiber optic,0,Yes,Yes,3,11,0.2222222222222222,243.5,5,0.0,10.372,8.882352941176471
7245-NIIWQ,3,69.85,Month-to-month,Electronic check,Fiber optic,0,No,No,0,22,0.5714285714285714,453.625,5,0.4,4.213333333333334,0.0
0002-ORFBO,9,65.6,One year,Mailed check,DSL,0,Yes,Yes,3,15,0.36363636363636365,883.0,1,0.0,3.17,5.806451612903226
3324-OIRTO,71,104.65,One year,Bank transfer (automatic),Fiber optic,0,Yes,Yes,5,29,0.45,492.6666666666667,1,0.0,43.93,3.0232558139534884
5414-OFQCB,57,90.45,Two year,Credit card (automatic),Fiber optic,0,No,No,2,14,0.4,460.5,0,0.0,0.0,3.2
4967-WPNCF,72,63.7,Two year,Bank transfer (automatic),DSL,0,No,No,6,15,0.36363636363636365,413.75,1,0.0,15.02,6.2
8552-OBVRU,48,104.5,Month-to-month,Electronic check,Fiber optic,1,Yes,Yes,5,17,0.8888888888888888,758.375,0,0.0,0.0,7.095238095238095
8499-BRXTD,18,20.1,One year,Mailed check,No,0,No,No,0,12,1.0,633.0,3,0.0,2.5533333333333332,0.0
9154-QDGTH,43,104.3,One year,Credit card (automatic),Fiber optic,0,Yes,Yes,4,25,0.3157894736842105,545.0,1,0.0,7.32,7.2
8197-BFWVU,72,93.25,Two year,Bank transfer (automatic),DSL,0,Yes,Yes,6,25,0.6666666666666666,368.2,1,1.0,0.0,2.9516129032258065
2577-GVSIL,35,73.45,One year,Bank transfer (automatic),DSL,0,Yes,Yes,3,24,0.5,525.625,0,0.0,0.0,5.321428571428571
9367-OIUXP,4,20.7,Month-to-month,Mailed check,No,0,No,No,0,28,0.4,530.25,0,0.0,0.0,0.0
6770-UAYGJ,49,25.25,Two year,Mailed check,No,0,Yes,Yes,0,23,0.9166666666666666,512.1818181818181,1,0.0,17.24,0.0
6463-HHXJR,71,100.5,Two year,Bank transfer (automatic),Fiber optic,0,Yes,Yes,4,15,0.5,480.4,2,0.0,12.645,6.76
7928-VJYAB,11,90.6,Month-to-month,Electronic check,Fiber optic,0,Yes,Yes,2,10,0.6666666666666666,482.75,2,0.5,5.33,4.0
1187-WILMM,63,89.4,Two year,Credit card (automatic),DSL,0,Yes,Yes,6,16,0.7777777777777778,535.8571428571429,1,0.0,22.82,4.465116279069767
9776-OJUZI,65,95.45,Month-to-month,Bank transfer (automatic),Fiber optic,1,No,No,3,20,0.8181818181818182,529.3333333333334,0,0.0,0.0,8.0
1306-RPWXZ,49,20.45,Two year,Credit card (automatic),No,0,No,Yes,0,25,0.5625,810.5555555555555,1,1.0,0.0,0.0
8949-JTMAY,29,98.6,Month-to-month,Credit card (automatic),Fiber optic,0,No,No,3,17,0.7,516.4285714285714,1,0.0,10.43,2.8823529411764706
2774-LVQUS,15,83.05,Month-to-month,Electronic check,Fiber optic,1,Yes,No,2,20,0.5384615384615384,289.0,2,0.0,8.67,3.272727272727273
3097-PYWXL,4,19.95,Month-to-month,Electronic check,No,0,Yes,Yes,0,10,0.6666666666666666,699.25,2,0.0,7.6899999999999995,0.0
2266-SJNAT,72,109.15,One year,Credit card (automatic),Fiber optic,0,Yes,No,5,10,1.5,503.3333333333333,2,0.0,16.105,6.785714285714286
0869-PAPRP,26,85.7,Month-to-month,Credit card (automatic),Fiber optic,1,Yes,No,2,22,0.5714285714285714,328.125,2,0.0,3.06,8.4
4238-JSSWH,35,102.05,Month-to-month,Bank transfer (automatic),Fiber optic,1,Yes,No,3,15,0.5,303.0,0,0.0,0.0,5.378378378378378
2972-YDYUW,57,94.7,One year,Electronic check,Fiber optic,0,No,No,3,16,1.0,558.0,0,0.0,0.0,5.75
1104-FEJAM,28,64.4,Month-to-month,Electronic check,DSL,0,Yes,Yes,2,25,0.7857142857142857,681.0,1,0.0,47.98,2.4285714285714284
2809-ILCYT,25,26.8,One year,Mailed check,No,0,Yes,No,0,28,0.3333333333333333,539.4285714285714,0,0.0,0.0,0.0
5499-ECUTN,47,66.05,One year,Credit card (automatic),DSL,0,Yes,No,3,16,1.0,771.875,1,0.0,2.48,5.862068965517241
4981-FLTMF,57,65.2,Month-to-month,Bank transfer (automatic),DSL,0,Yes,Yes,3,13,0.4444444444444444,524.25,2,0.0,14.080000000000002,2.413793103448276
9121-PHQSR,16,85.05,Month-to-month,Credit card (automatic),Fiber optic,1,Yes,No,1,17,0.4166666666666667,843.0,1,0.0,17.81,6.4
3113-IWHLC,5,55.8,Month-to-month,Mailed check,DSL,0,No,No,2,27,0.8,541.5,3,0.0,5.833333333333333,6.2272727272727275
3211-ILJTT,17,70.4,Month-to-month,Bank transfer (automatic),Fiber optic,0,Yes,No,0,22,0.29411764705882354,243.2,4,1.0,0.0,0.0
4612-THJBS,56,104.75,One year,Bank transfer (automatic),Fiber optic,1,No,No,4,24,0.6,466.55555555555554,1,0.0,19.15,4.391304347826087
4277-BWBML,72,19.95,Two year,Bank transfer (automatic),No,0,Yes,Yes,0,25,0.6666666666666666,548.0,0,0.0,0.0,0.0
4094-NSEDU,21,94.25,Month-to-month,Electronic check,Fiber optic,1,No,No,2,16,0.45454545454545453,858.4,2,0.0,32.96,6.846153846153846
0234-TEVTT,48,45.0,One year,Credit card (automatic),DSL,0,Yes,Yes,3,30,0.42857142857142855,366.44444444444446,1,1.0,0.0,7.32258064516129
4304-TSPVK,68,114.9,Two year,Bank transfer (automatic),Fiber optic,0,Yes,No,6,18,0.2857142857142857,278.0,0,0.0,0.0,38.5
1552-AAGRX,30,106.4,Month-to-month,Bank transfer (automatic),Fiber optic,0,No,No,4,23,0.7692307692307693,588.3,0,0.0,0.0,19.379310344827587
2637-FKFSY,3,46.1,Month-to-month,Mailed check,DSL,0,Yes,No,0,16,0.6,632.6666666666666,3,0.6666666666666666,2.03,0.0
9796-MVYXX,14,39.7,Two year,Mailed check,DSL,1,No,No,3,12,0.3333333333333333,647.6666666666666,1,1.0,0.0,15.541666666666666
7874-ECPQJ,4,20.05,Month-to-month,Bank transfer (automatic),No,0,No,Yes,0,27,0.5882352941176471,474.5,0,0.0,0.0,0.0
0020-INWCK,71,95.75,Two year,Credit card (automatic),Fiber optic,0,Yes,Yes,3,10,0.6666666666666666,613.75,1,0.0,5.57,10.166666666666666
7089-RKVSZ,8,24.4,One year,Mailed check,No,0,Yes,Yes,0,10,0.42857142857142855,540.0,0,0.0,0.0,0.0
2683-JXWQQ,61,33.6,Month-to-month,Bank transfer (automatic),DSL,0,Yes,Yes,2,27,0.5882352941176471,504.5,4,0.25,10.82,5.722222222222222
9548-ZMVTX,72,90.45,Two year,Bank transfer (automatic),Fiber optic,0,Yes,Yes,3,14,0.75,492.6666666666667,0,0.0,0.0,8.821428571428571
8739-XNIKG,5,84.0,Month-to-month,Electronic check,Fiber optic,0,No,No,1,10,0.6666666666666666,302.5,3,0.0,26.986666666666665,9.833333333333334
9755-JHNMN,49,67.4,Two year,Bank transfer (automatic),DSL,0,No,No,4,26,0.3684210526315789,439.0,0,0.0,0.0,11.814814814814815
3981-QSVQI,8,19.7,Month-to-month,Bank transfer (automatic),No,0,No,No,0,26,1.0,541.6153846153846,1,0.0,16.47,0.0
2789-HQBOU,3,80.35,Month-to-month,Electronic check,Fiber optic,0,No,No,1,20,0.6666666666666666,570.875,3,0.0,5.743333333333333,6.25
9424-CMPOG,9,19.6,Two year,Mailed check,No,0,Yes,Yes,0,14,1.0,523.8571428571429,1,0.0,2.52,0.0
5067-WJEUN,67,54.2,Two year,Bank transfer (automatic),DSL,0,Yes,Yes,2,18,0.5,554.6666666666666,2,0.0,12.844999999999999,14.461538461538462
3450-WXOAT,46,45.2,Month-to-month,Credit card (automatic),DSL,0,No,No,0,12,1.0,440.8333333333333,2,0.0,9.775,0.0
9251-WNSOD,67,75.1,One year,Mailed check,DSL,0,Yes,No,4,30,0.42857142857142855,458.6666666666667,1,1.0,0.0,5.625
6974-DAFLI,55,19.7,One year,Electronic check,No,0,Yes,No,0,19,0.1875,350.3333333333333,0,0.0,0.0,0.0
2616-UUTFK,33,72.75,Month-to-month,Bank transfer (automatic),DSL,0,Yes,No,4,11,0.375,404.3333333333333,2,0.0,6.07,10.34375
7064-JHXCE,62,20.05,Two year,Credit card (automatic),No,0,Yes,Yes,0,29,0.7058823529411765,406.6666666666667,1,0.0,10.54,0.0
5103-MHMHY,1,45.95,Month-to-month,Mailed check,DSL,0,No,Yes,0,10,0.25,330.0,5,0.2,13.8825,0.0
7989-AWGEH,49,39.2,Month-to-month,Electronic check,DSL,0,Yes,Yes,2,25,0.6666666666666666,619.0,2,0.5,27.57,10.428571428571429
4373-VVHQL,1,44.75,Month-to-month,Electronic check,DSL,0,No,No,0,17,0.5454545454545454,1301.0,5,0.0,4.6259999999999994,0.0
4559-UWIHT,14,82.65,Month-to-month,Electronic check,Fiber optic,0,Yes,No,2,30,0.30434782608695654,576.5714285714286,1,0.0,1.98,4.642857142857143
7268-IGMFD,18,93.9,Month-to-month,Bank transfer (automatic),Fiber optic,1,No,No,3,18,1.25,622.8,4,0.5,9.129999999999999,5.666666666666667
1846-XWOQN,1,70.15,Month-to-month,Electronic check,Fiber optic,1,No,No,0,17,0.3076923076923077,445.75,2,1.0,0.0,0.0
0235-KGSLC,1,85.55,Month-to-month,Credit card (automatic),Fiber optic,0,No,No,2,27,0.42105263157894735,430.75,1,1.0,0.0,9.266666666666667
6650-BWFRT,72,117.15,Two year,Credit card (automatic),Fiber optic,0,Yes,No,6,10,0.0,0.0,0,0.0,0.0,4.1454545454545455
9570-KYEUA,64,99.25,Two year,Credit card (automatic),Fiber optic,0,No,No,4,15,0.6666666666666666,795.1666666666666,3,0.0,38.4,3.051282051282051
6993-YGFJV,69,112.55,Two year,Bank transfer (automatic),Fiber optic,0,Yes,No,6,25,0.7857142857142857,521.1818181818181,2,0.5,2.4,10.842105263157896
2712-SYWAY,1,25.7,Month-to-month,Electronic check,No,0,No,No,0,19,0.11764705882352941,333.0,0,0.0,0.0,0.0
0730-BGQGF,71,90.3,Two year,Credit card (automatic),DSL,0,Yes,Yes,6,30,1.3076923076923077,544.5294117647059,1,0.0,4.68,9.5
5498-IBWPI,66,49.4,One year,Credit card (automatic),DSL,0,Yes,Yes,1,21,0.4,605.5,0,0.0,0.0,12.666666666666666
9101-NTIXF,2,19.4,Month-to-month,Mailed check,No,0,No,No,0,28,0.47368421052631576,376.1111111111111,0,0.0,0.0,0.0
0013-SMEOE,71,109.7,Two year,Bank transfer (automatic),Fiber optic,1,Yes,No,6,23,0.9166666666666666,372.54545454545456,0,0.0,0.0,8.153846153846153
9314-QDMDW,11,61.25,One year,Electronic check,DSL,0,No,No,2,30,0.30434782608695654,398.2857142857143,2,0.0,10.055,6.333333333333333
9308-ANMVE,47,55.3,Month-to-month,Electronic check,DSL,0,No,Yes,2,10,0.42857142857142855,582.3333333333334,3,0.0,6.343333333333334,6.352941176470588
2884-GBPFB,35,70.3,Month-to-month,Electronic check,Fiber optic,0,Yes,No,0,17,0.13333333333333333,540.5,2,0.0,29.880000000000003,0.0
3757-NJYBX,32,106.35,Month-to-month,Bank transfer (automatic),Fiber optic,1,Yes,No,4,17,0.7,740.0,3,0.3333333333333333,87.68,2.4166666666666665
3413-DHLPB,60,103.75,Month-to-month,Bank transfer (automatic),Fiber optic,0,Yes,Yes,4,20,0.17647058823529413,261.6666666666667,2,0.0,5.73,7.771428571428571
7649-PHJVR,11,19.5,One year,Mailed check,No,0,No,No,0,27,0.5,547.5555555555555,0,0.0,0.0,0.0
6114-TCFID,29,39.5,One year,Credit card (automatic),DSL,0,No,No,3,28,0.75,530.0,1,1.0,0.0,4.5
3787-TRIAL,21,26.05,Month-to-month,Electronic check,DSL,0,Yes,Yes,0,27,0.125,717.6666666666666,0,0.0,0.0,0.0
2573-GYRUU,48,91.05,Month-to-month,Credit card (automatic),Fiber optic,1,Yes,No,2,26,0.5294117647058824,509.44444444444446,4,0.0,5.3975,3.176470588235294
5156-UMKOW,3,29.65,Month-to-month,Mailed check,DSL,0,No,Yes,1,20,1.0,475.5,3,0.3333333333333333,3.99,3.4
1247-QBVSH,43,50.2,Month-to-month,Mailed check,DSL,0,Yes,Yes,1,10,1.0,664.6,0,0.0,0.0,2.090909090909091
6734-GMPVK,5,105.3,Month-to-month,Electronic check,Fiber optic,0,No,No,4,10,0.1111111111111111,602.0,3,0.0,9.08,4.142857142857143
9822-OAOVB,1,55.45,Month-to-month,Electronic check,DSL,0,No,No,1,19,0.7272727272727273,436.0,5,0.2,7.845,3.5
6161-ERDGD,71,85.45,One year,Electronic check,DSL,0,Yes,Yes,5,29,1.4166666666666667,549.5294117647059,2,0.5,20.46,10.513513513513514
1226-JZNKR,8,19.8,One year,Electronic check,No,0,Yes,Yes,0,28,0.6470588235294118,773.4545454545455,0,0.0,0.0,0.0
7318-EIVKO,8,59.25,Month-to-month,Electronic check,DSL,0,No,No,1,18,1.0,637.1111111111111,1,0.0,10.7,12.181818181818182
3771-PZOBW,20,90.7,Month-to-month,Credit card (automatic),Fiber optic,0,No,No,2,25,0.47058823529411764,691.375,1,0.0,7.44,2.6842105263157894
5136-KCKGI,33,103.7,One year,Mailed check,Fiber optic,0,Yes,Yes,4,17,0.4166666666666667,463.8,1,0.0,92.59,3.7333333333333334
8231-BSWXX,71,79.05,One year,Credit card (automatic),Fiber optic,0,No,No,1,27,0.2857142857142857,638.5,3,0.0,6.186666666666667,14.88888888888889
6486-LHTMA,31,90.7,One year,Electronic check,Fiber optic,1,Yes,No,2,22,0.5714285714285714,707.625,2,0.0,10.11,16.625
4083-BFNYK,38,95.0,One year,Credit card (automatic),Fiber optic,1,Yes,No,3,25,0.9230769230769231,534.0,1,0.0,11.19,6.538461538461538
3722-WPXTK,1,88.35,Month-to-month,Electronic check,Fiber optic,0,No,No,2,19,0.5833333333333334,609.0,4,0.5,30.32,3.2
7389-KBFIT,2,30.25,Month-to-month,Mailed check,DSL,0,Yes,Yes,1,26,0.3684210526315789,593.5714285714286,1,0.0,4.27,1.875
7176-WIONM,12,49.85,Month-to-month,Bank transfer (automatic),DSL,0,Yes,No,3,15,0.875,560.1428571428571,3,0.6666666666666666,5.38,3.875
5141-ZUVBH,9,93.0,Month-to-month,Bank transfer (automatic),Fiber optic,0,No,Yes,4,16,0.3333333333333333,417.0,3,0.0,7.503333333333333,6.571428571428571
1089-HDMKP,11,54.55,Month-to-month,Electronic check,DSL,1,No,Yes,2,24,0.2631578947368421,364.6,1,0.0,13.37,4.411764705882353
7623-HKYRK,6,19.7,Month-to-month,Mailed check,No,0,No,Yes,0,12,0.3333333333333333,726.3333333333334,3,0.0,35.54333333333333,0.0
0310-SUCIN,71,84.8,One year,Bank transfer (automatic),DSL,0,Yes,No,6,26,0.18181818181818182,292.5,0,0.0,0.0,6.346938775510204
5197-PYEPU,42,94.45,One year,Credit card (automatic),Fiber optic,0,Yes,Yes,3,18,0.38461538461538464,602.0,2,0.0,1.01,3.0384615384615383
2929-ERCFZ,8,94.2,Month-to-month,Electronic check,Fiber optic,0,Yes,Yes,3,22,0.375,609.6666666666666,4,0.5,5.285,3.875
7548-SEPYI,5,96.25,Month-to-month,Electronic check,Fiber optic,0,No,No,3,26,1.3636363636363635,618.0,4,0.25,84.03666666666668,19.294117647058822
8835-VSDSE,2,70.7,Month-to-month,Electronic check,Fiber optic,0,Yes,No,0,10,0.25,446.5,1,1.0,0.0,0.0
6619-RPLQZ,45,20.85,Two year,Mailed check,No,0,Yes,Yes,0,11,0.2222222222222222,1078.5,1,1.0,0.0,0.0
3275-RHRNE,28,60.0,One year,Credit card (automatic),DSL,0,Yes,Yes,5,15,0.25,457.3333333333333,1,1.0,0.0,5.230769230769231
3503-TYDAY,43,80.45,Month-to-month,Electronic check,Fiber optic,0,Yes,No,1,27,0.08,617.0,0,0.0,0.0,8.555555555555555
6901-GOGZG,60,84.95,Two year,Electronic check,DSL,0,No,Yes,5,12,0.3333333333333333,801.0,1,0.0,1.94,8.027027027027026
1623-NLDOT,42,33.55,One year,Mailed check,DSL,0,Yes,No,2,15,0.25,663.0,2,0.0,28.07,3.4705882352941178
7021-XSNYE,7,49.65,Two year,Credit card (automatic),DSL,0,Yes,Yes,4,10,0.25,514.0,0,0.0,0.0,8.8
9621-OUPYD,25,20.2,One year,Bank transfer (automatic),No,0,Yes,No,0,27,0.6875,456.90909090909093,1,0.0,22.92,0.0
9898-KZQDZ,40,94.55,Month-to-month,Credit card (automatic),Fiber optic,1,Yes,Yes,2,22,0.15789473684210525,252.66666666666666,1,0.0,35.02,3.7857142857142856
8982-NHAVY,27,100.5,One year,Bank transfer (automatic),Fiber optic,0,No,No,3,27,0.8,591.5,3,0.0,3.3066666666666666,11.074074074074074
4307-KWMXE,10,35.75,Month-to-month,Electronic check,DSL,0,No,No,2,25,0.3888888888888889,677.8571428571429,2,0.5,29.85,3.909090909090909
0141-YEAYS,27,86.45,Month-to-month,Bank transfer (automatic),Fiber optic,1,No,No,2,19,0.5833333333333334,527.2857142857143,5,0.4,11.626666666666667,8.5
2450-ZKEED,11,53.8,One year,Bank transfer (automatic),DSL,0,No,No,2,29,0.7058823529411765,335.1666666666667,2,0.5,2.72,7.157894736842105
3694-DELSO,4,38.55,Month-to-month,Credit card (automatic),DSL,0,Yes,Yes,2,19,0.1875,642.3333333333334,2,0.5,8.28,4.826086956521739
3893-JRNFS,68,39.9,Month-to-month,Bank transfer (automatic),DSL,0,No,No,2,19,0.7272727272727273,667.25,2,0.0,5.725,4.25
9603-OAIHC,1,70.05,Month-to-month,Electronic check,Fiber optic,1,No,No,0,25,0.3888888888888889,303.2857142857143,2,0.5,6.03,0.0
1133-KXCGE,18,20.1,One year,Mailed check,No,0,No,No,0,13,0.8571428571428571,428.5,1,1.0,0.0,0.0
5236-PERKL,57,112.95,Two year,Bank transfer (automatic),Fiber optic,0,No,No,5,11,1.2,588.1666666666666,1,0.0,5.18,8.038461538461538
0142-GVYSN,26,20.3,Month-to-month,Electronic check,No,0,No,No,0,13,0.4444444444444444,436.0,1,0.0,19.31,0.0
1049-FYSYG,17,35.65,Month-to-month,Credit card (automatic),DSL,0,Yes,No,2,24,0.4117647058823529,368.42857142857144,4,0.25,12.846666666666666,5.086956521739131
7854-FOKSF,1,35.9,Month-to-month,Electronic check,DSL,0,No,No,1,13,0.8571428571428571,600.6666666666666,4,0.5,11.280000000000001,2.6
2519-FAKOD,38,99.25,Month-to-month,Bank transfer (automatic),Fiber optic,0,No,Yes,3,27,0.9285714285714286,710.3076923076923,2,0.5,10.99,2.619047619047619
8406-LNMHF,59,82.95,One year,Credit card (automatic),Fiber optic,1,Yes,No,3,15,0.5,952.4,3,0.6666666666666666,14.02,3.111111111111111
1821-BUCWY,30,55.65,Two year,Mailed check,DSL,0,No,No,2,25,0.6666666666666666,792.8,5,0.4,24.083333333333332,31.346153846153847
8263-JQAIK,2,24.45,Month-to-month,Mailed check,DSL,1,No,No,0,26,0.4444444444444444,331.875,2,0.5,9.82,0.0
0023-UYUPN,50,25.2,One year,Electronic check,No,1,Yes,No,0,18,0.125,270.0,2,0.0,1.48,0.0
8314-DPQHL,9,50.8,One year,Mailed check,DSL,0,No,No,4,23,0.35294117647058826,707.0,1,1.0,0.0,4.042553191489362
1465-WCZVT,3,19.65,Month-to-month,Mailed check,No,0,Yes,Yes,0,20,1.5,881.5,0,0.0,0.0,0.0
9481-SFCQY,14,59.8,Month-to-month,Credit card (automatic),DSL,0,No,Yes,2,22,1.0,678.9090909090909,5,0.2,3.5025,9.347826086956522
6360-SVNWV,31,73.55,Month-to-month,Credit card (automatic),Fiber optic,1,No,No,1,14,0.5555555555555556,629.0,1,0.0,18.99,5.111111111111111
0567-GGCAC,7,61.4,Month-to-month,Electronic check,DSL,0,No,No,3,10,0.25,594.0,2,0.0,7.395,13.1875
7089-IVVAZ,8,103.35,Month-to-month,Bank transfer (automatic),Fiber optic,0,No,No,4,17,0.5454545454545454,387.5,0,0.0,0.0,2.814814814814815
8884-MRNSU,17,19.9,One year,Bank transfer (automatic),No,0,Yes,Yes,0,29,0.3181818181818182,767.2857142857143,3,0.3333333333333333,14.64,0.0
2171-UDMFD,32,19.45,Month-to-month,Credit card (automatic),No,0,Yes,Yes,0,27,0.9285714285714286,610.7692307692307,1,0.0,5.23,0.0
9050-IKDZA,2,81.5,Month-to-month,Mailed check,Fiber optic,1,No,No,1,11,0.5714285714285714,486.5,2,0.5,19.49,11.25
2205-YMZZJ,7,84.8,Month-to-month,Electronic check,Fiber optic,1,No,No,1,24,0.8461538461538461,510.27272727272725,1,1.0,0.0,5.2
9802-CAQUT,72,109.55,Two year,Credit card (automatic),Fiber optic,0,Yes,Yes,5,12,0.2,483.5,1,1.0,0.0,3.638888888888889
1254-IZEYF,31,99.95,Month-to-month,Electronic check,Fiber optic,1,No,No,3,14,0.16666666666666666,543.5,3,0.6666666666666666,8.0,2.8947368421052633
0187-WZNAB,27,74.4,Month-to-month,Mailed check,Fiber optic,0,Yes,Yes,1,13,0.18181818181818182,375.0,1,0.0,3.75,5.666666666666667
9492-TOKRI,18,90.0,Month-to-month,Credit card (automatic),Fiber optic,0,No,No,2,28,0.3333333333333333,369.7142857142857,3,1.0,0.0,3.3636363636363638
1475-VWVDO,7,74.9,Month-to-month,Electronic check,Fiber optic,0,No,No,1,27,0.2857142857142857,394.1666666666667,1,0.0,7.68,6.0
9221-OTIVJ,14,104.85,Month-to-month,Electronic check,Fiber optic,1,No,No,4,23,0.35294117647058826,588.1666666666666,1,0.0,32.4,2.0
1357-MVDOZ,11,59.65,Month-to-month,Bank transfer (automatic),DSL,0,Yes,Yes,2,10,0.25,505.5,1,0.0,20.05,4.0
7602-MVRMB,72,110.45,Two year,Bank transfer (automatic),Fiber optic,0,Yes,Yes,5,30,0.6666666666666666,374.8333333333333,1,0.0,6.28,7.823529411764706
3325-FUYCG,28,106.1,One year,Electronic check,Fiber optic,0,Yes,Yes,4,30,1.0,578.8,4,0.5,55.675,4.434782608695652
5908-QMGOE,15,74.2,Month-to-month,Credit card (automatic),Fiber optic,1,No,No,0,26,0.8571428571428571,517.5,1,0.0,71.61,0.0
1197-BVMVG,4,74.45,Month-to-month,Electronic check,Fiber optic,1,No,No,0,12,0.7142857142857143,640.6,3,0.3333333333333333,17.195,0.0
5406-KGRMX,71,24.55,Two year,Electronic check,No,0,No,No,0,10,0.1111111111111111,781.0,3,0.0,15.776666666666666,0.0
8481-YYXWG,5,89.35,Month-to-month,Electronic check,Fiber optic,0,No,No,3,20,0.8181818181818182,687.4444444444445,2,0.0,20.314999999999998,3.3703703703703702
5968-HYJRZ,47,24.55,Two year,Mailed check,No,0,Yes,Yes,0,15,0.6666666666666666,342.8333333333333,1,0.0,19.73,0.0
5198-EFNBM,57,90.65,One year,Electronic check,Fiber optic,1,Yes,No,3,17,0.8888888888888888,553.75,2,0.0,7.53,8.615384615384615
7516-GMHUV,50,105.05,Two year,Credit card (automatic),Fiber optic,1,Yes,No,4,26,0.4444444444444444,410.0,5,0.4,60.38666666666666,2.25
7140-ADSMJ,8,20.45,Month-to-month,Credit card (automatic),No,0,No,No,0,18,0.125,872.5,2,0.0,22.189999999999998,0.0
2230-XTUWL,48,19.55,Two year,Mailed check,No,0,Yes,Yes,0,18,0.5,476.1666666666667,3,0.3333333333333333,32.805,0.0
7706-YLMQA,70,19.7,One year,Bank transfer (automatic),No,0,No,No,0,24,0.3333333333333333,349.8333333333333,1,1.0,0.0,0.0
2585-KTFRE,1,70.45,Month-to-month,Bank transfer (automatic),DSL,0,No,Yes,4,21,0.4,688.5,1,0.0,3.52,3.7560975609756095
7994-UYIVZ,8,85.65,Month-to-month,Bank transfer (automatic),Fiber optic,0,Yes,No,1,15,0.07142857142857142,507.0,2,0.0,15.375,6.0
2609-IAICY,1,77.15,Month-to-month,Electronic check,Fiber optic,0,No,No,0,10,0.25,962.0,2,0.5,7.22,0.0
1740-CSDJP,1,35.25,Month-to-month,Bank transfer (automatic),DSL,0,No,No,1,15,0.6666666666666666,563.8333333333334,2,0.0,20.310000000000002,4.0
7717-BICXI,60,20.55,Two year,Mailed check,No,0,Yes,Yes,0,17,0.21428571428571427,614.3333333333334,4,0.0,14.317499999999999,0.0
6559-RAKOZ,49,97.95,One year,Electronic check,Fiber optic,0,Yes,Yes,3,20,0.6666666666666666,326.0,1,0.0,4.59,6.826086956521739
2636-OHFMN,4,48.55,Month-to-month,Electronic check,DSL,0,Yes,No,3,20,0.42857142857142855,593.8333333333334,2,0.0,36.73,5.45
4716-MRVEN,29,20.0,One year,Mailed check,No,0,No,No,0,18,0.6363636363636364,305.0,0,0.0,0.0,0.0
2143-LJULT,67,25.25,Two year,Credit card (automatic),No,0,Yes,No,0,29,0.7058823529411765,428.0833333333333,3,0.3333333333333333,23.06,0.0
1323-OOEPC,53,98.4,Month-to-month,Credit card (automatic),Fiber optic,0,Yes,No,3,23,1.5555555555555556,508.85714285714283,1,1.0,0.0,4.416666666666667
3200-MNQTF,67,70.9,Two year,Credit card (automatic),DSL,0,Yes,No,4,13,0.3,674.3333333333334,2,0.5,12.67,4.909090909090909
6164-HXUGH,6,19.85,Month-to-month,Mailed check,No,0,Yes,Yes,0,11,1.2,664.5,1,0.0,11.12,0.0
5630-IXDXV,47,106.35,Month-to-month,Electronic check,Fiber optic,0,No,No,4,27,0.5,497.55555555555554,2,0.0,3.715,8.96875
0320-DWVTU,53,99.5,Two year,Mailed check,Fiber optic,0,No,No,5,19,0.46153846153846156,512.6666666666666,0,0.0,0.0,9.340425531914894
9135-MGVPY,69,84.7,Two year,Mailed check,DSL,0,Yes,No,6,10,0.6666666666666666,873.75,0,0.0,0.0,8.49090909090909
1212-GLHMD,3,86.05,Month-to-month,Mailed check,Fiber optic,0,No,No,2,15,0.25,455.3333333333333,3,0.3333333333333333,3.195,3.4
7878-JGDKK,4,44.55,Month-to-month,Mailed check,DSL,0,No,No,0,24,0.6,397.77777777777777,2,0.0,11.715,0.0
1088-AUUZZ,56,75.85,Two year,Credit card (automatic),DSL,0,Yes,Yes,4,15,0.6666666666666666,472.1666666666667,4,0.25,7.853333333333334,2.357142857142857
0397-GZBBC,59,93.85,Month-to-month,Bank transfer (automatic),Fiber optic,1,Yes,No,2,12,0.5,382.75,5,0.8,209.5,1.875
6614-YWYSC,61,25.0,Two year,Bank transfer (automatic),No,1,Yes,No,0,26,0.3,472.8333333333333,1,1.0,0.0,0.0
9588-OZDMQ,2,45.0,Month-to-month,Electronic check,DSL,0,Yes,No,0,24,0.4117647058823529,477.85714285714283,2,0.0,20.39,0.0
7641-EUYET,46,100.7,Month-to-month,Electronic check,Fiber optic,1,Yes,Yes,4,10,0.1111111111111111,218.0,5,0.2,29.0775,5.814814814814815
6476-EPYZR,12,20.5,Month-to-month,Mailed check,No,0,Yes,Yes,0,25,0.47058823529411764,396.125,0,0.0,0.0,0.0
9921-ZVRHG,14,80.45,Month-to-month,Electronic check,Fiber optic,0,No,No,1,30,0.5,575.9,0,0.0,0.0,3.3333333333333335
1174-FGIFN,28,90.45,One year,Electronic check,Fiber optic,0,Yes,Yes,2,19,2.1666666666666665,682.6923076923077,1,0.0,10.52,2.3
6620-HVDUJ,24,60.45,Month-to-month,Bank transfer (automatic),DSL,0,No,No,3,21,0.3125,379.2,1,0.0,5.62,7.956521739130435
4701-MLJPN,31,55.25,Month-to-month,Electronic check,DSL,0,No,No,2,13,0.18181818181818182,823.5,1,0.0,2.75,2.0
1032-MAELW,68,78.45,One year,Electronic check,DSL,0,Yes,Yes,5,21,0.6153846153846154,614.0,2,0.0,12.41,10.191489361702128
7641-TQFHN,39,100.55,Two year,Mailed check,Fiber optic,0,No,Yes,3,13,0.4444444444444444,836.5,0,0.0,0.0,14.384615384615385
1552-TKMXS,42,20.35,Month-to-month,Credit card (automatic),No,0,Yes,No,0,24,1.0,482.8333333333333,1,0.0,9.92,0.0
9206-GVPEQ,13,54.45,Month-to-month,Electronic check,DSL,0,Yes,No,4,28,1.0,589.5,2,1.0,0.0,3.5217391304347827
8622-ZLFKO,6,90.75,Month-to-month,Electronic check,Fiber optic,0,Yes,No,2,11,0.5714285714285714,636.75,1,0.0,13.87,5.882352941176471
1596-BBVTG,35,75.35,Month-to-month,Credit card (automatic),Fiber optic,0,No,No,0,12,1.0,494.8333333333333,2,0.5,42.99,0.0
6188-UXBBR,38,20.25,One year,Credit card (automatic),No,0,Yes,No,0,12,0.5,429.25,1,0.0,9.35,0.0
2333-KWEWW,18,20.05,Two year,Credit card (automatic),No,0,No,No,0,17,0.13333333333333333,637.0,1,0.0,21.43,0.0
5702-SKUOB,4,19.6,Month-to-month,Mailed check,No,0,Yes,No,0,29,0.9333333333333333,546.5714285714286,1,0.0,3.52,0.0
1134-YWTYF,27,53.8,Month-to-month,Electronic check,DSL,0,Yes,No,2,22,0.29411764705882354,636.0,0,0.0,0.0,22.714285714285715
6061-GWWAV,41,70.2,One year,Mailed check,DSL,0,No,Yes,4,27,0.35,546.2857142857143,3,0.0,8.040000000000001,4.074074074074074
0679-TDGAK,50,75.5,One year,Electronic check,DSL,0,Yes,Yes,4,28,1.1538461538461537,624.0,0,0.0,0.0,10.533333333333333
6585-WCEWR,72,20.35,Two year,Electronic check,No,0,Yes,Yes,0,10,0.6666666666666666,353.5,1,1.0,0.0,0.0
9067-YGSCA,70,26.05,One year,Credit card (automatic),No,0,No,No,0,17,0.4166666666666667,517.6,2,0.0,68.805,0.0
9067-SQTNS,44,20.6,One year,Bank transfer (automatic),No,0,Yes,Yes,0,14,1.0,609.8571428571429,2,0.5,16.16,0.0
8433-WXGNA,2,75.7,Month-to-month,Electronic check,Fiber optic,0,No,No,1,21,0.6153846153846154,487.0,5,0.4,23.7,4.444444444444445
1776-SPBWV,34,20.1,One year,Bank transfer (automatic),No,0,Yes,Yes,0,14,0.4,738.5,2,0.0,3.415,0.0
8735-SDUFN,72,24.3,Two year,Bank transfer (automatic),No,1,Yes,No,0,14,0.16666666666666666,330.0,0,0.0,0.0,0.0
9668-PUGNU,71,24.5,Two year,Electronic check,No,0,Yes,No,0,27,0.6875,644.0,1,0.0,9.16,0.0
9405-GPBBG,64,110.5,Two year,Credit card (automatic),Fiber optic,0,No,No,5,14,0.75,653.6666666666666,0,0.0,0.0,2.789473684210526
1926-QUZNN,72,25.25,Two year,Bank transfer (automatic),No,0,Yes,No,0,22,0.5714285714285714,489.0,2,0.5,2.19,0.0
3707-GNWHM,1,74.25,Month-to-month,Mailed check,Fiber optic,0,No,No,0,29,0.9333333333333333,588.6428571428571,5,0.6,14.455000000000002,0.0
7016-NVRIC,29,90.1,One year,Bank transfer (automatic),Fiber optic,1,Yes,No,3,14,0.5555555555555556,413.2,2,0.0,4.1049999999999995,6.5
5829-NVSQN,23,68.75,One year,Bank transfer (automatic),DSL,0,Yes,No,4,26,0.5294117647058824,576.0,0,0.0,0.0,3.9743589743589745
9565-AXSMR,52,19.2,Two year,Mailed check,No,0,Yes,Yes,0,24,0.3333333333333333,699.5,1,0.0,2.41,0.0
8922-LIEGH,25,89.7,Month-to-month,Electronic check,Fiber optic,1,No,No,2,22,0.15789473684210525,493.0,1,0.0,20.07,4.133333333333334
8869-LIHMK,64,115.1,Two year,Bank transfer (automatic),Fiber optic,0,No,No,6,20,0.8181818181818182,436.6666666666667,1,0.0,29.99,3.4615384615384617
8245-UMPYT,16,96.4,Month-to-month,Electronic check,Fiber optic,1,No,No,2,15,0.25,571.0,3,0.6666666666666666,25.37,3.5
5186-SAMNZ,1,69.5,Month-to-month,Bank transfer (automatic),Fiber optic,1,No,No,0,30,0.7647058823529411,602.4615384615385,4,0.25,28.360000000000003,0.0
0447-RXSGD,24,99.65,Month-to-month,Bank transfer (automatic),Fiber optic,0,No,No,3,19,0.1875,521.3333333333334,1,0.0,10.57,7.117647058823529
4927-WWOOZ,2,91.45,Month-to-month,Electronic check,Fiber optic,0,Yes,No,2,25,0.3888888888888889,504.14285714285717,4,0.5,3.25,5.083333333333333
5788-YPOEG,34,84.75,Two year,Mailed check,DSL,0,Yes,Yes,6,11,0.5714285714285714,612.0,3,0.3333333333333333,13.725,6.5
5373-SFODM,36,85.25,Month-to-month,Credit card (automatic),Fiber optic,1,Yes,No,1,27,0.6875,559.9090909090909,2,0.5,23.03,2.25
0661-KBKPA,53,78.75,One year,Mailed check,DSL,0,Yes,Yes,4,18,0.2857142857142857,606.75,3,0.0,6.2,9.6
9081-WWXKP,47,20.25,Two year,Credit card (automatic),No,0,Yes,Yes,0,18,0.6363636363636364,694.7142857142857,2,0.5,2.93,0.0
0784-ZQJZX,72,19.9,Two year,Credit card (automatic),No,0,No,Yes,0,17,0.4166666666666667,805.0,0,0.0,0.0,0.0
3133-PZNSR,72,97.75,Two year,Credit card (automatic),Fiber optic,0,Yes,Yes,4,11,0.375,563.6666666666666,3,0.3333333333333333,16.549999999999997,10.972222222222221
5766-ZJYBB,1,19.4,Month-to-month,Mailed check,No,0,No,No,0,24,0.5,369.625,2,0.5,25.84,0.0
8931-GJJIQ,9,83.3,Month-to-month,Electronic check,Fiber optic,0,No,No,1,16,0.45454545454545453,539.8,2,0.5,30.04,2.375
4277-PVRAN,8,80.1,Month-to-month,Bank transfer (automatic),Fiber optic,0,No,No,1,19,0.26666666666666666,784.0,2,0.0,48.045,10.4
0022-TCJCI,45,62.7,One year,Credit card (automatic),DSL,1,No,No,3,25,0.7857142857142857,625.7272727272727,5,0.2,12.23,3.590909090909091
0722-SVSFK,7,100.4,Month-to-month,Electronic check,Fiber optic,0,No,No,4,26,0.13043478260869565,339.6666666666667,0,0.0,0.0,4.625
3612-YVGSJ,71,24.45,Two year,Credit card (automatic),No,0,Yes,No,0,16,0.45454545454545453,488.8,2,0.5,5.82,0.0
9825-YCXWZ,41,101.1,One year,Bank transfer (automatic),Fiber optic,1,No,No,4,10,0.25,495.5,2,0.0,6.800000000000001,5.090909090909091
5397-NSKQG,67,50.9,Two year,Credit card (automatic),DSL,0,Yes,Yes,3,17,0.4166666666666667,537.4,4,0.25,26.599999999999998,4.333333333333333
8565-HBFNN,69,107.2,One year,Credit card (automatic),Fiber optic,0,Yes,No,5,20,0.6666666666666666,480.625,2,0.0,2.95,3.066666666666667
2000-DHJUY,70,92.2,Two year,Bank transfer (automatic),DSL,1,Yes,No,6,28,0.3333333333333333,682.0,1,1.0,0.0,4.82051282051282
0203-HHYIJ,25,25.3,One year,Bank transfer (automatic),No,0,No,No,0,26,0.7333333333333333,346.54545454545456,1,0.0,46.4,0.0
8670-ERCJH,72,113.4,Two year,Bank transfer (automatic),Fiber optic,0,No,No,6,14,1.3333333333333333,617.5,0,0.0,0.0,7.377777777777778
7758-UJWYS,34,40.55,Two year,Electronic check,DSL,0,Yes,Yes,2,30,0.42857142857142855,550.7777777777778,0,0.0,0.0,5.588235294117647
2050-ONYDQ,65,26.0,Two year,Credit card (automatic),No,0,Yes,Yes,0,11,0.8333333333333334,479.0,1,0.0,4.5,0.0
7055-JCGNI,70,111.95,Two year,Credit card (automatic),Fiber optic,0,No,No,6,16,0.23076923076923078,501.3333333333333,0,0.0,0.0,3.4761904761904763
0739-UUAJR,72,53.8,Two year,Credit card (automatic),DSL,0,Yes,Yes,4,11,1.75,952.2857142857143,2,0.0,8.145,6.527777777777778
4826-DXMUP,35,72.1,One year,Mailed check,DSL,0,No,Yes,3,16,0.45454545454545453,326.4,3,0.3333333333333333,5.265000000000001,2.9166666666666665
0952-KMEEH,13,98.15,Month-to-month,Mailed check,Fiber optic,0,No,No,3,19,0.9,561.1111111111111,2,0.0,4.03,2.3684210526315788
7285-KLOTR,12,78.85,One year,Electronic check,DSL,0,Yes,No,4,20,0.25,435.75,2,0.5,24.79,5.829268292682927
0654-PQKDW,62,70.75,One year,Bank transfer (automatic),DSL,0,Yes,Yes,4,15,0.25,526.0,1,0.0,0.92,7.148148148148148
7175-NTIXE,25,76.15,Month-to-month,Credit card (automatic),DSL,0,No,No,4,28,0.47368421052631576,371.77777777777777,2,0.0,6.75,3.8297872340425534
7963-SHNDT,52,39.1,Two year,Mailed check,DSL,0,No,No,3,12,0.3333333333333333,477.6666666666667,3,0.0,9.6,6.269230769230769
9796-BPKIW,8,69.95,Month-to-month,Credit card (automatic),Fiber optic,1,No,No,0,17,0.7,425.2857142857143,2,0.0,6.75,0.0
0188-GWFLE,2,20.05,Month-to-month,Mailed check,No,0,No,No,0,20,0.42857142857142855,589.6666666666666,0,0.0,0.0,0.0
8129-GMVGI,56,20.05,Two year,Mailed check,No,0,Yes,Yes,0,21,0.75,387.1111111111111,0,0.0,0.0,0.0
2882-DDZPG,12,19.45,Month-to-month,Bank transfer (automatic),No,0,No,No,0,24,0.8461538461538461,462.72727272727275,1,0.0,20.73,0.0
3547-LQRIK,47,26.9,One year,Electronic check,No,0,Yes,No,0,12,1.4,378.85714285714283,1,0.0,4.47,0.0
9137-NOQKA,2,19.2,Month-to-month,Electronic check,No,1,No,No,0,17,0.4166666666666667,678.2,4,0.25,14.746666666666668,0.0
5843-TTHGI,18,50.0,Month-to-month,Mailed check,DSL,0,No,No,1,10,1.5,546.5,3,0.0,24.106666666666666,8.666666666666666
1849-RJYIG,8,60.0,Month-to-month,Electronic check,DSL,0,No,No,2,28,0.5555555555555556,423.9,0,0.0,0.0,5.0
8868-GAGIO,45,84.55,Month-to-month,Mailed check,Fiber optic,0,Yes,No,2,21,0.6153846153846154,316.375,2,0.0,25.0,8.823529411764707
4061-UKJWL,3,45.45,Month-to-month,Mailed check,DSL,0,No,No,0,17,0.5454545454545454,694.3333333333334,2,0.0,4.37,0.0
5380-XPJNZ,38,20.05,One year,Mailed check,No,0,No,No,0,28,0.21739130434782608,416.2,0,0.0,0.0,0.0
8263-QMNTJ,72,115.55,Two year,Electronic check,Fiber optic,0,Yes,No,6,15,0.0,0.0,2,0.0,72.815,4.428571428571429
8178-EYZUO,46,93.7,Month-to-month,Electronic check,Fiber optic,0,No,No,3,21,0.4,519.1666666666666,1,0.0,7.44,5.2
3230-JCNZS,71,99.0,Two year,Credit card (automatic),Fiber optic,0,Yes,Yes,4,29,0.5263157894736842,505.9,2,0.0,4.545,5.071428571428571
0277-ORXQS,66,50.55,Two year,Bank transfer (automatic),DSL,0,Yes,Yes,3,30,0.5789473684210527,605.3636363636364,4,0.25,8.746666666666668,5.571428571428571
5130-IEKQT,25,105.95,Month-to-month,Mailed check,Fiber optic,1,No,No,4,22,0.5714285714285714,665.125,1,1.0,0.0,5.862068965517241
3230-WYKIR,18,82.0,One year,Credit card (automatic),DSL,0,No,No,4,14,0.4,601.0,2,0.5,34.24,3.590909090909091
7996-BPXHY,13,25.0,Two year,Bank transfer (automatic),No,0,Yes,Yes,0,23,0.9166666666666666,474.1818181818182,1,1.0,0.0,0.0
3227-WLKLI,65,91.55,Two year,Bank transfer (automatic),DSL,0,Yes,Yes,6,24,0.4117647058823529,423.7142857142857,1,0.0,1.03,3.9166666666666665
0407-BDJKB,60,95.75,Month-to-month,Electronic check,Fiber optic,0,Yes,No,3,16,0.14285714285714285,518.0,2,1.0,0.0,5.083333333333333
2266-FUBDZ,15,19.35,Two year,Mailed check,No,0,Yes,Yes,0,19,0.5833333333333334,771.4285714285714,0,0.0,0.0,0.0
8237-ULIXL,72,24.85,Two year,Credit card (automatic),No,0,Yes,No,0,19,0.46153846153846156,588.3333333333334,2,0.0,54.980000000000004,0.0
9600-UDOPK,30,94.05,Month-to-month,Credit card (automatic),Fiber optic,0,Yes,No,2,30,0.5,424.2,2,0.0,8.945,4.583333333333333
8216-AZUUZ,42,100.4,Two year,Electronic check,Fiber optic,0,Yes,Yes,4,18,0.8,572.375,1,0.0,4.46,5.818181818181818
6242-SGYTS,62,94.95,One year,Credit card (automatic),Fiber optic,0,Yes,Yes,3,25,0.47058823529411764,642.125,3,0.3333333333333333,5.365,9.194444444444445
9153-BTBVV,71,25.0,Two year,Bank transfer (automatic),No,0,Yes,No,0,30,0.5,517.2,3,0.0,12.253333333333336,0.0
4074-SJFFA,1,54.75,Month-to-month,Mailed check,DSL,0,No,No,1,17,1.8333333333333333,394.54545454545456,0,0.0,0.0,2.1666666666666665
3269-ATYWD,39,95.65,Month-to-month,Bank transfer (automatic),Fiber optic,1,No,No,2,10,0.1111111111111111,738.0,2,1.0,0.0,2.4166666666666665
5186-PEIZU,35,19.25,Month-to-month,Bank transfer (automatic),No,0,No,No,0,23,0.6428571428571429,599.1111111111111,0,0.0,0.0,0.0
1074-AMIOH,53,108.25,Month-to-month,Bank transfer (automatic),Fiber optic,0,Yes,Yes,5,16,0.3333333333333333,275.25,1,0.0,6.67,6.394736842105263
4910-GMJOT,1,94.6,Month-to-month,Electronic check,Fiber optic,0,No,No,2,28,0.5555555555555556,679.1,2,1.0,0.0,4.222222222222222
0354-WYROK,31,98.9,Month-to-month,Electronic check,Fiber optic,1,Yes,Yes,4,20,0.6666666666666666,510.75,2,1.0,0.0,3.689655172413793
4361-FEBGN,48,20.15,Two year,Credit card (automatic),No,0,No,No,0,26,0.23809523809523808,390.4,0,0.0,0.0,0.0
7748-UMTRK,30,101.3,Month-to-month,Electronic check,Fiber optic,1,No,Yes,3,12,0.2,677.5,3,0.3333333333333333,9.870000000000001,7.12
0380-ZCSBI,10,20.0,Month-to-month,Credit card (automatic),No,0,No,No,0,20,0.8181818181818182,611.8888888888889,4,0.0,15.365,0.0
7145-FEJWU,12,105.3,Month-to-month,Electronic check,Fiber optic,0,No,Yes,4,10,0.42857142857142855,557.6666666666666,3,0.0,6.68,4.828571428571428
6463-MVYRY,57,69.85,Two year,Bank transfer (automatic),DSL,1,No,No,4,13,0.8571428571428571,658.1666666666666,2,0.0,14.09,2.675675675675676
3969-JQABI,58,65.25,Month-to-month,Credit card (automatic),DSL,0,Yes,No,3,30,0.5789473684210527,620.9090909090909,0,0.0,0.0,7.333333333333333
9624-EGDEQ,37,19.8,Two year,Mailed check,No,0,No,No,0,24,0.6,530.8888888888889,1,0.0,10.47,0.0
1051-EQPZR,44,19.6,Month-to-month,Mailed check,No,0,Yes,Yes,0,28,0.47368421052631576,500.77777777777777,1,0.0,1.36,0.0
5849-ASHZJ,27,20.05,One year,Credit card (automatic),No,0,No,Yes,0,29,0.7058823529411765,561.0,0,0.0,0.0,0.0
5780-INQIK,8,49.4,Month-to-month,Electronic check,DSL,0,No,No,1,22,0.5714285714285714,524.375,1,0.0,8.91,2.6923076923076925
7576-OYWBN,3,76.05,Month-to-month,Electronic check,Fiber optic,1,No,No,0,28,0.8666666666666667,687.6923076923077,3,0.6666666666666666,15.63,0.0
4526-ZJJTM,25,88.4,Month-to-month,Bank transfer (automatic),Fiber optic,1,Yes,No,3,27,0.35,345.7142857142857,2,0.5,16.95,7.515151515151516
8384-FZBJK,57,100.6,Month-to-month,Electronic check,Fiber optic,0,Yes,Yes,3,29,1.6363636363636365,513.6111111111111,3,0.0,7.426666666666667,5.6875
3750-RNQKR,12,19.45,Month-to-month,Mailed check,No,0,No,No,0,10,0.6666666666666666,510.75,4,0.0,17.517500000000002,0.0
0962-CQPWQ,62,20.3,Two year,Bank transfer (automatic),No,0,Yes,Yes,0,13,0.625,466.4,0,0.0,0.0,0.0
3096-YXENJ,65,107.65,Two year,Bank transfer (automatic),Fiber optic,0,Yes,No,5,20,0.25,324.0,2,0.0,17.759999999999998,8.375
1265-BCFEO,71,80.45,Two year,Bank transfer (automatic),DSL,0,Yes,No,4,14,0.5555555555555556,372.6,2,0.0,15.129999999999999,4.848484848484849
5837-LXSDN,21,58.85,One year,Credit card (automatic),DSL,0,Yes,Yes,2,19,0.46153846153846156,483.5,5,0.2,7.995,6.2
5945-AZYHT,71,109.6,One year,Electronic check,Fiber optic,0,Yes,No,5,18,0.125,348.5,5,0.6,33.625,10.4375
8325-QRPZR,7,75.15,Month-to-month,Electronic check,Fiber optic,0,No,No,1,11,0.8333333333333334,409.4,3,0.3333333333333333,15.785,12.692307692307692
6384-VMJHP,72,73.0,Two year,Credit card (automatic),DSL,0,No,No,5,13,0.625,275.4,0,0.0,0.0,6.8
2262-SLNVK,1,70.1,Month-to-month,Electronic check,Fiber optic,0,No,No,0,15,0.5,435.2,1,0.0,2.42,0.0
7730-CLDSV,72,98.65,Two year,Bank transfer (automatic),Fiber optic,0,Yes,Yes,4,28,0.5555555555555556,645.5,2,0.0,12.92,11.657894736842104
1135-HIORI,64,111.45,One year,Electronic check,Fiber optic,0,Yes,Yes,5,30,0.5789473684210527,467.90909090909093,0,0.0,0.0,9.854166666666666
0164-APGRB,72,114.9,Two year,Electronic check,Fiber optic,0,No,No,6,17,0.21428571428571427,350.0,2,0.0,3.1100000000000003,5.5636363636363635
6481-ESCNL,29,100.55,Month-to-month,Bank transfer (automatic),Fiber optic,0,No,No,3,27,1.0769230769230769,508.7857142857143,4,0.0,24.3675,14.84
1790-NESIO,13,20.4,Two year,Mailed check,No,0,No,No,0,25,0.3157894736842105,334.8333333333333,2,0.0,1.095,0.0
1550-EENBN,31,104.35,Month-to-month,Electronic check,Fiber optic,0,No,No,4,19,0.26666666666666666,613.0,3,0.0,5.576666666666667,7.6571428571428575
5539-TMZLF,1,69.75,Month-to-month,Electronic check,Fiber optic,1,No,No,0,29,0.45,413.6666666666667,2,1.0,0.0,0.0
4323-SADQS,7,34.5,Month-to-month,Electronic check,DSL,0,Yes,Yes,2,14,0.75,507.3333333333333,1,0.0,9.87,4.666666666666667
4446-BZKHU,61,105.55,Month-to-month,Electronic check,Fiber optic,0,Yes,No,4,23,0.35294117647058826,491.1666666666667,0,0.0,0.0,6.608695652173913
5202-IVJNU,39,30.1,Month-to-month,Credit card (automatic),DSL,0,No,Yes,1,19,0.7272727272727273,493.375,1,0.0,11.4,1.6666666666666667
5976-JCJRH,10,70.3,Month-to-month,Electronic check,Fiber optic,0,Yes,No,0,18,0.38461538461538464,529.8,5,0.2,46.144999999999996,0.0
8198-RKSZG,14,80.45,Month-to-month,Credit card (automatic),DSL,0,Yes,Yes,4,22,0.8333333333333334,420.8,0,0.0,0.0,3.53125
0137-OCGAB,1,80.2,Month-to-month,Mailed check,Fiber optic,0,No,No,1,25,0.47058823529411764,389.5,3,0.6666666666666666,25.75,5.428571428571429
3351-NQLDI,67,94.35,One year,Credit card (automatic),Fiber optic,0,Yes,Yes,3,28,0.5555555555555556,511.5,0,0.0,0.0,3.7857142857142856
9297-EONCV,72,91.35,Two year,Bank transfer (automatic),DSL,0,No,No,6,24,0.3333333333333333,343.3333333333333,3,0.0,10.36,4.235294117647059
7593-JNWRU,6,44.6,Month-to-month,Bank transfer (automatic),DSL,0,Yes,Yes,0,11,0.375,491.0,2,0.5,95.79,0.0
4588-YBNIB,1,19.6,Month-to-month,Mailed check,No,0,No,No,0,27,0.42105263157894735,561.375,1,1.0,0.0,0.0
1069-QJOEE,25,19.9,One year,Electronic check,No,0,Yes,Yes,0,29,0.3181818181818182,534.8571428571429,0,0.0,0.0,0.0
3336-JORSO,33,110.45,Month-to-month,Electronic check,Fiber optic,1,No,No,5,13,0.4444444444444444,332.5,1,0.0,25.57,5.0
7799-DSEWS,18,68.35,Month-to-month,Electronic check,DSL,0,No,No,4,27,0.8,644.5,0,0.0,0.0,6.21875
8766-PAFNE,71,79.1,Two year,Credit card (automatic),DSL,0,Yes,No,5,10,1.5,466.6666666666667,1,0.0,0.97,6.5
5315-CKEQK,28,51.0,One year,Electronic check,DSL,1,Yes,Yes,0,18,0.8,660.75,2,0.5,12.52,0.0
3130-ICDUP,2,80.55,Month-to-month,Credit card (automatic),Fiber optic,0,No,Yes,1,29,0.38095238095238093,599.5,2,0.0,9.925,5.6923076923076925
0820-FNRNX,17,66.7,Month-to-month,Mailed check,DSL,0,Yes,Yes,3,24,0.4117647058823529,396.85714285714283,2,0.0,9.91,18.838709677419356
0880-FVFWF,56,86.4,Month-to-month,Electronic check,Fiber optic,0,No,No,2,10,0.6666666666666666,362.5,3,0.0,4.27,4.714285714285714
4611-ANLQC,60,50.05,One year,Electronic check,DSL,0,Yes,No,4,19,0.35714285714285715,324.8,0,0.0,0.0,11.862068965517242
4213-HKBJO,33,25.7,Two year,Credit card (automatic),No,0,No,No,0,10,0.42857142857142855,641.6666666666666,0,0.0,0.0,0.0
2792-LSHWX,1,83.4,Month-to-month,Mailed check,Fiber optic,0,No,No,3,27,0.8,653.75,2,0.0,6.505,6.3125
5028-GZLDO,2,70.7,Month-to-month,Credit card (automatic),Fiber optic,0,No,No,0,13,0.3,581.0,4,0.25,19.926666666666666,0.0
0014-BMAQU,63,84.65,Two year,Credit card (automatic),Fiber optic,0,Yes,No,2,30,0.30434782608695654,652.8571428571429,1,1.0,0.0,5.684210526315789
6861-XWTWQ,7,99.25,Month-to-month,Electronic check,Fiber optic,1,Yes,No,3,26,0.3,379.8333333333333,2,0.0,68.995,3.75
9018-PCIOK,55,64.75,Two year,Mailed check,DSL,0,No,No,3,28,1.1538461538461537,575.0666666666667,5,0.0,32.248000000000005,3.40625
4837-QUSFT,65,100.15,One year,Bank transfer (automatic),Fiber optic,0,Yes,No,4,19,0.7272727272727273,315.75,2,0.0,18.975,5.212121212121212
6877-TJMBR,1,84.8,Month-to-month,Electronic check,Fiber optic,0,Yes,No,2,10,0.42857142857142855,452.6666666666667,2,0.5,14.93,2.923076923076923
9953-ZMKSM,63,25.25,Two year,Mailed check,No,0,No,No,0,25,0.3888888888888889,514.5714285714286,2,0.0,12.335,0.0
0907-HQNTS,70,113.0,Two year,Credit card (automatic),Fiber optic,1,Yes,No,6,14,1.0,550.0,0,0.0,0.0,7.0
7665-NKLAV,36,40.65,Two year,Credit card (automatic),DSL,0,Yes,Yes,3,18,0.6363636363636364,580.0,0,0.0,0.0,4.142857142857143
6769-DCQLI,52,105.0,One year,Bank transfer (automatic),Fiber optic,0,No,No,5,27,0.42105263157894735,425.5,3,0.6666666666666666,95.92,5.4
2433-KMEAS,22,54.45,Month-to-month,Electronic check,DSL,0,No,No,1,30,0.36363636363636365,346.75,2,1.0,0.0,2.125
4391-LNRXK,22,94.95,Month-to-month,Bank transfer (automatic),Fiber optic,0,No,No,4,11,0.2222222222222222,485.5,2,0.0,2.085,4.931818181818182
8250-ZNGGW,5,59.9,Month-to-month,Credit card (automatic),DSL,1,No,No,3,28,0.47368421052631576,504.55555555555554,0,0.0,0.0,8.263157894736842
2195-ZRVAX,47,85.3,Month-to-month,Electronic check,Fiber optic,0,Yes,No,2,15,0.5,412.0,3,0.3333333333333333,8.53,3.1666666666666665
3550-SAHFP,33,83.35,Month-to-month,Electronic check,Fiber optic,0,No,No,1,17,0.5454545454545454,676.8333333333334,2,0.5,28.49,4.333333333333333
2011-TRQYE,18,33.5,Month-to-month,Credit card (automatic),DSL,0,No,No,2,11,0.5714285714285714,221.75,1,0.0,17.57,4.5
8562-GHPPI,1,19.8,Month-to-month,Credit card (automatic),No,0,No,No,0,25,0.5625,369.6666666666667,1,0.0,39.47,0.0
5893-PYOLZ,56,81.8,Two year,Credit card (automatic),DSL,0,No,No,5,20,0.42857142857142855,622.3333333333334,1,0.0,12.78,3.4186046511627906
4986-MXSFP,2,20.0,Month-to-month,Mailed check,No,0,No,No,0,19,0.7272727272727273,442.625,1,0.0,26.06,0.0
6131-FOYAS,35,59.6,Month-to-month,Electronic check,DSL,0,No,No,2,16,0.3333333333333333,379.25,3,0.6666666666666666,10.63,4.6521739130434785
3027-YNWZU,64,25.0,Two year,Credit card (automatic),No,0,Yes,No,0,30,0.7647058823529411,524.2307692307693,1,0.0,24.63,0.0
5609-IMCGG,15,84.35,Month-to-month,Credit card (automatic),Fiber optic,0,No,No,2,25,0.25,646.0,2,0.5,5.58,7.5
4873-ILOLJ,24,90.35,Month-to-month,Electronic check,Fiber optic,0,No,No,2,29,0.6111111111111112,571.2727272727273,2,0.0,21.105,5.8
4727-MCYZG,1,55.55,Month-to-month,Mailed check,DSL,0,No,No,1,29,0.6111111111111112,428.54545454545456,5,0.0,14.482,11.583333333333334
9481-WHGWY,70,75.35,Two year,Credit card (automatic),DSL,0,Yes,Yes,4,12,1.0,400.6666666666667,0,0.0,0.0,7.391304347826087
2725-KXXWT,1,90.75,Month-to-month,Electronic check,Fiber optic,0,Yes,No,2,13,1.1666666666666667,496.2857142857143,4,0.0,12.8475,2.5714285714285716
9565-DJPIB,4,89.6,Month-to-month,Mailed check,Fiber optic,0,No,Yes,2,20,0.17647058823529413,438.3333333333333,1,1.0,0.0,8.363636363636363
4328-VUFWD,39,59.3,One year,Electronic check,DSL,0,No,No,2,18,0.5,400.6666666666667,0,0.0,0.0,11.4375
3301-LSLWQ,29,66.1,Month-to-month,Electronic check,DSL,0,No,No,2,11,0.8333333333333334,623.2,5,0.4,17.906666666666666,3.0588235294117645
7473-ZBDSN,14,18.8,Two year,Mailed check,No,0,Yes,Yes,0,25,0.3888888888888889,601.2857142857143,1,0.0,4.71,0.0
3166-PNEOF,61,86.45,Two year,Credit card (automatic),DSL,0,No,No,5,27,0.42105263157894735,537.875,1,0.0,11.48,3.72972972972973
5639-NTUPK,13,52.1,Month-to-month,Credit card (automatic),DSL,0,No,Yes,1,25,0.3157894736842105,377.8333333333333,1,0.0,2.42,4.125
8780-YRMTT,66,47.4,Two year,Mailed check,DSL,0,No,No,4,27,0.35,418.14285714285717,1,0.0,9.78,4.125
8348-HFYIV,2,49.25,Month-to-month,Electronic check,DSL,0,No,No,3,12,0.7142857142857143,495.6,2,0.0,3.3600000000000003,2.4705882352941178
5140-FOMCQ,59,109.15,One year,Credit card (automatic),Fiber optic,0,Yes,No,5,11,0.5714285714285714,648.0,0,0.0,0.0,7.333333333333333
8166-ORCHU,33,93.55,One year,Electronic check,Fiber optic,1,Yes,No,4,29,0.3181818181818182,690.4285714285714,2,1.0,0.0,4.9714285714285715
8414-OOEEL,66,79.5,Two year,Credit card (automatic),DSL,0,No,Yes,5,15,0.15384615384615385,610.5,1,0.0,3.5,3.875
8454-AATJP,72,115.05,Two year,Credit card (automatic),Fiber optic,0,No,No,6,10,0.42857142857142855,624.3333333333334,2,0.5,6.66,3.9607843137254903
6849-WLEYG,1,19.75,Month-to-month,Mailed check,No,0,No,Yes,0,13,0.8571428571428571,845.5,4,0.75,7.81,0.0
4659-NZRUF,19,95.15,Month-to-month,Electronic check,Fiber optic,0,No,No,3,15,1.5,543.2222222222222,5,0.2,12.7025,5.142857142857143
4531-AUZNK,51,95.15,One year,Mailed check,Fiber optic,0,Yes,Yes,3,24,0.8461538461538461,470.3636363636364,0,0.0,0.0,11.038461538461538
4191-XOVOM,63,105.4,Month-to-month,Electronic check,Fiber optic,0,No,No,4,24,0.4117647058823529,685.1428571428571,0,0.0,0.0,9.764705882352942
2150-OEGBV,27,20.1,One year,Bank transfer (automatic),No,0,No,No,0,30,0.5789473684210527,751.4545454545455,1,0.0,5.52,0.0
8429-XIBUM,22,101.35,Month-to-month,Bank transfer (automatic),Fiber optic,0,No,No,3,21,0.5,365.57142857142856,2,1.0,0.0,12.578947368421053
1855-CFULU,4,20.05,Month-to-month,Mailed check,No,1,No,No,0,23,0.09523809523809523,365.0,0,0.0,0.0,0.0
4878-BUNFV,42,20.7,Two year,Mailed check,No,0,Yes,Yes,0,11,0.375,591.6666666666666,2,1.0,0.0,0.0
1872-EBWSC,29,20.35,One year,Mailed check,No,0,No,No,0,28,0.4,274.25,2,0.0,2.17,0.0
2608-BHKFN,4,70.05,Month-to-month,Credit card (automatic),Fiber optic,0,No,No,0,13,0.625,340.0,4,0.5,23.895000000000003,0.0
7026-YMSBE,30,19.7,One year,Mailed check,No,0,No,No,0,25,0.5625,436.22222222222223,1,0.0,1.6,0.0
7341-LXCAF,4,74.65,Month-to-month,Electronic check,Fiber optic,0,Yes,No,0,13,1.1666666666666667,497.0,2,0.0,4.315,0.0
6997-UVGOX,71,85.45,Two year,Bank transfer (automatic),DSL,0,Yes,Yes,6,13,0.4444444444444444,537.75,2,0.0,15.530000000000001,3.7868852459016393
9674-EHPPG,46,40.4,Two year,Credit card (automatic),DSL,0,Yes,No,3,22,0.5714285714285714,449.5,2,0.0,16.8,9.176470588235293
9462-MJUAW,4,50.4,Month-to-month,Mailed check,DSL,0,No,No,0,20,0.3333333333333333,693.2,0,0.0,0.0,0.0
8128-YVJRG,7,79.65,Month-to-month,Mailed check,Fiber optic,0,No,No,1,26,0.3,560.3333333333334,1,0.0,5.58,6.2
5440-VHLUL,69,105.2,One year,Bank transfer (automatic),Fiber optic,0,No,No,4,12,0.5,574.0,0,0.0,0.0,6.533333333333333
5781-BKHOP,72,100.65,Two year,Bank transfer (automatic),Fiber optic,0,Yes,No,4,23,0.7692307692307693,425.1,2,0.0,8.165,3.423076923076923
4283-FUTGF,19,79.85,Month-to-month,Electronic check,Fiber optic,1,No,No,1,26,0.8571428571428571,469.75,3,0.3333333333333333,13.575000000000001,6.555555555555555
5213-TWWJU,28,91.0,Month-to-month,Electronic check,Fiber optic,0,No,No,3,15,0.07142857142857142,333.0,3,0.0,3.5833333333333335,13.428571428571429
1569-TTNYJ,5,78.75,Month-to-month,Electronic check,Fiber optic,0,Yes,No,1,20,0.3333333333333333,349.8,3,0.0,16.343333333333334,5.0
8628-MFKAX,72,116.75,Two year,Credit card (automatic),Fiber optic,1,Yes,No,6,15,0.5,584.2,2,0.5,10.96,2.9
2397-BRLOM,8,80.45,Month-to-month,Credit card (automatic),Fiber optic,1,Yes,Yes,1,30,0.5789473684210527,664.7272727272727,2,0.5,16.38,13.2
7629-WIXZF,7,59.1,One year,Electronic check,DSL,0,No,No,2,22,0.375,554.5,5,0.2,67.17750000000001,4.631578947368421
5445-GLVOT,22,49.8,Month-to-month,Electronic check,DSL,0,No,No,1,23,0.2777777777777778,417.6,1,1.0,0.0,10.11111111111111
3976-HXHCE,72,19.3,Two year,Bank transfer (automatic),No,0,No,No,0,19,0.46153846153846156,578.1666666666666,1,0.0,8.74,0.0
2466-NEJOJ,8,19.65,Month-to-month,Credit card (automatic),No,0,Yes,Yes,0,12,0.5,419.0,3,0.3333333333333333,16.655,0.0
0254-KCJGT,52,81.4,One year,Credit card (automatic),DSL,0,Yes,No,5,27,0.35,381.85714285714283,1,0.0,13.0,4.5813953488372094
5472-CVMDX,68,38.9,Two year,Mailed check,DSL,0,No,No,3,29,0.6111111111111112,565.9090909090909,1,0.0,4.17,10.409090909090908
6461-SZMCV,71,87.95,Two year,Bank transfer (automatic),DSL,0,Yes,No,6,16,0.7777777777777778,892.7142857142857,3,0.0,4.966666666666666,8.327272727272728
8150-QUDFX,2,19.85,Month-to-month,Mailed check,No,0,No,No,0,22,1.4444444444444444,505.6923076923077,2,0.0,30.894999999999996,0.0
9508-ILZDG,34,96.35,Month-to-month,Electronic check,Fiber optic,1,No,No,3,14,0.4,483.75,0,0.0,0.0,10.441176470588236
2346-DJQTB,35,24.15,Month-to-month,Electronic check,DSL,0,No,No,0,17,0.5454545454545454,582.0,3,0.3333333333333333,10.530000000000001,0.0
1697-LYYYX,61,19.1,One year,Credit card (automatic),No,0,Yes,Yes,0,20,0.3333333333333333,366.0,0,0.0,0.0,0.0
1942-OQFRW,1,44.0,Month-to-month,Electronic check,DSL,0,No,No,0,14,0.16666666666666666,473.5,2,0.0,7.41,0.0
4749-VFKVB,1,50.1,Month-to-month,Mailed check,DSL,0,No,No,0,22,0.5714285714285714,572.0,0,0.0,0.0,0.0
9640-ZSLDC,53,60.6,One year,Credit card (automatic),DSL,0,Yes,Yes,2,13,0.625,272.8,1,0.0,6.0,4.25
4231-LZUYM,72,25.65,Two year,Bank transfer (automatic),No,0,Yes,No,0,16,0.6,572.6666666666666,1,1.0,0.0,0.0
7598-UAASY,2,76.4,Month-to-month,Electronic check,Fiber optic,0,Yes,No,1,24,0.6,381.6666666666667,3,0.0,94.84333333333332,4.0
7938-OUHIO,3,98.7,Month-to-month,Electronic check,Fiber optic,0,No,No,4,27,0.5882352941176471,485.8,0,0.0,0.0,6.35
8510-AWCXC,13,100.8,Month-to-month,Electronic check,Fiber optic,1,No,No,3,18,0.6363636363636364,452.42857142857144,2,0.5,15.65,3.4
6128-AQBMT,41,53.95,Month-to-month,Electronic check,DSL,1,Yes,No,4,27,0.35,464.85714285714283,4,0.0,5.3075,4.823529411764706
3594-BDSOA,24,20.4,One year,Credit card (automatic),No,0,Yes,No,0,28,0.47368421052631576,455.8888888888889,2,0.0,9.205,0.0
0431-APWVY,28,90.1,One year,Bank transfer (automatic),Fiber optic,0,Yes,Yes,2,10,0.42857142857142855,667.6666666666666,4,0.0,43.2475,5.5
5133-VRSAB,8,29.35,Month-to-month,Mailed check,DSL,0,No,No,1,27,0.5882352941176471,539.9,5,0.0,8.826,18.307692307692307
5996-DAOQL,1,20.45,Month-to-month,Mailed check,No,0,No,No,0,29,0.3181818181818182,434.0,2,0.5,17.78,0.0
6838-YAUVY,54,95.1,Two year,Bank transfer (automatic),Fiber optic,0,No,No,3,14,1.0,388.57142857142856,2,0.0,19.3,7.961538461538462
0484-JPBRU,41,25.25,Month-to-month,Bank transfer (automatic),No,0,No,No,0,24,0.4117647058823529,437.2857142857143,2,0.0,9.739999999999998,0.0
7883-ROJOC,19,44.9,Month-to-month,Mailed check,DSL,0,Yes,No,0,13,1.1666666666666667,644.0,3,0.0,43.85666666666666,0.0
0244-LGNFY,72,92.65,Two year,Bank transfer (automatic),DSL,0,Yes,Yes,6,16,0.3333333333333333,707.0,0,0.0,0.0,5.785714285714286
7274-CGTOD,62,43.7,Two year,Bank transfer (automatic),DSL,0,No,No,4,29,0.5263157894736842,549.7,2,0.0,15.684999999999999,5.446808510638298
4295-YURET,56,72.6,Two year,Credit card (automatic),DSL,1,Yes,Yes,4,16,0.45454545454545453,642.6,1,0.0,2.92,8.605263157894736
3426-NIYYL,15,51.55,Month-to-month,Electronic check,DSL,0,No,No,0,15,1.1428571428571428,562.0,4,0.5,25.79,0.0
8225-BTJAU,10,79.25,Month-to-month,Electronic check,Fiber optic,1,No,No,1,12,1.0,327.1666666666667,5,0.0,21.235999999999997,3.8
4635-EJYPD,32,18.95,Two year,Mailed check,No,0,Yes,Yes,0,15,0.15384615384615385,437.0,4,0.75,17.79,0.0
1866-ZSLJM,21,20.5,Month-to-month,Credit card (automatic),No,0,No,No,0,21,0.75,518.7777777777778,2,0.0,2.175,0.0
4636-TVXVG,62,19.95,One year,Bank transfer (automatic),No,0,Yes,Yes,0,27,0.8,543.3333333333334,0,0.0,0.0,0.0
4236-UJPWO,2,24.5,Month-to-month,Electronic check,DSL,0,No,No,0,28,0.8666666666666667,491.9230769230769,1,0.0,22.43,0.0
9392-XBGTD,27,20.6,Two year,Mailed check,No,0,No,Yes,0,29,0.7058823529411765,337.6666666666667,2,0.0,11.174999999999999,0.0
3387-VATUS,5,94.85,Month-to-month,Bank transfer (automatic),Fiber optic,0,No,No,2,19,0.35714285714285715,317.8,0,0.0,0.0,5.2727272727272725
6402-SSEJG,25,61.05,One year,Electronic check,DSL,0,No,No,5,20,0.8181818181818182,481.8888888888889,2,0.0,1.875,4.452830188679245
1143-NMNQJ,2,85.7,Month-to-month,Electronic check,Fiber optic,0,No,No,1,14,0.16666666666666666,368.5,1,0.0,32.28,5.4
1169-SAOCL,49,106.65,One year,Bank transfer (automatic),Fiber optic,0,No,No,4,22,0.6923076923076923,254.77777777777777,2,0.0,6.745,7.291666666666667
1110-KYLGQ,63,108.25,Month-to-month,Credit card (automatic),Fiber optic,0,No,No,5,23,0.7692307692307693,526.4,5,0.2,8.485,6.348837209302325
9929-PLVPA,4,20.4,Month-to-month,Credit card (automatic),No,0,No,Yes,0,16,0.6,373.0,1,0.0,6.99,0.0
3518-PZXZQ,1,55.3,Month-to-month,Mailed check,DSL,0,Yes,No,1,27,0.6875,731.9090909090909,2,0.0,2.01,3.3333333333333335
2371-JUNGC,11,20.25,Month-to-month,Mailed check,No,0,No,No,0,30,0.5,871.9,0,0.0,0.0,0.0
7693-QPEFS,52,72.95,Month-to-month,Bank transfer (automatic),Fiber optic,1,No,No,0,14,0.07692307692307693,177.0,2,0.0,3.64,0.0
0924-BJCRC,60,89.45,Month-to-month,Electronic check,Fiber optic,1,Yes,No,2,22,0.6923076923076923,542.3333333333334,5,0.0,4.933999999999999,6.684210526315789
5074-FBGHB,64,104.65,One year,Credit card (automatic),Fiber optic,0,No,No,4,22,1.0,424.90909090909093,1,0.0,11.78,3.870967741935484
2351-BKRZW,43,75.2,Two year,Bank transfer (automatic),DSL,0,Yes,Yes,4,26,0.5294117647058824,626.3333333333334,1,0.0,1.01,5.405405405405405
4455-BFSPD,61,101.15,One year,Bank transfer (automatic),Fiber optic,0,Yes,No,3,25,0.47058823529411764,489.875,1,0.0,3.76,3.2666666666666666
0415-MOSGF,1,44.4,Month-to-month,Mailed check,DSL,0,No,No,0,25,0.9230769230769231,553.9166666666666,3,1.0,0.0,0.0
1724-BQUHA,5,89.5,Month-to-month,Electronic check,Fiber optic,1,No,No,2,12,0.5,630.0,1,1.0,0.0,5.357142857142857
3948-KXDUF,66,68.75,Two year,Bank transfer (automatic),DSL,0,No,No,4,15,1.1428571428571428,528.5,0,0.0,0.0,4.515151515151516
2323-ARSVR,67,111.05,Two year,Electronic check,Fiber optic,0,Yes,No,6,14,0.4,338.5,0,0.0,0.0,9.63265306122449
0815-MFZGM,42,99.0,Two year,Credit card (automatic),Fiber optic,0,Yes,No,4,29,0.45,480.8888888888889,0,0.0,0.0,8.545454545454545
4826-XTSOH,1,86.05,Month-to-month,Electronic check,Fiber optic,1,Yes,No,1,18,0.125,729.0,1,0.0,12.19,3.6
5480-XTFFL,31,21.0,Two year,Mailed check,No,0,Yes,Yes,0,15,0.15384615384615385,612.0,1,0.0,12.49,0.0
8295-FHIVV,7,19.4,Month-to-month,Mailed check,No,0,No,No,0,11,0.2222222222222222,963.0,0,0.0,0.0,0.0
2495-INZWQ,4,44.55,Month-to-month,Electronic check,DSL,0,No,No,2,28,0.47368421052631576,443.77777777777777,0,0.0,0.0,2.7
9086-YJYXS,34,77.2,One year,Bank transfer (automatic),DSL,0,Yes,Yes,3,29,0.2608695652173913,273.8333333333333,5,0.0,3.0460000000000003,4.590909090909091
1179-INLAT,3,19.45,One year,Mailed check,No,0,No,No,0,11,0.2222222222222222,676.5,1,0.0,2.12,0.0
7909-FIOIY,19,24.85,Month-to-month,Mailed check,DSL,0,Yes,Yes,0,18,0.6363636363636364,546.1428571428571,2,0.0,7.5,0.0
4139-SUGLD,31,35.4,Month-to-month,Bank transfer (automatic),DSL,0,Yes,Yes,2,16,0.6,702.8333333333334,2,0.5,9.95,6.928571428571429
6857-VWJDT,1,95.65,Month-to-month,Mailed check,Fiber optic,0,No,No,2,13,0.625,732.8,3,0.0,25.003333333333334,3.1538461538461537
6351-SCJKT,3,41.35,Month-to-month,Mailed check,DSL,0,No,No,3,14,0.4,358.0,3,0.3333333333333333,4.9,6.25
5468-BPMMO,46,19.6,Month-to-month,Electronic check,No,0,Yes,No,0,23,0.5333333333333333,496.625,0,0.0,0.0,0.0
5624-BQSSA,1,20.95,Month-to-month,Mailed check,No,0,No,No,0,26,0.4444444444444444,728.25,1,0.0,32.25,0.0
0197-PNKNK,69,84.45,One year,Bank transfer (automatic),Fiber optic,0,Yes,Yes,2,18,0.2,465.6666666666667,1,1.0,0.0,6.333333333333333
2439-QKJUL,5,20.25,Month-to-month,Mailed check,No,0,No,No,0,13,0.3,666.3333333333334,2,1.0,0.0,0.0
1194-SPVSP,1,19.65,Month-to-month,Bank transfer (automatic),No,0,No,No,0,25,0.9230769230769231,584.4166666666666,0,0.0,0.0,0.0
9534-NSXEM,26,20.65,One year,Credit card (automatic),No,0,No,No,0,28,0.47368421052631576,614.0,3,0.0,52.949999999999996,0.0
2408-WITXK,10,34.7,Month-to-month,Electronic check,DSL,1,No,No,1,29,0.38095238095238093,369.5,2,1.0,0.0,6.25
8929-KSWIH,25,99.3,Two year,Bank transfer (automatic),Fiber optic,0,No,No,4,11,0.8333333333333334,905.2,1,0.0,17.66,12.186046511627907
2250-IVBWA,64,81.05,Month-to-month,Electronic check,Fiber optic,0,Yes,Yes,2,28,0.3333333333333333,607.5714285714286,5,0.2,11.9775,6.055555555555555
1810-MVMAI,30,67.6,Month-to-month,Electronic check,DSL,0,Yes,Yes,4,19,0.5833333333333334,333.57142857142856,3,0.3333333333333333,13.54,3.75
9506-UXUSK,13,70.15,Month-to-month,Electronic check,Fiber optic,0,No,No,0,17,0.21428571428571427,317.0,5,0.2,9.7,0.0
1229-RCALF,64,115.0,One year,Electronic check,Fiber optic,0,Yes,No,6,21,1.1,488.8181818181818,0,0.0,0.0,8.228070175438596
3572-UOLYZ,46,84.8,Month-to-month,Bank transfer (automatic),Fiber optic,0,No,Yes,2,19,0.9,813.0,1,0.0,5.96,2.75
1429-UYJSV,12,19.7,One year,Mailed check,No,0,No,No,0,10,1.0,742.4,0,0.0,0.0,0.0
5577-OTWWW,15,19.75,Month-to-month,Bank transfer (automatic),No,0,No,No,0,30,0.15384615384615385,415.0,2,1.0,0.0,0.0
6100-QQHEB,17,92.55,Month-to-month,Electronic check,Fiber optic,0,Yes,Yes,2,15,0.25,630.3333333333334,5,0.2,53.1175,3.0
6366-XIVKZ,13,63.15,Month-to-month,Mailed check,DSL,0,Yes,Yes,3,12,0.5,490.25,1,0.0,1.74,6.416666666666667
3470-OBUET,67,74.0,Two year,Credit card (automatic),DSL,0,Yes,Yes,4,25,0.3888888888888889,476.7142857142857,1,0.0,39.1,3.857142857142857
2770-NSVDG,24,29.1,Month-to-month,Electronic check,DSL,0,Yes,No,1,29,0.45,393.55555555555554,2,0.5,5.97,6.142857142857143
9375-MHRRS,6,50.05,Month-to-month,Mailed check,DSL,0,No,No,1,27,0.5,580.8888888888889,0,0.0,0.0,5.666666666666667
2634-HCZGT,53,60.05,One year,Electronic check,DSL,1,Yes,No,2,18,0.38461538461538464,568.4,3,0.3333333333333333,15.135000000000002,4.0
7503-QQRVF,16,74.3,Month-to-month,Credit card (automatic),Fiber optic,1,Yes,No,1,10,1.5,583.0,2,1.0,0.0,2.5714285714285716
4860-YZGZM,10,20.0,Month-to-month,Electronic check,No,0,No,No,0,19,0.9,435.55555555555554,5,0.0,2.242,0.0
6599-GZWCM,13,74.65,One year,Mailed check,Fiber optic,0,No,No,1,14,1.0,442.0,2,0.0,3.29,4.0
2691-NZETQ,9,85.35,Month-to-month,Electronic check,Fiber optic,0,No,No,1,22,0.2222222222222222,389.5,1,0.0,118.2,3.0
4404-HIBDJ,25,74.3,One year,Mailed check,DSL,0,No,No,5,14,0.4,403.0,2,0.0,19.41,3.357142857142857
5533-NHFRF,7,44.4,Month-to-month,Electronic check,DSL,1,No,No,3,14,0.4,635.75,2,0.0,2.755,10.727272727272727
7037-MTYVW,38,85.4,Two year,Bank transfer (automatic),DSL,0,Yes,Yes,5,10,2.3333333333333335,834.2857142857143,4,0.0,4.7725,7.0
4760-THGOT,43,94.1,Month-to-month,Electronic check,Fiber optic,0,Yes,No,3,27,0.8,517.4166666666666,2,0.0,8.565,3.4
7295-JOMMD,4,98.1,Month-to-month,Bank transfer (automatic),Fiber optic,0,No,Yes,4,12,1.0,521.5,1,0.0,6.35,3.260869565217391
4016-BJKTZ,25,108.9,Two year,Electronic check,Fiber optic,0,No,No,5,18,0.5,587.0,2,0.0,4.505,7.94
6584-VQMYT,27,56.2,One year,Mailed check,DSL,0,No,Yes,2,21,0.9090909090909091,722.1,2,0.0,6.955,4.888888888888889
9838-BFCQT,72,26.1,Two year,Mailed check,No,0,Yes,Yes,0,11,0.5714285714285714,636.0,0,0.0,0.0,0.0
2790-XUYMV,71,85.45,One year,Credit card (automatic),Fiber optic,0,No,Yes,2,16,0.45454545454545453,485.4,3,0.3333333333333333,22.715000000000003,3.2666666666666666
0581-MDMPW,24,88.95,Month-to-month,Credit card (automatic),Fiber optic,0,No,No,2,10,1.0,521.4,2,0.0,10.605,7.0
5013-SBUIH,50,109.65,Two year,Electronic check,Fiber optic,0,No,No,5,24,0.3333333333333333,649.0,1,1.0,0.0,2.25
1023-BQXZE,57,74.35,Two year,Bank transfer (automatic),DSL,0,No,No,4,26,0.5294117647058824,504.6666666666667,3,0.0,5.03,5.466666666666667
9163-GHAYE,15,48.85,Month-to-month,Electronic check,DSL,0,No,No,1,18,0.125,349.5,1,1.0,0.0,6.75
3904-UKFRE,4,80.1,Month-to-month,Electronic check,Fiber optic,0,No,No,1,30,0.7647058823529411,574.9230769230769,2,0.5,5.33,6.181818181818182
5353-WILCI,28,56.05,Month-to-month,Electronic check,DSL,0,No,No,2,18,0.5,725.5,4,0.0,16.5725,5.3
0709-TVGUR,9,74.55,Month-to-month,Electronic check,Fiber optic,1,No,No,0,12,0.5,712.25,1,0.0,67.41,0.0
0058-EVZWM,55,89.8,Month-to-month,Bank transfer (automatic),Fiber optic,0,Yes,No,2,26,0.4444444444444444,447.5,5,0.0,7.982000000000001,4.428571428571429
6023-YEBUP,3,100.95,Month-to-month,Electronic check,Fiber optic,0,No,No,3,20,0.42857142857142855,346.3333333333333,4,0.25,5.3133333333333335,2.6470588235294117
7209-JCUDS,10,94.9,Month-to-month,Electronic check,Fiber optic,0,No,No,3,23,1.0909090909090908,672.9166666666666,3,0.6666666666666666,21.28,2.7777777777777777
7009-PCARS,55,19.1,One year,Bank transfer (automatic),No,0,No,Yes,0,10,1.5,717.6666666666666,3,0.3333333333333333,12.745,0.0
0519-DRGTI,20,20.35,Month-to-month,Mailed check,No,0,Yes,Yes,0,13,1.1666666666666667,713.7142857142857,3,0.3333333333333333,6.445,0.0
1017-FBQMM,62,106.05,One year,Credit card (automatic),Fiber optic,0,Yes,Yes,4,11,0.5714285714285714,432.5,1,0.0,5.32,3.3783783783783785
3001-CBHLQ,32,104.9,Month-to-month,Electronic check,Fiber optic,1,Yes,No,4,11,0.5714285714285714,755.0,0,0.0,0.0,5.5
1985-MBRYP,43,19.65,Two year,Bank transfer (automatic),No,0,No,No,0,15,0.25,551.6666666666666,0,0.0,0.0,0.0
6158-DWPZT,9,24.1,One year,Bank transfer (automatic),DSL,0,Yes,No,0,22,0.29411764705882354,521.8,3,0.0,22.87,0.0
9372-TXXPS,60,59.85,Two year,Bank transfer (automatic),DSL,0,Yes,No,3,13,0.8571428571428571,689.1666666666666,2,0.0,5.225,6.1875
3259-QMXUN,58,86.1,Two year,Electronic check,DSL,0,Yes,No,5,16,0.6,551.1666666666666,3,0.3333333333333333,4.475,12.553191489361701
1015-JPFYW,7,19.45,One year,Mailed check,No,0,No,Yes,0,16,0.7777777777777778,597.0,0,0.0,0.0,0.0
6645-MXQJT,2,97.1,Month-to-month,Electronic check,Fiber optic,0,Yes,Yes,3,11,0.375,1008.6666666666666,3,0.3333333333333333,3.17,2.125
4360-QRAVE,37,36.65,Month-to-month,Electronic check,DSL,1,No,No,2,16,0.6,313.3333333333333,4,0.0,26.3175,6.875
8433-WPJTV,65,103.9,One year,Bank transfer (automatic),Fiber optic,1,Yes,Yes,4,11,0.8333333333333334,539.4,1,0.0,3.59,9.857142857142858
5804-JMYIO,39,19.75,Two year,Mailed check,No,0,Yes,Yes,0,30,0.42857142857142855,715.2222222222222,1,0.0,5.35,0.0
3763-GCZHZ,66,104.05,One year,Electronic check,Fiber optic,0,Yes,No,4,30,0.25,411.3333333333333,3,1.0,0.0,3.5
6484-LATFU,68,24.55,Two year,Mailed check,No,0,No,No,0,15,0.36363636363636365,611.5,2,1.0,0.0,0.0
7599-NTMDP,62,48.7,Two year,Bank transfer (automatic),DSL,0,Yes,Yes,4,25,0.47058823529411764,758.0,2,0.0,6.93,6.387096774193548
0772-GYEQQ,3,88.35,Month-to-month,Mailed check,Fiber optic,0,No,No,3,22,0.5714285714285714,522.5,1,0.0,18.26,3.7
0536-ACXIP,72,109.55,Two year,Electronic check,Fiber optic,0,Yes,No,5,19,0.7272727272727273,629.375,0,0.0,0.0,5.55
0936-NQLJU,41,20.65,Two year,Credit card (automatic),No,0,Yes,No,0,21,0.4,416.8333333333333,3,0.0,11.183333333333332,0.0
4831-EOBFE,29,94.65,Month-to-month,Credit card (automatic),Fiber optic,0,Yes,Yes,3,25,0.3157894736842105,597.8333333333334,3,0.6666666666666666,10.89,3.25
1575-KRZZE,4,55.2,Month-to-month,Electronic check,DSL,0,No,No,2,16,0.06666666666666667,247.0,1,0.0,11.01,8.545454545454545
3251-YMVWZ,53,24.05,One year,Bank transfer (automatic),No,0,No,No,0,30,0.36363636363636365,387.25,2,0.0,13.399999999999999,0.0
4102-OQUPX,1,74.4,Month-to-month,Electronic check,Fiber optic,1,Yes,No,0,29,1.0714285714285714,440.6666666666667,2,0.5,15.24,0.0
9170-GYZJC,41,79.9,Month-to-month,Credit card (automatic),DSL,0,Yes,Yes,5,19,0.7272727272727273,610.875,3,0.3333333333333333,26.57,9.407407407407407
4884-LEVMQ,39,20.45,Two year,Bank transfer (automatic),No,0,Yes,No,0,27,0.2857142857142857,393.3333333333333,0,0.0,0.0,0.0
8857-CUPFQ,63,19.25,Two year,Mailed check,No,0,Yes,No,0,22,0.4666666666666667,924.7142857142857,2,0.0,62.985,0.0
7610-TVOPG,15,26.35,Month-to-month,Electronic check,No,0,No,No,0,10,2.3333333333333335,422.0,1,0.0,12.14,0.0
3638-DIMPH,13,43.8,One year,Electronic check,DSL,0,Yes,No,0,21,0.3125,387.2,1,0.0,3.05,0.0
1845-ZLLIG,1,50.15,Month-to-month,Mailed check,DSL,0,No,No,1,23,0.35294117647058826,596.5,2,0.0,16.015,6.923076923076923
8559-WNQZS,1,20.45,Two year,Mailed check,No,0,No,No,0,16,0.23076923076923078,543.6666666666666,2,0.5,10.42,0.0
3999-QGRJH,8,69.7,Month-to-month,Electronic check,Fiber optic,1,No,No,0,14,0.4,430.0,4,0.25,25.94333333333333,0.0
1699-UOTXU,60,61.4,Two year,Electronic check,DSL,0,No,No,3,22,1.0,561.1818181818181,2,0.0,14.94,6.777777777777778
2454-RPBRZ,12,98.1,Month-to-month,Electronic check,Fiber optic,1,Yes,No,3,25,0.47058823529411764,335.25,2,0.5,50.39,3.7222222222222223
0635-WKOLD,40,70.75,One year,Credit card (automatic),DSL,0,Yes,No,3,11,0.375,789.6666666666666,1,0.0,9.93,4.0
5993-JSUWV,66,61.15,Two year,Bank transfer (automatic),DSL,0,No,No,3,15,0.5,615.8,1,1.0,0.0,5.517241379310345
4518-FZBSX,42,20.25,One year,Mailed check,No,0,Yes,Yes,0,28,0.5555555555555556,404.6,2,0.0,20.044999999999998,0.0
5387-ASZNZ,66,63.85,One year,Credit card (automatic),DSL,1,No,No,3,26,0.3,688.3333333333334,0,0.0,0.0,5.852941176470588
6988-CJEYV,49,98.7,Month-to-month,Electronic check,Fiber optic,0,No,No,3,10,0.42857142857142855,441.3333333333333,5,0.6,20.21,7.733333333333333
2002-MZHWP,1,20.5,Month-to-month,Mailed check,No,0,No,No,0,14,0.4,817.25,1,1.0,0.0,0.0
3097-FQTVJ,41,20.0,Two year,Mailed check,No,0,No,No,0,11,0.375,716.0,0,0.0,0.0,0.0
5465-BUBFA,41,19.3,Two year,Bank transfer (automatic),No,0,Yes,Yes,0,11,0.375,369.3333333333333,0,0.0,0.0,0.0
7299-GNVPL,23,84.4,Month-to-month,Mailed check,Fiber optic,0,Yes,Yes,3,12,0.7142857142857143,517.2,1,0.0,5.23,3.65
9743-DQKQW,3,25.1,Month-to-month,Electronic check,DSL,0,No,No,0,18,0.6363636363636364,503.0,1,1.0,0.0,0.0
1215-VFYVK,4,48.25,Month-to-month,Mailed check,DSL,0,No,No,4,25,0.3888888888888889,592.1428571428571,0,0.0,0.0,4.129032258064516
1732-VHUBQ,47,70.55,Month-to-month,Bank transfer (automatic),Fiber optic,1,Yes,Yes,0,22,0.375,674.3333333333334,2,0.0,23.990000000000002,0.0
9371-BITHB,52,19.85,Two year,Mailed check,No,0,Yes,Yes,0,10,0.6666666666666666,386.25,1,0.0,4.09,0.0
2265-CYWIV,4,99.6,Month-to-month,Electronic check,Fiber optic,1,Yes,No,3,24,0.5,500.125,4,0.5,5.375,2.642857142857143
9093-FPDLG,11,94.2,Month-to-month,Electronic check,Fiber optic,0,No,No,4,15,0.6666666666666666,588.5,0,0.0,0.0,4.5
0541-FITGH,2,62.15,Month-to-month,Mailed check,DSL,0,Yes,No,2,15,0.36363636363636365,453.75,3,0.3333333333333333,20.86,5.571428571428571
6985-HAYWX,26,79.3,Month-to-month,Bank transfer (automatic),Fiber optic,0,Yes,No,1,16,0.6,676.5,2,0.5,4.92,5.25
7508-KBIMB,24,56.25,One year,Credit card (automatic),DSL,0,Yes,Yes,2,15,0.25,327.3333333333333,3,0.0,15.426666666666668,4.5
6838-HVLXG,12,20.3,Month-to-month,Mailed check,No,0,No,No,0,17,1.125,581.3333333333334,0,0.0,0.0,0.0
2277-DJJDL,60,99.0,Month-to-month,Electronic check,Fiber optic,1,Yes,No,3,16,1.0,450.5,0,0.0,0.0,10.758620689655173
1897-OKVMW,64,90.6,Two year,Mailed check,DSL,0,Yes,Yes,6,16,0.23076923076923078,433.3333333333333,0,0.0,0.0,3.0
5485-ITNPC,66,85.9,Two year,Bank transfer (automatic),DSL,0,Yes,No,6,24,0.4117647058823529,398.0,2,0.0,5.105,4.967213114754099
0233-FTHAV,60,79.2,One year,Bank transfer (automatic),Fiber optic,0,No,No,1,28,0.4,371.25,1,0.0,4.83,4.2
4644-PIZRT,17,70.35,One year,Bank transfer (automatic),DSL,0,Yes,Yes,3,24,0.7142857142857143,635.3,4,0.5,3.61,6.9655172413793105
8922-NPKBJ,42,19.35,Two year,Mailed check,No,0,Yes,Yes,0,18,1.0,662.3333333333334,1,0.0,6.58,0.0
2740-TVLFN,1,50.15,Month-to-month,Electronic check,DSL,0,No,No,0,20,0.6666666666666666,425.375,1,0.0,12.16,0.0
7771-CFQRQ,47,63.8,Two year,Bank transfer (automatic),DSL,0,Yes,Yes,3,14,1.8,667.4444444444445,3,0.0,3.99,5.538461538461538
9512-PHSMG,10,20.55,Month-to-month,Mailed check,No,0,Yes,No,0,27,0.35,401.57142857142856,1,0.0,5.23,0.0
6963-EZQEE,70,88.55,Two year,Credit card (automatic),DSL,1,Yes,No,6,27,0.5,532.6666666666666,3,0.3333333333333333,122.875,11.608695652173912
2452-KDRRH,67,101.4,Month-to-month,Credit card (automatic),Fiber optic,1,No,No,3,14,0.4,884.75,2,0.0,21.33,2.6666666666666665
2004-OCQXK,1,81.95,Month-to-month,Electronic check,Fiber optic,0,No,No,1,23,0.5333333333333333,778.0,4,0.0,31.1525,2.6666666666666665
5027-QPKTE,7,69.35,Month-to-month,Electronic check,Fiber optic,0,Yes,No,0,15,0.15384615384615385,404.5,3,0.3333333333333333,34.605000000000004,0.0
4146-SVFUD,1,44.6,Month-to-month,Mailed check,DSL,0,No,No,0,11,0.375,386.3333333333333,5,0.2,9.2225,0.0
1564-HJUVY,4,63.75,Month-to-month,Bank transfer (automatic),DSL,0,No,No,3,15,0.36363636363636365,539.25,3,0.0,15.953333333333333,3.92
3617-XLSGQ,66,109.25,Two year,Bank transfer (automatic),Fiber optic,0,Yes,Yes,5,11,0.375,410.0,3,0.0,4.433333333333334,11.0625
7517-LDMPS,12,84.6,Month-to-month,Electronic check,Fiber optic,0,No,No,2,27,0.42105263157894735,568.375,5,0.0,9.976,5.0
7244-KXYZN,24,20.45,One year,Credit card (automatic),No,0,No,No,0,22,0.4666666666666667,579.8571428571429,1,0.0,1.07,0.0
5226-NOZFC,26,85.75,Month-to-month,Electronic check,Fiber optic,0,No,No,2,18,1.0,519.4444444444445,4,0.0,2.375,6.285714285714286
2672-HUYVI,6,91.1,Month-to-month,Electronic check,Fiber optic,0,No,No,2,10,1.0,312.2,2,0.5,4.73,5.411764705882353
1400-WIVLL,57,107.95,Two year,Electronic check,Fiber optic,0,Yes,No,4,22,0.29411764705882354,467.2,2,0.0,31.46,7.225
7508-MYBOG,14,86.1,Month-to-month,Electronic check,Fiber optic,0,Yes,No,1,21,0.3125,345.0,1,0.0,36.97,5.0
8148-NLEGT,42,22.95,Two year,Electronic check,No,0,Yes,Yes,0,29,0.38095238095238093,512.625,1,0.0,10.86,0.0
0148-DCDOS,25,94.7,Month-to-month,Bank transfer (automatic),Fiber optic,0,No,No,2,15,0.5,190.0,1,0.0,8.79,4.777777777777778
8347-GDTMP,64,19.45,Two year,Credit card (automatic),No,0,Yes,No,0,25,0.6666666666666666,562.2,1,0.0,9.99,0.0
9992-RRAMN,22,85.1,Month-to-month,Electronic check,Fiber optic,0,Yes,No,1,25,0.5625,464.44444444444446,0,0.0,0.0,3.625
6746-WAUWT,19,19.7,One year,Credit card (automatic),No,0,No,No,0,20,0.3333333333333333,314.6,0,0.0,0.0,0.0
0310-MVLET,61,99.15,Month-to-month,Electronic check,Fiber optic,0,Yes,Yes,3,28,0.47368421052631576,532.3333333333334,2,0.0,30.060000000000002,5.909090909090909
0428-IKYCP,22,87.0,Month-to-month,Bank transfer (automatic),Fiber optic,0,Yes,No,2,21,0.6153846153846154,962.0,2,0.0,25.435000000000002,5.6875
4550-VBOFE,70,102.95,Month-to-month,Electronic check,Fiber optic,1,Yes,No,4,10,0.25,126.5,1,0.0,4.91,2.761904761904762
2187-PKZAY,12,79.95,Month-to-month,Bank transfer (automatic),Fiber optic,0,No,No,1,11,0.5714285714285714,514.5,1,1.0,0.0,3.5
4003-OCTMP,31,64.0,One year,Electronic check,DSL,0,Yes,No,3,28,0.47368421052631576,479.22222222222223,1,0.0,6.67,5.875
6652-YFFJO,11,64.9,Month-to-month,Electronic check,DSL,0,No,No,2,10,0.6666666666666666,582.25,0,0.0,0.0,3.25
7225-IILWY,68,25.75,Two year,Mailed check,No,0,Yes,Yes,0,22,0.2222222222222222,508.5,1,1.0,0.0,0.0
5248-RPYWW,72,90.15,Two year,Bank transfer (automatic),DSL,1,Yes,Yes,6,18,1.25,509.7,1,0.0,5.07,3.5555555555555554
7923-IYJWY,67,116.1,Two year,Credit card (automatic),Fiber optic,1,No,No,6,25,0.19047619047619047,286.5,2,0.5,4.55,7.28
3170-GWYKC,60,104.95,Month-to-month,Bank transfer (automatic),Fiber optic,0,No,No,5,19,0.26666666666666666,442.5,0,0.0,0.0,5.135135135135135
5696-QURRL,1,45.05,Month-to-month,Mailed check,DSL,0,No,No,0,11,0.375,535.0,2,1.0,0.0,0.0
7409-KIUTL,1,71.0,Month-to-month,Electronic check,Fiber optic,1,No,Yes,0,13,0.625,565.6,5,0.4,6.1000000000000005,0.0
9830-ECLEN,58,50.0,One year,Mailed check,DSL,0,Yes,Yes,4,19,0.35714285714285715,552.0,5,0.2,3.975,3.2972972972972974
0495-RVCBF,1,79.7,Month-to-month,Electronic check,Fiber optic,0,No,No,1,12,0.7142857142857143,606.4,2,0.0,14.575,4.571428571428571
2668-TZSPS,1,20.45,Month-to-month,Mailed check,No,0,No,No,0,23,0.35294117647058826,506.0,2,0.0,10.375,0.0
7854-EDSSA,22,59.0,Month-to-month,Electronic check,DSL,0,No,No,2,13,0.18181818181818182,527.0,1,0.0,17.92,12.375
8869-TORSS,48,60.35,One year,Credit card (automatic),DSL,0,No,No,3,24,0.7142857142857143,702.8,3,0.3333333333333333,33.955,3.5625
7446-SFAOA,37,19.85,One year,Bank transfer (automatic),No,0,Yes,No,0,27,0.6875,518.2727272727273,1,0.0,5.38,0.0
9522-ZSINC,13,19.95,One year,Electronic check,No,0,No,No,0,20,0.5384615384615384,510.14285714285717,2,0.5,9.63,0.0
8234-GSZYK,43,26.45,Two year,Bank transfer (automatic),No,0,No,No,0,17,0.8888888888888888,472.0,2,0.5,2.54,0.0
6505-OZNPG,6,63.4,Two year,Mailed check,DSL,0,No,No,6,15,0.07142857142857142,293.0,1,0.0,4.4,4.745098039215686
6164-HAQTX,71,53.95,Two year,Bank transfer (automatic),DSL,0,No,No,5,12,0.5,442.0,1,0.0,3.05,5.787234042553192
0679-IDSTG,1,69.25,Month-to-month,Electronic check,Fiber optic,1,Yes,Yes,0,24,1.0,434.0833333333333,5,0.4,21.956666666666667,0.0
7765-LWVVH,72,95.1,Two year,Electronic check,Fiber optic,0,Yes,Yes,3,24,0.5,328.75,1,0.0,6.13,14.238095238095237
1658-TJVOA,6,74.1,Month-to-month,Electronic check,Fiber optic,1,No,No,1,21,0.3125,627.0,1,0.0,13.12,5.454545454545454
0953-LGOVU,12,35.5,Month-to-month,Mailed check,DSL,0,Yes,Yes,2,27,0.5882352941176471,698.0,2,0.0,15.645,4.2272727272727275
2115-BFTIW,25,70.95,Month-to-month,Mailed check,Fiber optic,0,No,No,0,25,0.6666666666666666,367.2,2,1.0,0.0,0.0
4692-NNQRU,21,79.2,One year,Electronic check,Fiber optic,0,Yes,No,2,20,0.25,431.75,1,0.0,3.02,2.5789473684210527
7742-MYPGI,6,48.8,Month-to-month,Mailed check,DSL,0,Yes,Yes,1,27,0.8,238.16666666666666,0,0.0,0.0,6.7272727272727275
0611-DFXKO,20,89.0,Month-to-month,Mailed check,Fiber optic,0,Yes,No,2,10,1.0,395.0,2,0.0,15.88,4.5
7780-OTDSO,18,99.4,Month-to-month,Electronic check,Fiber optic,0,Yes,No,3,24,0.5,296.125,3,0.3333333333333333,18.994999999999997,4.125
9619-GSATL,43,55.45,One year,Electronic check,DSL,0,No,No,2,21,1.1,593.7272727272727,1,0.0,8.13,11.705882352941176
5622-UEJFI,35,25.4,Two year,Credit card (automatic),No,0,Yes,Yes,0,24,1.0,569.75,0,0.0,0.0,0.0
9747-DDZOS,1,73.5,Month-to-month,Bank transfer (automatic),Fiber optic,0,No,No,1,20,0.5384615384615384,565.8571428571429,4,0.0,17.6725,9.0
0674-DGMAQ,32,93.5,Month-to-month,Electronic check,Fiber optic,1,Yes,No,3,29,0.5263157894736842,299.3,2,0.0,8.629999999999999,6.580645161290323
6203-HBZPA,52,63.9,Two year,Credit card (automatic),DSL,0,No,No,6,19,0.35714285714285715,338.2,1,0.0,65.4,5.618181818181818
0484-FFVBJ,32,64.85,One year,Bank transfer (automatic),DSL,0,No,No,2,19,0.35714285714285715,524.8,0,0.0,0.0,6.2272727272727275
0301-FIDRB,72,63.8,Two year,Bank transfer (automatic),DSL,0,Yes,Yes,6,18,0.6363636363636364,542.8571428571429,2,0.0,10.68,8.588235294117647
4139-JPIAM,51,44.45,Month-to-month,Credit card (automatic),DSL,0,No,No,3,10,1.0,564.6,0,0.0,0.0,2.72
2181-TIDSV,68,19.95,Two year,Bank transfer (automatic),No,0,Yes,Yes,0,29,0.5263157894736842,637.8,3,0.6666666666666666,2.46,0.0
2761-XECQW,8,43.35,Month-to-month,Mailed check,DSL,1,Yes,No,3,16,0.23076923076923078,456.3333333333333,4,0.0,31.61,8.368421052631579
1936-CZAKF,49,49.65,Two year,Credit card (automatic),DSL,0,Yes,No,3,23,0.15,528.0,2,0.0,7.045,6.884615384615385
9453-PATOS,72,85.1,Two year,Mailed check,DSL,0,Yes,No,6,12,0.7142857142857143,393.8,2,0.0,4.445,6.3076923076923075
0564-JJHGS,9,95.5,Month-to-month,Electronic check,Fiber optic,0,No,No,2,19,0.46153846153846156,578.6666666666666,2,1.0,0.0,9.375
3348-CFRNX,28,92.35,Month-to-month,Mailed check,Fiber optic,0,Yes,No,3,27,0.42105263157894735,705.375,0,0.0,0.0,7.0
4402-FTBXC,54,89.8,Month-to-month,Mailed check,Fiber optic,0,No,No,3,10,0.42857142857142855,377.6666666666667,2,0.0,15.38,6.285714285714286
1428-GTBJJ,11,74.55,Month-to-month,Electronic check,Fiber optic,0,No,No,1,21,0.5,672.2857142857143,2,1.0,0.0,2.0
2931-XIQBR,50,103.05,One year,Mailed check,Fiber optic,0,Yes,Yes,4,30,0.5,600.9,3,0.6666666666666666,6.6,6.142857142857143
0106-UGRDO,69,116.0,Two year,Electronic check,Fiber optic,0,Yes,No,6,11,0.8333333333333334,606.2,1,0.0,2.58,4.065217391304348
5542-TBBWB,1,69.9,Month-to-month,Electronic check,Fiber optic,0,No,No,0,19,0.35714285714285715,694.6,1,0.0,2.87,0.0
1930-QPBVZ,68,95.1,Two year,Bank transfer (automatic),Fiber optic,0,Yes,Yes,4,15,0.875,633.2857142857143,0,0.0,0.0,7.880952380952381
2606-PKWJB,40,40.25,One year,Mailed check,DSL,0,No,Yes,3,11,0.375,424.3333333333333,1,0.0,33.69,5.0
5322-ZSMZY,31,25.75,Two year,Mailed check,No,0,Yes,Yes,0,15,0.25,552.3333333333334,1,0.0,14.98,0.0
8059-UDZFY,33,105.35,Month-to-month,Bank transfer (automatic),Fiber optic,1,No,Yes,4,23,0.5333333333333333,630.0,3,0.0,9.813333333333333,7.378378378378378
7740-BTPUX,55,113.6,Two year,Electronic check,Fiber optic,1,Yes,No,5,22,0.8333333333333334,681.6,1,0.0,0.91,2.4864864864864864
5220-AGAAX,68,24.0,Two year,Bank transfer (automatic),No,0,Yes,Yes,0,13,0.3,656.0,0,0.0,0.0,0.0
0208-BPQEJ,12,19.4,Month-to-month,Bank transfer (automatic),No,0,Yes,Yes,0,14,0.16666666666666666,258.5,1,0.0,2.25,0.0
9435-JMLSX,71,86.1,Two year,Bank transfer (automatic),DSL,0,Yes,No,6,19,0.35714285714285715,638.2,0,0.0,0.0,3.2037037037037037
3352-ALMCK,40,102.65,Month-to-month,Mailed check,Fiber optic,0,No,No,4,29,0.6111111111111112,720.1818181818181,1,1.0,0.0,14.966666666666667
5312-IRCFR,64,92.85,One year,Electronic check,Fiber optic,0,Yes,Yes,3,22,0.4666666666666667,758.7142857142857,2,1.0,0.0,8.923076923076923
5294-IMHHT,53,97.75,One year,Bank transfer (automatic),Fiber optic,0,Yes,No,3,26,0.4444444444444444,618.875,1,0.0,7.17,14.588235294117647
8802-UNOJF,12,83.8,Month-to-month,Mailed check,Fiber optic,1,No,No,3,16,0.3333333333333333,530.25,2,0.5,3.45,5.818181818181818
6313-GIDIT,53,54.45,Month-to-month,Electronic check,DSL,1,No,No,4,27,0.42105263157894735,486.75,1,0.0,17.61,2.8076923076923075
6176-YJWAS,72,97.95,Two year,Credit card (automatic),Fiber optic,0,Yes,No,4,30,0.7647058823529411,494.38461538461536,1,0.0,31.86,6.685714285714286
5310-NOOVA,46,19.95,Two year,Electronic check,No,0,No,No,0,23,0.7692307692307693,569.3,2,0.5,9.96,0.0
4526-EXKKN,40,24.6,Two year,Mailed check,No,0,No,No,0,23,0.4375,470.0,1,0.0,12.97,0.0
5311-IHLEI,12,50.95,Month-to-month,Bank transfer (automatic),DSL,0,No,No,4,21,0.4,634.6666666666666,2,0.0,10.105,4.392857142857143
3987-KQDDU,9,75.6,Month-to-month,Electronic check,Fiber optic,0,No,No,1,24,0.7142857142857143,599.9,5,0.0,10.886,4.538461538461538
3404-JNXAX,51,80.75,Month-to-month,Electronic check,Fiber optic,0,Yes,Yes,1,25,0.5625,441.44444444444446,1,0.0,3.14,8.625
5131-PONJI,49,90.4,Month-to-month,Credit card (automatic),Fiber optic,0,Yes,Yes,3,19,0.35714285714285715,585.4,3,0.0,5.043333333333334,5.275862068965517
2845-AFFTX,41,99.8,Month-to-month,Electronic check,Fiber optic,1,Yes,No,3,20,1.0,621.0,5,0.4,17.023333333333333,4.625
3489-VSFRD,56,60.25,One year,Credit card (automatic),DSL,0,No,No,3,15,0.875,418.7142857142857,2,0.0,3.3200000000000003,3.2962962962962963
3345-JHUEO,4,20.2,Month-to-month,Electronic check,No,0,No,No,0,28,0.4,405.125,3,0.3333333333333333,16.45,0.0
5815-HGGHV,20,64.15,One year,Mailed check,DSL,0,Yes,No,3,28,0.4,565.5,4,0.75,34.0,7.357142857142857
5260-UMPWX,26,20.25,Month-to-month,Credit card (automatic),No,0,Yes,Yes,0,20,0.3333333333333333,402.4,1,0.0,32.65,0.0
2249-YPRNG,20,105.85,Month-to-month,Bank transfer (automatic),Fiber optic,0,Yes,Yes,4,30,0.7647058823529411,627.7692307692307,3,0.0,18.349999999999998,6.695652173913044
7410-YTJIK,7,75.45,Month-to-month,Mailed check,Fiber optic,0,No,No,0,28,0.2727272727272727,437.8333333333333,4,1.0,0.0,0.0
4626-GYCZP,7,93.85,Month-to-month,Electronic check,Fiber optic,0,No,No,2,24,0.4117647058823529,352.42857142857144,3,0.3333333333333333,69.205,5.6923076923076925
5649-RXQTV,51,99.0,Month-to-month,Electronic check,Fiber optic,0,No,No,4,13,1.1666666666666667,743.4285714285714,2,0.0,19.54,4.0
2674-MIAHT,4,80.3,Month-to-month,Mailed check,Fiber optic,0,No,No,1,13,0.4444444444444444,718.25,3,0.6666666666666666,9.26,10.583333333333334
2576-HXMPA,1,19.55,Month-to-month,Credit card (automatic),No,0,No,No,0,19,0.5833333333333334,590.7142857142857,0,0.0,0.0,0.0
7587-AOVVU,27,100.75,Month-to-month,Electronic check,Fiber optic,0,Yes,Yes,4,12,0.5,573.0,1,1.0,0.0,10.25
5590-BYNII,22,100.75,Month-to-month,Electronic check,Fiber optic,0,No,No,3,19,0.46153846153846156,440.0,3,0.6666666666666666,9.46,2.5789473684210527
6898-MDLZW,12,53.75,Month-to-month,Mailed check,DSL,0,No,No,2,22,0.2222222222222222,372.75,1,0.0,11.62,7.105263157894737
3237-AJGEH,3,31.0,Month-to-month,Mailed check,DSL,0,Yes,Yes,1,30,0.2,602.8,0,0.0,0.0,3.75
4707-YNOQA,34,25.6,One year,Credit card (automatic),No,0,Yes,Yes,0,19,0.35714285714285715,305.6,0,0.0,0.0,0.0
9357-UJRUN,24,58.35,One year,Electronic check,DSL,0,Yes,No,2,25,0.5625,575.6666666666666,2,0.0,34.225,11.4
1591-NFNLQ,51,80.0,Month-to-month,Credit card (automatic),Fiber optic,0,No,No,1,23,0.9166666666666666,698.1818181818181,4,0.5,4.725,2.5555555555555554
8648-PFRMP,14,46.35,Month-to-month,Electronic check,DSL,1,No,No,2,22,0.8333333333333334,581.5,0,0.0,0.0,6.0476190476190474
7663-CUXZB,59,113.75,Two year,Electronic check,Fiber optic,0,Yes,No,6,24,0.5,341.625,0,0.0,0.0,5.67741935483871
0258-NOKBL,3,90.4,Month-to-month,Electronic check,Fiber optic,0,No,No,3,15,0.5,358.8,5,0.2,5.7625,4.823529411764706
1163-VIPRI,65,109.3,Two year,Electronic check,Fiber optic,0,Yes,Yes,5,12,0.2,377.0,0,0.0,0.0,2.8076923076923075
2815-CPTUL,5,70.25,Month-to-month,Mailed check,Fiber optic,1,No,No,0,29,0.8125,583.9230769230769,3,1.0,0.0,0.0
9348-ROUAI,59,90.3,Two year,Credit card (automatic),DSL,0,Yes,Yes,6,18,0.6363636363636364,265.85714285714283,1,1.0,0.0,3.0
9443-JUBUO,72,65.25,Two year,Credit card (automatic),DSL,0,Yes,Yes,6,12,0.09090909090909091,802.0,3,0.0,5.286666666666666,11.454545454545455
0596-BQCEQ,62,100.15,Month-to-month,Electronic check,Fiber optic,0,Yes,Yes,4,18,0.6363636363636364,501.57142857142856,5,0.6,11.735,4.666666666666667
1481-ZUWZA,28,94.5,Month-to-month,Credit card (automatic),Fiber optic,0,No,No,3,30,0.42857142857142855,498.77777777777777,3,0.3333333333333333,7.95,4.5
3043-TYBNO,3,60.65,Month-to-month,Mailed check,DSL,0,No,No,2,10,0.6666666666666666,708.0,1,0.0,4.17,5.166666666666667
4830-FAXFM,19,24.1,Month-to-month,Credit card (automatic),No,0,No,Yes,0,21,0.3125,711.8,2,1.0,0.0,0.0
5906-BFOZT,1,19.5,Month-to-month,Mailed check,No,0,No,No,0,13,0.18181818181818182,699.5,1,0.0,11.14,0.0
2960-NKRSO,24,85.95,Month-to-month,Electronic check,Fiber optic,0,No,No,3,25,0.3157894736842105,310.1666666666667,2,0.0,3.94,7.666666666666667
8996-ZROXE,57,53.5,One year,Electronic check,DSL,1,No,No,2,13,0.18181818181818182,435.5,1,0.0,2.36,12.0
5598-IKHQQ,72,25.45,Two year,Credit card (automatic),No,0,No,No,0,13,0.08333333333333333,551.0,0,0.0,0.0,0.0
0397-ZXWQF,67,20.5,Two year,Bank transfer (automatic),No,0,No,No,0,20,1.0,623.5,2,0.5,2.32,0.0
6127-ISGTU,16,84.95,Month-to-month,Electronic check,Fiber optic,0,Yes,No,1,30,0.30434782608695654,376.42857142857144,0,0.0,0.0,4.25
5266-PFRQK,52,20.85,One year,Credit card (automatic),No,0,Yes,Yes,0,15,1.5,446.77777777777777,0,0.0,0.0,0.0
4674-HGNUA,71,89.9,Two year,Credit card (automatic),DSL,0,Yes,Yes,6,14,1.0,565.4285714285714,1,0.0,14.65,5.036363636363636
6765-MBQNU,26,26.0,One year,Mailed check,No,0,Yes,No,0,16,0.3333333333333333,327.0,1,0.0,5.58,0.0
9786-IJYDL,35,113.2,Two year,Mailed check,Fiber optic,0,No,No,6,13,0.3,628.0,2,0.0,5.65,5.145161290322581
1303-SRDOK,55,69.05,Two year,Credit card (automatic),Fiber optic,0,Yes,Yes,0,16,0.45454545454545453,373.6,3,0.3333333333333333,20.034999999999997,0.0
3769-MHZNV,33,20.1,Two year,Mailed check,No,0,Yes,Yes,0,26,0.5294117647058824,500.44444444444446,2,0.5,2.96,0.0
6295-OSINB,72,109.65,Two year,Electronic check,Fiber optic,0,Yes,No,5,18,0.8,520.875,0,0.0,0.0,21.61904761904762
3308-MHOOC,1,19.2,Month-to-month,Mailed check,No,0,No,Yes,0,22,0.375,328.5,0,0.0,0.0,0.0
2309-OSFEU,10,33.9,Month-to-month,Mailed check,DSL,0,No,No,1,20,0.3333333333333333,329.8,4,0.5,10.57,3.5
2207-QPJED,37,90.0,Month-to-month,Electronic check,Fiber optic,1,Yes,No,3,16,0.3333333333333333,498.25,0,0.0,0.0,11.227272727272727
4177-JPDFU,12,34.0,Month-to-month,Mailed check,DSL,0,No,No,2,22,0.6923076923076923,713.3333333333334,1,0.0,28.88,16.0
2239-CFOUJ,1,20.4,One year,Mailed check,No,0,Yes,Yes,0,16,0.6,349.0,0,0.0,0.0,0.0
8046-DNVTL,62,38.6,Two year,Credit card (automatic),DSL,0,Yes,No,3,27,0.35,472.42857142857144,4,0.25,39.75666666666667,3.423076923076923
2209-XADXF,1,25.25,Month-to-month,Bank transfer (automatic),DSL,0,No,No,0,14,0.4,769.25,0,0.0,0.0,0.0
6620-JDYNW,18,60.6,Month-to-month,Mailed check,DSL,0,No,No,2,29,0.7058823529411765,593.0833333333334,3,0.3333333333333333,15.219999999999999,2.9473684210526314
1891-FZYSA,69,89.95,Month-to-month,Electronic check,Fiber optic,1,Yes,No,2,11,0.8333333333333334,278.8,2,0.5,14.69,2.0833333333333335
4770-UEZOX,2,74.75,Month-to-month,Electronic check,Fiber optic,0,No,No,1,29,0.45,544.6666666666666,4,0.0,8.879999999999999,6.666666666666667
1038-RQOST,19,20.6,Month-to-month,Mailed check,No,0,Yes,Yes,0,27,1.0769230769230769,581.3571428571429,3,0.0,4.066666666666666,0.0
7613-LLQFO,12,84.45,Month-to-month,Electronic check,Fiber optic,0,No,No,1,11,0.8333333333333334,536.2,1,0.0,40.05,3.1666666666666665
4568-TTZRT,9,20.4,Month-to-month,Mailed check,No,0,No,No,0,23,0.21052631578947367,454.25,0,0.0,0.0,0.0
9513-DXHDA,27,81.7,One year,Electronic check,DSL,0,No,No,5,13,0.8571428571428571,862.0,1,0.0,3.26,3.652173913043478
2640-PMGFL,27,79.5,Month-to-month,Electronic check,Fiber optic,0,No,Yes,1,24,0.6,644.5555555555555,2,0.5,48.94,3.4444444444444446
3801-HMYNL,1,89.15,Month-to-month,Mailed check,Fiber optic,0,Yes,Yes,2,16,0.7777777777777778,735.2857142857143,3,0.6666666666666666,12.19,1.7692307692307692
0516-QREYC,24,20.3,Month-to-month,Mailed check,No,1,No,No,0,22,0.6923076923076923,291.1111111111111,0,0.0,0.0,0.0
9685-WKZGT,14,74.95,Month-to-month,Electronic check,Fiber optic,1,No,No,0,26,0.3684210526315789,509.7142857142857,2,0.5,18.61,0.0
6022-UGGSO,32,74.4,Month-to-month,Electronic check,Fiber optic,1,No,No,1,14,0.5555555555555556,840.4,1,1.0,0.0,7.0
8084-OIVBS,11,20.0,One year,Mailed check,No,0,No,No,0,17,0.3076923076923077,425.25,3,0.0,21.61,0.0
8896-BQTTI,1,25.0,Month-to-month,Mailed check,No,0,No,No,0,28,0.5555555555555556,585.7,1,1.0,0.0,0.0
3865-QBWSJ,38,80.45,Month-to-month,Mailed check,Fiber optic,1,No,Yes,1,18,0.6363636363636364,579.7142857142857,2,0.0,16.8,6.076923076923077
3352-RICWQ,9,19.75,Two year,Mailed check,No,0,Yes,Yes,0,14,0.5555555555555556,537.2,2,0.0,23.765,0.0
2160-GPFXD,54,65.65,Two year,Credit card (automatic),DSL,0,Yes,Yes,3,13,0.8571428571428571,499.8333333333333,0,0.0,0.0,6.956521739130435
2065-MMKGR,29,71.0,One year,Credit card (automatic),DSL,0,No,No,2,24,0.5,405.0,3,0.6666666666666666,2.78,3.1
5857-TYBCJ,44,89.2,Month-to-month,Electronic check,Fiber optic,1,Yes,No,2,30,0.25,624.8333333333334,0,0.0,0.0,4.722222222222222
1498-NHTLT,59,86.75,Two year,Electronic check,DSL,0,Yes,Yes,6,10,0.25,225.5,0,0.0,0.0,6.659090909090909
4484-CGXFK,3,55.3,Month-to-month,Electronic check,DSL,0,No,No,1,19,0.35714285714285715,619.6,1,1.0,0.0,1.6666666666666667
1402-PTHGN,18,61.5,One year,Mailed check,DSL,0,Yes,Yes,3,27,0.5882352941176471,554.8,2,0.0,17.755,11.0
4176-RELJR,67,25.1,Two year,Credit card (automatic),No,1,No,No,0,12,1.4,665.1428571428571,2,0.0,4.705,0.0
6214-EDAKZ,22,55.15,Month-to-month,Electronic check,DSL,0,Yes,Yes,2,26,0.3684210526315789,374.2857142857143,1,1.0,0.0,3.857142857142857
5199-FPUSP,33,34.05,One year,Credit card (automatic),DSL,0,No,Yes,2,13,0.625,527.2,1,0.0,6.12,13.1
6377-KSLXC,5,19.95,Month-to-month,Mailed check,No,0,No,No,0,18,0.38461538461538464,457.4,4,0.0,10.5925,0.0
1796-JANOW,2,19.95,Month-to-month,Mailed check,No,0,No,No,0,29,0.38095238095238093,350.0,0,0.0,0.0,0.0
0238-WHBIQ,72,89.7,Two year,Credit card (automatic),DSL,0,Yes,Yes,6,13,0.4444444444444444,361.25,1,0.0,8.68,5.51063829787234
8735-NBLWT,9,20.4,Month-to-month,Mailed check,No,0,No,Yes,0,20,0.1111111111111111,191.5,2,0.0,10.45,0.0
6651-RLGGM,67,26.3,Two year,Mailed check,No,0,Yes,Yes,0,29,0.45,509.22222222222223,3,0.6666666666666666,18.8,0.0
1614-JBEBI,8,20.7,Month-to-month,Mailed check,No,0,No,No,0,17,0.3076923076923077,567.0,4,0.25,3.75,0.0
8740-XLHDR,5,43.25,Month-to-month,Mailed check,DSL,0,No,No,4,20,0.3333333333333333,217.8,3,0.0,42.72,5.25
1208-DNHLN,23,48.35,One year,Credit card (automatic),DSL,0,Yes,Yes,0,12,0.3333333333333333,423.3333333333333,4,0.5,14.0,0.0
1761-AEZZR,1,79.55,Month-to-month,Electronic check,Fiber optic,0,No,No,1,18,0.38461538461538464,332.6,5,0.6,5.005,4.4
3923-CSIHK,50,71.05,Month-to-month,Electronic check,Fiber optic,1,Yes,No,0,18,0.2857142857142857,476.5,5,0.2,43.1225,0.0
5696-EXCYS,17,19.45,Two year,Credit card (automatic),No,0,No,No,0,11,0.5714285714285714,553.75,1,0.0,22.53,0.0
5795-KTGUD,68,110.8,Two year,Bank transfer (automatic),Fiber optic,0,Yes,No,5,24,0.7142857142857143,376.6,4,0.25,1.0166666666666668,7.148148148148148
7120-RFMVS,1,84.5,Month-to-month,Electronic check,Fiber optic,0,No,No,1,18,1.25,376.3,2,0.0,12.985,15.166666666666666
7924-GJZFI,25,69.3,Month-to-month,Electronic check,Fiber optic,1,Yes,No,0,29,0.38095238095238093,583.75,4,0.25,5.45,0.0
4702-HDRKD,67,49.35,One year,Bank transfer (automatic),DSL,0,No,No,4,23,0.5333333333333333,470.625,1,0.0,14.55,8.447368421052632
8512-WIWYV,32,20.35,One year,Credit card (automatic),No,0,No,No,0,19,0.7272727272727273,593.625,0,0.0,0.0,0.0
5897-ZYEKH,67,105.6,One year,Electronic check,Fiber optic,1,Yes,No,4,12,1.0,595.5,2,0.5,9.41,8.153846153846153
5456-ITGIC,72,64.45,Two year,Credit card (automatic),DSL,1,Yes,No,6,14,0.16666666666666666,861.0,0,0.0,0.0,5.333333333333333
7317-GGVPB,71,108.6,Two year,Credit card (automatic),Fiber optic,0,Yes,No,5,16,0.23076923076923078,319.6666666666667,3,1.0,0.0,2.8636363636363638
1406-PUQVY,1,49.9,Month-to-month,Electronic check,DSL,0,No,Yes,1,19,0.46153846153846156,699.0,2,0.5,20.24,4.888888888888889
1322-AGOQM,46,30.3,Month-to-month,Bank transfer (automatic),DSL,0,No,No,1,23,0.4375,465.85714285714283,3,0.3333333333333333,6.035,3.875
3677-IYRBF,2,30.4,Month-to-month,Electronic check,DSL,1,No,No,1,18,0.5,255.5,3,0.0,25.02,2.6666666666666665
5692-FPTAH,1,45.4,Month-to-month,Mailed check,DSL,0,No,No,0,12,0.5,368.5,0,0.0,0.0,0.0
9114-AAFQH,48,65.65,One year,Electronic check,DSL,0,Yes,No,3,22,0.4666666666666667,499.85714285714283,2,0.0,13.200000000000001,4.04
8715-KKTFG,61,103.3,One year,Bank transfer (automatic),Fiber optic,0,Yes,No,4,28,0.47368421052631576,471.77777777777777,2,0.0,22.21,9.794117647058824
1550-LOAHA,32,84.15,Month-to-month,Bank transfer (automatic),Fiber optic,0,Yes,No,2,20,0.25,523.0,4,0.0,6.882499999999999,6.5
1728-BQDMA,2,44.45,Month-to-month,Electronic check,DSL,0,No,No,0,28,0.75,538.4166666666666,2,0.0,6.235,0.0
0268-QKIWO,3,19.75,Month-to-month,Electronic check,No,0,No,No,0,26,0.4444444444444444,336.125,0,0.0,0.0,0.0
0876-WDUUZ,5,85.4,Month-to-month,Credit card (automatic),Fiber optic,0,No,No,2,25,0.19047619047619047,412.75,0,0.0,0.0,2.9285714285714284
5117-ZSMHQ,71,89.9,Two year,Bank transfer (automatic),DSL,0,Yes,Yes,6,17,0.4166666666666667,335.6,1,0.0,23.27,4.444444444444445
5151-HQRDG,37,55.05,Month-to-month,Mailed check,DSL,0,Yes,No,1,20,0.17647058823529413,416.6666666666667,2,0.0,15.49,11.923076923076923
0960-HUWBM,65,104.1,Two year,Bank transfer (automatic),Fiber optic,0,Yes,Yes,4,20,1.0,547.4,0,0.0,0.0,5.548387096774194
6465-GSRCL,67,106.6,One year,Bank transfer (automatic),Fiber optic,0,No,Yes,4,21,0.4,501.8333333333333,2,0.5,3.65,3.9642857142857144
0617-FHSGK,49,75.2,Month-to-month,Credit card (automatic),Fiber optic,0,No,Yes,0,20,0.8181818181818182,399.77777777777777,3,0.6666666666666666,5.07,0.0
0263-FJTQO,50,70.5,Two year,Credit card (automatic),DSL,0,Yes,Yes,3,14,0.5555555555555556,623.2,2,0.5,19.11,7.758620689655173
7319-ZNRTR,25,19.6,One year,Electronic check,No,0,Yes,Yes,0,21,0.16666666666666666,617.6666666666666,3,0.3333333333333333,14.245000000000001,0.0
2858-MOFSQ,17,55.85,One year,Mailed check,DSL,0,No,Yes,1,18,0.6363636363636364,623.8571428571429,4,0.75,15.35,3.75
7503-EPSZW,64,24.05,Two year,Mailed check,No,0,Yes,Yes,0,27,0.8,472.1666666666667,1,0.0,2.1,0.0
7089-XXAYG,25,38.1,One year,Credit card (automatic),DSL,0,Yes,No,2,29,0.38095238095238093,320.75,3,0.0,4.573333333333333,3.2
8118-LSUEL,23,106.4,Month-to-month,Electronic check,Fiber optic,1,No,No,4,15,0.36363636363636365,380.25,2,0.0,15.280000000000001,4.2272727272727275
8070-AAWZP,24,34.25,Month-to-month,Mailed check,DSL,1,Yes,No,2,20,0.6666666666666666,592.625,1,1.0,0.0,8.9375
1666-JXLKU,37,100.05,Month-to-month,Electronic check,Fiber optic,0,No,No,3,11,0.8333333333333334,624.0,2,0.0,21.419999999999998,2.7857142857142856
7855-DIWPO,21,68.65,Month-to-month,Electronic check,Fiber optic,0,No,No,0,13,0.8571428571428571,470.6666666666667,3,0.0,12.229999999999999,0.0
5133-POWUA,1,45.8,Month-to-month,Mailed check,DSL,0,No,No,0,19,0.46153846153846156,537.3333333333334,4,0.25,16.216666666666665,0.0
5652-MSDEY,10,75.75,Month-to-month,Mailed check,Fiber optic,0,No,No,0,13,0.18181818181818182,660.0,3,0.0,43.23,0.0
7005-CCBKV,6,84.4,Month-to-month,Electronic check,Fiber optic,0,No,No,2,12,0.7142857142857143,883.0,1,0.0,27.65,5.733333333333333
1810-BOHSY,51,96.4,One year,Credit card (automatic),Fiber optic,0,Yes,No,3,22,0.4666666666666667,200.71428571428572,4,0.0,10.6775,3.9655172413793105
1784-BXEFA,10,20.55,Month-to-month,Mailed check,No,0,No,No,0,16,0.7777777777777778,689.8571428571429,0,0.0,0.0,0.0
7351-MHQVU,6,50.95,Month-to-month,Credit card (automatic),DSL,0,No,No,4,12,0.2,452.5,2,0.5,5.12,7.038461538461538
9224-VTYID,47,90.5,Two year,Mailed check,DSL,0,Yes,Yes,6,12,0.5,381.75,1,0.0,10.54,14.32
9500-IWPXQ,61,79.4,One year,Electronic check,DSL,0,Yes,Yes,5,23,0.5333333333333333,414.5,0,0.0,0.0,6.594594594594595
5762-TJXGK,52,58.75,Two year,Bank transfer (automatic),DSL,0,No,No,5,13,0.4444444444444444,743.75,3,0.0,10.979999999999999,4.4
4504-YOULA,35,59.45,Month-to-month,Credit card (automatic),DSL,0,Yes,Yes,2,11,0.5714285714285714,514.25,0,0.0,0.0,10.5
5569-IDSEY,71,105.7,One year,Bank transfer (automatic),Fiber optic,0,Yes,No,4,21,0.3125,400.0,0,0.0,0.0,11.285714285714286
4250-FDVOU,6,56.25,Month-to-month,Electronic check,DSL,0,No,No,2,25,0.3157894736842105,585.8333333333334,2,0.5,23.85,3.2666666666666666
7284-ZZLOH,45,53.3,Two year,Credit card (automatic),DSL,0,Yes,No,2,30,0.7647058823529411,587.2307692307693,2,0.0,13.760000000000002,2.4210526315789473
5277-ZLOOR,2,85.55,Month-to-month,Electronic check,Fiber optic,1,No,No,1,29,0.2608695652173913,245.5,4,0.75,36.95,5.625
2141-RRYGO,4,68.65,Month-to-month,Bank transfer (automatic),DSL,0,No,No,3,19,0.46153846153846156,592.3333333333334,4,0.25,28.409999999999997,2.909090909090909
1777-JYQPJ,2,24.3,Month-to-month,Mailed check,DSL,0,No,No,0,29,0.38095238095238093,384.625,2,0.5,5.33,0.0
6376-GAHQE,4,77.85,Month-to-month,Electronic check,Fiber optic,0,No,No,1,28,0.3333333333333333,295.14285714285717,3,0.6666666666666666,17.3,13.5
3401-URHDA,51,59.9,One year,Credit card (automatic),DSL,0,No,No,2,28,0.8666666666666667,540.2307692307693,2,0.5,8.75,6.357142857142857
1599-EAHXY,60,23.95,One year,Credit card (automatic),No,0,Yes,Yes,0,14,0.4,433.75,0,0.0,0.0,0.0
8631-XVRZL,9,20.15,One year,Mailed check,No,0,No,No,0,30,0.36363636363636365,463.375,1,0.0,7.2,0.0
5052-PNLOS,3,105.35,Month-to-month,Bank transfer (automatic),Fiber optic,0,No,No,4,21,0.23529411764705882,1514.25,3,0.3333333333333333,15.579999999999998,5.9523809523809526
3853-LYGAM,17,95.65,Month-to-month,Bank transfer (automatic),Fiber optic,0,No,No,3,14,0.5555555555555556,345.8,1,0.0,12.6,6.870967741935484
6979-ZNSFF,8,87.05,Month-to-month,Electronic check,Fiber optic,0,No,No,1,16,0.6,602.0,3,1.0,0.0,2.4
5751-USDBL,46,81.0,Two year,Mailed check,DSL,0,Yes,Yes,5,20,0.6666666666666666,757.75,1,0.0,4.34,4.592592592592593
5680-LQOGP,68,82.45,Two year,Credit card (automatic),DSL,0,No,No,6,27,0.6875,584.6363636363636,1,1.0,0.0,3.4464285714285716
2386-LAHRK,1,53.5,Month-to-month,Mailed check,DSL,0,No,No,1,25,0.5625,655.4444444444445,2,0.0,38.965,4.0
8189-DUKMV,4,20.5,One year,Bank transfer (automatic),No,0,Yes,No,0,16,0.6,385.1666666666667,1,0.0,10.59,0.0
6032-IGALN,1,25.1,Month-to-month,Mailed check,DSL,0,No,No,0,22,0.375,603.3333333333334,2,0.5,16.23,0.0
9931-DCEZH,28,54.4,One year,Credit card (automatic),DSL,0,No,Yes,2,27,0.5882352941176471,545.9,0,0.0,0.0,4.6923076923076925
1898-JSNDC,39,58.6,One year,Credit card (automatic),DSL,0,No,No,2,21,0.23529411764705882,513.75,4,0.75,11.75,6.6875
0315-LVCRK,11,84.8,Month-to-month,Electronic check,Fiber optic,0,No,No,2,18,0.2857142857142857,259.5,2,0.5,6.44,4.461538461538462
3911-RSNHI,71,61.4,Two year,Credit card (automatic),DSL,0,Yes,No,5,14,1.0,465.14285714285717,3,0.0,12.336666666666668,3.5945945945945947
2410-CIYFZ,2,20.4,Month-to-month,Mailed check,No,0,No,Yes,0,11,0.5714285714285714,400.5,0,0.0,0.0,0.0
4248-HCETZ,30,79.65,Month-to-month,Mailed check,Fiber optic,1,Yes,No,2,18,1.0,478.3333333333333,4,0.75,23.92,2.6153846153846154
5505-OVWQW,17,20.15,One year,Mailed check,No,0,No,No,0,16,0.14285714285714285,474.5,0,0.0,0.0,0.0
7271-AJDTL,55,94.45,Month-to-month,Credit card (automatic),Fiber optic,0,Yes,No,3,10,0.1111111111111111,374.0,1,0.0,7.22,4.4375
1867-TJHTS,58,79.8,Month-to-month,Bank transfer (automatic),Fiber optic,0,No,No,1,11,0.375,409.0,3,0.0,13.283333333333333,9.076923076923077
0516-WJVXC,5,54.2,Month-to-month,Electronic check,DSL,0,No,No,2,25,1.2727272727272727,648.6428571428571,1,0.0,10.65,5.75
9174-FKWZE,1,19.45,Month-to-month,Electronic check,No,1,No,No,0,10,0.42857142857142855,321.3333333333333,2,0.0,34.96,0.0
6860-YRJZP,9,74.05,Month-to-month,Electronic check,Fiber optic,1,No,No,0,15,0.36363636363636365,814.5,2,0.0,31.945,0.0
4429-WYGFR,26,49.15,Month-to-month,Bank transfer (automatic),DSL,0,No,No,1,13,0.3,184.66666666666666,0,0.0,0.0,4.7272727272727275
2817-LVCPP,50,19.4,Two year,Credit card (automatic),No,0,No,No,0,16,0.6,497.0,2,0.5,2.15,0.0
5038-ETMLM,72,113.65,Two year,Bank transfer (automatic),Fiber optic,0,Yes,No,6,27,0.8,314.8333333333333,0,0.0,0.0,7.348837209302325
5056-FIMPT,43,106.0,One year,Credit card (automatic),Fiber optic,0,No,Yes,5,15,0.5,536.2,1,0.0,53.09,4.137931034482759
4521-WFJAI,56,25.95,Two year,Bank transfer (automatic),No,0,No,No,0,29,1.0714285714285714,320.6,1,0.0,5.18,0.0
6569-KTMDU,1,19.1,Month-to-month,Mailed check,No,0,No,No,0,27,0.22727272727272727,470.0,2,0.0,3.5250000000000004,0.0
8809-RIHDD,72,103.4,Two year,Electronic check,Fiber optic,0,Yes,Yes,4,19,0.5833333333333334,518.2857142857143,0,0.0,0.0,3.272727272727273
8809-XKHMD,72,100.55,Two year,Bank transfer (automatic),Fiber optic,0,Yes,No,4,13,0.18181818181818182,411.5,4,0.75,10.41,6.206896551724138
0396-YCHWO,36,95.4,Month-to-month,Electronic check,Fiber optic,0,Yes,No,2,19,0.7272727272727273,492.0,4,0.0,4.65,3.764705882352941
0867-LDTTC,5,75.15,Month-to-month,Bank transfer (automatic),DSL,0,No,No,4,23,0.4375,429.2857142857143,2,0.0,13.42,15.03125
4822-NGOCH,13,84.45,Month-to-month,Electronic check,Fiber optic,0,No,No,2,18,1.25,538.0,1,0.0,3.21,5.8
9391-DXGGG,44,89.15,One year,Credit card (automatic),Fiber optic,1,No,No,3,24,0.6,433.6666666666667,2,0.5,6.53,3.814814814814815
9844-FELAJ,70,107.9,One year,Electronic check,Fiber optic,1,Yes,Yes,5,15,0.5,628.0,1,1.0,0.0,3.269230769230769
2122-SZZZD,44,19.5,One year,Credit card (automatic),No,0,No,No,0,23,0.4375,311.14285714285717,1,0.0,16.37,0.0
5307-DZCVC,32,85.95,Month-to-month,Credit card (automatic),Fiber optic,1,Yes,No,1,29,0.6111111111111112,492.1818181818182,3,0.3333333333333333,26.91,2.7142857142857144
8550-XSXUQ,48,70.55,One year,Credit card (automatic),DSL,0,Yes,No,3,27,0.5,562.6666666666666,3,0.3333333333333333,1.1949999999999998,2.933333333333333
3148-AOIQT,69,24.95,Two year,Credit card (automatic),No,0,Yes,No,0,16,0.7777777777777778,620.7142857142857,2,1.0,0.0,0.0
8679-JOEVF,16,59.4,Month-to-month,Electronic check,DSL,1,No,No,2,15,0.5,382.4,0,0.0,0.0,3.5555555555555554
8395-ETZKQ,68,19.5,One year,Bank transfer (automatic),No,1,Yes,Yes,0,21,0.9090909090909091,617.9,3,0.0,13.020000000000001,0.0
6692-YQHXC,16,69.95,Month-to-month,Credit card (automatic),Fiber optic,0,No,No,0,21,0.9090909090909091,564.7,2,0.0,0.9550000000000001,0.0
3889-VWBID,68,82.85,Two year,Bank transfer (automatic),DSL,0,Yes,Yes,5,23,0.4375,461.2857142857143,2,0.0,20.61,4.05
5222-JCXZT,4,19.0,Month-to-month,Mailed check,No,0,No,No,0,30,0.5,632.7,2,0.0,6.51,0.0
9754-CLVZW,26,38.85,Month-to-month,Credit card (automatic),DSL,0,Yes,Yes,3,10,0.42857142857142855,510.0,0,0.0,0.0,7.653846153846154
1432-FPAXX,29,30.6,Month-to-month,Electronic check,DSL,0,No,No,1,21,0.5,381.57142857142856,1,0.0,24.93,2.4
2739-CCZMB,5,20.35,Month-to-month,Credit card (automatic),No,0,No,Yes,0,16,0.6,444.0,1,0.0,3.93,0.0
7080-TNUWP,70,95.0,One year,Bank transfer (automatic),Fiber optic,0,Yes,No,3,30,0.42857142857142855,632.7777777777778,1,1.0,0.0,9.0
0496-AHOOK,24,74.4,One year,Bank transfer (automatic),DSL,0,Yes,No,4,26,0.3,288.3333333333333,2,0.0,20.435000000000002,24.03448275862069
8336-TAVKX,72,78.45,Two year,Bank transfer (automatic),DSL,1,Yes,No,5,19,0.46153846153846156,443.0,2,0.5,9.57,3.2954545454545454
2468-SJFLM,1,74.3,Month-to-month,Mailed check,Fiber optic,0,No,No,1,20,0.42857142857142855,900.5,0,0.0,0.0,5.5
3181-VTHOE,70,51.05,One year,Bank transfer (automatic),DSL,0,Yes,No,4,22,1.4444444444444444,766.4615384615385,0,0.0,0.0,9.205882352941176
7168-HDQHG,36,19.2,Month-to-month,Bank transfer (automatic),No,0,Yes,Yes,0,14,0.4,590.75,4,0.5,16.585,0.0
4803-AXVYP,38,99.55,Month-to-month,Electronic check,Fiber optic,1,No,No,3,17,0.8888888888888888,600.375,1,1.0,0.0,5.538461538461538
3884-HCSWG,17,70.0,Month-to-month,Electronic check,Fiber optic,0,No,No,0,20,0.5384615384615384,557.4285714285714,0,0.0,0.0,0.0
4567-AKPIA,41,109.1,One year,Bank transfer (automatic),Fiber optic,0,Yes,Yes,5,22,0.29411764705882354,675.6,1,0.0,2.16,3.951219512195122
5077-DXTCG,1,45.3,Month-to-month,Electronic check,DSL,0,No,No,0,26,0.3684210526315789,495.85714285714283,3,0.3333333333333333,6.609999999999999,0.0
1142-WACZW,2,29.85,Month-to-month,Bank transfer (automatic),DSL,0,No,No,1,18,1.0,730.1111111111111,1,1.0,0.0,2.6
7901-HXJVA,14,76.45,Month-to-month,Electronic check,Fiber optic,0,No,No,1,20,0.17647058823529413,391.0,3,0.0,6.593333333333333,4.5
5649-ANRML,2,95.1,Month-to-month,Credit card (automatic),Fiber optic,1,No,No,4,20,0.6666666666666666,446.625,0,0.0,0.0,4.36
4892-VLANZ,1,19.8,Month-to-month,Mailed check,No,0,No,No,0,19,0.26666666666666666,525.0,0,0.0,0.0,0.0
5924-IFQTT,13,72.8,Month-to-month,Electronic check,DSL,0,Yes,Yes,4,25,0.19047619047619047,536.25,2,0.0,4.955,3.0
7968-QUXNS,6,18.95,Month-to-month,Mailed check,No,0,No,No,0,10,0.6666666666666666,413.0,3,0.0,25.273333333333337,0.0
2919-HBCJO,4,76.65,Month-to-month,Bank transfer (automatic),Fiber optic,0,No,No,1,22,0.29411764705882354,404.2,0,0.0,0.0,1.8571428571428572
4236-XPXAV,5,99.15,Month-to-month,Mailed check,Fiber optic,0,Yes,Yes,4,23,0.2777777777777778,350.2,0,0.0,0.0,2.652173913043478
8903-WMRNW,15,101.75,Month-to-month,Electronic check,Fiber optic,0,Yes,No,4,12,0.3333333333333333,530.6666666666666,1,0.0,3.09,5.647058823529412
2452-SNHFZ,47,75.45,Month-to-month,Credit card (automatic),Fiber optic,0,No,No,1,26,0.3,540.5,3,0.0,20.973333333333333,4.444444444444445
3629-WEAAM,8,64.1,Month-to-month,Mailed check,DSL,0,No,No,3,23,0.7692307692307693,764.0,2,0.5,63.06,5.2
6029-CSMJE,17,25.65,Month-to-month,Mailed check,DSL,0,No,No,0,16,0.3333333333333333,404.0,4,0.0,4.7,0.0
7993-NQLJE,15,75.1,Month-to-month,Mailed check,Fiber optic,0,Yes,Yes,1,29,0.7058823529411765,609.3333333333334,3,0.0,11.826666666666668,4.181818181818182
9909-DFRJA,26,95.85,One year,Bank transfer (automatic),Fiber optic,0,No,No,4,25,0.25,453.6,0,0.0,0.0,7.611111111111111
9099-FTUHS,23,54.4,Month-to-month,Electronic check,DSL,0,No,No,1,24,0.4117647058823529,515.8571428571429,3,0.3333333333333333,7.52,6.625
0581-BXBUB,4,72.75,Month-to-month,Electronic check,Fiber optic,1,No,No,1,14,1.3333333333333333,293.5,2,0.0,9.620000000000001,10.454545454545455
4962-CHQPW,29,19.85,One year,Mailed check,No,0,No,Yes,0,14,0.2727272727272727,584.3333333333334,0,0.0,0.0,0.0
9467-ROOLM,25,19.05,Month-to-month,Mailed check,No,0,No,No,0,15,0.5,676.0,2,0.0,3.315,0.0
3030-YZADT,9,44.95,Month-to-month,Mailed check,DSL,0,No,No,0,13,0.4444444444444444,553.75,0,0.0,0.0,0.0
7410-KTVFV,18,49.55,Month-to-month,Mailed check,DSL,0,Yes,No,1,28,0.6470588235294118,438.1818181818182,3,0.6666666666666666,9.88,23.333333333333332
5150-ITWWB,3,94.85,Month-to-month,Electronic check,Fiber optic,1,No,No,2,24,0.7142857142857143,651.9,2,0.0,8.27,2.8095238095238093
2253-KPMNB,69,46.25,Two year,Bank transfer (automatic),DSL,0,Yes,Yes,4,19,0.35714285714285715,748.8,1,1.0,0.0,7.862068965517241
1345-ZUKID,14,19.35,One year,Mailed check,No,0,No,No,0,10,0.6666666666666666,470.75,0,0.0,0.0,0.0
6429-SHBCB,19,69.6,Month-to-month,Mailed check,DSL,0,No,No,2,21,0.6153846153846154,453.5,1,1.0,0.0,9.5
9281-OFDMF,39,90.7,Month-to-month,Electronic check,Fiber optic,1,No,No,2,26,0.4444444444444444,475.125,3,0.3333333333333333,1.585,5.384615384615385
2603-HVKCG,31,101.4,Month-to-month,Electronic check,Fiber optic,0,No,No,4,29,0.2608695652173913,290.6666666666667,3,0.3333333333333333,8.985,4.634146341463414
8149-RSOUN,1,93.85,Month-to-month,Electronic check,Fiber optic,0,No,No,2,24,0.5,464.125,3,0.3333333333333333,17.28,3.5833333333333335
1834-WULEG,24,20.25,One year,Mailed check,No,0,Yes,Yes,0,28,0.2727272727272727,444.0,2,0.0,5.9350000000000005,0.0
9097-ZUBYC,14,48.8,Month-to-month,Bank transfer (automatic),DSL,0,Yes,No,1,22,0.5714285714285714,467.5,1,0.0,4.84,11.8
5148-ORICT,64,74.35,Two year,Mailed check,DSL,0,Yes,No,5,29,0.6111111111111112,343.72727272727275,2,0.0,3.9850000000000003,8.45945945945946
4893-GYUJU,50,19.35,One year,Mailed check,No,0,No,No,0,19,0.5833333333333334,396.2857142857143,0,0.0,0.0,0.0
4578-PHJYZ,52,68.75,One year,Electronic check,DSL,0,Yes,Yes,4,29,0.5263157894736842,511.6,0,0.0,0.0,3.3333333333333335
7272-QDCKA,28,100.2,One year,Electronic check,Fiber optic,0,No,No,3,17,0.4166666666666667,290.8,3,0.3333333333333333,13.375,2.5625
8908-SLFCJ,21,20.85,Two year,Credit card (automatic),No,0,No,No,0,29,0.3181818181818182,484.2857142857143,1,0.0,12.91,0.0
8393-DLHGA,25,95.9,Month-to-month,Electronic check,Fiber optic,0,No,Yes,3,16,0.7777777777777778,584.5714285714286,2,0.0,33.175,3.235294117647059
9766-HGEDE,17,19.35,One year,Mailed check,No,0,Yes,No,0,26,0.625,647.4,0,0.0,0.0,0.0
6968-MHOMU,58,45.0,One year,Credit card (automatic),DSL,0,Yes,No,2,30,0.42857142857142855,564.1111111111111,2,0.0,6.59,4.75
7395-IGJOS,17,81.5,Month-to-month,Bank transfer (automatic),Fiber optic,1,Yes,No,1,15,0.15384615384615385,674.0,3,0.0,39.68333333333334,5.888888888888889
5044-XDPYX,51,25.5,Two year,Mailed check,No,0,Yes,No,0,13,0.625,849.8,1,1.0,0.0,0.0
1814-WFGVS,72,48.9,Two year,Mailed check,DSL,0,Yes,Yes,4,27,0.5,543.3333333333334,1,0.0,15.78,7.142857142857143
2834-SPCJV,52,84.1,Month-to-month,Electronic check,Fiber optic,0,Yes,No,2,30,0.25,470.1666666666667,5,0.2,32.905,8.272727272727273
3721-WKIIL,27,19.6,Two year,Mailed check,No,0,No,No,0,29,1.9,676.2631578947369,1,1.0,0.0,0.0
6734-CKRSM,3,20.0,Month-to-month,Mailed check,No,0,No,No,0,25,0.3888888888888889,399.14285714285717,0,0.0,0.0,0.0
1265-ZFOSD,64,81.3,Two year,Mailed check,DSL,0,Yes,No,5,30,0.42857142857142855,511.0,3,0.0,27.593333333333334,10.229166666666666
6568-POCUI,45,95.2,Two year,Credit card (automatic),Fiber optic,0,Yes,No,3,24,0.5,461.75,1,0.0,3.43,5.416666666666667
7890-VYYWG,3,36.45,Month-to-month,Mailed check,DSL,1,Yes,No,1,17,0.7,537.8571428571429,2,0.5,8.56,4.333333333333333
5197-LQXXH,71,83.3,Two year,Credit card (automatic),DSL,0,Yes,No,5,27,0.9285714285714286,592.8461538461538,3,0.0,15.21,4.678571428571429
9907-SWKKF,1,25.05,Month-to-month,Mailed check,DSL,1,No,No,0,21,0.16666666666666666,609.0,1,1.0,0.0,0.0
3457-PQBYH,58,20.3,Two year,Credit card (automatic),No,0,Yes,Yes,0,11,0.8333333333333334,430.8,2,0.0,7.0600000000000005,0.0
7682-AZNDK,34,89.85,Month-to-month,Electronic check,Fiber optic,0,Yes,Yes,3,22,0.1,298.0,2,0.0,11.635,5.625
0587-DMGBH,8,49.85,Month-to-month,Electronic check,DSL,0,No,No,1,11,1.75,362.57142857142856,4,0.25,10.243333333333332,4.75
5384-ZTTWP,15,19.8,Month-to-month,Mailed check,No,0,Yes,Yes,0,10,0.0,0.0,3,0.0,3.2899999999999996,0.0
3745-HRPHI,66,54.65,Two year,Bank transfer (automatic),DSL,0,Yes,Yes,4,21,0.5,463.42857142857144,0,0.0,0.0,7.137931034482759
7636-OWBPG,12,29.35,Month-to-month,Credit card (automatic),DSL,1,No,No,1,10,0.25,644.0,3,0.3333333333333333,2.1,2.5555555555555554
1231-YNDEK,58,19.15,Two year,Bank transfer (automatic),No,0,No,No,0,30,0.5,524.8,2,0.0,1.58,0.0
1407-DIGZV,3,19.1,Two year,Mailed check,No,0,Yes,Yes,0,28,0.5555555555555556,777.7,4,0.25,21.24,0.0
6397-JNZZG,43,55.55,Month-to-month,Credit card (automatic),DSL,1,Yes,No,4,28,1.0,547.0,3,1.0,0.0,2.3333333333333335
0570-BFQHT,9,80.55,Month-to-month,Electronic check,Fiber optic,0,No,No,2,14,0.16666666666666666,612.0,1,0.0,8.01,6.615384615384615
4393-OBCRR,3,20.25,One year,Mailed check,No,0,No,No,0,22,0.5714285714285714,795.0,0,0.0,0.0,0.0
3523-QRQLL,22,69.5,One year,Bank transfer (automatic),DSL,0,Yes,Yes,3,10,0.42857142857142855,425.0,3,0.6666666666666666,22.33,4.0
8564-LDKFL,40,106.0,One year,Bank transfer (automatic),Fiber optic,0,Yes,No,4,28,0.6470588235294118,655.2727272727273,1,1.0,0.0,6.808510638297872
3696-DFHHB,68,25.5,Two year,Bank transfer (automatic),No,0,No,No,0,29,0.6111111111111112,677.2727272727273,1,0.0,13.1,0.0
0895-DQHEW,54,104.3,Month-to-month,Electronic check,Fiber optic,0,Yes,No,4,14,0.4,551.0,1,0.0,7.95,3.185185185185185
4717-GHADL,50,79.6,Two year,Mailed check,DSL,0,No,No,4,14,0.75,781.5,0,0.0,0.0,6.487804878048781
5501-TVMGM,1,55.25,Month-to-month,Electronic check,DSL,0,No,No,1,30,0.42857142857142855,452.3333333333333,4,0.5,5.295,9.0
5879-HMFFH,72,88.05,Two year,Bank transfer (automatic),DSL,0,Yes,No,6,11,0.2222222222222222,541.5,2,0.0,2.835,13.017241379310345
6772-WFQRD,40,20.4,One year,Bank transfer (automatic),No,0,No,Yes,0,16,1.2857142857142858,394.6666666666667,1,1.0,0.0,0.0
3810-DVDQQ,72,117.6,Two year,Bank transfer (automatic),Fiber optic,0,Yes,Yes,6,29,0.38095238095238093,485.25,3,0.6666666666666666,9.89,6.333333333333333
6972-SNKKW,6,20.0,Month-to-month,Mailed check,No,0,No,No,0,26,0.5294117647058824,460.0,0,0.0,0.0,0.0
3694-GLTJM,5,19.65,Month-to-month,Credit card (automatic),No,0,No,No,0,14,0.4,439.75,2,0.0,8.959999999999999,0.0
9055-MOJJJ,64,65.8,One year,Mailed check,DSL,0,Yes,Yes,3,12,0.3333333333333333,735.0,0,0.0,0.0,19.043478260869566
4359-INNWN,17,20.05,One year,Credit card (automatic),No,0,No,No,0,25,0.47058823529411764,553.5,0,0.0,0.0,0.0
0585-EGDDA,40,80.0,Month-to-month,Electronic check,Fiber optic,0,Yes,No,2,15,0.15384615384615385,480.0,4,0.0,10.2775,2.2777777777777777
4032-RMHCI,41,35.4,One year,Credit card (automatic),DSL,0,Yes,Yes,2,13,0.625,411.6,3,0.3333333333333333,8.885,6.0
0549-CYCQN,51,79.6,One year,Bank transfer (automatic),Fiber optic,1,No,No,1,24,0.6,349.1111111111111,3,0.6666666666666666,11.73,5.166666666666667
3481-JHUZH,41,80.25,Month-to-month,Electronic check,Fiber optic,0,Yes,No,1,17,0.5454545454545454,518.3333333333334,4,0.25,9.713333333333333,7.6
7250-EQKIY,1,50.45,Month-to-month,Mailed check,DSL,0,Yes,Yes,1,21,0.75,467.55555555555554,4,0.25,8.576666666666666,3.1666666666666665
3594-IVHJZ,2,20.45,Month-to-month,Mailed check,No,0,No,No,0,11,0.8333333333333334,435.2,1,0.0,4.9,0.0
6869-FGJJC,68,79.6,One year,Credit card (automatic),Fiber optic,0,No,No,2,28,0.75,270.3333333333333,3,0.0,7.956666666666666,7.75
3896-ZVNET,24,24.7,Two year,Mailed check,No,0,Yes,Yes,0,28,0.47368421052631576,457.77777777777777,1,0.0,6.86,0.0
8205-VSLRB,70,77.3,Two year,Credit card (automatic),DSL,0,Yes,No,4,28,0.16666666666666666,421.75,0,0.0,0.0,3.4583333333333335
5960-MVTUK,3,29.75,Month-to-month,Electronic check,DSL,0,No,No,1,19,0.46153846153846156,522.8333333333334,2,0.0,10.725000000000001,5.384615384615385
6817-WTYHE,2,44.9,Month-to-month,Bank transfer (automatic),DSL,0,No,No,0,13,0.18181818181818182,757.5,3,0.0,3.69,0.0
3082-VQXNH,3,29.8,Month-to-month,Credit card (automatic),DSL,0,Yes,No,1,24,0.6,657.4444444444445,1,0.0,9.68,5.2
4013-UBXWQ,7,74.65,Month-to-month,Electronic check,DSL,0,No,No,3,15,1.1428571428571428,354.75,5,0.4,10.613333333333333,2.9444444444444446
4931-TRZWN,13,71.95,Month-to-month,Electronic check,DSL,0,No,No,3,12,0.3333333333333333,536.0,2,0.0,11.425,8.454545454545455
0750-EKNGL,7,20.75,Month-to-month,Mailed check,No,0,No,No,0,23,0.6428571428571429,524.3333333333334,0,0.0,0.0,0.0
7669-LCRSD,12,56.3,Month-to-month,Mailed check,DSL,0,Yes,Yes,1,14,0.2727272727272727,469.0,3,0.0,3.6300000000000003,3.875
3567-PQTSO,53,105.25,One year,Electronic check,Fiber optic,0,Yes,Yes,4,30,0.30434782608695654,491.14285714285717,1,0.0,6.95,10.862068965517242
5519-NPHVG,12,94.2,Month-to-month,Electronic check,Fiber optic,0,No,No,2,21,0.4,455.6666666666667,2,1.0,0.0,2.6923076923076925
8043-PNYSD,63,19.55,Two year,Mailed check,No,0,Yes,Yes,0,16,0.23076923076923078,405.6666666666667,0,0.0,0.0,0.0
9938-EKRGF,15,84.45,Month-to-month,Mailed check,DSL,0,No,No,6,22,0.29411764705882354,426.6,1,1.0,0.0,7.018518518518518
2703-AMTUL,36,53.65,One year,Mailed check,DSL,0,Yes,Yes,2,26,0.625,494.2,5,0.2,6.3774999999999995,6.565217391304348
0928-JMXNP,4,29.9,Month-to-month,Electronic check,DSL,1,Yes,No,1,20,1.0,307.5,1,1.0,0.0,5.0
8173-RXAYP,24,19.7,Two year,Mailed check,No,0,Yes,Yes,0,10,0.25,659.5,2,0.0,17.23,0.0
4825-XJGDM,61,43.7,One year,Credit card (automatic),DSL,0,No,No,4,18,0.2857142857142857,410.5,1,0.0,8.15,8.11111111111111
5402-HTOTQ,16,55.3,Month-to-month,Electronic check,DSL,0,No,No,1,14,0.5555555555555556,463.6,3,0.0,8.416666666666666,5.8
6734-JDTTV,65,19.85,Two year,Credit card (automatic),No,0,Yes,Yes,0,21,0.9090909090909091,712.8,1,0.0,3.54,0.0
7850-THJMU,26,19.65,Two year,Credit card (automatic),No,0,Yes,Yes,0,16,1.2857142857142858,711.8888888888889,2,0.5,21.69,0.0
3890-RTCMS,16,49.45,Month-to-month,Mailed check,DSL,0,No,No,1,23,0.35294117647058826,259.0,1,1.0,0.0,14.8
8849-GYOKR,54,106.55,One year,Bank transfer (automatic),Fiber optic,0,Yes,No,4,22,0.4666666666666667,467.42857142857144,3,0.0,8.783333333333333,4.333333333333333
3148-BLQJT,1,20.1,Month-to-month,Mailed check,No,0,No,No,0,13,0.3,626.6666666666666,0,0.0,0.0,0.0
3717-FDJFU,5,20.45,Two year,Mailed check,No,0,No,Yes,0,14,0.5555555555555556,281.2,1,0.0,2.61,0.0
3665-JATSN,19,39.7,Month-to-month,Electronic check,DSL,0,No,No,2,27,0.6875,415.45454545454544,5,0.6,6.38,6.428571428571429
7966-YOTQW,10,54.5,Month-to-month,Credit card (automatic),DSL,0,No,No,1,21,0.4,485.1666666666667,4,0.25,3.486666666666667,7.8
0461-CVKMU,23,83.8,Month-to-month,Electronic check,Fiber optic,0,Yes,Yes,3,18,0.8,831.625,1,0.0,41.67,6.157894736842105
8806-EAGWC,3,55.15,Month-to-month,Mailed check,DSL,0,No,No,1,17,0.13333333333333333,388.5,5,0.0,16.02,4.857142857142857
8853-TZDGH,72,111.6,Two year,Bank transfer (automatic),Fiber optic,0,No,No,5,10,0.6666666666666666,882.0,2,0.0,2.3200000000000003,3.2857142857142856
7779-LGOVN,10,86.65,Month-to-month,Electronic check,Fiber optic,1,Yes,No,1,28,0.47368421052631576,413.6666666666667,4,0.25,13.4,5.6
4324-BZCKL,10,55.55,Month-to-month,Mailed check,DSL,0,Yes,Yes,2,18,0.2,365.0,3,0.0,3.746666666666666,15.625
6924-TDGMT,11,20.55,One year,Mailed check,No,0,Yes,No,0,19,0.5833333333333334,420.85714285714283,1,0.0,5.34,0.0
9710-ZUSHQ,37,106.75,Month-to-month,Bank transfer (automatic),Fiber optic,1,No,No,4,18,0.5,501.1666666666667,1,1.0,0.0,2.52
1536-YHDOE,17,62.1,One year,Mailed check,DSL,0,Yes,Yes,2,16,0.3333333333333333,533.75,2,0.0,2.915,7.4375
8123-QBNAZ,36,104.5,Month-to-month,Credit card (automatic),Fiber optic,0,Yes,Yes,4,24,0.8461538461538461,460.45454545454544,1,0.0,1.15,7.0
3629-ZNKXA,17,101.8,Month-to-month,Electronic check,Fiber optic,1,No,No,4,30,0.36363636363636365,451.375,4,0.25,5.24,8.909090909090908
4827-LTQRJ,66,110.6,One year,Credit card (automatic),Fiber optic,1,Yes,Yes,5,18,1.0,538.4444444444445,2,0.0,4.234999999999999,8.653061224489797
7711-YIJWC,61,84.9,One year,Bank transfer (automatic),DSL,0,Yes,Yes,6,21,0.3125,300.6,2,0.0,8.175,4.913793103448276
5482-VXSXJ,22,93.2,Month-to-month,Mailed check,Fiber optic,0,No,No,3,26,0.625,437.4,1,0.0,2.73,4.777777777777778
7365-BVCJH,1,24.4,Month-to-month,Electronic check,DSL,0,No,No,0,24,0.4117647058823529,391.0,0,0.0,0.0,0.0
9620-ENEJV,6,70.55,Month-to-month,Credit card (automatic),Fiber optic,0,No,No,0,30,0.25,402.6666666666667,3,0.3333333333333333,7.255,0.0
4183-WCSEP,31,78.45,Month-to-month,Electronic check,Fiber optic,0,No,No,2,18,0.2857142857142857,461.75,0,0.0,0.0,3.9
2378-YIZKA,68,85.0,Two year,Credit card (automatic),DSL,0,Yes,Yes,6,30,0.5789473684210527,708.3636363636364,0,0.0,0.0,3.0555555555555554
5498-TXHLF,34,87.45,Month-to-month,Electronic check,Fiber optic,0,Yes,Yes,2,25,0.47058823529411764,573.75,0,0.0,0.0,2.7
0689-DSXGL,52,85.8,Month-to-month,Bank transfer (automatic),Fiber optic,0,Yes,Yes,3,13,0.3,443.3333333333333,1,0.0,1.26,4.620689655172414
6818-DJXAA,10,91.1,Month-to-month,Electronic check,Fiber optic,0,No,Yes,3,15,0.25,750.6666666666666,0,0.0,0.0,7.333333333333333
9722-UJOJR,29,70.75,Month-to-month,Electronic check,Fiber optic,0,Yes,Yes,0,15,0.07142857142857142,283.0,1,0.0,8.9,0.0
0464-WJTKO,72,20.1,Two year,Bank transfer (automatic),No,0,Yes,Yes,0,11,0.375,576.0,2,0.0,3.7700000000000005,0.0
8902-ZEOVF,47,20.05,One year,Mailed check,No,0,Yes,Yes,0,29,1.4166666666666667,650.0588235294117,0,0.0,0.0,0.0
6778-EICRF,24,74.8,One year,Mailed check,DSL,0,Yes,Yes,3,15,0.36363636363636365,189.25,1,0.0,13.19,2.7
2662-NNTDK,65,24.8,One year,Credit card (automatic),No,0,No,No,0,20,0.5384615384615384,428.2857142857143,1,0.0,1.15,0.0
4132-KALRO,4,100.85,Month-to-month,Mailed check,Fiber optic,0,No,No,3,24,0.7142857142857143,685.9,1,0.0,6.16,14.25
3902-FOIGH,12,101.35,Month-to-month,Electronic check,Fiber optic,1,Yes,No,3,10,0.42857142857142855,551.3333333333334,2,0.5,45.92,5.666666666666667
6772-KSATR,1,81.7,Month-to-month,Electronic check,Fiber optic,0,No,No,1,12,0.5,604.25,4,0.5,42.47,3.25
7112-OPOTK,33,68.25,Month-to-month,Electronic check,Fiber optic,0,No,No,0,19,0.46153846153846156,518.3333333333334,5,0.6,36.495000000000005,0.0
2874-YXVVA,34,105.1,Month-to-month,Electronic check,Fiber optic,0,No,No,5,26,0.5294117647058824,580.5555555555555,0,0.0,0.0,2.870967741935484
1245-HARPS,14,20.4,Two year,Mailed check,No,0,Yes,No,0,27,0.9285714285714286,814.7692307692307,1,0.0,0.81,0.0
4210-QFJMF,4,79.15,Month-to-month,Electronic check,Fiber optic,0,No,No,1,24,0.7142857142857143,568.2,5,0.4,50.10333333333333,5.6
4323-ELYYB,13,20.0,One year,Mailed check,No,0,Yes,Yes,0,30,0.7647058823529411,541.5384615384615,1,0.0,12.17,0.0
4293-ETKAP,65,79.4,Two year,Bank transfer (automatic),DSL,0,Yes,Yes,4,16,0.7777777777777778,635.7142857142857,2,0.5,4.38,8.6
6064-PUPMC,23,57.2,One year,Credit card (automatic),DSL,0,Yes,Yes,2,11,1.75,501.14285714285717,0,0.0,0.0,17.166666666666668
6504-VBLFL,55,58.6,Two year,Electronic check,DSL,0,Yes,No,3,25,1.5,554.3333333333334,1,0.0,15.03,3.909090909090909
6322-PJJDJ,49,94.8,Two year,Electronic check,Fiber optic,0,Yes,No,3,12,0.5,837.25,1,0.0,12.71,3.4285714285714284
0330-BGYZE,60,102.5,One year,Bank transfer (automatic),Fiber optic,0,Yes,No,4,27,0.35,439.14285714285717,4,0.25,8.133333333333333,5.447368421052632
1085-LDWAM,69,20.35,One year,Credit card (automatic),No,0,Yes,Yes,0,28,0.2727272727272727,373.3333333333333,2,0.5,8.26,0.0
7586-ZATGZ,40,84.9,Month-to-month,Electronic check,Fiber optic,0,No,No,1,17,0.7,480.85714285714283,5,0.4,6.456666666666667,11.636363636363637
7197-VOJMM,67,69.2,Two year,Credit card (automatic),DSL,0,Yes,No,4,18,0.8,765.375,0,0.0,0.0,3.4074074074074074
3318-OSATS,35,95.45,Month-to-month,Electronic check,Fiber optic,1,No,No,2,20,1.0,822.3,0,0.0,0.0,2.230769230769231
5828-AVIPD,19,100.95,One year,Electronic check,Fiber optic,0,Yes,Yes,3,10,1.0,294.0,1,1.0,0.0,2.923076923076923
1843-TLSGD,13,20.85,Two year,Mailed check,No,0,Yes,Yes,0,24,0.4117647058823529,559.7142857142857,1,0.0,3.04,0.0
9626-VFRGG,41,88.5,Month-to-month,Bank transfer (automatic),Fiber optic,0,No,Yes,2,29,0.6111111111111112,434.8181818181818,3,0.6666666666666666,19.88,4.0
7075-BNDVQ,4,35.0,Month-to-month,Mailed check,DSL,0,No,No,2,30,0.36363636363636365,424.125,1,0.0,19.54,3.9047619047619047
9143-CANJF,24,55.15,Month-to-month,Electronic check,DSL,0,Yes,Yes,2,18,0.6363636363636364,621.4285714285714,0,0.0,0.0,5.7
7284-BUYEC,5,50.95,Month-to-month,Credit card (automatic),DSL,0,No,No,3,18,0.2857142857142857,588.25,5,0.0,8.418,5.846153846153846
2041-JIJCI,5,64.0,Month-to-month,Electronic check,DSL,0,No,No,2,16,0.23076923076923078,682.0,3,0.0,14.99,4.5
1086-LXKFY,1,69.1,Month-to-month,Mailed check,Fiber optic,0,Yes,Yes,0,27,0.35,557.2857142857143,1,1.0,0.0,0.0
4900-MSOMT,72,80.2,Two year,Bank transfer (automatic),DSL,0,Yes,Yes,5,18,0.5,554.3333333333334,1,1.0,0.0,4.066666666666666
2229-VWQJH,24,49.3,Month-to-month,Credit card (automatic),DSL,0,No,No,1,15,0.36363636363636365,735.25,4,0.5,50.934999999999995,4.555555555555555
9194-GFVOI,42,84.35,Two year,Credit card (automatic),DSL,0,Yes,No,5,20,0.6666666666666666,515.625,1,1.0,0.0,10.333333333333334
1336-EZFZY,4,20.05,Month-to-month,Mailed check,No,0,No,No,0,28,0.47368421052631576,598.1111111111111,1,1.0,0.0,0.0
4282-MSACW,68,117.2,One year,Credit card (automatic),Fiber optic,0,No,No,6,23,0.6428571428571429,599.1111111111111,1,0.0,10.61,5.473684210526316
1403-LKLIK,33,20.1,One year,Mailed check,No,0,Yes,Yes,0,12,0.3333333333333333,456.3333333333333,1,0.0,17.83,0.0
2636-ALXXZ,1,69.6,Month-to-month,Electronic check,Fiber optic,1,No,No,0,15,0.15384615384615385,346.0,2,1.0,0.0,0.0
7774-OJSXI,31,103.45,One year,Electronic check,Fiber optic,0,No,No,4,22,0.29411764705882354,367.4,2,1.0,0.0,4.714285714285714
7786-WBJYI,4,77.95,Month-to-month,Bank transfer (automatic),Fiber optic,0,No,No,1,22,0.4666666666666667,671.0,3,0.3333333333333333,38.35,3.625
0136-IFMYD,69,109.95,Two year,Electronic check,Fiber optic,1,Yes,No,5,11,0.5714285714285714,590.0,3,0.3333333333333333,15.105,5.944444444444445
5144-TVGLP,38,94.75,Month-to-month,Electronic check,Fiber optic,1,No,No,2,15,1.5,586.8888888888889,2,0.0,7.835000000000001,7.875
9643-AVVWI,3,80.0,Month-to-month,Electronic check,Fiber optic,0,Yes,Yes,2,16,0.23076923076923078,743.3333333333334,3,0.0,36.526666666666664,6.823529411764706
0253-ZTEOB,48,79.65,Two year,Electronic check,DSL,0,Yes,Yes,4,16,0.6,502.8333333333333,0,0.0,0.0,4.5625
2706-QZIHY,15,25.2,Two year,Mailed check,No,0,Yes,No,0,16,0.45454545454545453,553.8,1,1.0,0.0,0.0
6061-PQHMK,25,19.9,One year,Credit card (automatic),No,0,No,No,0,28,0.8666666666666667,645.7692307692307,1,0.0,3.15,0.0
9885-CSMWE,1,78.45,Month-to-month,Electronic check,Fiber optic,1,No,No,1,30,0.42857142857142855,428.1111111111111,2,0.0,19.665,2.75
6137-MFAJN,48,44.8,Month-to-month,Electronic check,DSL,0,No,No,3,25,0.5625,453.77777777777777,0,0.0,0.0,11.28125
9122-UMROB,1,20.3,Month-to-month,Mailed check,No,0,No,No,0,14,0.75,537.6666666666666,3,0.0,7.77,0.0
4232-JGKIY,1,19.2,Month-to-month,Electronic check,No,0,No,No,0,18,0.6363636363636364,583.4285714285714,1,0.0,4.37,0.0
2402-TAIRZ,37,80.05,One year,Electronic check,Fiber optic,0,No,No,2,25,0.6666666666666666,402.6,4,0.5,11.600000000000001,4.133333333333334
9659-ZTWSM,66,107.35,One year,Bank transfer (automatic),Fiber optic,1,Yes,No,5,10,0.42857142857142855,716.6666666666666,1,0.0,51.47,6.585365853658536
9139-TWBAS,26,47.85,One year,Bank transfer (automatic),DSL,0,Yes,No,4,17,0.4166666666666667,194.4,3,0.0,10.670000000000002,7.472222222222222
6685-GBWJZ,63,70.8,One year,Credit card (automatic),DSL,0,Yes,No,4,25,0.3888888888888889,591.1428571428571,0,0.0,0.0,9.342105263157896
5016-ETTFF,10,29.5,Month-to-month,Mailed check,DSL,0,No,No,1,14,0.2727272727272727,353.0,2,1.0,0.0,2.75
3866-MDTUB,2,70.75,Month-to-month,Electronic check,DSL,0,No,No,3,11,0.5714285714285714,574.5,1,1.0,0.0,2.473684210526316
2195-VVRJF,18,59.1,Month-to-month,Credit card (automatic),DSL,1,Yes,No,2,14,1.0,519.7142857142857,3,0.0,6.45,7.4
3913-RDSJZ,64,25.55,Two year,Mailed check,No,0,Yes,No,0,22,0.5714285714285714,722.75,3,0.3333333333333333,14.785,0.0
8058-JMEQO,9,84.45,Month-to-month,Electronic check,Fiber optic,1,No,No,1,22,0.375,569.1666666666666,4,0.0,37.269999999999996,4.0
4203-QGNZA,28,20.25,Month-to-month,Mailed check,No,0,No,Yes,0,16,0.6,260.5,1,0.0,4.55,0.0
5043-TRZWM,1,75.55,Month-to-month,Electronic check,Fiber optic,0,No,No,1,21,0.6153846153846154,271.125,4,0.25,3.6833333333333336,7.125
0697-ZMSWS,4,85.65,Month-to-month,Electronic check,Fiber optic,0,No,No,1,19,0.1875,466.0,2,0.5,23.89,4.2
7657-DYEPJ,38,70.15,One year,Credit card (automatic),DSL,1,No,No,4,15,0.36363636363636365,718.0,1,0.0,22.75,3.2333333333333334
9494-BDNNC,66,95.3,One year,Electronic check,Fiber optic,0,Yes,No,3,16,0.6,635.6666666666666,1,0.0,8.4,5.3076923076923075
1640-PLFMP,1,70.25,Month-to-month,Electronic check,Fiber optic,0,No,No,0,10,0.25,408.0,3,0.0,9.63,0.0
5366-OBVMR,18,50.3,Month-to-month,Mailed check,DSL,0,Yes,No,1,18,0.125,578.5,2,0.0,18.265,8.5
8276-MQBYC,51,97.8,Month-to-month,Electronic check,Fiber optic,1,No,No,3,28,0.47368421052631576,430.1111111111111,2,1.0,0.0,8.142857142857142
7644-OMVMY,0,19.85,Two year,Mailed check,No,0,Yes,Yes,0,29,0.38095238095238093,367.125,1,0.0,5.21,0.0
7593-XFKDI,1,46.3,Month-to-month,Mailed check,DSL,0,No,No,0,11,0.375,677.0,1,0.0,27.74,0.0
4573-JKNAE,12,19.35,Two year,Bank transfer (automatic),No,0,No,Yes,0,16,0.23076923076923078,606.0,1,0.0,12.93,0.0
0337-CNPZE,41,106.3,Month-to-month,Electronic check,Fiber optic,0,No,No,4,18,0.5,705.6666666666666,2,0.5,70.64,6.8
9817-APLHW,12,25.0,Month-to-month,Electronic check,No,0,No,No,0,10,0.6666666666666666,496.25,1,0.0,1.79,0.0
8380-MQINP,55,20.3,Two year,Mailed check,No,0,Yes,Yes,0,12,0.09090909090909091,213.0,1,0.0,5.93,0.0
0840-DFEZH,7,75.35,Month-to-month,Electronic check,Fiber optic,0,No,No,0,15,0.6666666666666666,590.3333333333334,1,0.0,9.5,0.0
1513-XNPPH,12,89.4,Month-to-month,Electronic check,Fiber optic,0,No,No,3,12,0.3333333333333333,558.0,1,1.0,0.0,3.0526315789473686
8690-ZVLCL,68,88.0,Two year,Credit card (automatic),DSL,0,Yes,Yes,6,26,0.18181818181818182,389.0,4,0.5,25.215,17.21212121212121
6015-VVHHE,5,83.15,Month-to-month,Credit card (automatic),Fiber optic,1,No,No,1,26,0.23809523809523808,377.2,3,0.6666666666666666,39.68,4.6
1125-SNVCK,49,43.8,Month-to-month,Mailed check,DSL,1,No,No,0,20,0.6666666666666666,628.5,4,0.0,6.495,0.0
0384-LPITE,40,62.05,One year,Credit card (automatic),DSL,0,No,No,5,16,0.3333333333333333,462.0,0,0.0,0.0,6.057142857142857
4616-EWBNJ,16,20.1,One year,Bank transfer (automatic),No,0,No,No,0,28,0.21739130434782608,584.4,2,0.0,20.68,0.0
6347-DCUIK,10,74.15,Month-to-month,Mailed check,Fiber optic,0,No,No,0,14,1.0,620.2857142857143,2,0.5,12.79,0.0
1335-HQMKX,72,101.35,One year,Electronic check,Fiber optic,0,Yes,No,4,12,0.3333333333333333,808.6666666666666,2,0.0,6.885,2.7
2545-EBUPK,2,84.05,Month-to-month,Electronic check,Fiber optic,1,No,No,1,12,0.3333333333333333,633.3333333333334,1,0.0,2.99,4.416666666666667
6923-AQONU,23,20.9,Two year,Mailed check,No,0,Yes,Yes,0,11,1.2,410.5,2,0.5,5.36,0.0
2172-EJXVF,71,105.9,One year,Electronic check,Fiber optic,1,No,No,4,11,1.2,598.6666666666666,2,0.0,42.485,3.5172413793103448
0897-FEGMU,11,99.5,Month-to-month,Electronic check,Fiber optic,0,Yes,No,3,12,0.3333333333333333,321.6666666666667,2,0.5,20.56,1.1333333333333333
7663-RGWBC,1,44.15,Month-to-month,Mailed check,DSL,0,No,No,0,10,0.25,544.5,4,0.25,4.97,0.0
1120-BMWUB,16,53.9,Month-to-month,Mailed check,DSL,0,No,No,2,25,0.3888888888888889,362.0,1,1.0,0.0,3.357142857142857
9124-LHCJQ,1,85.45,Month-to-month,Mailed check,Fiber optic,0,No,No,1,18,0.2857142857142857,245.0,0,0.0,0.0,5.75
4536-PLEQY,12,85.05,Month-to-month,Credit card (automatic),Fiber optic,0,Yes,No,2,20,0.42857142857142855,486.1666666666667,5,0.2,14.9575,9.777777777777779
7029-IJEJK,54,44.1,One year,Bank transfer (automatic),DSL,0,No,No,3,21,0.6153846153846154,596.625,0,0.0,0.0,7.838709677419355
8871-JLMHM,68,90.2,Two year,Credit card (automatic),Fiber optic,0,Yes,No,3,12,0.5,684.5,5,0.0,14.280000000000001,8.892857142857142
2235-ZGKPT,4,50.85,Month-to-month,Mailed check,DSL,0,Yes,Yes,0,19,0.26666666666666666,663.5,3,0.0,36.306666666666665,0.0
3891-PUQOD,1,59.2,Month-to-month,Electronic check,DSL,0,No,Yes,2,26,0.625,440.4,3,0.3333333333333333,29.415,5.8
5447-VYTKW,27,53.45,Month-to-month,Mailed check,DSL,0,No,No,2,14,0.2727272727272727,575.3333333333334,0,0.0,0.0,8.642857142857142
3623-FQBOX,21,19.95,Month-to-month,Mailed check,No,0,No,No,0,25,0.7857142857142857,614.0909090909091,0,0.0,0.0,0.0
0689-NKYLF,13,83.2,Month-to-month,Electronic check,Fiber optic,0,No,No,2,23,0.6428571428571429,593.3333333333334,2,0.0,5.984999999999999,2.0625
8659-HDIYE,64,74.65,Month-to-month,Credit card (automatic),DSL,1,No,No,4,29,0.45,494.0,3,0.0,13.483333333333333,7.65625
3658-KIBGF,1,54.9,Month-to-month,Electronic check,DSL,0,No,No,2,18,0.8,567.75,5,0.2,21.7675,7.3076923076923075
3474-BAFSJ,57,57.5,Two year,Bank transfer (automatic),DSL,0,Yes,No,5,27,0.8,488.0,4,0.25,9.24,23.666666666666668
5519-YLDGW,21,103.9,Month-to-month,Electronic check,Fiber optic,0,Yes,No,4,14,0.4,379.25,5,0.6,44.705,3.3333333333333335
3865-ZFZIB,19,19.65,Two year,Mailed check,No,0,No,No,0,16,0.14285714285714285,466.5,0,0.0,0.0,0.0
1855-AGAWH,31,93.8,One year,Electronic check,Fiber optic,0,Yes,No,3,29,0.45,330.44444444444446,2,0.0,5.46,3.9583333333333335
7109-CQYUZ,52,89.25,Two year,Mailed check,DSL,0,No,No,6,10,0.25,894.0,0,0.0,0.0,13.461538461538462
1370-GGAWX,46,94.15,One year,Electronic check,Fiber optic,0,No,No,3,25,0.6666666666666666,452.5,1,0.0,7.31,9.12
4680-KUTAJ,11,55.6,Month-to-month,Electronic check,DSL,1,No,No,1,26,0.625,724.8,4,0.0,7.535,5.333333333333333
5307-UVGNB,53,48.7,Month-to-month,Bank transfer (automatic),DSL,0,Yes,Yes,4,29,0.5263157894736842,514.7,0,0.0,0.0,4.65625
4946-EDSEW,11,19.25,Month-to-month,Mailed check,No,0,Yes,Yes,0,14,0.5555555555555556,447.8,1,0.0,29.67,0.0
2883-ILGWO,57,104.9,Month-to-month,Bank transfer (automatic),Fiber optic,1,No,No,4,26,0.625,527.3,1,0.0,60.19,10.48936170212766
2516-VQRRV,2,75.45,Month-to-month,Mailed check,Fiber optic,1,No,No,0,21,1.3333333333333333,482.0,2,0.5,170.51,0.0
7580-UGXNC,2,54.85,Month-to-month,Mailed check,DSL,1,No,No,2,29,0.38095238095238093,544.125,2,0.5,22.34,2.6
3642-BYHDO,71,19.9,Two year,Bank transfer (automatic),No,0,Yes,Yes,0,20,0.6666666666666666,412.625,2,0.0,3.31,0.0
9629-NHXFW,1,19.4,Month-to-month,Mailed check,No,0,Yes,Yes,0,26,0.5294117647058824,482.1111111111111,1,0.0,3.15,0.0
2696-RZVZW,68,25.05,Two year,Credit card (automatic),No,0,Yes,No,0,12,0.7142857142857143,491.4,0,0.0,0.0,0.0
5766-FTRTS,72,84.45,Two year,Mailed check,DSL,0,Yes,No,6,22,0.2222222222222222,535.25,2,0.5,14.58,6.63265306122449
0396-HUJBP,2,19.3,Month-to-month,Mailed check,No,0,No,No,0,13,0.3,714.0,3,0.0,6.046666666666667,0.0
5178-LMXOP,1,95.1,Month-to-month,Electronic check,Fiber optic,1,Yes,No,2,22,0.29411764705882354,455.6,4,0.0,12.4775,4.090909090909091
8879-ZKJOF,41,79.85,One year,Bank transfer (automatic),DSL,0,No,No,5,16,0.7777777777777778,424.2857142857143,0,0.0,0.0,4.760869565217392
6285-FTQBF,72,25.55,Two year,Credit card (automatic),No,0,Yes,Yes,0,27,0.5,650.1111111111111,2,0.5,19.21,0.0
8185-UPYBR,6,75.5,Month-to-month,Electronic check,Fiber optic,0,Yes,No,0,13,0.4444444444444444,463.75,1,0.0,13.25,0.0
4585-HETAI,4,73.75,Month-to-month,Electronic check,Fiber optic,0,Yes,Yes,1,11,0.5714285714285714,358.5,1,0.0,20.7,3.6
7526-BEZQB,12,96.05,Month-to-month,Electronic check,Fiber optic,0,No,No,2,12,1.0,430.1666666666667,4,0.5,6.305,3.8
1474-JUWSM,58,68.4,One year,Electronic check,DSL,0,Yes,No,3,16,0.45454545454545453,451.0,2,0.5,34.88,8.227272727272727
3530-CRZSB,7,20.65,Month-to-month,Mailed check,No,0,No,No,0,29,0.38095238095238093,254.75,1,0.0,4.63,0.0
8498-XXGWA,65,55.15,Month-to-month,Mailed check,DSL,0,Yes,No,2,23,0.35294117647058826,583.8333333333334,2,0.0,10.665000000000001,5.071428571428571
9617-INGJY,1,70.6,Month-to-month,Mailed check,Fiber optic,0,No,No,0,27,0.42105263157894735,479.625,2,0.0,7.5649999999999995,0.0
0621-TSSMU,56,19.95,One year,Credit card (automatic),No,0,Yes,No,0,23,0.5333333333333333,441.875,3,0.3333333333333333,24.905,0.0
7234-KMNRQ,4,19.0,Month-to-month,Mailed check,No,0,No,No,0,22,0.5714285714285714,632.125,1,1.0,0.0,0.0
7636-PEPNS,58,44.1,One year,Mailed check,DSL,0,Yes,Yes,0,28,0.47368421052631576,633.6666666666666,3,0.0,20.76,0.0
4683-WYDOU,62,107.6,Two year,Bank transfer (automatic),Fiber optic,0,Yes,No,4,28,0.5555555555555556,469.7,1,0.0,4.9,3.1923076923076925
9052-DHNKM,26,61.55,One year,Electronic check,DSL,0,No,No,2,30,0.5789473684210527,542.7272727272727,3,0.0,2.9,5.7
6794-HKIAJ,62,90.7,Month-to-month,Bank transfer (automatic),Fiber optic,0,No,No,3,18,0.6363636363636364,439.2857142857143,2,0.0,3.33,4.785714285714286
5578-NKCXI,58,99.25,One year,Credit card (automatic),Fiber optic,0,Yes,Yes,4,15,0.5,346.6,3,0.6666666666666666,3.81,3.433333333333333
1642-HMARX,68,91.7,Two year,Electronic check,DSL,0,Yes,No,6,23,0.21052631578947367,370.0,1,1.0,0.0,8.938775510204081
3096-WPXBT,61,100.7,One year,Credit card (automatic),Fiber optic,0,Yes,Yes,4,24,0.2631578947368421,355.8,0,0.0,0.0,5.230769230769231
8434-PNQZX,42,78.45,Two year,Credit card (automatic),DSL,0,No,No,4,13,0.18181818181818182,296.0,2,0.5,0.88,7.242424242424242
5950-AAAGJ,18,84.3,Month-to-month,Bank transfer (automatic),Fiber optic,0,No,No,1,24,0.4117647058823529,490.57142857142856,1,0.0,1.99,19.428571428571427
4299-OPXEJ,56,19.55,Two year,Bank transfer (automatic),No,0,No,No,0,10,1.0,739.4,2,0.5,2.25,0.0
4951-UKAAQ,4,88.95,Month-to-month,Electronic check,Fiber optic,0,No,No,2,18,0.2857142857142857,446.25,1,0.0,16.76,3.3846153846153846
9618-LFJRU,4,20.45,Month-to-month,Credit card (automatic),No,0,No,No,0,11,0.375,713.3333333333334,3,0.0,3.6,0.0
6693-DJWTY,35,55.6,One year,Credit card (automatic),DSL,0,No,Yes,2,17,0.7,678.2857142857143,1,0.0,3.19,9.3
0744-GKNGE,64,86.8,Month-to-month,Bank transfer (automatic),Fiber optic,0,Yes,Yes,2,23,1.0909090909090908,517.6666666666666,3,0.0,7.12,7.235294117647059
6447-EGDIV,31,20.95,One year,Mailed check,No,0,No,No,0,29,0.2608695652173913,654.0,0,0.0,0.0,0.0
1167-OYZJF,67,20.05,Two year,Bank transfer (automatic),No,1,Yes,No,0,22,0.8333333333333334,567.2,2,0.5,49.37,0.0
2108-YKQTY,4,50.7,Month-to-month,Credit card (automatic),DSL,0,No,No,1,15,0.15384615384615385,368.5,2,1.0,0.0,2.4
4806-DXQCE,70,113.65,Two year,Electronic check,Fiber optic,1,Yes,No,6,24,0.4117647058823529,262.14285714285717,4,0.0,7.7275,3.1481481481481484
4918-QLLIW,3,53.4,Month-to-month,Credit card (automatic),DSL,0,No,No,1,20,1.2222222222222223,626.6363636363636,2,0.5,13.36,4.75
7056-IMHCC,53,101.9,Month-to-month,Electronic check,Fiber optic,1,Yes,No,3,27,0.5,560.7777777777778,3,0.3333333333333333,4.1850000000000005,3.1818181818181817
4854-SSLTN,2,59.5,Two year,Mailed check,DSL,0,Yes,Yes,3,20,0.6666666666666666,608.5,1,0.0,8.81,8.928571428571429
5294-DMSFH,29,87.8,Month-to-month,Credit card (automatic),Fiber optic,0,Yes,Yes,2,15,0.875,770.4285714285714,2,0.5,7.44,4.04
4837-PZTIC,47,41.9,Two year,Mailed check,DSL,0,No,No,3,11,0.2222222222222222,391.5,2,1.0,0.0,4.419354838709677
1625-JAIIY,68,83.0,One year,Electronic check,Fiber optic,0,Yes,Yes,1,21,0.23529411764705882,459.75,2,0.5,10.56,7.6
0603-OLQDC,12,69.85,Month-to-month,Mailed check,DSL,0,No,Yes,3,14,0.4,661.5,1,0.0,7.36,11.529411764705882
3272-VUHPV,8,56.3,Month-to-month,Bank transfer (automatic),DSL,0,Yes,Yes,2,18,1.0,492.44444444444446,1,0.0,23.48,4.1875
4176-FXYBO,54,109.55,Month-to-month,Electronic check,Fiber optic,0,Yes,No,5,23,0.5333333333333333,418.5,4,0.5,7.6049999999999995,13.585365853658537
1063-DHQJF,69,92.15,Two year,Mailed check,Fiber optic,0,Yes,Yes,3,23,0.7692307692307693,673.9,1,0.0,10.93,10.15625
8663-UPDGF,26,69.5,Month-to-month,Bank transfer (automatic),DSL,0,No,No,3,24,0.3333333333333333,528.8333333333334,4,0.0,4.975,3.466666666666667
6719-FGEDO,72,97.0,Two year,Bank transfer (automatic),Fiber optic,0,Yes,No,4,17,0.5454545454545454,278.0,2,0.0,13.64,8.838709677419354
1837-YQUCE,70,58.35,Two year,Bank transfer (automatic),DSL,0,No,No,5,14,0.2727272727272727,612.0,1,0.0,23.92,3.22
2947-DOMLJ,1,50.6,Month-to-month,Mailed check,DSL,0,No,Yes,1,28,0.21739130434782608,551.2,4,0.5,19.13,3.0
4112-LUEIZ,10,89.5,Month-to-month,Electronic check,Fiber optic,0,No,No,2,30,0.2,465.6,5,0.4,46.06666666666667,1.4285714285714286
0369-ZGOVK,28,70.4,One year,Bank transfer (automatic),Fiber optic,0,Yes,Yes,0,20,1.0,481.6,2,0.5,2.21,0.0
4510-HIMLV,1,69.8,Month-to-month,Electronic check,Fiber optic,0,No,No,0,25,0.5625,409.0,1,0.0,8.94,0.0
9919-KNPOO,21,94.3,Month-to-month,Electronic check,Fiber optic,0,Yes,No,2,20,0.8181818181818182,436.44444444444446,1,0.0,29.91,5.363636363636363
8749-JMNKX,51,93.8,Month-to-month,Bank transfer (automatic),Fiber optic,1,Yes,No,3,18,1.25,474.9,3,0.3333333333333333,16.825,6.363636363636363
7872-BAAZR,53,19.55,One year,Bank transfer (automatic),No,0,Yes,Yes,0,10,2.3333333333333335,636.2857142857143,1,0.0,5.01,0.0
9391-LMANN,53,95.95,One year,Electronic check,Fiber optic,0,No,Yes,4,12,0.3333333333333333,678.6666666666666,3,0.3333333333333333,21.990000000000002,5.605263157894737
2430-USGXP,24,101.05,Month-to-month,Electronic check,Fiber optic,0,Yes,No,3,14,0.2727272727272727,220.66666666666666,1,1.0,0.0,4.625
8174-TBVCF,70,94.8,Two year,Credit card (automatic),DSL,0,Yes,No,6,15,0.5,235.2,1,0.0,15.71,4.0
1698-XFZCI,61,107.75,One year,Electronic check,Fiber optic,0,No,No,5,11,0.2222222222222222,219.0,2,0.0,10.55,14.595238095238095
1877-HKBQX,11,54.6,One year,Mailed check,DSL,0,No,No,2,10,0.6666666666666666,354.75,0,0.0,0.0,9.210526315789474
4450-DLLMH,2,71.3,Month-to-month,Credit card (automatic),Fiber optic,0,No,No,0,24,0.6,447.0,4,0.5,13.129999999999999,0.0
0428-AXXLJ,25,19.5,One year,Bank transfer (automatic),No,0,No,No,0,28,0.16666666666666666,691.25,2,0.0,16.064999999999998,0.0
2746-DIJLO,41,56.3,One year,Credit card (automatic),DSL,0,No,No,1,27,0.22727272727272727,489.0,5,0.4,11.12,3.8333333333333335
5955-ERIHD,18,94.7,Month-to-month,Electronic check,Fiber optic,0,Yes,No,2,30,0.7647058823529411,559.5384615384615,3,0.6666666666666666,53.48,3.6666666666666665
0917-EZOLA,72,104.15,Two year,Bank transfer (automatic),Fiber optic,1,Yes,No,4,28,0.5555555555555556,357.8,2,0.5,11.1,3.7666666666666666
3508-VLHCZ,71,90.55,Two year,Credit card (automatic),DSL,0,Yes,Yes,6,17,0.4166666666666667,655.8,1,0.0,26.13,4.816326530612245
4086-ATNFV,34,60.8,One year,Mailed check,DSL,0,Yes,Yes,3,20,0.5384615384615384,675.1428571428571,3,0.0,6.496666666666667,8.807692307692308
0468-YRPXN,29,98.8,Month-to-month,Credit card (automatic),Fiber optic,0,No,No,4,23,0.7692307692307693,728.8,1,1.0,0.0,18.81081081081081
5996-NRVXR,40,98.15,One year,Credit card (automatic),Fiber optic,1,Yes,No,5,28,0.4,461.0,4,0.5,9.055,4.6
3739-YBWAB,36,35.35,One year,Mailed check,DSL,0,Yes,No,2,18,0.6363636363636364,910.4285714285714,3,0.0,15.4,4.894736842105263
7047-FWEYA,46,103.15,One year,Electronic check,Fiber optic,0,Yes,No,4,27,0.9285714285714286,604.6923076923077,4,0.25,20.046666666666667,4.612903225806452
2000-MPKCA,58,107.75,One year,Electronic check,Fiber optic,0,No,No,5,12,1.4,376.14285714285717,0,0.0,0.0,6.725
9762-YAQAA,39,81.4,One year,Credit card (automatic),Fiber optic,0,No,No,1,21,0.9090909090909091,694.9,0,0.0,0.0,16.2
5949-EBSQK,4,61.45,Month-to-month,Credit card (automatic),DSL,0,Yes,Yes,2,23,0.5333333333333333,426.0,0,0.0,0.0,2.7777777777777777
5473-KHBPS,52,95.7,One year,Credit card (automatic),Fiber optic,0,Yes,Yes,3,20,0.6666666666666666,653.125,4,0.25,8.13,14.32258064516129
0100-DUVFC,70,104.8,One year,Electronic check,Fiber optic,1,Yes,No,4,10,0.25,548.0,5,0.0,6.29,6.469387755102041
5397-TUPSH,65,70.95,One year,Bank transfer (automatic),Fiber optic,1,Yes,No,0,17,0.8888888888888888,870.375,2,0.0,12.2,0.0
8950-MTZNV,1,44.95,Month-to-month,Mailed check,DSL,0,No,No,0,25,0.3157894736842105,616.1666666666666,1,0.0,4.48,0.0
0326-VDYXE,70,97.65,One year,Electronic check,Fiber optic,0,Yes,No,3,12,0.7142857142857143,527.2,2,0.0,3.42,6.777777777777778
6773-LQTVT,29,35.65,Month-to-month,Mailed check,DSL,1,Yes,Yes,2,26,0.625,423.9,1,0.0,9.78,5.411764705882353
7274-RTAPZ,1,90.55,Month-to-month,Electronic check,Fiber optic,0,No,No,2,21,0.75,473.3333333333333,3,0.0,55.34666666666667,6.7
0436-TWFFZ,67,85.25,Two year,Mailed check,DSL,0,No,No,5,16,0.3333333333333333,603.0,0,0.0,0.0,5.676470588235294
8566-YPRGL,1,19.5,Month-to-month,Mailed check,No,0,No,No,0,28,0.4,579.875,1,0.0,5.34,0.0
0311-UNPFF,26,88.8,Month-to-month,Bank transfer (automatic),Fiber optic,0,No,No,2,28,0.21739130434782608,488.2,3,0.6666666666666666,9.24,2.25
6609-MXJHJ,30,25.1,Two year,Mailed check,No,0,Yes,Yes,0,16,1.0,259.125,2,0.5,9.96,0.0
2669-OIDSD,48,100.05,Month-to-month,Credit card (automatic),Fiber optic,0,Yes,No,4,14,1.0,433.7142857142857,2,0.0,26.29,4.325
8400-WZICQ,55,55.7,Month-to-month,Electronic check,DSL,0,Yes,Yes,2,15,0.36363636363636365,417.5,1,0.0,6.26,4.4375
3834-XUIFC,7,85.2,Month-to-month,Mailed check,Fiber optic,0,No,No,1,24,0.5,495.125,1,0.0,6.25,7.111111111111111
9576-SYUHJ,37,91.15,Month-to-month,Electronic check,Fiber optic,0,No,No,2,16,0.45454545454545453,495.8,4,0.0,6.54,9.555555555555555
0410-IPFTY,31,83.85,Month-to-month,Bank transfer (automatic),Fiber optic,0,Yes,No,2,19,0.46153846153846156,746.3333333333334,2,0.0,5.52,7.826086956521739
2831-EBWRN,4,45.9,Month-to-month,Electronic check,DSL,0,No,No,0,24,0.6,557.8888888888889,3,0.6666666666666666,15.11,0.0
9430-NKQLY,72,25.1,Two year,Credit card (automatic),No,0,Yes,Yes,0,24,0.6,523.0,0,0.0,0.0,0.0
8414-MYSHR,5,91.4,Month-to-month,Electronic check,Fiber optic,1,No,No,2,18,0.38461538461538464,569.8,1,0.0,97.36,3.111111111111111
0247-SLUJI,1,19.7,Month-to-month,Mailed check,No,0,Yes,Yes,0,17,0.21428571428571427,466.3333333333333,3,0.0,12.979999999999999,0.0
9402-ORRAH,15,91.5,Month-to-month,Electronic check,Fiber optic,1,No,No,2,12,0.09090909090909091,378.0,2,0.0,3.0549999999999997,2.782608695652174
6483-OATDN,8,51.3,Month-to-month,Credit card (automatic),DSL,0,Yes,Yes,1,24,0.3333333333333333,588.1666666666666,1,0.0,12.02,5.166666666666667
1293-HHSHJ,35,21.1,One year,Mailed check,No,0,No,No,0,17,0.7,622.1428571428571,1,1.0,0.0,0.0
4840-ORQXB,56,104.75,Month-to-month,Electronic check,Fiber optic,1,No,No,4,23,1.5555555555555556,715.4285714285714,5,0.4,10.936666666666667,6.28
7599-FKVXZ,42,106.15,Month-to-month,Bank transfer (automatic),Fiber optic,0,Yes,No,4,22,0.6923076923076923,495.44444444444446,1,0.0,20.58,2.7241379310344827
3982-DQLUS,65,85.75,Month-to-month,Electronic check,Fiber optic,1,Yes,Yes,2,19,0.26666666666666666,477.25,2,0.0,6.855,8.526315789473685
8610-ZIKJJ,2,20.3,One year,Mailed check,No,0,Yes,Yes,0,19,0.5833333333333334,586.4285714285714,2,0.0,10.809999999999999,0.0
3756-VNWDH,65,100.75,One year,Electronic check,Fiber optic,1,Yes,No,3,19,0.46153846153846156,848.8333333333334,1,0.0,5.83,10.516129032258064
7801-KICAO,18,74.15,Month-to-month,Electronic check,Fiber optic,0,No,No,0,19,0.9,478.6666666666667,5,0.0,11.572,0.0
7673-LPRNY,23,78.55,One year,Electronic check,DSL,0,No,No,4,12,0.7142857142857143,540.0,3,0.0,7.166666666666667,7.285714285714286
8229-TNIQA,4,45.3,Month-to-month,Mailed check,DSL,0,No,No,0,19,0.46153846153846156,479.8333333333333,1,1.0,0.0,0.0
6060-QBMGV,70,19.85,Two year,Credit card (automatic),No,0,Yes,No,0,27,0.5,572.2222222222222,1,1.0,0.0,0.0
7339-POGZN,4,50.7,Month-to-month,Electronic check,DSL,0,No,No,0,28,0.75,642.5833333333334,2,0.0,34.614999999999995,0.0
2828-SLQPF,19,45.0,Month-to-month,Bank transfer (automatic),DSL,0,No,No,0,15,0.6666666666666666,351.1666666666667,5,0.0,12.937999999999999,0.0
4465-VDKIQ,18,77.8,Month-to-month,Electronic check,Fiber optic,0,No,No,2,26,0.23809523809523808,495.0,4,0.25,8.31,4.9411764705882355
2921-XWDJH,38,83.45,Month-to-month,Electronic check,Fiber optic,1,Yes,No,2,18,1.25,711.0,2,0.0,8.055,5.583333333333333
6221-AVQYL,2,73.25,Month-to-month,Credit card (automatic),Fiber optic,0,No,No,0,20,1.0,557.3,2,0.0,183.76,0.0
2558-BUOZZ,47,94.8,One year,Bank transfer (automatic),Fiber optic,0,No,No,3,26,0.3,521.5,3,0.0,8.306666666666667,4.571428571428571
9257-AZMTZ,52,20.1,Two year,Bank transfer (automatic),No,0,Yes,Yes,0,25,0.5625,570.7777777777778,3,1.0,0.0,0.0
0003-MKNFE,9,59.9,Month-to-month,Mailed check,DSL,0,No,No,1,13,1.1666666666666667,809.2857142857143,2,0.0,8.94,9.692307692307692
0975-UYDTX,26,90.1,One year,Credit card (automatic),DSL,0,Yes,No,6,29,0.38095238095238093,750.25,2,0.5,13.92,5.413793103448276
7743-EXURX,8,51.05,Month-to-month,Electronic check,DSL,0,Yes,Yes,1,12,1.4,484.85714285714283,1,0.0,30.75,1.875
4682-BLBUC,44,70.95,One year,Electronic check,DSL,0,Yes,No,4,19,0.7272727272727273,671.625,3,0.3333333333333333,18.39,6.439024390243903
0975-VOOVL,3,29.2,Month-to-month,Mailed check,DSL,0,No,No,1,12,0.2,368.0,3,0.0,7.919999999999999,4.25
5968-VXZLG,2,46.6,Month-to-month,Bank transfer (automatic),DSL,0,No,No,0,14,0.75,391.5,5,0.0,5.1579999999999995,0.0
5569-KGJHX,9,85.35,Month-to-month,Bank transfer (automatic),Fiber optic,0,Yes,Yes,1,18,0.38461538461538464,686.8,3,0.3333333333333333,27.3,3.75
4988-IQIGL,1,75.35,Month-to-month,Electronic check,Fiber optic,1,No,No,0,13,0.08333333333333333,261.0,2,0.0,12.7,0.0
5201-FRKKS,25,74.3,Month-to-month,Bank transfer (automatic),Fiber optic,0,No,No,1,27,0.8,787.1666666666666,3,0.3333333333333333,8.27,9.916666666666666
9799-CAYJJ,2,69.3,Month-to-month,Electronic check,Fiber optic,1,Yes,No,0,13,0.625,678.2,1,0.0,2.45,0.0
7730-IUTDZ,43,75.2,Month-to-month,Electronic check,Fiber optic,0,No,No,1,16,0.7777777777777778,535.8571428571429,1,1.0,0.0,3.8
0426-TIRNE,1,20.9,Month-to-month,Mailed check,No,0,No,No,0,20,0.42857142857142855,417.5,1,0.0,10.47,0.0
5443-SCMKX,58,94.3,One year,Electronic check,Fiber optic,0,Yes,No,3,28,0.5555555555555556,541.9,3,0.0,6.863333333333333,5.185185185185185
8295-KMENE,59,76.45,Two year,Mailed check,DSL,0,Yes,Yes,4,12,0.5,653.5,2,0.0,9.885,6.103448275862069
6738-ISCBM,44,54.0,One year,Electronic check,DSL,0,No,No,4,24,0.2631578947368421,363.8,2,0.0,4.215,11.86111111111111
9821-BESNZ,66,104.25,One year,Electronic check,Fiber optic,0,No,No,4,10,0.42857142857142855,412.6666666666667,0,0.0,0.0,4.481481481481482
3678-MNGZX,68,19.95,Two year,Bank transfer (automatic),No,0,Yes,Yes,0,28,0.5555555555555556,516.2,0,0.0,0.0,0.0
1335-NTIUC,9,24.95,Month-to-month,Electronic check,DSL,0,No,No,0,29,0.2608695652173913,339.0,4,0.25,8.02,0.0
2916-BQZLN,19,84.75,Month-to-month,Electronic check,Fiber optic,0,No,No,2,18,0.8,678.5,2,0.5,8.87,3.8823529411764706
4558-CGYCZ,4,19.75,Month-to-month,Mailed check,No,0,No,No,0,23,0.6428571428571429,308.6666666666667,1,0.0,7.98,0.0
2368-GAKKQ,70,113.65,Two year,Bank transfer (automatic),Fiber optic,0,No,No,6,14,0.75,404.3333333333333,2,0.0,2.615,3.4363636363636365
8710-YGLWG,1,44.9,Month-to-month,Mailed check,DSL,0,No,No,0,10,0.42857142857142855,554.3333333333334,5,0.0,7.748,0.0
3199-XGZCY,8,75.25,Month-to-month,Electronic check,Fiber optic,0,No,No,0,16,0.7777777777777778,629.1428571428571,2,0.0,4.52,0.0
3785-KTYSH,53,24.6,Two year,Mailed check,No,0,No,No,0,14,0.75,580.0,1,0.0,3.75,0.0
6814-ZPWFQ,51,25.0,One year,Bank transfer (automatic),No,1,No,No,0,23,0.2777777777777778,593.8,2,0.0,2.38,0.0
4063-EIKNQ,11,20.95,Month-to-month,Bank transfer (automatic),No,0,Yes,Yes,0,16,0.3333333333333333,327.5,1,0.0,5.18,0.0
6993-YCOBK,60,110.6,Two year,Electronic check,Fiber optic,0,Yes,Yes,5,24,0.8461538461538461,549.5454545454545,1,0.0,4.68,4.725
5206-HPJKM,17,55.5,Month-to-month,Credit card (automatic),DSL,0,No,No,2,28,0.47368421052631576,283.8888888888889,1,0.0,4.9,14.875
7587-RZNME,3,43.3,Month-to-month,Electronic check,DSL,0,No,No,0,12,0.5,598.0,1,0.0,48.09,0.0
0748-RDGGM,70,109.5,One year,Bank transfer (automatic),Fiber optic,0,Yes,No,6,21,0.23529411764705882,486.25,2,0.5,9.53,7.142857142857143
8393-JMVMB,1,19.45,Month-to-month,Mailed check,No,0,No,No,0,22,0.375,433.5,2,0.0,4.32,0.0
5019-GQVCR,43,84.85,Month-to-month,Electronic check,Fiber optic,1,No,No,1,16,0.6,738.8333333333334,3,0.0,5.233333333333333,12.0
6036-TTFYU,16,19.6,Month-to-month,Mailed check,No,0,Yes,No,0,27,0.42105263157894735,561.25,0,0.0,0.0,0.0
2550-AEVRU,57,53.45,One year,Electronic check,DSL,0,Yes,Yes,2,17,0.7,265.7142857142857,1,1.0,0.0,4.7727272727272725
0969-RGKCU,37,19.8,One year,Credit card (automatic),No,0,Yes,Yes,0,27,0.6875,519.9090909090909,2,0.0,7.17,0.0
0378-CJKPV,72,112.1,Two year,Credit card (automatic),Fiber optic,0,Yes,No,6,11,0.1,874.0,1,1.0,0.0,5.230769230769231
4706-AXVKM,11,84.8,Month-to-month,Credit card (automatic),Fiber optic,1,No,No,1,10,0.6666666666666666,743.75,3,1.0,0.0,4.25
5889-JTMUL,50,95.05,Month-to-month,Electronic check,Fiber optic,1,Yes,No,3,26,1.6,525.125,3,0.6666666666666666,17.47,3.25
9026-RNUJS,5,50.35,Month-to-month,Electronic check,DSL,1,No,No,1,17,0.5454545454545454,475.3333333333333,2,0.5,3.67,3.0
3746-EUBYR,1,74.6,Month-to-month,Bank transfer (automatic),Fiber optic,0,Yes,No,0,10,1.0,540.6,3,0.0,81.46,0.0
2332-EFBJY,16,19.7,Month-to-month,Mailed check,No,0,No,No,0,18,0.6363636363636364,726.1428571428571,4,0.25,44.74,0.0
2880-FPNAE,2,74.2,Month-to-month,Electronic check,Fiber optic,1,Yes,No,1,14,0.2727272727272727,675.0,4,0.25,17.463333333333335,10.5
1703-MGIAB,17,69.0,Month-to-month,Mailed check,DSL,0,No,No,3,14,0.2727272727272727,534.6666666666666,0,0.0,0.0,5.32
4311-QTTAI,16,19.35,One year,Credit card (automatic),No,0,No,No,0,24,1.1818181818181819,541.0,2,0.5,3.96,0.0
9474-PHLYD,15,59.45,Month-to-month,Electronic check,DSL,0,No,No,2,23,0.6428571428571429,476.22222222222223,0,0.0,0.0,4.166666666666667
4318-RAJVY,10,19.8,One year,Mailed check,No,0,No,No,0,27,0.5,451.6666666666667,3,0.3333333333333333,10.955,0.0
2165-VOEGB,46,105.2,One year,Bank transfer (automatic),Fiber optic,0,No,Yes,5,10,0.25,293.5,0,0.0,0.0,5.8
3612-YUNGG,64,109.2,Two year,Credit card (automatic),Fiber optic,0,Yes,Yes,5,23,0.21052631578947367,683.25,1,0.0,11.15,9.53191489361702
2254-DLXRI,1,79.15,Month-to-month,Mailed check,Fiber optic,0,No,No,1,30,0.36363636363636365,313.375,2,0.0,28.35,4.5
5062-CJJKH,25,53.65,One year,Mailed check,DSL,0,Yes,Yes,2,26,0.7333333333333333,581.8181818181819,5,0.4,5.036666666666666,10.210526315789474
9028-LIHRP,71,100.2,Two year,Credit card (automatic),Fiber optic,0,Yes,Yes,5,10,1.5,653.8333333333334,0,0.0,0.0,3.638888888888889
2219-MVUSO,8,45.15,Month-to-month,Mailed check,DSL,0,No,No,0,23,0.6428571428571429,658.8888888888889,3,0.6666666666666666,30.45,0.0
1053-MXTTK,72,108.65,Two year,Bank transfer (automatic),Fiber optic,0,Yes,Yes,6,13,0.4444444444444444,654.5,2,0.0,5.635,3.6153846153846154
1530-ZTDOZ,49,40.65,Month-to-month,Bank transfer (automatic),DSL,0,Yes,No,2,26,0.5294117647058824,441.77777777777777,5,0.0,3.044,3.6666666666666665
1301-LOPVR,29,55.35,One year,Credit card (automatic),DSL,0,Yes,Yes,5,15,0.5,633.6,0,0.0,0.0,3.3773584905660377
0853-TWRVK,72,105.6,Two year,Bank transfer (automatic),Fiber optic,0,Yes,No,5,25,0.7857142857142857,763.8181818181819,1,1.0,0.0,3.627906976744186
8914-RBTSB,31,93.8,Month-to-month,Electronic check,Fiber optic,0,Yes,No,3,12,0.3333333333333333,643.6666666666666,3,0.0,13.06,13.631578947368421
6212-ATMLK,50,95.7,Month-to-month,Electronic check,Fiber optic,0,No,No,2,30,0.875,797.7142857142857,0,0.0,0.0,6.5
8200-LGKSR,71,83.2,Two year,Electronic check,DSL,0,Yes,No,5,26,0.7333333333333333,472.0,3,0.0,31.01,9.291666666666666
1568-BEKZM,70,90.05,Two year,Credit card (automatic),DSL,1,Yes,No,6,16,1.0,557.125,0,0.0,0.0,8.146341463414634
0670-ANMUU,71,97.65,One year,Credit card (automatic),Fiber optic,0,No,No,3,30,0.25,815.8333333333334,1,0.0,1.83,13.052631578947368
6897-RWMUB,61,68.05,Two year,Bank transfer (automatic),DSL,0,Yes,Yes,4,22,0.5714285714285714,664.875,1,0.0,18.98,5.447368421052632
0963-ZBDRN,32,96.2,Month-to-month,Electronic check,Fiber optic,0,No,No,3,10,1.0,582.8,3,0.3333333333333333,19.12,2.769230769230769
7594-RQHXR,1,79.6,Month-to-month,Electronic check,Fiber optic,0,No,Yes,1,25,0.25,469.8,3,1.0,0.0,4.666666666666667
6999-CHVCF,68,102.1,Two year,Bank transfer (automatic),Fiber optic,0,No,No,4,11,0.375,339.3333333333333,2,0.5,4.38,5.923076923076923
6134-KWTBV,62,23.4,Two year,Bank transfer (automatic),No,0,No,No,0,20,0.6666666666666666,622.625,0,0.0,0.0,0.0
1077-HUUJM,7,71.05,Month-to-month,Electronic check,Fiber optic,0,No,Yes,0,19,0.7272727272727273,548.0,0,0.0,0.0,0.0
6331-EWIEB,20,85.25,Month-to-month,Electronic check,Fiber optic,0,No,No,1,28,0.47368421052631576,678.6666666666666,4,0.25,32.089999999999996,3.625
0895-LNKRC,6,19.45,One year,Mailed check,No,0,Yes,Yes,0,23,0.4375,225.71428571428572,0,0.0,0.0,0.0
2045-BMBTJ,33,59.45,Month-to-month,Bank transfer (automatic),DSL,1,No,No,5,12,0.2,337.5,4,0.0,4.1725,11.75
8417-GSODA,28,92.2,One year,Bank transfer (automatic),Fiber optic,0,Yes,Yes,2,24,0.7142857142857143,557.7,0,0.0,0.0,4.769230769230769
5171-EPLKN,27,19.85,Two year,Credit card (automatic),No,0,No,No,0,28,0.2727272727272727,672.1666666666666,1,0.0,6.95,0.0
4452-QIIEB,7,43.9,Month-to-month,Mailed check,DSL,0,No,No,0,11,0.8333333333333334,485.0,2,0.5,25.4,0.0
5998-VVEJY,26,80.5,Month-to-month,Electronic check,Fiber optic,0,No,No,1,18,0.5,466.6666666666667,1,1.0,0.0,3.2
1624-NALOJ,5,89.8,Month-to-month,Electronic check,Fiber optic,1,No,No,2,14,0.2727272727272727,417.0,4,0.75,22.6,6.846153846153846
6741-EGCBI,30,90.5,Month-to-month,Credit card (automatic),Fiber optic,1,No,No,2,19,0.1875,395.6666666666667,2,0.0,5.890000000000001,2.28
7820-ZYGNY,63,90.45,One year,Credit card (automatic),Fiber optic,0,No,No,2,23,0.9166666666666666,331.27272727272725,3,0.0,6.793333333333334,12.923076923076923
4317-VTEOA,1,50.75,Month-to-month,Electronic check,DSL,0,No,No,1,12,0.3333333333333333,672.0,2,1.0,0.0,8.2
9677-AVKED,53,84.6,One year,Electronic check,DSL,0,No,Yes,5,21,0.23529411764705882,351.0,3,0.0,18.80333333333333,2.5277777777777777
1670-SVOWZ,14,89.65,Month-to-month,Credit card (automatic),Fiber optic,0,Yes,Yes,3,12,0.7142857142857143,391.6,0,0.0,0.0,11.8
2227-JRSJX,21,99.15,Month-to-month,Bank transfer (automatic),Fiber optic,0,No,No,4,16,0.3333333333333333,692.75,1,1.0,0.0,3.5185185185185186
9847-HNVGP,17,19.95,One year,Mailed check,No,0,No,No,0,29,0.38095238095238093,630.25,1,1.0,0.0,0.0
6696-YDAYZ,16,20.5,Two year,Mailed check,No,0,Yes,Yes,0,12,0.7142857142857143,525.6,1,0.0,3.3,0.0
8980-WQFWL,35,62.1,Month-to-month,Electronic check,DSL,0,No,No,2,12,0.5,422.25,4,0.5,16.295,7.45
1730-ZMAME,32,79.5,Month-to-month,Electronic check,Fiber optic,1,No,No,1,19,1.1111111111111112,572.8,5,0.0,3.4,13.285714285714286
6506-EYCNH,28,19.55,Month-to-month,Bank transfer (automatic),No,0,Yes,Yes,0,24,0.8461538461538461,619.2727272727273,0,0.0,0.0,0.0
4634-JLRJT,1,20.35,Month-to-month,Mailed check,No,0,No,No,0,20,1.8571428571428572,272.9230769230769,1,0.0,9.65,0.0
9501-UKKNL,59,51.7,Month-to-month,Electronic check,DSL,0,No,No,3,28,0.47368421052631576,372.55555555555554,1,0.0,56.86,15.03225806451613
2560-QTSBS,72,23.3,One year,Bank transfer (automatic),No,0,Yes,Yes,0,23,0.4375,355.85714285714283,2,0.5,8.5,0.0
7541-YLXCL,36,65.4,One year,Mailed check,DSL,0,No,No,3,23,0.35294117647058826,299.6666666666667,2,0.0,12.575,3.8125
4795-WRNVT,40,65.1,Month-to-month,Mailed check,DSL,0,No,No,3,18,0.2,513.0,0,0.0,0.0,3.9375
6080-TCMYC,40,81.2,Month-to-month,Electronic check,Fiber optic,0,Yes,Yes,1,26,0.3684210526315789,469.85714285714283,2,0.0,2.7,8.5
0260-ZDLGK,9,72.9,Month-to-month,Mailed check,DSL,0,No,Yes,4,19,0.1875,194.0,0,0.0,0.0,3.68
7860-UXCRM,63,74.5,Two year,Credit card (automatic),DSL,0,Yes,Yes,5,15,0.36363636363636365,627.75,0,0.0,0.0,3.9583333333333335
6357-JJPQT,3,80.5,Month-to-month,Electronic check,Fiber optic,0,No,No,1,24,0.3333333333333333,398.8333333333333,2,0.0,8.415,4.7
2292-XQWSV,40,60.3,One year,Mailed check,DSL,0,Yes,Yes,5,28,0.2727272727272727,478.5,1,1.0,0.0,5.1923076923076925
9552-TGUZV,8,75.0,Month-to-month,Mailed check,Fiber optic,0,Yes,No,1,17,0.13333333333333333,283.5,4,0.5,12.84,9.1
5913-INRQV,34,90.15,One year,Mailed check,Fiber optic,1,Yes,No,3,16,0.7777777777777778,554.1428571428571,0,0.0,0.0,9.612903225806452
8722-NGNBH,5,40.0,Month-to-month,Mailed check,DSL,0,No,No,3,21,0.3125,715.0,1,1.0,0.0,8.647058823529411
6210-KBBPI,9,99.45,Month-to-month,Credit card (automatic),Fiber optic,1,No,No,3,12,0.5,740.25,2,0.5,34.74,4.0625
9643-YBLUR,9,69.05,Month-to-month,Credit card (automatic),DSL,0,Yes,No,3,18,0.8,895.75,2,1.0,0.0,9.76923076923077
8734-FNWVH,31,59.7,Month-to-month,Bank transfer (automatic),DSL,0,Yes,Yes,1,28,0.5555555555555556,371.8,3,0.0,9.356666666666667,4.7
9447-YPTBX,50,19.85,One year,Bank transfer (automatic),No,0,Yes,No,0,29,0.3181818181818182,424.42857142857144,2,0.5,8.55,0.0
0133-BMFZO,2,86.25,Month-to-month,Electronic check,Fiber optic,0,No,No,3,27,0.42105263157894735,278.625,2,1.0,0.0,2.6
6128-CZOMY,1,45.65,Month-to-month,Electronic check,DSL,0,No,No,0,29,0.45,552.7777777777778,4,0.5,4.6850000000000005,0.0
9540-JYROE,8,70.1,Month-to-month,Mailed check,Fiber optic,0,No,No,0,17,0.3076923076923077,872.75,2,0.5,13.46,0.0
9026-LHEVG,9,40.75,Month-to-month,Electronic check,DSL,0,No,No,2,20,0.25,453.25,2,0.0,6.21,7.285714285714286
2260-USTRB,2,70.2,Month-to-month,Bank transfer (automatic),Fiber optic,1,No,No,0,16,0.6,427.0,1,0.0,40.12,0.0
3656-TKRVZ,3,55.35,Month-to-month,Electronic check,DSL,0,No,No,2,29,0.8125,420.0769230769231,2,0.0,18.75,2.3636363636363638
7011-CVEUC,25,95.7,Month-to-month,Credit card (automatic),Fiber optic,0,Yes,No,3,14,0.5555555555555556,516.6,0,0.0,0.0,16.344827586206897
6185-TASNN,1,46.3,Month-to-month,Electronic check,DSL,1,No,No,0,22,0.29411764705882354,624.2,1,0.0,11.95,0.0
7925-PNRGI,45,81.3,Month-to-month,Mailed check,DSL,0,Yes,Yes,5,18,0.5,434.6666666666667,1,0.0,19.89,16.613636363636363
8623-TMRBY,51,84.2,Month-to-month,Electronic check,Fiber optic,1,Yes,Yes,2,17,0.21428571428571427,383.6666666666667,3,0.3333333333333333,44.785,2.8
1552-CZCLL,55,20.0,Month-to-month,Credit card (automatic),No,0,Yes,Yes,0,12,0.2,268.5,2,0.0,2.775,0.0
3038-PQIUY,38,66.15,Month-to-month,Bank transfer (automatic),DSL,0,No,No,3,12,0.5,548.75,3,0.0,7.2633333333333345,10.470588235294118
1501-SGHBW,2,45.85,Month-to-month,Mailed check,DSL,0,No,No,0,21,1.3333333333333333,447.3333333333333,2,1.0,0.0,0.0
9313-CDOGY,38,19.6,Month-to-month,Electronic check,No,0,Yes,Yes,0,12,0.7142857142857143,738.4,1,0.0,25.54,0.0
8148-BPLZQ,34,49.8,Month-to-month,Electronic check,DSL,0,No,No,1,25,0.9230769230769231,533.0,3,0.0,15.446666666666667,11.2
2623-DRYAM,70,101.75,One year,Electronic check,Fiber optic,0,Yes,No,3,25,0.47058823529411764,651.875,1,1.0,0.0,8.904761904761905
9987-LUTYD,13,55.15,One year,Mailed check,DSL,0,No,No,2,20,0.3333333333333333,591.6,3,0.0,28.66,1.8181818181818181
3208-YPIOE,39,75.25,Month-to-month,Electronic check,Fiber optic,0,No,No,0,19,0.26666666666666666,602.0,4,0.75,6.78,0.0
4488-KQFDT,61,103.95,One year,Electronic check,Fiber optic,0,No,No,4,20,0.8181818181818182,519.6666666666666,2,1.0,0.0,3.58974358974359
2612-RANWT,12,100.15,Month-to-month,Bank transfer (automatic),Fiber optic,0,No,No,3,19,0.7272727272727273,532.625,3,0.3333333333333333,24.94,3.9523809523809526
5693-PIPCS,41,99.65,Two year,Credit card (automatic),Fiber optic,0,No,No,4,12,0.5,418.5,2,0.0,3.75,11.38888888888889
0491-KAPQG,21,73.7,Month-to-month,Electronic check,Fiber optic,0,No,No,0,29,0.11538461538461539,394.3333333333333,0,0.0,0.0,0.0
1925-LFCZZ,55,50.05,One year,Bank transfer (automatic),DSL,1,No,No,3,18,0.6363636363636364,486.42857142857144,1,0.0,5.8,9.791666666666666
8039-EQPIM,69,60.25,Two year,Bank transfer (automatic),DSL,0,Yes,No,5,23,0.6428571428571429,714.6666666666666,3,0.3333333333333333,5.98,4.7368421052631575
6900-PXRMS,26,105.75,Month-to-month,Electronic check,Fiber optic,1,Yes,Yes,4,27,0.42105263157894735,663.125,4,0.5,12.55,5.181818181818182
8707-RMEZH,69,87.3,One year,Credit card (automatic),Fiber optic,1,Yes,No,3,13,0.8571428571428571,492.1666666666667,1,0.0,3.88,6.7272727272727275
3346-BRMIS,18,48.35,Month-to-month,Electronic check,DSL,1,Yes,No,3,27,0.6875,689.7272727272727,3,0.3333333333333333,20.535,2.3333333333333335
3209-ZPKFI,47,54.25,Month-to-month,Electronic check,DSL,0,Yes,Yes,1,25,0.3888888888888889,423.7142857142857,1,0.0,6.07,19.076923076923077
6479-VDGRK,72,85.3,Two year,Bank transfer (automatic),DSL,0,Yes,Yes,6,16,0.14285714285714285,557.5,0,0.0,0.0,4.0701754385964914
9373-WSLOY,33,50.0,Month-to-month,Electronic check,DSL,1,Yes,No,4,15,0.36363636363636365,345.0,1,0.0,48.7,5.866666666666666
2933-FILNV,2,24.4,Month-to-month,Mailed check,DSL,0,Yes,Yes,0,11,0.8333333333333334,568.0,2,0.5,73.38,0.0
3569-JFODW,72,90.95,Two year,Credit card (automatic),DSL,0,Yes,Yes,6,29,0.38095238095238093,554.25,1,0.0,12.7,10.615384615384615
9819-FBNSV,37,72.25,Month-to-month,Bank transfer (automatic),Fiber optic,1,Yes,No,0,29,0.6111111111111112,620.8181818181819,3,1.0,0.0,0.0
9544-PYPSJ,62,96.1,Month-to-month,Credit card (automatic),Fiber optic,1,Yes,Yes,3,26,0.8571428571428571,648.6666666666666,1,1.0,0.0,2.923076923076923
1591-XWLGB,71,19.85,Two year,Credit card (automatic),No,0,Yes,No,0,21,0.3125,462.2,0,0.0,0.0,0.0
0396-UKGAI,23,55.3,Month-to-month,Bank transfer (automatic),DSL,0,No,Yes,2,20,0.3333333333333333,613.8,0,0.0,0.0,10.857142857142858
3243-ZHOHY,16,20.1,One year,Mailed check,No,0,No,No,0,26,0.625,662.8,0,0.0,0.0,0.0
5186-EJEGL,9,69.5,Month-to-month,Mailed check,DSL,0,No,No,4,21,0.6153846153846154,530.875,1,0.0,10.23,4.3428571428571425
1723-HKXJQ,42,101.75,Month-to-month,Electronic check,Fiber optic,0,No,No,3,10,0.42857142857142855,749.0,1,1.0,0.0,5.05
7527-QNRUS,17,25.15,Two year,Mailed check,No,0,Yes,Yes,0,20,0.1111111111111111,536.0,1,0.0,11.06,0.0
9986-BONCE,4,20.95,Month-to-month,Bank transfer (automatic),No,0,No,No,0,16,0.7777777777777778,563.1428571428571,1,0.0,15.76,0.0
2722-JMONI,1,49.55,Month-to-month,Electronic check,DSL,1,Yes,No,1,28,0.5555555555555556,451.3,4,0.5,11.195,5.833333333333333
2203-GHNWN,24,79.65,Month-to-month,Mailed check,Fiber optic,0,Yes,No,1,26,0.3684210526315789,410.85714285714283,4,0.0,4.56,16.0
3878-AVSOQ,1,71.25,Month-to-month,Electronic check,Fiber optic,1,No,No,0,27,0.5882352941176471,552.2,2,0.5,35.27,0.0
3258-SYSWS,72,113.8,Two year,Bank transfer (automatic),Fiber optic,1,No,No,6,17,0.4166666666666667,253.8,1,0.0,6.76,5.428571428571429
5296-PSYVW,72,24.55,Two year,Electronic check,No,0,Yes,No,0,24,0.5,422.75,1,1.0,0.0,0.0
6319-QSUSR,11,19.7,Month-to-month,Credit card (automatic),No,0,No,Yes,0,14,0.2727272727272727,607.6666666666666,0,0.0,0.0,0.0
4083-EUGRJ,9,20.25,Month-to-month,Mailed check,No,0,No,No,0,10,0.1111111111111111,724.0,1,0.0,17.79,0.0
7579-OOPEC,2,50.15,Month-to-month,Credit card (automatic),DSL,1,Yes,No,1,15,0.6666666666666666,522.6666666666666,2,0.0,23.854999999999997,2.0
0512-FLFDW,60,100.5,One year,Credit card (automatic),Fiber optic,1,Yes,No,3,13,0.3,395.3333333333333,0,0.0,0.0,4.575757575757576
1771-OADNZ,29,95.9,Month-to-month,Electronic check,Fiber optic,1,Yes,No,3,21,1.3333333333333333,331.25,1,0.0,26.02,6.315789473684211
0487-CRLZF,49,74.45,Two year,Bank transfer (automatic),DSL,0,No,No,4,30,0.36363636363636365,417.875,0,0.0,0.0,5.121212121212121
2107-FBPTK,30,104.1,Month-to-month,Electronic check,Fiber optic,1,No,No,4,16,0.7777777777777778,673.7142857142857,1,1.0,0.0,10.714285714285714
9451-WLYRI,53,19.05,One year,Credit card (automatic),No,0,Yes,No,0,21,1.3333333333333333,589.0833333333334,2,0.0,8.01,0.0
8219-VYBVI,39,25.0,Two year,Mailed check,No,0,No,Yes,0,21,0.5,305.42857142857144,0,0.0,0.0,0.0
1991-VOPLL,9,19.05,Month-to-month,Mailed check,No,0,No,No,0,22,0.4666666666666667,526.2857142857143,2,0.0,5.53,0.0
9738-QLWTP,39,81.9,One year,Electronic check,Fiber optic,0,No,No,2,17,0.3076923076923077,264.0,2,0.0,5.205,7.818181818181818
1016-DJTSV,8,69.7,Month-to-month,Electronic check,Fiber optic,1,No,No,0,30,0.42857142857142855,443.0,3,0.3333333333333333,4.5,0.0
9419-IPPBE,51,90.15,One year,Electronic check,Fiber optic,0,Yes,Yes,2,26,0.3684210526315789,929.1428571428571,4,0.0,9.127500000000001,9.555555555555555
0174-QRVVY,71,25.35,Two year,Credit card (automatic),No,0,Yes,Yes,0,19,0.46153846153846156,610.0,1,0.0,8.79,0.0
5699-BNCAS,71,24.65,Two year,Mailed check,No,1,No,No,0,28,0.5555555555555556,370.6,1,0.0,12.51,0.0
2900-PHPLN,70,19.55,Two year,Credit card (automatic),No,1,Yes,No,0,10,0.6666666666666666,326.75,1,0.0,5.34,0.0
0612-RTZZA,1,25.25,Month-to-month,Electronic check,DSL,1,No,No,0,10,0.25,157.0,3,1.0,0.0,0.0
8106-GWQOK,38,60.0,Two year,Bank transfer (automatic),DSL,0,Yes,No,5,14,0.5555555555555556,503.6,0,0.0,0.0,5.666666666666667
8751-EDEKA,28,89.9,Month-to-month,Credit card (automatic),Fiber optic,0,Yes,No,3,11,0.375,441.0,1,1.0,0.0,9.454545454545455
6878-GGDWG,32,19.4,Month-to-month,Bank transfer (automatic),No,0,Yes,No,0,23,0.6428571428571429,791.1111111111111,0,0.0,0.0,0.0
4039-PIMHX,49,49.8,Two year,Mailed check,DSL,1,Yes,No,1,13,0.4444444444444444,597.25,2,0.0,44.83,3.4166666666666665
8450-LUGUK,37,24.1,Two year,Bank transfer (automatic),No,0,Yes,Yes,0,24,0.5,502.625,3,0.0,5.63,0.0
3604-WLABM,10,54.25,Month-to-month,Electronic check,DSL,0,No,No,2,24,0.8461538461538461,606.1818181818181,3,0.0,14.296666666666667,6.909090909090909
0795-GMVQO,67,109.9,One year,Credit card (automatic),Fiber optic,0,Yes,No,5,21,0.75,394.22222222222223,5,0.2,19.275,6.454545454545454
2259-OUUSZ,7,35.5,One year,Credit card (automatic),DSL,0,No,No,2,11,0.5714285714285714,734.25,0,0.0,0.0,4.0
1142-IHLOO,51,87.55,One year,Credit card (automatic),Fiber optic,0,No,No,2,15,0.36363636363636365,848.0,2,0.0,17.21,5.444444444444445
6410-LEFEN,9,45.15,Month-to-month,Electronic check,DSL,0,No,No,0,16,0.7777777777777778,517.0,3,1.0,0.0,0.0
4633-MKHYU,9,88.4,Month-to-month,Mailed check,Fiber optic,0,No,No,2,12,0.2,746.5,3,0.3333333333333333,5.63,4.9411764705882355
6257-RJOHI,4,50.8,Month-to-month,Mailed check,DSL,0,No,No,1,12,0.5,689.5,1,0.0,41.45,11.5
1545-JFUML,71,99.0,Two year,Electronic check,Fiber optic,0,Yes,No,4,26,0.4444444444444444,660.0,4,0.0,3.8449999999999998,12.176470588235293
3194-ORPIK,50,84.4,Month-to-month,Bank transfer (automatic),Fiber optic,0,Yes,Yes,1,10,1.0,475.6,5,0.0,35.972,1.75
7826-VVKWT,24,96.55,Two year,Electronic check,Fiber optic,1,Yes,Yes,3,12,0.5,458.5,2,0.0,13.059999999999999,5.2592592592592595
1353-GHZOS,22,59.75,One year,Bank transfer (automatic),DSL,0,Yes,No,2,18,2.6,605.9230769230769,4,0.25,11.469999999999999,3.3636363636363638
2587-EKXTS,44,111.5,Month-to-month,Electronic check,Fiber optic,0,No,No,5,13,0.3,316.6666666666667,1,0.0,29.51,10.076923076923077
5442-BXVND,33,24.25,Month-to-month,Bank transfer (automatic),No,0,Yes,Yes,0,11,0.2222222222222222,359.0,5,0.4,4.216666666666667,0.0
8816-VXNZD,1,75.1,Month-to-month,Electronic check,Fiber optic,0,No,No,0,26,0.4444444444444444,423.125,1,0.0,7.41,0.0
9378-FXTIZ,54,70.15,One year,Credit card (automatic),DSL,0,Yes,No,2,30,0.42857142857142855,443.3333333333333,3,0.6666666666666666,23.82,12.0
7825-GKXMW,1,45.8,Month-to-month,Electronic check,DSL,0,No,No,0,20,1.2222222222222223,590.0909090909091,3,0.3333333333333333,9.344999999999999,0.0
9753-OYLBX,1,20.5,Month-to-month,Mailed check,No,0,No,No,0,16,2.2,464.3636363636364,0,0.0,0.0,0.0
2364-UFROM,30,70.4,One year,Electronic check,DSL,0,No,No,4,14,0.4,900.5,1,0.0,12.55,12.612903225806452
6656-JWRQX,1,30.55,Month-to-month,Mailed check,DSL,0,No,No,1,18,0.8,776.625,2,0.5,16.18,6.833333333333333
6473-ULUHT,16,84.9,Month-to-month,Electronic check,DSL,0,Yes,Yes,5,12,0.5,341.75,3,0.3333333333333333,2.8899999999999997,10.372093023255815
1240-KNSEZ,1,20.1,Month-to-month,Mailed check,No,0,No,No,0,18,0.6363636363636364,378.57142857142856,4,0.25,17.363333333333333,0.0
0836-SEYLU,9,40.65,Month-to-month,Mailed check,DSL,0,Yes,No,2,22,0.5714285714285714,742.625,1,0.0,32.41,5.882352941176471
4433-JCGCG,46,101.0,Month-to-month,Electronic check,Fiber optic,1,Yes,No,3,22,0.15789473684210525,504.0,0,0.0,0.0,4.454545454545454
3716-BDVDB,1,69.1,Month-to-month,Electronic check,Fiber optic,0,No,No,0,17,0.5454545454545454,577.5,3,0.3333333333333333,19.765,0.0
7688-AWMDX,71,54.5,Two year,Bank transfer (automatic),DSL,0,Yes,No,2,14,0.5555555555555556,472.4,0,0.0,0.0,15.333333333333334
2842-BCQGE,43,75.35,Month-to-month,Credit card (automatic),Fiber optic,0,No,No,0,19,0.26666666666666666,555.5,2,0.0,14.454999999999998,0.0
7244-QWYHG,50,44.45,One year,Bank transfer (automatic),DSL,0,Yes,No,3,13,0.625,273.2,1,0.0,3.86,6.0344827586206895
5899-MQZZL,13,75.0,Month-to-month,Mailed check,Fiber optic,0,No,No,0,25,0.3888888888888889,375.2857142857143,2,0.5,140.11,0.0
6849-OYAMU,19,100.0,One year,Bank transfer (automatic),Fiber optic,0,Yes,Yes,4,19,0.7272727272727273,324.25,0,0.0,0.0,3.6538461538461537
5312-UXESG,41,98.05,Month-to-month,Bank transfer (automatic),Fiber optic,0,No,No,3,28,0.75,644.4166666666666,5,0.0,8.702,11.35135135135135
9488-HGMJH,1,71.15,Month-to-month,Electronic check,Fiber optic,1,No,No,0,19,0.26666666666666666,365.5,5,0.2,46.1075,0.0
6038-GCYEC,24,54.15,Month-to-month,Credit card (automatic),DSL,0,No,No,4,13,1.1666666666666667,729.1428571428571,0,0.0,0.0,8.208333333333334
2150-WLKUW,40,63.9,One year,Bank transfer (automatic),DSL,0,Yes,No,2,24,0.5,368.375,2,0.0,6.91,13.176470588235293
7159-FVYPK,3,69.15,Month-to-month,Bank transfer (automatic),DSL,0,Yes,Yes,3,28,0.47368421052631576,366.0,0,0.0,0.0,6.366666666666666
7032-LMBHI,37,64.65,One year,Bank transfer (automatic),DSL,0,No,No,2,29,0.45,391.44444444444446,3,0.0,14.06,8.578947368421053
1150-WFARN,67,108.75,Two year,Credit card (automatic),Fiber optic,0,Yes,Yes,5,15,0.6666666666666666,397.8333333333333,3,0.3333333333333333,26.53,6.222222222222222
6088-BXMRG,32,98.85,Month-to-month,Electronic check,Fiber optic,0,Yes,Yes,3,28,0.21739130434782608,561.6,2,0.0,8.61,2.823529411764706
3144-AUDBS,6,49.15,Month-to-month,Electronic check,DSL,0,Yes,No,1,28,0.8666666666666667,567.3076923076923,2,0.0,21.490000000000002,6.857142857142857
4821-SJHJV,32,89.6,Month-to-month,Electronic check,Fiber optic,0,Yes,Yes,2,30,0.5789473684210527,547.9090909090909,0,0.0,0.0,3.227272727272727
7346-MEDWM,59,83.25,Month-to-month,Electronic check,Fiber optic,0,No,No,2,14,0.5555555555555556,413.4,0,0.0,0.0,8.866666666666667
1137-DGOWI,30,70.25,One year,Bank transfer (automatic),DSL,0,Yes,No,4,23,0.35294117647058826,440.0,1,0.0,2.33,2.4285714285714284
5616-PRTNT,20,19.4,Month-to-month,Electronic check,No,0,No,Yes,0,12,0.5,439.0,3,0.0,27.27,0.0
3812-LRZIR,27,24.5,Two year,Electronic check,No,0,Yes,Yes,0,17,0.7,686.2857142857143,2,0.0,7.385,0.0
4818-QIUFN,20,79.15,Month-to-month,Electronic check,Fiber optic,1,No,No,1,19,0.7272727272727273,557.875,5,0.6,25.53,10.0
9483-GCPWE,9,20.1,One year,Mailed check,No,0,No,Yes,0,21,0.23529411764705882,589.5,0,0.0,0.0,0.0
4227-OJHAL,68,73.0,One year,Credit card (automatic),DSL,0,Yes,Yes,4,21,0.6153846153846154,414.0,0,0.0,0.0,4.571428571428571
9220-CXRSC,69,61.4,Two year,Credit card (automatic),DSL,0,Yes,Yes,2,22,0.29411764705882354,553.8,1,0.0,20.3,3.5217391304347827
4993-JCRGJ,26,84.3,Month-to-month,Mailed check,Fiber optic,0,No,No,2,26,0.3,635.5,1,0.0,9.5,3.3076923076923075
9537-JALFH,69,19.9,Two year,Bank transfer (automatic),No,0,Yes,Yes,0,11,1.2,590.8333333333334,0,0.0,0.0,0.0
6698-OXETB,11,20.4,Two year,Mailed check,No,0,No,No,0,18,0.6363636363636364,655.4285714285714,1,1.0,0.0,0.0
2103-ZRXFN,1,50.75,Month-to-month,Mailed check,DSL,0,No,No,0,13,0.625,856.0,4,0.0,23.5875,0.0
3724-BSCVH,10,20.45,One year,Mailed check,No,0,Yes,Yes,0,21,0.9090909090909091,392.1,2,0.0,8.965,0.0
4877-TSOFF,55,75.75,One year,Bank transfer (automatic),DSL,0,Yes,Yes,4,30,0.42857142857142855,315.8888888888889,3,0.0,6.656666666666666,7.28125
9209-NWPGU,44,65.4,One year,Electronic check,DSL,0,No,No,3,28,0.6470588235294118,487.90909090909093,1,0.0,4.11,6.27027027027027
6961-VCPMC,46,80.4,Month-to-month,Electronic check,Fiber optic,1,Yes,No,1,20,0.8181818181818182,493.6666666666667,3,0.6666666666666666,0.82,4.5
7306-YDSOI,69,59.75,Two year,Bank transfer (automatic),DSL,0,Yes,Yes,3,30,0.5,344.0,2,0.0,7.42,5.125
5288-AHOUP,11,78.5,Month-to-month,Electronic check,Fiber optic,1,No,No,1,11,1.2,735.8333333333334,2,0.5,14.42,2.1666666666666665
6688-UZPWD,11,102.0,Month-to-month,Electronic check,Fiber optic,0,Yes,No,3,27,0.35,347.0,2,0.0,10.59,1.4666666666666666
0655-YDGFJ,29,48.95,Month-to-month,Bank transfer (automatic),DSL,0,No,No,1,29,0.38095238095238093,271.875,1,0.0,7.77,7.818181818181818
8468-EHYJA,57,99.65,Month-to-month,Electronic check,Fiber optic,0,Yes,No,3,10,0.25,663.0,3,0.0,3.7433333333333336,2.2083333333333335
6823-SIDFQ,28,18.25,One year,Credit card (automatic),No,0,No,No,0,20,0.3333333333333333,571.4,3,0.0,30.743333333333336,0.0
1097-FSPVW,42,54.55,Month-to-month,Credit card (automatic),DSL,0,No,No,2,12,0.2,549.0,2,0.0,8.045,11.571428571428571
2839-RFSQE,2,20.65,Month-to-month,Mailed check,No,0,No,No,0,30,0.42857142857142855,310.8888888888889,2,0.0,14.165,0.0
8328-SKJNO,23,40.65,One year,Bank transfer (automatic),DSL,0,No,Yes,3,18,0.8,510.75,0,0.0,0.0,6.565217391304348
7010-ZMVBF,18,20.45,Month-to-month,Mailed check,No,0,Yes,Yes,0,20,0.25,737.0,0,0.0,0.0,0.0
5201-CBWYG,62,24.8,One year,Bank transfer (automatic),No,0,Yes,Yes,0,28,0.75,252.66666666666666,1,0.0,6.81,0.0
0968-GSIKN,1,70.8,Month-to-month,Mailed check,Fiber optic,0,No,No,0,28,0.2727272727272727,289.1666666666667,4,0.75,27.82,0.0
1965-DDBWU,16,89.05,Month-to-month,Credit card (automatic),Fiber optic,0,No,No,2,13,0.3,615.6666666666666,1,0.0,6.4,7.333333333333333
9057-SIHCH,3,96.6,Month-to-month,Electronic check,Fiber optic,0,No,No,2,28,0.5555555555555556,589.2,0,0.0,0.0,7.333333333333333
6352-GIGGQ,67,88.8,One year,Bank transfer (automatic),DSL,0,No,No,6,26,0.4444444444444444,648.75,1,0.0,4.21,4.533333333333333
3635-QQRQD,62,20.05,Two year,Credit card (automatic),No,0,No,No,0,23,0.5333333333333333,575.125,1,1.0,0.0,0.0
6771-XWBDM,57,104.5,Month-to-month,Credit card (automatic),Fiber optic,0,Yes,No,4,26,0.18181818181818182,358.0,1,0.0,11.55,4.2105263157894735
2897-DOVND,2,69.8,Month-to-month,Electronic check,Fiber optic,0,No,No,0,24,0.4117647058823529,678.2857142857143,2,0.0,4.8149999999999995,0.0
3082-YVEKW,23,77.15,Two year,Bank transfer (automatic),DSL,0,Yes,Yes,4,14,0.5555555555555556,370.0,1,0.0,11.62,6.125
0191-EQUUH,25,35.05,Two year,Bank transfer (automatic),DSL,0,No,Yes,2,16,0.6,376.1666666666667,3,0.6666666666666666,10.41,20.11111111111111
7134-HBPBS,72,108.1,Two year,Bank transfer (automatic),Fiber optic,1,No,No,5,17,0.8888888888888888,256.75,1,0.0,3.93,4.134615384615385
3489-HHPFY,2,84.05,Month-to-month,Electronic check,Fiber optic,0,Yes,No,1,29,0.5263157894736842,434.6,2,0.0,42.135,4.0
2926-JEJJC,8,20.2,One year,Bank transfer (automatic),No,0,No,No,0,25,0.3888888888888889,469.2857142857143,2,0.0,3.1,0.0
8601-QACRS,5,50.6,Month-to-month,Mailed check,DSL,0,No,No,0,22,0.8333333333333334,454.9,4,0.75,5.65,0.0
4950-BDEUX,35,49.2,Month-to-month,Electronic check,DSL,0,No,No,3,25,0.3888888888888889,293.0,1,0.0,37.46,2.411764705882353
5789-LDFXO,24,24.6,One year,Electronic check,No,0,No,No,0,18,1.25,461.4,2,0.5,29.83,0.0
0508-OOLTO,2,71.65,Month-to-month,Electronic check,Fiber optic,0,Yes,Yes,0,28,0.3333333333333333,348.57142857142856,4,0.25,4.739999999999999,0.0
2984-TBYKU,72,104.9,Two year,Credit card (automatic),Fiber optic,0,Yes,Yes,5,24,0.5,429.125,0,0.0,0.0,7.956521739130435
9822-WMWVG,41,106.5,Month-to-month,Electronic check,Fiber optic,0,No,No,5,21,0.75,572.1111111111111,0,0.0,0.0,3.3488372093023258
2391-SOORI,4,49.35,Month-to-month,Electronic check,DSL,0,No,Yes,1,17,0.21428571428571427,345.3333333333333,1,0.0,10.54,3.5
9040-KZVWO,26,75.5,One year,Bank transfer (automatic),Fiber optic,0,No,No,1,27,0.8,618.0,2,0.0,3.1799999999999997,4.888888888888889
2645-QTLMB,7,94.25,Month-to-month,Electronic check,Fiber optic,0,No,No,3,17,0.21428571428571427,339.0,1,0.0,12.64,2.9285714285714284
4806-HIPDW,1,68.95,Month-to-month,Electronic check,Fiber optic,0,Yes,No,0,29,0.7058823529411765,658.5,4,0.5,25.805,0.0
1548-ARAGG,4,58.5,Month-to-month,Mailed check,DSL,0,Yes,Yes,2,17,0.4166666666666667,829.6,3,0.6666666666666666,1.69,5.133333333333334
6339-RZCBJ,48,78.9,Two year,Credit card (automatic),DSL,0,No,No,5,28,0.47368421052631576,576.2222222222222,0,0.0,0.0,18.333333333333332
4424-TKOPW,2,93.85,Month-to-month,Electronic check,Fiber optic,1,No,No,2,21,0.3125,563.6,2,1.0,0.0,4.875
4415-WNGVR,12,79.2,One year,Electronic check,DSL,1,Yes,No,5,26,0.625,683.0,1,0.0,23.57,10.56
2522-AHJXR,60,109.45,Month-to-month,Bank transfer (automatic),Fiber optic,0,Yes,No,5,17,0.4166666666666667,638.0,0,0.0,0.0,3.1041666666666665
0412-UCCNP,55,59.2,Two year,Electronic check,DSL,0,No,No,3,12,0.2,591.0,1,1.0,0.0,7.947368421052632
1816-FLZDK,1,29.15,Month-to-month,Mailed check,DSL,0,No,No,1,12,0.7142857142857143,810.4,1,0.0,7.98,2.857142857142857
7096-UCLNH,1,20.05,Month-to-month,Mailed check,No,0,No,No,0,20,0.1111111111111111,200.0,0,0.0,0.0,0.0
8443-ZRDBZ,4,76.05,Month-to-month,Electronic check,Fiber optic,0,No,No,0,16,0.45454545454545453,470.2,2,1.0,0.0,0.0
9136-ALYBR,1,24.45,Month-to-month,Mailed check,DSL,0,No,No,0,10,0.25,412.0,1,0.0,11.96,0.0
4615-PIVVU,42,66.5,Two year,Credit card (automatic),DSL,0,No,No,3,22,0.5714285714285714,489.375,0,0.0,0.0,2.8378378378378377
8885-QSQBX,1,49.55,Month-to-month,Bank transfer (automatic),DSL,0,No,No,1,12,1.0,368.0,0,0.0,0.0,5.230769230769231
7479-NITWS,7,89.35,Month-to-month,Credit card (automatic),Fiber optic,0,No,No,2,22,0.6923076923076923,682.4444444444445,3,0.3333333333333333,23.8,3.25
8617-ENBDS,3,73.6,Month-to-month,Credit card (automatic),Fiber optic,0,No,No,1,20,0.6666666666666666,944.25,2,0.0,4.67,7.666666666666667
9385-NXKDA,72,82.65,Two year,Credit card (automatic),DSL,0,Yes,No,5,15,0.5,360.8,4,0.0,3.8049999999999997,7.58
0430-IHCDJ,15,49.0,Month-to-month,Electronic check,DSL,0,No,No,0,24,0.2,272.5,5,0.6,4.15,0.0
2959-MJHIC,4,80.35,Month-to-month,Electronic check,Fiber optic,0,Yes,No,1,29,0.38095238095238093,461.875,5,1.0,0.0,5.428571428571429
6674-KVJHG,11,25.2,One year,Electronic check,No,0,No,No,0,19,1.1111111111111112,568.4,0,0.0,0.0,0.0
1814-DKOLC,5,25.45,Month-to-month,Mailed check,No,0,No,No,0,22,0.6923076923076923,700.5555555555555,2,0.0,20.005000000000003,0.0
4201-JMNGR,1,55.8,Month-to-month,Electronic check,DSL,1,No,No,2,12,0.0,0.0,4,0.0,18.835,3.090909090909091
9351-HXDMR,72,110.9,Two year,Credit card (automatic),Fiber optic,0,Yes,No,5,21,0.4,754.5,0,0.0,0.0,4.28125
3537-HPKQT,55,77.75,Month-to-month,Credit card (automatic),Fiber optic,0,Yes,No,1,22,0.4666666666666667,319.42857142857144,3,1.0,0.0,4.25
2129-ALKBS,40,26.2,Month-to-month,Electronic check,No,0,Yes,Yes,0,15,0.6666666666666666,639.0,2,0.0,9.96,0.0
5821-MMEIL,57,19.9,Two year,Bank transfer (automatic),No,0,Yes,No,0,19,0.46153846153846156,702.6666666666666,2,0.0,20.27,0.0
5960-WPXQM,1,79.05,Month-to-month,Electronic check,Fiber optic,0,No,No,1,29,0.45,609.7777777777778,2,1.0,0.0,2.2857142857142856
0684-AOSIH,1,95.0,Month-to-month,Electronic check,Fiber optic,0,Yes,No,3,18,0.2857142857142857,314.5,2,0.5,66.62,4.266666666666667
8260-NGFNY,1,25.2,Month-to-month,Mailed check,DSL,0,No,No,0,17,0.4166666666666667,493.6,1,0.0,18.32,0.0
1309-XGFSN,52,80.85,One year,Electronic check,DSL,1,Yes,Yes,4,10,1.5,429.6666666666667,2,1.0,0.0,7.642857142857143
1866-RZZQS,41,98.4,Month-to-month,Electronic check,Fiber optic,1,No,No,3,15,0.5,352.2,3,0.0,8.01,4.8
6968-URWQU,43,56.35,One year,Mailed check,DSL,0,Yes,No,1,29,0.38095238095238093,700.25,1,0.0,4.97,2.9
4742-TXUEX,47,19.3,Two year,Bank transfer (automatic),No,0,Yes,Yes,0,27,0.35,353.57142857142856,1,0.0,8.63,0.0
9631-XEYKE,3,50.4,Month-to-month,Bank transfer (automatic),DSL,0,No,No,0,25,0.19047619047619047,279.5,3,0.0,2.3266666666666667,0.0
8631-NBHFZ,66,79.4,Two year,Credit card (automatic),DSL,1,Yes,Yes,5,10,0.1111111111111111,660.0,1,1.0,0.0,1.8823529411764706
1335-MXCSE,55,55.25,Two year,Credit card (automatic),DSL,0,Yes,Yes,2,24,0.4117647058823529,439.42857142857144,0,0.0,0.0,12.615384615384615
8873-TMKGR,29,19.1,One year,Mailed check,No,0,No,No,0,10,1.0,470.0,0,0.0,0.0,0.0
8800-JOOCF,12,84.05,Month-to-month,Electronic check,Fiber optic,0,No,Yes,1,22,0.4666666666666667,616.4285714285714,5,0.0,3.2119999999999997,30.714285714285715
1469-LBJQJ,66,105.2,Month-to-month,Electronic check,Fiber optic,0,Yes,No,4,25,0.9230769230769231,668.0833333333334,4,0.0,10.5075,4.55
4958-XCBDQ,35,101.4,Month-to-month,Electronic check,Fiber optic,1,No,No,3,13,0.18181818181818182,256.0,5,0.6,22.17,4.7368421052631575
8337-UPOAQ,10,89.8,Month-to-month,Electronic check,Fiber optic,1,Yes,No,2,17,0.21428571428571427,497.0,4,0.5,11.4,6.4375
0064-YIJGF,27,75.75,Month-to-month,Bank transfer (automatic),Fiber optic,0,Yes,Yes,0,10,0.42857142857142855,751.0,3,0.0,18.163333333333334,0.0
2386-OWURY,58,95.3,Month-to-month,Electronic check,Fiber optic,0,No,No,3,26,0.5294117647058824,472.55555555555554,0,0.0,0.0,12.821428571428571
1725-IQNIY,54,109.75,Two year,Bank transfer (automatic),Fiber optic,0,Yes,No,6,29,0.20833333333333334,558.2,4,0.75,54.81,5.783783783783784
0310-VQXAM,9,19.85,Month-to-month,Mailed check,No,0,No,No,0,23,0.9166666666666666,722.4545454545455,2,0.0,18.53,0.0
6598-RFFVI,2,19.3,One year,Credit card (automatic),No,0,No,No,0,17,0.3076923076923077,303.75,2,0.0,92.055,0.0
3453-RTHJQ,6,69.1,Month-to-month,Electronic check,Fiber optic,0,No,No,0,20,0.25,386.75,3,0.0,20.39666666666667,0.0
6712-OAWRH,26,91.25,Month-to-month,Electronic check,Fiber optic,1,No,No,2,24,1.0,537.4166666666666,1,0.0,21.99,4.7
6278-FEPBZ,9,20.25,Month-to-month,Mailed check,No,0,No,No,0,16,0.6,479.3333333333333,1,0.0,3.37,0.0
4280-DLSHD,8,54.75,Month-to-month,Mailed check,DSL,0,Yes,No,2,14,0.2727272727272727,199.66666666666666,4,0.75,67.47,12.692307692307692
1508-DFXCU,12,81.45,Month-to-month,Electronic check,Fiber optic,0,No,No,1,13,0.625,739.0,2,0.0,11.335,4.25
8614-VGMMV,15,49.1,Month-to-month,Electronic check,DSL,0,No,No,0,27,1.0769230769230769,528.6428571428571,1,0.0,9.68,0.0
7868-BGSZA,43,80.2,One year,Electronic check,DSL,0,Yes,No,4,15,1.5,641.3333333333334,1,1.0,0.0,5.333333333333333
2800-QQUSO,42,100.3,Month-to-month,Electronic check,Fiber optic,0,No,No,3,13,0.4444444444444444,365.0,0,0.0,0.0,7.222222222222222
2930-UOTMB,31,65.25,Month-to-month,Credit card (automatic),DSL,0,No,No,3,14,0.75,714.0,2,0.5,31.39,3.3333333333333335
7973-DZRKH,66,90.95,Two year,Credit card (automatic),Fiber optic,0,No,Yes,3,25,0.47058823529411764,568.25,0,0.0,0.0,7.09375
5914-DVBWJ,18,85.45,Month-to-month,Electronic check,Fiber optic,1,No,No,2,19,0.5833333333333334,621.2857142857143,0,0.0,0.0,7.083333333333333
7698-YFGEZ,1,20.0,Month-to-month,Mailed check,No,0,No,No,0,18,0.2,383.6666666666667,2,0.0,4.515000000000001,0.0
2533-QVMSK,61,94.1,Two year,Electronic check,Fiber optic,0,Yes,No,3,16,0.23076923076923078,423.6666666666667,1,0.0,28.55,3.037037037037037
9773-PEQBZ,10,79.85,Month-to-month,Electronic check,Fiber optic,0,No,No,1,28,0.47368421052631576,513.3333333333334,1,0.0,22.72,8.0
8644-XLFBW,1,71.65,Month-to-month,Electronic check,Fiber optic,1,No,No,0,26,0.625,369.3,3,0.6666666666666666,45.41,0.0
0650-BWOZN,18,73.55,Month-to-month,Electronic check,Fiber optic,1,No,No,1,16,0.3333333333333333,504.25,3,0.0,1.9666666666666668,2.923076923076923
8625-AZYZY,24,104.65,Month-to-month,Electronic check,Fiber optic,0,Yes,No,4,11,0.2222222222222222,393.5,3,0.6666666666666666,11.09,10.571428571428571
7785-RDVIG,3,19.3,Month-to-month,Mailed check,No,0,Yes,Yes,0,22,0.375,492.1666666666667,1,0.0,1.31,0.0
9602-WCXPI,50,20.15,One year,Credit card (automatic),No,0,No,No,0,22,0.4666666666666667,741.4285714285714,0,0.0,0.0,0.0
2903-YYTBW,1,44.55,Month-to-month,Electronic check,DSL,0,Yes,Yes,0,18,1.0,582.0,1,0.0,4.08,0.0
3620-MWJNE,2,54.45,Month-to-month,Mailed check,DSL,0,No,No,2,30,0.6666666666666666,618.25,1,0.0,19.2,4.444444444444445
8573-JGCZW,17,19.65,One year,Bank transfer (automatic),No,0,No,No,0,16,0.6,928.5,1,0.0,1.31,0.0
6837-HAEVO,69,105.0,Two year,Electronic check,Fiber optic,0,Yes,Yes,4,10,0.42857142857142855,841.0,4,0.25,5.390000000000001,4.333333333333333
6701-YVNQG,72,88.7,Two year,Credit card (automatic),DSL,0,Yes,No,6,30,0.5,528.2,2,0.0,4.635,7.5
9306-CPCBC,3,74.25,Month-to-month,Electronic check,Fiber optic,0,No,No,0,17,0.4166666666666667,625.8,2,1.0,0.0,0.0
4304-XUMGI,50,75.15,Two year,Bank transfer (automatic),DSL,1,Yes,Yes,4,16,1.2857142857142858,550.3333333333334,1,0.0,3.42,4.095238095238095
9504-YAZWB,53,20.25,Two year,Mailed check,No,0,No,No,0,18,0.6363636363636364,1033.4285714285713,0,0.0,0.0,0.0
8819-ZBYNA,58,109.1,Two year,Credit card (automatic),Fiber optic,0,Yes,No,5,24,0.5,535.25,1,0.0,21.37,4.0
6174-NRBTZ,46,30.75,One year,Bank transfer (automatic),DSL,0,No,No,1,27,0.5,351.0,1,0.0,5.73,11.25
9481-IEBZY,72,112.9,Month-to-month,Credit card (automatic),Fiber optic,1,Yes,No,6,12,0.2,220.0,1,1.0,0.0,9.464285714285714
1833-VGRUM,1,74.2,Month-to-month,Electronic check,Fiber optic,1,No,No,0,22,0.2222222222222222,732.25,0,0.0,0.0,0.0
6137-NICCO,6,94.05,Month-to-month,Mailed check,Fiber optic,0,Yes,Yes,3,21,0.9090909090909091,680.1,5,0.4,3.5399999999999996,7.0
9065-ZCPQX,72,78.85,Two year,Bank transfer (automatic),DSL,0,Yes,No,5,20,0.3333333333333333,303.8,3,0.3333333333333333,3.795,6.96
6402-EJMWF,4,55.3,Month-to-month,Mailed check,DSL,0,No,No,1,28,0.75,683.5,2,0.5,21.97,4.4
3620-EHIMZ,52,19.35,Two year,Mailed check,No,0,Yes,Yes,0,11,2.6666666666666665,628.125,2,0.0,21.53,0.0
3213-VVOLG,0,25.35,Two year,Mailed check,No,0,Yes,Yes,0,14,0.75,596.5,0,0.0,0.0,0.0
6870-ECSHE,2,20.45,One year,Mailed check,No,0,No,No,0,24,0.7142857142857143,411.0,0,0.0,0.0,0.0
8747-UDCOI,65,19.35,Two year,Bank transfer (automatic),No,0,Yes,No,0,22,0.375,703.8333333333334,0,0.0,0.0,0.0
8374-XGEJJ,43,101.0,Month-to-month,Electronic check,Fiber optic,1,Yes,No,3,30,0.875,551.0,2,0.5,3.43,2.6
2656-TABEH,4,100.2,Month-to-month,Electronic check,Fiber optic,0,Yes,No,3,11,0.375,388.3333333333333,3,0.6666666666666666,62.77,11.636363636363637
6946-LMSQS,25,89.05,One year,Electronic check,Fiber optic,1,Yes,No,2,19,0.35714285714285715,480.2,2,0.5,30.44,3.3333333333333335
4626-OZDTJ,51,78.65,One year,Credit card (automatic),DSL,0,Yes,No,4,29,0.2608695652173913,525.5,0,0.0,0.0,6.926829268292683
9169-BSVIN,12,74.75,Month-to-month,Bank transfer (automatic),DSL,0,No,No,3,10,1.0,359.6,5,0.0,9.794,8.411764705882353
2325-ZUSFD,57,70.1,One year,Bank transfer (automatic),DSL,0,Yes,Yes,3,20,0.5384615384615384,964.1428571428571,1,0.0,7.69,6.703703703703703
8194-PEEBY,24,19.9,One year,Mailed check,No,0,Yes,Yes,0,10,0.42857142857142855,582.3333333333334,0,0.0,0.0,0.0
6872-HXFNF,64,58.35,One year,Bank transfer (automatic),DSL,0,Yes,No,2,27,0.5882352941176471,258.8,0,0.0,0.0,7.0
3932-CMDTD,4,105.65,One year,Electronic check,Fiber optic,0,No,No,5,23,0.35294117647058826,397.0,0,0.0,0.0,4.074074074074074
7714-YXSMB,26,100.5,Month-to-month,Bank transfer (automatic),Fiber optic,0,No,No,3,10,0.25,641.5,1,0.0,1.95,6.606060606060606
8387-UGUSU,15,20.05,Month-to-month,Mailed check,No,0,Yes,Yes,0,11,0.2222222222222222,966.5,4,0.25,8.583333333333334,0.0
1080-BWSYE,64,25.65,Two year,Credit card (automatic),No,1,Yes,No,0,28,0.6470588235294118,477.6363636363636,1,0.0,8.54,0.0
4039-HEUNW,36,96.5,Month-to-month,Electronic check,Fiber optic,1,Yes,No,3,20,0.3333333333333333,269.2,2,0.5,64.61,4.35
1194-HVAIF,27,95.0,Month-to-month,Credit card (automatic),Fiber optic,0,Yes,No,2,25,0.47058823529411764,491.0,4,0.5,11.585,2.263157894736842
0812-WUPTB,1,70.85,Month-to-month,Mailed check,Fiber optic,1,Yes,No,0,14,0.2727272727272727,436.6666666666667,3,0.6666666666666666,17.36,0.0
3594-UVONA,35,85.95,One year,Credit card (automatic),DSL,0,No,No,5,12,0.2,757.0,0,0.0,0.0,4.666666666666667
0004-TLHLJ,4,73.9,Month-to-month,Electronic check,Fiber optic,0,No,No,1,29,0.6111111111111112,358.90909090909093,5,0.8,21.24,3.25
1767-TGTKO,8,45.45,Month-to-month,Electronic check,DSL,0,Yes,Yes,0,19,0.35714285714285715,555.4,1,0.0,5.65,0.0
8439-LTUGF,10,20.0,Month-to-month,Credit card (automatic),No,0,No,No,0,18,0.2857142857142857,531.75,0,0.0,0.0,0.0
8805-JNRAZ,2,49.2,Month-to-month,Mailed check,DSL,0,No,No,1,21,0.23529411764705882,546.5,1,0.0,12.38,7.333333333333333
5089-IFSDP,58,109.45,Two year,Bank transfer (automatic),Fiber optic,0,Yes,No,5,20,0.5384615384615384,655.8571428571429,2,0.0,9.82,7.242424242424242
6418-HNFED,51,83.25,Two year,Credit card (automatic),DSL,0,Yes,No,6,15,0.6666666666666666,377.8333333333333,0,0.0,0.0,5.898305084745763
0206-OYVOC,46,19.25,Two year,Mailed check,No,0,Yes,Yes,0,20,1.0,534.2,2,0.0,16.825000000000003,0.0
7291-CDTMJ,1,19.65,Month-to-month,Bank transfer (automatic),No,0,No,No,0,15,0.36363636363636365,429.25,1,0.0,5.34,0.0
7128-GGCNO,46,72.8,Month-to-month,Bank transfer (automatic),Fiber optic,0,No,No,0,20,0.42857142857142855,541.1666666666666,1,0.0,9.02,0.0
0237-YFUTL,50,109.65,Month-to-month,Bank transfer (automatic),Fiber optic,0,Yes,No,5,13,0.3,421.6666666666667,0,0.0,0.0,8.86111111111111
7691-KGKGP,53,65.0,Month-to-month,Credit card (automatic),DSL,0,Yes,Yes,3,22,1.0,764.5454545454545,2,0.0,8.05,8.5
6710-HSJRD,61,114.1,Month-to-month,Electronic check,Fiber optic,0,Yes,No,5,29,0.7058823529411765,401.6666666666667,1,0.0,17.63,8.0
3675-EQOZA,5,20.65,Month-to-month,Bank transfer (automatic),No,0,No,No,0,28,0.47368421052631576,487.6666666666667,0,0.0,0.0,0.0
0840-DCNZE,47,86.95,One year,Bank transfer (automatic),DSL,0,No,No,6,18,0.6363636363636364,565.8571428571429,1,0.0,11.44,14.084745762711865
1732-FEKLD,54,94.75,One year,Bank transfer (automatic),Fiber optic,0,No,No,3,12,0.5,656.75,4,0.0,3.1775,5.962962962962963
9862-KJTYK,19,25.35,Month-to-month,Credit card (automatic),DSL,0,No,Yes,0,27,0.5882352941176471,599.2,2,0.0,22.655,0.0
0479-HMSWA,26,105.45,Two year,Electronic check,Fiber optic,0,No,Yes,5,19,0.1875,432.3333333333333,0,0.0,0.0,10.346938775510203
5854-KSRBJ,70,25.4,Two year,Mailed check,No,0,Yes,Yes,0,15,0.6666666666666666,462.6666666666667,2,0.0,4.8100000000000005,0.0
0365-BZUWY,17,102.55,Month-to-month,Electronic check,Fiber optic,0,Yes,No,4,26,0.625,518.7,4,0.0,2.635,6.0
4817-VYYWS,30,100.2,Month-to-month,Electronic check,Fiber optic,0,No,No,3,18,0.38461538461538464,367.0,3,1.0,0.0,3.6153846153846154
5701-SVCWR,1,24.0,Month-to-month,Mailed check,No,0,No,Yes,0,14,0.16666666666666666,686.0,2,0.5,4.26,0.0
3129-AAQOU,19,25.6,Two year,Mailed check,No,0,Yes,Yes,0,15,0.6666666666666666,344.0,2,0.5,9.05,0.0
4922-CVPDX,26,73.5,Two year,Credit card (automatic),DSL,0,Yes,No,4,16,0.45454545454545453,493.4,3,0.3333333333333333,7.125,10.35483870967742
1396-QWFBJ,21,74.05,Month-to-month,Bank transfer (automatic),Fiber optic,0,Yes,Yes,1,28,0.5555555555555556,389.3,4,0.25,6.616666666666667,8.833333333333334
1357-BIJKI,50,98.25,One year,Electronic check,Fiber optic,0,Yes,No,3,28,0.3333333333333333,526.8571428571429,0,0.0,0.0,6.774193548387097
1099-BTKWT,68,54.4,One year,Electronic check,DSL,0,Yes,No,4,18,0.8,427.5,3,0.6666666666666666,1.79,2.064516129032258
5299-SJCZT,3,101.55,Month-to-month,Bank transfer (automatic),Fiber optic,0,No,No,3,23,0.9166666666666666,491.45454545454544,1,1.0,0.0,5.0625
2018-PZKMU,9,103.1,Month-to-month,Electronic check,Fiber optic,0,Yes,Yes,4,24,0.7142857142857143,537.7,1,0.0,4.76,10.371428571428572
7340-KEFQE,51,34.2,Two year,Bank transfer (automatic),DSL,0,Yes,Yes,2,11,0.375,682.0,0,0.0,0.0,3.4210526315789473
4570-QHXHL,9,43.75,Month-to-month,Electronic check,DSL,0,No,No,0,22,0.29411764705882354,525.6,4,0.0,39.402499999999996,0.0
2403-BCASL,41,111.95,One year,Electronic check,Fiber optic,1,Yes,Yes,5,26,0.3684210526315789,406.0,1,0.0,18.31,2.8857142857142857
7392-YYPYJ,22,100.65,Month-to-month,Electronic check,Fiber optic,0,No,No,3,15,0.5,628.8,0,0.0,0.0,4.121212121212121
2898-LSJGD,21,55.95,One year,Electronic check,DSL,0,Yes,Yes,4,18,0.8,565.75,3,0.3333333333333333,15.465,3.1666666666666665
2223-GDSHL,71,116.05,Two year,Bank transfer (automatic),Fiber optic,0,Yes,Yes,6,28,0.47368421052631576,642.1111111111111,1,0.0,13.31,6.166666666666667
7359-PTSXY,1,45.75,Month-to-month,Electronic check,DSL,0,No,No,0,18,0.5,402.8333333333333,1,0.0,43.14,0.0
9470-RTWDV,26,82.0,One year,Credit card (automatic),DSL,0,Yes,Yes,4,26,0.5294117647058824,454.77777777777777,1,1.0,0.0,6.529411764705882
2176-OSJUV,71,65.15,Two year,Bank transfer (automatic),DSL,0,Yes,No,3,22,0.2222222222222222,311.5,2,0.0,6.525,3.875
9348-YVOMK,4,44.8,Month-to-month,Credit card (automatic),DSL,0,No,No,0,28,0.6470588235294118,515.6363636363636,3,0.0,15.726666666666667,0.0
8104-OSKWT,12,79.8,Month-to-month,Electronic check,Fiber optic,0,No,No,1,23,0.6428571428571429,429.1111111111111,4,0.25,11.300000000000002,3.0
4521-YEEHE,18,88.85,Month-to-month,Electronic check,Fiber optic,0,Yes,No,2,29,0.6111111111111112,521.8181818181819,1,0.0,3.44,9.421052631578947
4090-KPJIP,3,74.95,Month-to-month,Electronic check,Fiber optic,0,No,No,0,20,0.42857142857142855,424.3333333333333,3,0.0,5.486666666666667,0.0
3786-WOVKF,72,106.85,One year,Bank transfer (automatic),Fiber optic,1,Yes,No,4,13,0.4444444444444444,515.75,4,0.5,12.77,7.787878787878788
4503-BDXBD,11,74.95,Month-to-month,Electronic check,Fiber optic,0,No,No,1,19,0.1875,159.33333333333334,4,0.25,17.416666666666668,4.833333333333333
6086-ESGRL,1,80.15,Month-to-month,Credit card (automatic),Fiber optic,0,No,No,1,23,0.5333333333333333,556.875,0,0.0,0.0,2.4444444444444446
2592-HODOV,13,19.3,One year,Credit card (automatic),No,0,No,No,0,29,0.2608695652173913,376.5,1,0.0,35.64,0.0
3886-CERTZ,72,109.25,One year,Electronic check,Fiber optic,0,Yes,No,5,30,0.5789473684210527,678.5454545454545,2,0.0,5.05,3.9
7995-ZHHNZ,42,56.1,One year,Credit card (automatic),DSL,0,Yes,No,1,10,1.0,484.4,1,0.0,3.0,5.0
3824-RHKVR,17,19.7,Month-to-month,Credit card (automatic),No,0,No,No,0,15,0.6666666666666666,532.6666666666666,2,0.5,9.23,0.0
5816-SCGFC,7,51.3,Month-to-month,Mailed check,DSL,1,No,No,1,29,0.3181818181818182,503.42857142857144,5,0.8,21.19,4.5
5989-AXPUC,68,118.6,Two year,Mailed check,Fiber optic,0,Yes,No,6,17,0.5454545454545454,339.8333333333333,0,0.0,0.0,2.274193548387097
4979-HPRFL,56,24.15,Two year,Bank transfer (automatic),No,0,Yes,Yes,0,29,0.45,452.8888888888889,1,1.0,0.0,0.0
8590-OHDIW,38,20.3,One year,Mailed check,No,0,Yes,Yes,0,24,0.2631578947368421,493.2,1,0.0,5.71,0.0
8015-IHCGW,72,115.5,Two year,Electronic check,Fiber optic,0,Yes,Yes,6,20,0.5384615384615384,700.4285714285714,0,0.0,0.0,5.76595744680851
2332-TODQS,48,25.05,One year,Credit card (automatic),No,0,No,No,0,28,0.6470588235294118,609.0,2,0.0,30.465,0.0
9278-VZKCD,52,109.1,Month-to-month,Electronic check,Fiber optic,1,Yes,No,5,17,0.3076923076923077,681.5,4,0.0,7.9375,8.941176470588236
8008-OTEZX,35,19.65,One year,Mailed check,No,0,Yes,Yes,0,20,0.3333333333333333,410.0,0,0.0,0.0,0.0
2773-OVBPK,67,111.3,Two year,Bank transfer (automatic),Fiber optic,0,Yes,No,5,24,0.7142857142857143,534.1,2,0.0,15.344999999999999,6.636363636363637
5999-LCXAO,1,29.9,Month-to-month,Mailed check,DSL,0,No,No,1,11,0.5714285714285714,592.25,2,1.0,0.0,9.2
5206-XZZQI,53,80.6,Month-to-month,Mailed check,Fiber optic,0,No,No,2,15,0.5,849.6,1,1.0,0.0,5.6875
4803-LBYPN,34,20.8,Month-to-month,Mailed check,No,0,Yes,Yes,0,18,0.8,567.25,1,0.0,38.75,0.0
5759-RCVCB,3,35.2,Month-to-month,Credit card (automatic),DSL,0,No,No,1,16,0.23076923076923078,1514.3333333333333,4,0.5,9.28,2.5
6372-RFVNS,1,78.8,Month-to-month,Electronic check,Fiber optic,0,Yes,No,1,12,0.7142857142857143,655.8,5,0.4,4.79,4.111111111111111
2139-FQHLM,19,89.95,Month-to-month,Mailed check,Fiber optic,0,No,No,3,21,0.6153846153846154,365.75,0,0.0,0.0,3.5833333333333335
8261-GWDBQ,60,116.05,Two year,Bank transfer (automatic),Fiber optic,1,Yes,No,6,24,0.6,487.55555555555554,2,0.0,2.865,3.466666666666667
1093-YSWCA,11,19.55,Two year,Credit card (automatic),No,0,No,No,0,19,0.11764705882352941,570.5,2,0.5,7.25,0.0
8938-UMKPI,47,106.4,Month-to-month,Electronic check,Fiber optic,0,No,No,4,18,0.5,431.5,5,0.8,14.78,3.4545454545454546
0991-BRRFB,18,49.4,Month-to-month,Electronic check,DSL,0,No,No,1,25,0.25,428.6,5,0.2,44.449999999999996,10.428571428571429
3882-IYOIJ,60,115.25,Two year,Credit card (automatic),Fiber optic,0,Yes,Yes,6,13,0.3,411.0,3,0.0,3.07,7.622641509433962
8749-TZYEC,72,24.8,Two year,Credit card (automatic),No,0,Yes,No,0,17,0.7,400.2857142857143,0,0.0,0.0,0.0
1755-FZQEC,39,19.9,One year,Mailed check,No,0,No,No,0,22,1.0,631.6363636363636,2,0.0,13.83,0.0
3115-JPJDD,59,81.25,One year,Credit card (automatic),Fiber optic,0,Yes,No,2,22,0.1,313.0,4,0.5,3.425,8.428571428571429
5600-KTXFM,2,69.95,Month-to-month,Mailed check,Fiber optic,0,Yes,Yes,0,19,0.35714285714285715,401.4,3,0.0,9.31,0.0
3871-IKPYH,1,69.1,Month-to-month,Electronic check,Fiber optic,1,No,No,0,14,0.75,885.8333333333334,1,1.0,0.0,0.0
6319-IEJWJ,20,90.2,Month-to-month,Electronic check,Fiber optic,0,Yes,Yes,2,14,1.0,427.14285714285717,0,0.0,0.0,6.625
9025-AOMKI,6,93.55,Month-to-month,Bank transfer (automatic),Fiber optic,0,No,No,2,30,0.30434782608695654,485.14285714285717,3,0.3333333333333333,12.33,4.833333333333333
6339-TBELP,71,86.4,Two year,Credit card (automatic),Fiber optic,0,No,No,2,13,0.625,600.4,1,0.0,14.61,3.4210526315789473
7964-YESJC,24,66.3,Month-to-month,Mailed check,DSL,0,Yes,No,3,28,0.75,552.1666666666666,0,0.0,0.0,4.517241379310345
6173-GOLSU,67,94.65,Month-to-month,Credit card (automatic),Fiber optic,1,Yes,No,2,10,0.42857142857142855,493.6666666666667,5,0.0,9.322,8.157894736842104
5275-SQEIZ,1,80.85,Month-to-month,Mailed check,Fiber optic,0,No,No,1,11,0.8333333333333334,631.0,3,0.3333333333333333,29.04,5.0
7716-YTYHG,48,82.05,One year,Mailed check,Fiber optic,0,Yes,Yes,1,19,0.5833333333333334,331.0,1,1.0,0.0,7.75
9938-ZREHM,37,72.1,One year,Mailed check,DSL,0,Yes,No,3,12,0.5,640.5,2,0.5,8.24,7.538461538461538
7950-XWOVN,11,34.7,Month-to-month,Mailed check,DSL,0,No,No,2,29,0.5263157894736842,315.9,1,1.0,0.0,2.8823529411764706
4390-KYULV,3,20.55,Month-to-month,Credit card (automatic),No,0,Yes,No,0,14,0.5555555555555556,567.2,3,0.3333333333333333,14.045,0.0
4647-MUZON,18,95.95,Month-to-month,Credit card (automatic),Fiber optic,0,Yes,No,3,25,0.13636363636363635,324.0,4,0.0,9.5225,3.607142857142857
9702-AIUJO,50,44.8,One year,Bank transfer (automatic),DSL,0,Yes,Yes,0,19,0.35714285714285715,426.4,1,0.0,6.16,0.0
8849-PRIQJ,67,109.4,One year,Electronic check,Fiber optic,0,Yes,Yes,5,12,0.3333333333333333,389.0,1,0.0,29.41,8.675675675675675
8851-RAGOV,25,71.05,Month-to-month,Mailed check,DSL,0,Yes,No,4,11,0.2222222222222222,374.5,1,0.0,5.07,9.04
1304-NECVQ,2,78.55,Month-to-month,Electronic check,Fiber optic,1,No,No,1,23,0.2777777777777778,590.6,1,1.0,0.0,2.888888888888889
5396-IZEPB,9,19.7,Month-to-month,Credit card (automatic),No,0,No,No,0,25,1.5,716.1333333333333,1,0.0,2.15,0.0
1729-VLAZJ,10,40.25,One year,Mailed check,DSL,0,No,Yes,3,30,0.5789473684210527,616.6363636363636,0,0.0,0.0,8.548387096774194
8285-ABVLB,70,19.85,Two year,Credit card (automatic),No,0,Yes,No,0,30,0.42857142857142855,584.4444444444445,0,0.0,0.0,0.0
0701-TJSEF,9,68.25,Month-to-month,Bank transfer (automatic),DSL,0,No,No,4,18,0.6363636363636364,399.14285714285717,2,0.0,8.41,4.111111111111111
5712-VBOXD,4,20.15,Month-to-month,Credit card (automatic),No,0,No,No,0,23,0.35294117647058826,575.1666666666666,4,0.0,9.1275,0.0
6629-LADHQ,2,50.95,Month-to-month,Mailed check,DSL,0,No,No,1,13,0.18181818181818182,518.0,2,0.0,21.975,5.454545454545454
8945-GRKHX,1,78.65,Month-to-month,Electronic check,Fiber optic,0,No,Yes,1,26,1.0,439.3076923076923,3,0.6666666666666666,7.26,9.75
1559-DTODC,19,25.15,Month-to-month,Bank transfer (automatic),DSL,0,No,No,0,26,0.625,579.2,4,0.0,10.105,0.0
4797-MIWUM,7,20.25,Month-to-month,Bank transfer (automatic),No,0,Yes,Yes,0,23,0.5333333333333333,432.125,1,0.0,6.35,0.0
6959-UWKHF,1,42.9,Month-to-month,Electronic check,DSL,0,No,No,0,11,0.5714285714285714,687.25,5,0.2,34.7175,0.0
8720-RQSBJ,1,44.0,Month-to-month,Electronic check,DSL,1,No,No,0,27,0.2857142857142857,865.0,3,0.0,12.030000000000001,0.0
4537-CIBHB,9,20.25,One year,Mailed check,No,0,Yes,Yes,0,21,0.3125,625.2,1,0.0,1.9,0.0
3815-SLMEF,3,34.25,Month-to-month,Mailed check,DSL,0,No,No,2,15,0.875,603.8571428571429,1,0.0,9.52,6.588235294117647
5154-VEKBL,9,58.5,Month-to-month,Mailed check,DSL,0,No,No,5,24,0.4117647058823529,299.2857142857143,4,0.25,65.39333333333333,2.857142857142857
4324-AHJKS,5,55.8,Month-to-month,Credit card (automatic),DSL,0,No,No,2,29,0.38095238095238093,408.0,4,0.0,4.4875,7.5
4355-CVPVS,56,88.9,One year,Bank transfer (automatic),Fiber optic,0,Yes,Yes,2,16,0.6,425.0,1,0.0,6.91,4.25
4495-LHSSK,18,57.65,Month-to-month,Mailed check,DSL,0,No,Yes,1,16,0.3333333333333333,337.5,4,0.25,5.1499999999999995,6.615384615384615
5655-JSMZM,49,96.2,Month-to-month,Electronic check,Fiber optic,1,No,No,2,20,0.42857142857142855,373.6666666666667,3,1.0,0.0,2.3333333333333335
5915-ANOEI,70,79.15,Two year,Mailed check,DSL,0,Yes,No,5,22,0.4666666666666667,598.8571428571429,1,0.0,4.94,5.487179487179487
9861-PDSZP,72,108.05,Two year,Credit card (automatic),Fiber optic,0,No,No,5,15,0.5,410.8,3,0.0,9.876666666666667,3.4285714285714284
4505-EXZHB,6,74.4,Month-to-month,Electronic check,Fiber optic,1,No,No,1,13,0.3,475.3333333333333,1,1.0,0.0,4.333333333333333
7225-CBZPL,17,94.8,Month-to-month,Electronic check,Fiber optic,1,Yes,No,2,29,0.2608695652173913,286.6666666666667,2,0.0,4.69,30.076923076923077
6704-UTUKK,29,45.9,Month-to-month,Electronic check,DSL,0,Yes,No,2,15,0.25,576.6666666666666,5,0.2,6.695,13.91304347826087
4587-VVTOX,6,105.3,Month-to-month,Electronic check,Fiber optic,0,Yes,No,4,11,0.375,535.0,4,0.75,6.96,6.9523809523809526
2019-HDCZY,63,102.6,Two year,Electronic check,Fiber optic,0,Yes,No,3,12,0.7142857142857143,597.6,4,0.0,26.192500000000003,4.642857142857143
4652-NNHNY,16,73.85,Month-to-month,Bank transfer (automatic),Fiber optic,0,Yes,No,0,21,0.23529411764705882,346.25,1,0.0,20.5,0.0
8788-DOXSU,59,61.35,One year,Bank transfer (automatic),DSL,0,No,No,2,27,0.42105263157894735,851.0,5,0.2,10.59,10.0
7404-JLKQG,3,57.55,Month-to-month,Electronic check,DSL,0,No,No,2,23,0.5333333333333333,450.0,2,1.0,0.0,3.1666666666666665
7421-ZLUPA,8,29.25,Month-to-month,Mailed check,DSL,0,No,No,1,16,1.0,531.0,3,0.3333333333333333,9.055,5.571428571428571
8972-HJWNV,7,84.55,Month-to-month,Electronic check,Fiber optic,1,Yes,No,1,26,0.3684210526315789,379.57142857142856,4,0.5,15.035,2.0
3274-NSDWE,68,19.6,Two year,Credit card (automatic),No,0,No,No,0,10,0.25,851.0,3,0.0,4.616666666666666,0.0
2632-IVXVF,68,111.75,Two year,Credit card (automatic),Fiber optic,0,Yes,Yes,5,22,0.8333333333333334,587.8,2,0.0,16.294999999999998,7.2631578947368425
3692-JHONH,52,106.5,One year,Electronic check,Fiber optic,1,Yes,No,4,25,0.47058823529411764,339.5,3,0.0,3.6466666666666665,4.470588235294118
8915-NNTRC,72,107.7,Two year,Credit card (automatic),Fiber optic,0,Yes,Yes,5,19,0.26666666666666666,497.25,0,0.0,0.0,9.3125
5914-GXMDA,32,19.3,One year,Mailed check,No,0,Yes,No,0,20,0.3333333333333333,672.0,4,0.5,5.8100000000000005,0.0
7463-IFMQU,72,20.05,Two year,Bank transfer (automatic),No,0,Yes,No,0,18,0.2857142857142857,573.25,0,0.0,0.0,0.0
2920-RNCEZ,1,69.95,Month-to-month,Credit card (automatic),Fiber optic,0,Yes,Yes,0,27,0.22727272727272727,503.2,1,0.0,6.93,0.0
2541-YGPKE,42,63.7,One year,Credit card (automatic),DSL,0,Yes,Yes,3,10,0.6666666666666666,853.0,0,0.0,0.0,5.681818181818182
8515-OCTJS,25,24.75,Two year,Credit card (automatic),No,0,No,No,0,30,0.5789473684210527,490.1818181818182,2,0.0,35.265,0.0
5382-TEMLV,45,50.9,Month-to-month,Bank transfer (automatic),DSL,0,No,No,1,19,0.26666666666666666,431.5,0,0.0,0.0,5.714285714285714
3441-CGZJH,43,60.4,One year,Credit card (automatic),DSL,0,Yes,Yes,5,20,0.25,406.25,0,0.0,0.0,8.594594594594595
9592-ERDKV,37,79.25,One year,Mailed check,DSL,0,Yes,No,4,22,0.5714285714285714,492.625,2,0.0,4.33,3.303030303030303
2860-RANUS,20,85.8,Month-to-month,Credit card (automatic),Fiber optic,1,No,No,1,20,0.5384615384615384,552.0,3,0.6666666666666666,18.88,2.25
5261-QSHQM,4,24.45,Month-to-month,Electronic check,DSL,0,No,No,0,23,0.5333333333333333,408.375,4,0.25,10.166666666666666,0.0
4778-IZARL,63,110.1,Two year,Credit card (automatic),Fiber optic,0,Yes,No,6,14,0.07692307692307693,236.0,0,0.0,0.0,8.212765957446809
0432-CAJZV,3,90.7,Month-to-month,Mailed check,Fiber optic,0,No,No,2,13,0.18181818181818182,577.5,3,0.3333333333333333,15.559999999999999,11.076923076923077
7008-LZVOZ,66,25.3,Two year,Credit card (automatic),No,0,Yes,Yes,0,19,0.9,399.0,2,0.0,7.24,0.0
8868-WOZGU,28,105.7,Month-to-month,Electronic check,Fiber optic,0,No,No,4,16,0.7777777777777778,507.42857142857144,3,0.6666666666666666,9.57,3.611111111111111
1200-TUZHR,8,85.2,Month-to-month,Electronic check,Fiber optic,1,No,No,1,14,0.4,860.75,1,0.0,7.24,4.833333333333333
9365-CSLBQ,71,24.35,Two year,Mailed check,No,0,No,Yes,0,29,0.3181818181818182,402.14285714285717,1,0.0,29.64,0.0
1334-FJSVR,1,24.25,Month-to-month,Electronic check,DSL,0,No,No,0,23,0.7692307692307693,493.4,2,0.0,8.465,0.0
5884-FBCTL,72,25.1,Two year,Bank transfer (automatic),No,0,Yes,Yes,0,24,0.7142857142857143,553.0,0,0.0,0.0,0.0
7130-CTCUS,16,54.55,Month-to-month,Bank transfer (automatic),DSL,1,Yes,No,2,30,0.36363636363636365,460.0,4,0.0,5.695,3.6842105263157894
6242-FEGFD,66,96.6,Two year,Mailed check,Fiber optic,0,Yes,No,4,10,1.0,454.0,1,0.0,6.47,10.028571428571428
7625-XCQRH,11,76.5,Month-to-month,Electronic check,Fiber optic,0,No,No,0,26,0.3,468.8333333333333,0,0.0,0.0,0.0
6194-HBGQN,51,81.15,One year,Credit card (automatic),DSL,0,No,No,5,18,1.0,432.0,0,0.0,0.0,9.341463414634147
7634-WSWDB,8,38.5,Month-to-month,Electronic check,DSL,0,No,Yes,2,26,0.7333333333333333,542.0,1,0.0,4.43,8.076923076923077
6986-IXNDM,14,92.9,Month-to-month,Electronic check,Fiber optic,0,No,No,2,20,1.0,480.3,4,0.25,2.85,4.454545454545454
1731-TVIUK,4,93.5,Month-to-month,Electronic check,Fiber optic,0,No,No,3,16,0.23076923076923078,199.33333333333334,1,0.0,14.07,3.9473684210526314
2987-BJXIK,70,84.7,Two year,Mailed check,DSL,0,No,No,5,28,0.21739130434782608,505.0,2,0.5,20.0,3.857142857142857
9769-TSBZE,70,66.0,Two year,Electronic check,DSL,0,No,Yes,3,10,0.1111111111111111,412.0,2,0.0,5.470000000000001,12.257142857142858
0406-BPDVR,54,101.5,One year,Credit card (automatic),Fiber optic,1,Yes,No,3,15,0.36363636363636365,465.5,2,0.0,29.0,3.3181818181818183
0618-XWMSS,28,74.9,Month-to-month,Bank transfer (automatic),Fiber optic,0,No,Yes,1,15,0.5,514.4,3,0.0,11.806666666666667,11.4
1395-WSWXR,24,20.75,Two year,Mailed check,No,0,No,No,0,27,0.6875,369.8181818181818,3,0.0,2.8033333333333332,0.0
6023-GSSXW,69,61.45,Two year,Credit card (automatic),DSL,0,Yes,No,2,23,0.4375,458.0,5,0.2,10.4175,2.7142857142857144
6752-APNJL,42,54.5,Month-to-month,Mailed check,DSL,0,Yes,Yes,2,14,1.0,602.5714285714286,2,0.0,11.625,3.933333333333333
5276-KQWHG,2,69.6,Month-to-month,Electronic check,Fiber optic,1,No,No,0,18,0.2857142857142857,422.0,3,0.3333333333333333,56.105000000000004,0.0
0420-HLGXF,39,99.75,Month-to-month,Electronic check,Fiber optic,1,No,No,3,16,1.6666666666666667,632.9,1,0.0,8.57,2.5
7446-KQISO,45,109.75,Two year,Bank transfer (automatic),Fiber optic,0,Yes,Yes,5,15,0.15384615384615385,460.0,1,0.0,12.13,3.6
9823-EALYC,72,80.85,Two year,Bank transfer (automatic),DSL,0,Yes,Yes,5,13,0.4444444444444444,559.5,2,0.0,7.869999999999999,13.604166666666666
0582-AVCLN,38,20.3,Two year,Mailed check,No,0,No,No,0,18,0.6363636363636364,894.1428571428571,1,0.0,16.51,0.0
5803-NQJZO,72,67.8,Two year,Bank transfer (automatic),DSL,0,Yes,No,4,18,0.125,333.5,1,0.0,12.11,2.4210526315789473
2565-JSLRY,1,24.05,Month-to-month,Mailed check,No,0,No,No,0,27,0.35,328.57142857142856,3,1.0,0.0,0.0
2607-DHDAK,72,19.8,Two year,Credit card (automatic),No,0,Yes,Yes,0,29,0.20833333333333334,394.0,0,0.0,0.0,0.0
1073-XXCZD,55,25.7,Two year,Bank transfer (automatic),No,0,Yes,No,0,24,0.4117647058823529,497.7142857142857,1,0.0,5.22,0.0
0743-HRVFF,51,56.15,One year,Electronic check,DSL,0,Yes,Yes,4,21,0.5,537.7142857142857,1,0.0,11.2,17.756756756756758
4006-HKYHO,63,86.7,Two year,Bank transfer (automatic),DSL,0,No,No,6,29,0.3181818181818182,621.8571428571429,1,0.0,22.02,4.931818181818182
3727-JEZTU,1,20.4,Month-to-month,Mailed check,No,0,No,No,0,15,0.875,428.2857142857143,0,0.0,0.0,0.0
8143-ETQTI,23,19.65,Two year,Mailed check,No,0,Yes,Yes,0,27,0.5,381.0,1,0.0,9.24,0.0
6689-KXGBO,1,50.55,Month-to-month,Electronic check,DSL,0,No,No,1,24,0.7142857142857143,381.7,2,0.0,60.18000000000001,4.0
9667-TKTVZ,2,54.35,Month-to-month,Mailed check,DSL,0,No,No,1,21,0.4,575.0,3,0.3333333333333333,20.425,6.083333333333333
3657-COGMW,52,108.1,Month-to-month,Credit card (automatic),Fiber optic,1,No,No,5,20,0.6666666666666666,461.25,1,0.0,7.04,6.886363636363637
8570-KLJYJ,36,54.45,One year,Mailed check,DSL,0,No,No,1,30,0.5789473684210527,490.09090909090907,0,0.0,0.0,5.6923076923076925
7754-IXRMC,1,45.35,Month-to-month,Mailed check,DSL,0,No,No,0,30,0.5,710.8,3,0.0,12.790000000000001,0.0
9473-CBZOP,28,59.0,One year,Mailed check,DSL,0,No,No,2,23,0.35294117647058826,439.1666666666667,0,0.0,0.0,11.421052631578947
2969-WGHQO,7,69.45,One year,Electronic check,DSL,0,Yes,Yes,4,16,1.2857142857142858,478.3333333333333,5,0.0,2.978,9.18918918918919
6615-NGGZJ,14,100.55,Month-to-month,Electronic check,Fiber optic,0,No,No,3,23,0.5333333333333333,525.75,2,0.5,31.03,6.588235294117647
4334-HOWRP,72,64.95,Two year,Credit card (automatic),DSL,1,Yes,No,6,20,0.42857142857142855,616.1666666666666,0,0.0,0.0,4.434782608695652
4255-DDUOU,1,20.5,Month-to-month,Mailed check,No,0,Yes,Yes,0,19,0.5833333333333334,488.57142857142856,3,0.6666666666666666,44.41,0.0
5863-OOKCL,10,18.85,Month-to-month,Mailed check,No,0,No,No,0,18,0.38461538461538464,473.4,1,0.0,12.05,0.0
1686-STUHN,42,19.8,One year,Bank transfer (automatic),No,0,No,No,0,12,0.3333333333333333,638.3333333333334,0,0.0,0.0,0.0
1329-VHWNP,7,25.05,Month-to-month,Bank transfer (automatic),DSL,0,No,No,0,11,0.0,0.0,1,0.0,5.46,0.0
2984-MIIZL,4,74.8,Month-to-month,Bank transfer (automatic),Fiber optic,0,No,No,1,19,0.5833333333333334,813.2857142857143,3,0.3333333333333333,43.31,5.0
0266-GMEAO,72,114.3,Two year,Credit card (automatic),Fiber optic,0,Yes,Yes,6,15,0.15384615384615385,271.5,2,0.0,12.64,3.276923076923077
5590-YRFJT,20,24.45,Month-to-month,Electronic check,DSL,0,Yes,No,0,14,0.4,372.25,2,0.5,27.47,0.0
5574-NXZIU,63,109.2,Two year,Credit card (automatic),Fiber optic,0,No,No,6,29,0.8125,543.3076923076923,1,0.0,2.33,5.204545454545454
0019-GFNTW,56,45.05,Two year,Bank transfer (automatic),DSL,0,No,No,4,28,0.3333333333333333,379.85714285714283,1,0.0,12.08,9.560975609756097
4256-ZWTZI,5,51.0,Month-to-month,Mailed check,DSL,0,No,Yes,1,27,0.35,363.57142857142856,1,0.0,5.72,4.0
8309-PPCED,72,110.45,Two year,Bank transfer (automatic),Fiber optic,0,Yes,No,5,18,0.6363636363636364,391.7142857142857,0,0.0,0.0,6.02
4098-NAUKP,68,84.65,Month-to-month,Electronic check,Fiber optic,1,Yes,Yes,2,24,0.3333333333333333,297.6666666666667,1,1.0,0.0,5.636363636363637
5196-WPYOW,67,60.05,One year,Mailed check,DSL,0,Yes,Yes,3,30,0.7647058823529411,602.4615384615385,2,0.0,4.16,21.384615384615383
4608-LCIMN,8,44.65,Month-to-month,Bank transfer (automatic),DSL,0,Yes,Yes,0,14,0.4,468.0,2,0.5,7.13,0.0
1485-YDHMM,52,93.25,Month-to-month,Bank transfer (automatic),Fiber optic,0,Yes,Yes,3,27,0.35,554.0,0,0.0,0.0,6.818181818181818
4054-CUMIA,18,20.25,Month-to-month,Mailed check,No,0,Yes,Yes,0,14,0.4,461.5,2,1.0,0.0,0.0
0603-TPMIB,59,25.45,Two year,Mailed check,No,0,Yes,Yes,0,20,0.42857142857142855,302.5,0,0.0,0.0,0.0
2525-GVKQU,60,20.6,Two year,Mailed check,No,0,No,No,0,22,0.29411764705882354,488.6,1,0.0,13.92,0.0
8161-QYMTT,7,94.1,Month-to-month,Electronic check,Fiber optic,0,No,No,2,11,0.5714285714285714,736.0,2,0.0,21.810000000000002,10.5
9581-GVBXT,59,34.8,One year,Mailed check,DSL,0,Yes,Yes,2,15,0.36363636363636365,490.25,1,0.0,10.45,5.0
5862-BRIXZ,46,60.75,Two year,Bank transfer (automatic),DSL,0,No,No,5,13,0.8571428571428571,890.8333333333334,0,0.0,0.0,6.913793103448276
5404-GGUKR,5,51.35,Month-to-month,Electronic check,DSL,0,No,No,1,19,0.35714285714285715,357.0,3,0.0,4.086666666666667,8.583333333333334
3308-JSGML,59,64.05,Two year,Credit card (automatic),DSL,1,Yes,No,5,25,0.3888888888888889,325.2857142857143,1,0.0,10.21,5.529411764705882
2126-GSEGL,70,84.8,Two year,Bank transfer (automatic),DSL,0,Yes,No,5,19,0.35714285714285715,509.4,0,0.0,0.0,12.627906976744185
3677-TNKIO,14,71.0,Month-to-month,Credit card (automatic),Fiber optic,0,No,No,0,29,0.6111111111111112,447.72727272727275,2,0.0,25.11,0.0
0440-QEXBZ,44,50.15,Month-to-month,Mailed check,DSL,0,No,No,0,17,0.21428571428571427,566.3333333333334,2,0.0,16.695,0.0
2434-EEVDB,64,94.6,Two year,Credit card (automatic),Fiber optic,0,Yes,No,3,10,0.42857142857142855,517.0,2,0.0,5.26,2.857142857142857
6762-QVYJO,58,59.75,Two year,Mailed check,DSL,0,Yes,Yes,5,19,0.9,603.6666666666666,1,0.0,15.06,4.114285714285714
6199-IWKGC,46,100.25,One year,Electronic check,Fiber optic,1,Yes,No,3,26,0.3,370.5,2,0.0,19.23,10.73076923076923
2675-DHUTR,58,98.9,Month-to-month,Electronic check,Fiber optic,1,Yes,No,3,19,0.35714285714285715,666.8,1,0.0,5.98,7.275862068965517
8152-VETUR,72,97.7,Two year,Credit card (automatic),Fiber optic,0,Yes,No,3,20,1.0,465.0,3,0.0,27.62,5.956521739130435
9667-EQRXU,30,40.3,Month-to-month,Electronic check,DSL,1,No,No,2,16,1.2857142857142858,315.55555555555554,1,0.0,6.54,3.25
7446-YPODE,11,60.25,Month-to-month,Bank transfer (automatic),DSL,1,No,No,2,29,0.16,288.25,4,0.25,7.153333333333333,9.0
9522-BNTHX,34,56.25,Month-to-month,Electronic check,DSL,1,No,No,4,20,0.25,460.75,1,1.0,0.0,7.166666666666667
4676-WLUHT,54,46.2,Two year,Bank transfer (automatic),DSL,0,No,No,3,17,0.8888888888888888,521.0,3,0.0,3.1500000000000004,2.9545454545454546
3329-WDIOK,3,50.6,Month-to-month,Electronic check,DSL,0,No,No,3,30,0.25,362.5,3,0.0,11.72,4.2272727272727275
7980-MHFLQ,72,24.9,Two year,Mailed check,No,0,Yes,Yes,0,16,0.6,547.6666666666666,2,0.0,10.14,0.0
2873-ZLIWT,40,84.85,Month-to-month,Electronic check,Fiber optic,0,Yes,Yes,2,19,0.35714285714285715,660.4,0,0.0,0.0,4.636363636363637
3415-TAILE,2,65.7,Month-to-month,Mailed check,DSL,0,Yes,Yes,2,24,0.5,582.25,1,0.0,5.85,2.0
0757-WCUUZ,54,63.35,Two year,Credit card (automatic),DSL,0,Yes,Yes,2,24,0.4117647058823529,391.7142857142857,2,0.0,6.09,7.782608695652174
1629-DQQVB,14,50.1,Month-to-month,Bank transfer (automatic),DSL,0,No,No,1,16,0.6,415.1666666666667,5,0.0,14.296000000000001,18.727272727272727
1915-IOFGU,1,70.5,Month-to-month,Electronic check,Fiber optic,0,No,No,0,27,0.8,606.5,4,0.75,6.14,0.0
3045-XETSH,10,94.85,Month-to-month,Electronic check,Fiber optic,0,No,No,3,12,1.4,526.5714285714286,2,0.5,16.66,4.25
0374-AACSZ,1,50.15,Month-to-month,Electronic check,DSL,0,No,No,1,16,0.45454545454545453,298.8,0,0.0,0.0,7.666666666666667
7239-HZZCX,1,19.75,Month-to-month,Mailed check,No,0,No,No,0,20,0.8181818181818182,655.0,2,0.0,19.91,0.0
4872-VXRIL,56,64.65,One year,Bank transfer (automatic),DSL,0,No,No,3,25,0.5625,408.0,1,0.0,5.73,5.67741935483871
9140-CZQZZ,68,79.6,Two year,Bank transfer (automatic),DSL,0,Yes,No,5,17,0.7,628.2857142857143,4,0.25,5.626666666666666,3.3181818181818183
3423-HHXAO,14,19.5,One year,Mailed check,No,0,Yes,Yes,0,20,0.25,314.75,1,0.0,2.26,0.0
9938-TKDGL,68,99.55,Two year,Electronic check,Fiber optic,0,Yes,Yes,4,26,0.5294117647058824,646.2222222222222,2,0.5,1.89,7.121212121212121
0531-ZZJWQ,55,74.0,Month-to-month,Electronic check,Fiber optic,1,Yes,No,0,20,0.42857142857142855,442.3333333333333,3,0.6666666666666666,15.86,0.0
6537-QLGEX,16,38.9,Month-to-month,Electronic check,DSL,0,No,No,2,20,0.8181818181818182,618.1111111111111,2,0.0,6.215,7.666666666666667
2688-BHGOG,9,79.55,Month-to-month,Electronic check,Fiber optic,1,No,No,1,23,0.7692307692307693,430.8,3,0.0,5.8066666666666675,6.2727272727272725
7683-CBDKJ,14,65.45,Month-to-month,Electronic check,DSL,0,Yes,Yes,3,27,1.0769230769230769,400.57142857142856,4,0.75,9.38,5.368421052631579
0946-CLJTI,58,98.7,Month-to-month,Electronic check,Fiber optic,1,Yes,No,3,23,0.4375,490.7142857142857,3,0.3333333333333333,99.515,3.066666666666667
3160-TYXLT,53,46.3,Month-to-month,Bank transfer (automatic),DSL,0,No,No,3,28,0.75,556.9166666666666,3,1.0,0.0,15.375
1325-USMEC,70,99.35,Two year,Credit card (automatic),Fiber optic,0,Yes,No,4,11,1.75,726.4285714285714,2,0.0,6.390000000000001,5.032258064516129
0916-QOFDP,14,95.8,Month-to-month,Electronic check,Fiber optic,1,Yes,Yes,2,20,0.3333333333333333,369.8,0,0.0,0.0,3.4
0628-CNQRM,22,67.5,One year,Bank transfer (automatic),DSL,0,Yes,Yes,4,19,0.1875,483.0,0,0.0,0.0,3.227272727272727
5606-AMZBO,10,78.15,Month-to-month,Credit card (automatic),Fiber optic,0,Yes,No,1,16,0.7777777777777778,552.5714285714286,3,0.0,3.1466666666666665,4.083333333333333
6199-IPCAO,29,26.1,Two year,Mailed check,No,0,Yes,Yes,0,13,0.8571428571428571,602.0,4,0.0,23.04,0.0
7665-TOALD,1,69.6,Month-to-month,Electronic check,Fiber optic,0,No,No,0,30,0.5,451.1,4,0.75,34.87,0.0
0112-QWPNC,49,84.35,One year,Electronic check,DSL,0,Yes,No,5,28,0.4,284.5,2,0.0,44.44,3.6551724137931036
0324-BRPCJ,68,100.2,Month-to-month,Electronic check,Fiber optic,1,Yes,No,3,18,0.5,455.5,1,1.0,0.0,2.625
2777-PHDEI,1,78.05,Month-to-month,Electronic check,Fiber optic,0,No,No,1,19,0.46153846153846156,366.0,2,0.5,18.13,5.333333333333333
5640-CAXOA,30,40.35,One year,Credit card (automatic),DSL,0,No,No,2,14,1.0,642.1428571428571,2,0.5,2.71,7.15
2235-EZAIK,72,79.2,Two year,Credit card (automatic),DSL,0,Yes,No,5,23,0.5333333333333333,705.0,2,0.0,17.295,3.7222222222222223
3847-BAERP,10,20.9,Month-to-month,Mailed check,No,0,No,No,0,18,0.6363636363636364,566.2857142857143,0,0.0,0.0,0.0
1196-AMORA,7,73.6,Month-to-month,Electronic check,Fiber optic,0,No,No,0,17,0.3076923076923077,548.5,2,1.0,0.0,0.0
4282-YMKNA,9,74.75,Month-to-month,Electronic check,Fiber optic,0,No,No,0,27,0.5882352941176471,350.8,2,0.5,27.94,0.0
1453-RZFON,1,49.9,Month-to-month,Mailed check,DSL,0,No,Yes,1,11,1.75,563.0,2,0.0,3.52,5.571428571428571
8263-OKETD,20,68.9,Month-to-month,Credit card (automatic),DSL,0,No,No,3,25,0.47058823529411764,531.875,3,0.3333333333333333,6.234999999999999,10.964285714285714
0670-KDOMA,1,20.25,Month-to-month,Mailed check,No,0,No,No,0,14,0.5555555555555556,525.6,1,0.0,4.07,0.0
2476-YGEFM,29,76.0,Month-to-month,Credit card (automatic),Fiber optic,0,No,No,0,13,0.625,577.4,5,0.0,7.304,0.0
8687-BAFGU,1,74.0,Month-to-month,Electronic check,Fiber optic,0,No,No,1,17,0.8888888888888888,842.875,0,0.0,0.0,6.142857142857143
0641-EVBOJ,3,82.3,Month-to-month,Mailed check,Fiber optic,0,No,No,2,22,0.6923076923076923,759.2222222222222,2,0.5,5.89,6.277777777777778
0829-XXPLX,20,89.4,Month-to-month,Bank transfer (automatic),Fiber optic,0,No,No,3,30,0.30434782608695654,496.0,0,0.0,0.0,2.5238095238095237
9974-JFBHQ,64,99.15,Month-to-month,Credit card (automatic),Fiber optic,0,No,Yes,4,22,0.5714285714285714,524.75,1,1.0,0.0,6.444444444444445
5356-RHIPP,1,20.2,Month-to-month,Mailed check,No,0,No,No,0,18,0.6363636363636364,602.0,3,0.6666666666666666,3.0,0.0
6624-JDRDS,6,29.45,Month-to-month,Bank transfer (automatic),DSL,0,No,No,1,12,2.0,453.375,2,0.5,6.06,10.4
0608-JDVEC,50,19.8,Two year,Electronic check,No,0,Yes,No,0,12,0.3333333333333333,521.0,1,0.0,6.93,0.0
9780-FKVVF,6,59.15,Month-to-month,Bank transfer (automatic),DSL,0,No,No,2,23,0.35294117647058826,473.1666666666667,0,0.0,0.0,9.384615384615385
1919-RTPQD,7,44.75,Month-to-month,Electronic check,DSL,0,Yes,Yes,0,21,0.4,576.8333333333334,0,0.0,0.0,0.0
5214-NLTIT,72,90.8,Two year,Credit card (automatic),Fiber optic,0,Yes,Yes,2,11,0.1,288.0,2,0.5,2.67,3.4615384615384617
3345-PBBFH,8,49.55,Month-to-month,Bank transfer (automatic),DSL,0,Yes,No,1,26,0.625,370.6,1,1.0,0.0,4.909090909090909
5055-BRMNE,67,106.7,Two year,Credit card (automatic),Fiber optic,0,Yes,Yes,4,25,0.3888888888888889,394.42857142857144,1,0.0,1.21,6.585365853658536
9189-JWSHV,24,93.55,Month-to-month,Electronic check,Fiber optic,1,Yes,No,2,16,0.14285714285714285,397.5,1,0.0,8.38,3.8
2190-PHBHR,72,94.45,Two year,Credit card (automatic),Fiber optic,0,Yes,No,3,23,0.35294117647058826,542.8333333333334,2,0.0,9.335,5.827586206896552
2650-GYRYL,33,19.45,One year,Bank transfer (automatic),No,0,Yes,Yes,0,13,0.8571428571428571,731.6666666666666,1,0.0,3.58,0.0
0746-JTRFU,2,25.05,Month-to-month,Electronic check,DSL,0,No,No,0,13,0.625,520.4,5,0.8,35.2,0.0
5208-FVQKB,70,67.95,Two year,Mailed check,DSL,0,Yes,No,4,18,1.0,650.1111111111111,3,0.0,7.363333333333333,5.7631578947368425
7184-LRUUR,22,65.25,One year,Bank transfer (automatic),DSL,0,No,No,3,26,1.1666666666666667,668.9285714285714,3,0.3333333333333333,20.310000000000002,5.92
6627-CFOSN,59,99.45,Month-to-month,Bank transfer (automatic),Fiber optic,0,No,No,4,18,0.6363636363636364,498.42857142857144,3,0.3333333333333333,1.6,4.333333333333333
3982-JGSFD,36,20.35,One year,Credit card (automatic),No,0,No,No,0,10,0.25,488.0,1,1.0,0.0,0.0
1574-DYCWE,51,19.95,Two year,Mailed check,No,0,Yes,Yes,0,16,0.6,611.6666666666666,1,0.0,5.67,0.0
7247-XOZPB,53,77.4,One year,Bank transfer (automatic),DSL,0,Yes,No,4,18,0.6363636363636364,521.5714285714286,0,0.0,0.0,5.913043478260869
2466-FCCPT,20,19.7,One year,Bank transfer (automatic),No,0,Yes,Yes,0,16,0.23076923076923078,216.66666666666666,1,0.0,5.4,0.0
6211-WWLTF,63,99.7,Two year,Credit card (automatic),Fiber optic,0,Yes,No,4,16,0.7777777777777778,534.4285714285714,3,1.0,0.0,8.705882352941176
4826-TZEVA,40,74.8,Month-to-month,Credit card (automatic),Fiber optic,0,No,No,1,16,0.23076923076923078,649.3333333333334,1,0.0,8.27,8.461538461538462
6016-NXBNJ,35,19.15,One year,Mailed check,No,0,No,No,0,23,0.4375,495.2857142857143,0,0.0,0.0,0.0
9138-EFSMO,26,78.95,One year,Bank transfer (automatic),Fiber optic,0,Yes,Yes,1,12,0.5,524.75,2,0.0,31.160000000000004,6.714285714285714
0576-WNXXC,27,95.55,Month-to-month,Electronic check,Fiber optic,1,Yes,No,3,16,0.14285714285714285,332.5,2,0.5,6.01,2.1
4632-XJMEX,53,62.85,One year,Credit card (automatic),DSL,0,No,Yes,3,19,0.9,494.77777777777777,0,0.0,0.0,9.814814814814815
8910-LEDAG,34,71.55,Month-to-month,Credit card (automatic),Fiber optic,1,Yes,No,0,27,0.42105263157894735,393.0,4,0.0,7.3475,0.0
3452-GWUIN,19,94.95,Month-to-month,Electronic check,Fiber optic,1,Yes,No,2,26,0.4444444444444444,645.0,2,1.0,0.0,5.5625
2716-GFZOR,43,86.1,Month-to-month,Credit card (automatic),Fiber optic,0,Yes,No,3,22,0.29411764705882354,542.0,1,0.0,4.52,12.0
3724-UCSHY,6,19.55,Month-to-month,Mailed check,No,0,Yes,Yes,0,26,0.4444444444444444,513.25,2,0.0,3.2249999999999996,0.0
8626-XHBIE,56,24.8,Two year,Mailed check,No,0,No,Yes,0,17,0.4166666666666667,472.8,1,1.0,0.0,0.0
4628-CTTLA,57,39.3,Month-to-month,Electronic check,DSL,0,No,No,2,10,1.0,348.0,1,0.0,20.77,6.071428571428571
3192-LNKRK,34,84.05,Month-to-month,Mailed check,Fiber optic,0,Yes,Yes,2,30,0.5789473684210527,524.3636363636364,1,1.0,0.0,9.411764705882353
4439-YRNVD,10,36.25,Month-to-month,Electronic check,DSL,0,No,No,2,27,0.35,446.7142857142857,0,0.0,0.0,7.333333333333333
2876-VBBBL,1,20.25,Month-to-month,Mailed check,No,0,No,No,0,26,1.0,463.3076923076923,1,0.0,5.03,0.0
6834-NXDCA,13,23.9,Month-to-month,Electronic check,DSL,0,No,No,0,26,0.3,570.3333333333334,1,1.0,0.0,0.0
2208-UGTGR,56,98.6,Month-to-month,Electronic check,Fiber optic,0,No,No,3,14,0.75,627.6666666666666,2,0.0,10.934999999999999,20.043478260869566
3005-TYFRD,55,103.65,Month-to-month,Credit card (automatic),Fiber optic,0,Yes,No,4,25,0.47058823529411764,528.125,2,0.0,3.71,6.457142857142857
8670-MEFCP,36,92.9,Two year,Credit card (automatic),DSL,0,Yes,Yes,6,20,0.25,564.5,1,0.0,16.26,5.74468085106383
3079-BCHLN,47,19.9,One year,Bank transfer (automatic),No,0,Yes,No,0,30,0.42857142857142855,472.8888888888889,2,0.0,23.665,0.0
7777-UNYHB,12,20.1,Month-to-month,Credit card (automatic),No,0,Yes,Yes,0,20,0.3333333333333333,589.0,1,0.0,8.2,0.0
5597-GLBUC,1,85.45,Month-to-month,Electronic check,Fiber optic,0,No,No,2,21,0.5,646.7142857142857,2,0.5,6.9,4.0
7278-CKDNC,24,80.5,Month-to-month,Electronic check,Fiber optic,1,No,No,1,15,0.25,297.6666666666667,1,1.0,0.0,2.9
2748-MYRVK,63,99.9,One year,Bank transfer (automatic),Fiber optic,0,No,No,3,11,0.5714285714285714,707.75,2,0.0,19.41,3.076923076923077
8450-UYIBU,35,39.85,Month-to-month,Electronic check,DSL,1,No,No,2,16,0.6,787.1666666666666,2,0.0,34.34,2.3125
2969-VAPYH,67,60.5,One year,Credit card (automatic),DSL,0,No,No,3,18,0.125,628.0,0,0.0,0.0,6.296296296296297
4822-YCXMX,25,84.8,Month-to-month,Electronic check,Fiber optic,0,No,No,1,30,0.5,293.6,2,0.0,15.95,3.4444444444444446
7181-OQCUT,21,103.85,Month-to-month,Mailed check,Fiber optic,0,No,No,4,20,0.25,325.25,1,0.0,3.19,5.542857142857143
8474-UMLNT,13,67.8,Month-to-month,Bank transfer (automatic),DSL,0,No,No,4,23,0.7692307692307693,475.6,1,0.0,25.3,6.305555555555555
9821-POOTN,35,75.2,Month-to-month,Electronic check,Fiber optic,0,Yes,No,0,16,0.45454545454545453,587.8,0,0.0,0.0,0.0
3836-FZSDJ,71,24.85,Two year,Bank transfer (automatic),No,1,Yes,No,0,28,0.3333333333333333,735.0,0,0.0,0.0,0.0
9142-XMYJH,29,19.35,Month-to-month,Credit card (automatic),No,0,No,No,0,26,0.3,292.8333333333333,1,1.0,0.0,0.0
6559-ILWKJ,71,49.35,Two year,Electronic check,DSL,0,Yes,No,3,10,2.3333333333333335,466.42857142857144,0,0.0,0.0,2.0
0187-QSXOE,7,89.0,Month-to-month,Electronic check,Fiber optic,1,Yes,No,2,20,0.42857142857142855,535.3333333333334,2,0.5,3.99,4.642857142857143
7733-UDMTP,57,55.0,Month-to-month,Electronic check,DSL,1,No,No,4,30,0.7647058823529411,534.8461538461538,2,0.0,12.115,11.024390243902438
2649-HWLYB,65,76.15,Two year,Bank transfer (automatic),DSL,0,Yes,No,4,30,0.5,586.5,3,0.3333333333333333,4.05,5.75
5214-CHIWJ,27,20.3,One year,Mailed check,No,0,No,No,0,15,0.875,422.85714285714283,0,0.0,0.0,0.0
4229-CZMLL,6,74.9,Month-to-month,Electronic check,Fiber optic,0,No,No,0,29,0.16,329.25,0,0.0,0.0,0.0
6904-JLBGY,72,117.35,Two year,Credit card (automatic),Fiber optic,1,No,No,6,10,0.25,472.0,1,0.0,6.98,6.555555555555555
2465-BLLEU,1,19.75,Month-to-month,Mailed check,No,0,No,No,0,14,0.16666666666666666,604.5,3,0.0,22.013333333333332,0.0
1685-VAYJF,11,45.2,Month-to-month,Credit card (automatic),DSL,0,No,No,0,28,0.75,478.5833333333333,4,0.25,13.479999999999999,0.0
8874-EJNSR,39,25.2,Two year,Mailed check,No,0,Yes,Yes,0,20,0.5384615384615384,394.85714285714283,2,0.5,10.67,0.0
6917-YACBP,59,89.75,Month-to-month,Electronic check,Fiber optic,1,No,No,3,29,0.2608695652173913,304.3333333333333,2,0.0,11.295,5.238095238095238
5049-MUBWG,26,75.0,One year,Bank transfer (automatic),DSL,0,No,No,4,23,0.2777777777777778,477.6,1,0.0,6.48,6.8604651162790695
4223-WOZCM,2,49.95,Month-to-month,Mailed check,DSL,1,No,No,1,19,0.46153846153846156,582.0,3,0.0,13.063333333333333,25.88888888888889
0769-MURVM,72,65.7,Two year,Bank transfer (automatic),DSL,0,Yes,Yes,6,18,1.0,504.55555555555554,1,0.0,11.38,9.03921568627451
9253-VIFJQ,65,67.05,One year,Credit card (automatic),DSL,0,Yes,No,3,23,0.9166666666666666,557.7272727272727,1,0.0,32.72,3.8421052631578947
7030-FZTFM,72,110.9,Two year,Credit card (automatic),Fiber optic,0,Yes,Yes,5,14,0.75,578.1666666666666,0,0.0,0.0,16.319148936170212
9741-YLNTD,6,87.95,Month-to-month,Bank transfer (automatic),Fiber optic,0,No,No,2,24,0.3333333333333333,591.1666666666666,0,0.0,0.0,5.285714285714286
5917-RYRMG,32,19.8,One year,Credit card (automatic),No,1,No,No,0,17,1.8333333333333333,569.3636363636364,2,0.5,14.52,0.0
5120-ZBLAI,50,75.7,One year,Bank transfer (automatic),DSL,0,Yes,No,3,12,0.09090909090909091,594.0,2,0.5,4.85,8.925925925925926
1194-BHJYC,61,62.15,Two year,Mailed check,DSL,0,Yes,No,5,10,0.25,485.0,5,0.4,8.56,11.146341463414634
3663-MITLP,15,101.25,Month-to-month,Electronic check,Fiber optic,0,No,No,4,10,0.42857142857142855,565.3333333333334,1,0.0,4.97,3.142857142857143
0906-QVPMS,72,115.15,Two year,Bank transfer (automatic),Fiber optic,0,Yes,No,6,11,0.5714285714285714,261.25,2,0.0,6.9350000000000005,4.571428571428571
9025-ZRPVR,9,18.95,Month-to-month,Mailed check,No,0,No,No,0,11,0.375,540.6666666666666,1,0.0,21.94,0.0
1905-OEILC,1,19.5,Month-to-month,Mailed check,No,0,No,No,0,12,0.2,488.0,2,0.0,8.33,0.0
7858-GTZSP,12,86.55,Month-to-month,Electronic check,Fiber optic,0,No,No,1,30,0.5789473684210527,582.1818181818181,0,0.0,0.0,2.4545454545454546
3285-UCQVC,37,28.6,Month-to-month,Credit card (automatic),DSL,0,No,No,1,11,0.2222222222222222,217.5,1,0.0,103.79,7.333333333333333
6248-BSHKG,61,20.4,One year,Mailed check,No,0,Yes,Yes,0,28,0.8666666666666667,722.0,1,0.0,1.36,0.0
4685-TFLLS,18,19.8,One year,Bank transfer (automatic),No,0,Yes,Yes,0,10,0.25,341.5,0,0.0,0.0,0.0
3470-BTGQO,21,45.65,Month-to-month,Mailed check,DSL,0,No,Yes,0,16,0.45454545454545453,643.0,4,0.0,8.015,0.0
1209-VFFOC,68,56.4,Two year,Mailed check,DSL,0,Yes,Yes,5,16,0.06666666666666667,382.0,3,0.0,9.203333333333333,19.543478260869566
8224-DWCKX,12,73.3,Month-to-month,Credit card (automatic),Fiber optic,1,No,No,0,30,0.6666666666666666,645.6666666666666,2,1.0,0.0,0.0
5482-PLVPE,2,24.35,Month-to-month,Electronic check,DSL,1,No,No,0,27,0.6875,539.2727272727273,1,1.0,0.0,0.0
4553-DVPZG,62,101.35,Month-to-month,Electronic check,Fiber optic,0,Yes,No,3,30,0.30434782608695654,432.42857142857144,5,0.4,2.6166666666666667,9.619047619047619
4902-OHLSK,29,98.65,Month-to-month,Electronic check,Fiber optic,1,No,No,3,20,0.8181818181818182,487.0,1,0.0,3.75,4.0
6917-IAYHD,1,33.6,Month-to-month,Mailed check,DSL,0,No,Yes,2,10,0.42857142857142855,526.0,0,0.0,0.0,5.090909090909091
0495-ZBNGW,5,79.9,Month-to-month,Bank transfer (automatic),Fiber optic,1,Yes,No,1,28,0.4,370.625,1,0.0,79.62,3.6666666666666665
8620-RJPZN,1,20.7,Month-to-month,Electronic check,No,0,No,No,0,14,0.16666666666666666,242.0,2,0.0,17.060000000000002,0.0
7572-KPVKK,62,104.05,Two year,Electronic check,Fiber optic,0,No,Yes,4,21,1.1,640.4545454545455,1,0.0,17.76,2.8947368421052633
2642-MAWLJ,36,20.25,Two year,Bank transfer (automatic),No,0,Yes,Yes,0,27,0.5,594.8888888888889,1,0.0,28.79,0.0
2357-COQEK,28,103.3,Month-to-month,Electronic check,Fiber optic,1,No,No,4,14,0.2727272727272727,590.3333333333334,2,0.5,5.89,5.416666666666667
7103-ZGVNT,69,73.7,One year,Credit card (automatic),DSL,0,Yes,Yes,4,20,1.2222222222222223,538.1818181818181,1,0.0,3.11,24.235294117647058
3737-GCSPV,11,96.2,Month-to-month,Credit card (automatic),Fiber optic,0,Yes,No,3,16,0.6,513.1666666666666,0,0.0,0.0,3.5
2027-WKXMW,63,108.75,Month-to-month,Electronic check,Fiber optic,0,Yes,No,5,29,0.3181818181818182,645.0,0,0.0,0.0,6.088235294117647
7137-NAXML,23,20.15,One year,Bank transfer (automatic),No,0,No,No,0,23,0.35294117647058826,572.5,2,0.0,4.49,0.0
2428-ZMCTB,10,19.75,Month-to-month,Credit card (automatic),No,0,No,No,0,21,0.6153846153846154,479.375,1,0.0,1.35,0.0
2961-VNFKL,71,25.95,Two year,Credit card (automatic),No,0,Yes,No,0,15,0.5,932.0,1,0.0,7.59,0.0
1768-HNVGJ,45,70.05,Month-to-month,Electronic check,DSL,1,No,No,3,26,1.3636363636363635,493.46666666666664,0,0.0,0.0,7.393939393939394
6963-KQYQB,70,24.05,Two year,Mailed check,No,0,Yes,Yes,0,17,0.5454545454545454,673.8333333333334,2,0.0,3.585,0.0
5934-RMPOV,22,84.75,Month-to-month,Electronic check,Fiber optic,0,No,Yes,1,29,1.2307692307692308,565.0,4,0.0,14.49,3.2
1207-BLKSA,52,23.05,Two year,Mailed check,No,0,Yes,Yes,0,10,0.42857142857142855,1149.6666666666667,2,0.0,1.535,0.0
4088-YLDSU,55,104.15,One year,Electronic check,Fiber optic,0,Yes,No,4,18,0.2857142857142857,563.25,1,0.0,27.93,7.444444444444445
8316-BBQAY,65,59.95,Two year,Credit card (automatic),DSL,0,No,No,5,16,0.6,554.1666666666666,1,0.0,11.86,6.4222222222222225
1166-PQLGG,72,19.55,Two year,Bank transfer (automatic),No,0,Yes,Yes,0,25,0.7857142857142857,517.2727272727273,0,0.0,0.0,0.0
3146-JTQHR,10,19.6,One year,Bank transfer (automatic),No,0,Yes,No,0,13,0.625,536.6,0,0.0,0.0,0.0
4291-YZODP,7,20.05,One year,Mailed check,No,0,No,Yes,0,21,0.6153846153846154,569.5,3,0.0,1.2366666666666666,0.0
4395-PZMSN,5,85.55,Month-to-month,Electronic check,Fiber optic,1,No,No,2,17,0.8888888888888888,404.0,1,0.0,8.44,5.625
6427-FEFIG,24,78.6,Two year,Credit card (automatic),DSL,0,Yes,Yes,4,16,0.7777777777777778,397.57142857142856,2,0.5,3.42,4.930232558139535
0017-IUDMW,72,116.8,Two year,Credit card (automatic),Fiber optic,0,Yes,Yes,6,20,0.25,931.25,2,0.0,7.119999999999999,5.1568627450980395
8706-HRADD,21,43.55,Month-to-month,Mailed check,DSL,0,No,No,3,16,0.6,579.3333333333334,2,0.0,5.07,4.409090909090909
9955-QOPOY,69,60.8,One year,Credit card (automatic),DSL,0,Yes,No,5,20,0.6666666666666666,401.5,3,0.3333333333333333,18.11,4.6571428571428575
4385-ZKVNW,44,54.9,Month-to-month,Bank transfer (automatic),DSL,0,Yes,Yes,2,28,0.47368421052631576,226.66666666666666,1,1.0,0.0,8.6
5446-DKWYW,61,65.2,One year,Electronic check,DSL,1,Yes,Yes,2,21,0.6153846153846154,673.0,1,0.0,5.76,2.95
2034-CGRHZ,24,102.95,Month-to-month,Credit card (automatic),Fiber optic,1,No,No,4,16,0.6,300.0,2,0.0,49.925,4.291666666666667
5797-APWZC,1,90.6,Month-to-month,Electronic check,Fiber optic,0,No,No,2,24,0.7142857142857143,543.3,5,0.6,11.995,6.333333333333333
3683-QKIUE,6,50.8,Month-to-month,Bank transfer (automatic),DSL,0,No,No,1,19,0.46153846153846156,644.0,2,1.0,0.0,4.0
4228-ZGYUW,4,90.05,Month-to-month,Electronic check,Fiber optic,0,No,No,2,25,0.3888888888888889,628.8571428571429,4,0.25,11.583333333333334,1.7
9031-ZVQPT,72,108.2,Two year,Electronic check,Fiber optic,0,Yes,No,5,30,0.42857142857142855,407.6666666666667,0,0.0,0.0,4.775510204081633
2990-IAJSV,72,92.0,Two year,Bank transfer (automatic),DSL,0,No,No,6,25,0.3157894736842105,367.5,2,0.5,20.3,5.375
8107-KNCIM,14,75.1,Month-to-month,Electronic check,Fiber optic,1,Yes,No,0,20,0.5384615384615384,448.14285714285717,2,0.0,18.735,0.0
9027-YFHQJ,7,25.05,Month-to-month,Bank transfer (automatic),No,0,No,No,0,27,0.2857142857142857,408.6666666666667,0,0.0,0.0,0.0
5176-LDKUH,48,75.15,One year,Electronic check,Fiber optic,0,No,No,1,20,0.42857142857142855,377.8333333333333,2,0.0,1.4249999999999998,5.0
4644-OBGFZ,55,19.5,One year,Mailed check,No,0,Yes,Yes,0,19,0.5833333333333334,350.2857142857143,0,0.0,0.0,0.0
7926-IJOOU,1,19.3,Month-to-month,Credit card (automatic),No,0,No,No,0,27,0.5,752.1111111111111,1,0.0,71.52,0.0
6480-YAGIY,45,112.2,One year,Credit card (automatic),Fiber optic,0,No,No,6,30,0.5789473684210527,584.3636363636364,0,0.0,0.0,16.05
4029-HPFVY,3,70.3,Month-to-month,Mailed check,Fiber optic,0,No,No,0,29,0.3181818181818182,439.7142857142857,2,0.0,3.9349999999999996,0.0
9019-QVLZD,1,79.55,Month-to-month,Electronic check,Fiber optic,0,No,No,1,16,0.23076923076923078,391.3333333333333,0,0.0,0.0,8.125
7602-DBTOU,71,19.6,Two year,Mailed check,No,0,Yes,No,0,13,0.8571428571428571,591.5,3,0.0,10.623333333333333,0.0
5345-BMKWB,8,20.25,Month-to-month,Mailed check,No,0,Yes,No,0,13,0.3,437.3333333333333,1,0.0,6.0,0.0
3519-ZKXGG,3,75.85,Month-to-month,Electronic check,Fiber optic,0,Yes,No,0,25,0.6666666666666666,508.8,2,0.0,17.895000000000003,0.0
5457-COLHT,69,80.65,Two year,Bank transfer (automatic),DSL,0,Yes,Yes,5,14,0.75,471.0,0,0.0,0.0,3.5869565217391304
6416-TVAIH,1,68.5,Month-to-month,Electronic check,Fiber optic,0,Yes,Yes,0,17,0.21428571428571427,311.3333333333333,5,0.2,7.8875,0.0
5451-YHYPW,72,115.75,Two year,Credit card (automatic),Fiber optic,1,Yes,No,6,27,0.42105263157894735,478.0,1,0.0,2.18,8.755555555555556
5108-ADXWO,11,73.5,Month-to-month,Electronic check,Fiber optic,0,No,No,1,29,0.38095238095238093,329.625,2,0.0,33.635,4.8
7998-WNZEM,71,80.6,Two year,Bank transfer (automatic),DSL,0,No,No,5,22,0.6923076923076923,353.3333333333333,2,0.0,10.899999999999999,6.413043478260869
3066-RRJIO,1,69.95,Month-to-month,Mailed check,Fiber optic,0,No,No,0,15,0.36363636363636365,519.5,0,0.0,0.0,0.0
4664-NJCMS,33,59.55,Two year,Bank transfer (automatic),DSL,0,Yes,No,5,29,0.8125,480.2307692307692,0,0.0,0.0,10.148936170212766
0307-BCOPK,16,19.05,One year,Mailed check,No,0,No,No,0,11,0.2222222222222222,327.5,3,0.0,8.496666666666668,0.0
7629-WFGLW,56,95.65,One year,Electronic check,Fiber optic,1,Yes,No,4,21,0.6153846153846154,394.0,1,0.0,2.47,4.314285714285714
2542-HYGIQ,1,19.95,Month-to-month,Credit card (automatic),No,0,No,No,0,20,1.0,594.4,1,0.0,1.52,0.0
6715-OFDBP,5,70.05,Month-to-month,Electronic check,DSL,0,No,No,3,14,0.2727272727272727,500.3333333333333,3,0.6666666666666666,15.92,2.5652173913043477
5016-LIPDW,57,19.4,One year,Mailed check,No,0,Yes,Yes,0,21,0.3125,601.0,1,1.0,0.0,0.0
6481-LXPWL,56,36.1,One year,Credit card (automatic),DSL,0,Yes,Yes,2,18,1.0,479.3333333333333,4,0.0,12.555,3.4285714285714284
1567-DSCIC,8,94.0,Month-to-month,Electronic check,Fiber optic,0,No,No,3,18,0.2857142857142857,254.0,5,0.2,44.2175,7.541666666666667
2150-UWTFY,22,61.15,Month-to-month,Mailed check,DSL,0,Yes,Yes,3,12,0.3333333333333333,247.33333333333334,2,0.0,45.83,2.7222222222222223
6124-ACRHJ,1,19.75,Month-to-month,Mailed check,No,0,No,No,0,27,0.35,503.2857142857143,2,0.0,21.715000000000003,0.0
9362-MWODR,40,64.1,Month-to-month,Credit card (automatic),DSL,0,No,Yes,3,28,1.0,594.0,3,0.6666666666666666,6.34,2.303030303030303
9975-GPKZU,46,19.75,Two year,Credit card (automatic),No,0,Yes,Yes,0,13,0.4444444444444444,575.0,0,0.0,0.0,0.0
9625-RZFUK,63,19.7,Two year,Mailed check,No,0,Yes,Yes,0,19,0.35714285714285715,615.8,3,0.3333333333333333,7.195,0.0
5153-LXKDT,68,110.2,Two year,Electronic check,Fiber optic,0,Yes,Yes,5,27,0.2857142857142857,379.6666666666667,3,0.0,21.813333333333333,8.272727272727273
5161-UBZXI,69,106.35,Two year,Credit card (automatic),Fiber optic,0,Yes,Yes,5,11,1.75,562.4285714285714,0,0.0,0.0,13.153846153846153
1020-JPQOW,56,90.55,Month-to-month,Electronic check,Fiber optic,0,Yes,No,3,10,0.6666666666666666,871.25,2,0.0,4.205,11.458333333333334
7919-ZODZZ,10,65.9,One year,Mailed check,DSL,0,Yes,Yes,3,25,0.47058823529411764,340.375,5,0.0,9.431999999999999,4.933333333333334
0565-JUPYD,63,104.5,One year,Credit card (automatic),Fiber optic,0,No,No,5,21,0.75,554.4444444444445,3,0.0,1.9366666666666665,4.339622641509434
6867-ACCZI,24,52.5,Two year,Mailed check,DSL,0,Yes,Yes,5,22,0.375,503.1666666666667,0,0.0,0.0,2.7777777777777777
5939-XAIXZ,19,56.1,Month-to-month,Mailed check,DSL,0,No,No,1,17,0.3076923076923077,535.5,4,0.0,9.705,3.727272727272727
9054-FOWNV,22,88.75,Month-to-month,Electronic check,Fiber optic,0,Yes,Yes,2,20,0.25,461.0,3,0.3333333333333333,4.86,5.8
2683-BPJSO,29,84.45,Month-to-month,Electronic check,Fiber optic,0,Yes,No,2,13,0.3,724.6666666666666,4,0.75,55.93,1.8823529411764706
2157-MXBJS,13,75.3,One year,Mailed check,DSL,0,Yes,No,3,23,0.4375,323.57142857142856,1,1.0,0.0,3.391304347826087
8207-VVMYB,70,26.0,Two year,Bank transfer (automatic),No,0,Yes,No,0,16,0.6,444.1666666666667,0,0.0,0.0,0.0
9732-EQMWY,49,99.4,Month-to-month,Electronic check,Fiber optic,0,Yes,No,4,23,0.6428571428571429,611.3333333333334,1,0.0,16.81,7.384615384615385
9360-AHGNL,43,109.55,One year,Mailed check,Fiber optic,1,Yes,No,5,23,0.21052631578947367,308.5,0,0.0,0.0,3.6363636363636362
1087-UDSIH,3,19.6,Month-to-month,Mailed check,No,0,No,No,0,15,0.36363636363636365,301.25,0,0.0,0.0,0.0
5269-NRGDP,42,73.15,One year,Electronic check,DSL,0,Yes,Yes,4,10,1.5,557.3333333333334,2,0.0,2.325,20.434782608695652
6195-MELTI,57,54.65,One year,Mailed check,DSL,0,No,No,2,15,0.5,592.0,3,0.3333333333333333,14.39,6.5
5485-WUYWF,2,66.4,Month-to-month,Bank transfer (automatic),DSL,1,No,No,3,15,0.6666666666666666,398.8333333333333,4,1.0,0.0,2.5714285714285716
2121-JAFOM,72,115.55,Two year,Credit card (automatic),Fiber optic,0,Yes,No,6,17,0.21428571428571427,331.0,0,0.0,0.0,3.425
8818-DOPVL,46,104.45,Month-to-month,Electronic check,Fiber optic,1,No,No,4,27,0.6875,251.45454545454547,2,1.0,0.0,5.742857142857143
2632-UCGVD,66,100.05,Month-to-month,Credit card (automatic),Fiber optic,1,Yes,No,3,19,0.26666666666666666,311.0,0,0.0,0.0,2.263157894736842
5445-PZWGX,62,102.0,One year,Electronic check,Fiber optic,0,No,No,4,22,0.5714285714285714,436.875,1,0.0,7.73,2.0
1227-UDMZR,72,91.15,Two year,Bank transfer (automatic),DSL,0,Yes,No,6,28,0.5555555555555556,543.4,0,0.0,0.0,3.3442622950819674
5198-HQAEN,35,89.7,One year,Electronic check,Fiber optic,0,Yes,Yes,3,24,0.7142857142857143,521.8,1,0.0,4.4,19.8
9170-CCKOU,17,90.2,Month-to-month,Credit card (automatic),Fiber optic,0,Yes,No,3,28,0.5555555555555556,551.1,2,0.5,25.69,6.333333333333333
2167-FQSTQ,72,92.4,Two year,Electronic check,DSL,0,Yes,No,6,25,0.9230769230769231,612.5,0,0.0,0.0,8.416666666666666
2819-GWENI,28,19.9,One year,Mailed check,No,0,Yes,Yes,0,14,1.3333333333333333,507.75,1,0.0,3.24,0.0
1043-YCUTE,56,25.15,Two year,Credit card (automatic),No,0,Yes,No,0,20,0.8181818181818182,584.2222222222222,3,0.6666666666666666,11.65,0.0
3814-MLAXC,31,79.85,Month-to-month,Credit card (automatic),Fiber optic,0,No,No,1,17,0.5454545454545454,963.6666666666666,2,0.5,8.9,5.4
3572-UUHRS,45,18.85,One year,Bank transfer (automatic),No,0,No,No,0,21,0.3125,427.2,1,0.0,2.97,0.0
2692-PFYTJ,1,25.75,Month-to-month,Mailed check,No,0,No,No,0,26,0.625,747.7,3,0.0,2.6766666666666663,0.0
1226-UDFZR,2,49.6,Month-to-month,Mailed check,DSL,0,No,No,1,12,0.7142857142857143,547.2,5,0.4,21.646666666666665,4.125
5955-EPOAZ,6,20.95,Month-to-month,Mailed check,No,0,No,No,0,26,0.5294117647058824,342.8888888888889,2,0.5,13.36,0.0
6821-JPCDC,48,97.05,One year,Electronic check,Fiber optic,0,Yes,No,4,11,0.8333333333333334,569.2,2,0.0,13.655000000000001,7.641025641025641
8815-LMFLX,25,25.4,Month-to-month,Bank transfer (automatic),No,0,Yes,Yes,0,17,0.5454545454545454,414.1666666666667,1,1.0,0.0,0.0
9135-HSWOC,64,19.7,Two year,Bank transfer (automatic),No,0,Yes,Yes,0,24,0.7142857142857143,586.1,0,0.0,0.0,0.0
8582-KRHPJ,50,35.0,Month-to-month,Mailed check,DSL,0,No,No,2,10,0.42857142857142855,433.3333333333333,2,0.0,17.745,4.6
5811-IWXYM,52,101.25,One year,Bank transfer (automatic),Fiber optic,0,Yes,Yes,3,21,0.6153846153846154,398.0,4,0.5,4.82,4.962962962962963
7044-YAACC,4,70.2,Month-to-month,Electronic check,Fiber optic,1,Yes,No,0,25,0.19047619047619047,248.5,3,0.0,7.69,0.0
8189-XRIKE,32,90.95,Month-to-month,Electronic check,Fiber optic,1,No,No,2,22,0.4666666666666667,629.0,4,0.0,9.514999999999999,5.857142857142857
1506-YJTYT,45,73.85,Two year,Credit card (automatic),DSL,0,Yes,Yes,4,19,0.46153846153846156,524.8333333333334,0,0.0,0.0,20.782608695652176
4123-DVHPH,9,88.05,Month-to-month,Electronic check,Fiber optic,0,Yes,No,2,22,0.2222222222222222,273.5,5,0.2,10.8475,2.588235294117647
6425-YQLLO,66,105.95,One year,Credit card (automatic),Fiber optic,1,Yes,No,4,14,0.16666666666666666,180.5,1,1.0,0.0,6.038461538461538
5442-UTCVD,3,91.85,Month-to-month,Electronic check,Fiber optic,0,No,Yes,2,23,0.2777777777777778,671.6,5,0.2,28.965,9.083333333333334
2228-BZDEE,54,20.1,Two year,Mailed check,No,0,No,No,0,13,0.625,537.6,2,0.0,16.905,0.0
7734-DBOAI,1,40.1,Month-to-month,Electronic check,DSL,0,Yes,Yes,2,23,0.4375,320.0,0,0.0,0.0,2.0833333333333335
2789-CZANW,64,110.3,Two year,Bank transfer (automatic),Fiber optic,0,Yes,Yes,5,27,0.42105263157894735,607.625,0,0.0,0.0,2.1481481481481484
2091-RFFBA,31,73.9,Month-to-month,Electronic check,Fiber optic,1,No,No,0,28,0.3333333333333333,421.14285714285717,3,1.0,0.0,0.0
2114-MGINA,14,89.8,Month-to-month,Mailed check,Fiber optic,0,No,No,2,14,0.4,635.0,4,0.0,11.6125,3.272727272727273
7596-LDUXP,12,85.15,One year,Credit card (automatic),Fiber optic,0,No,No,2,29,0.5263157894736842,411.5,1,0.0,82.27,2.5
3740-RLMVT,67,60.95,One year,Bank transfer (automatic),DSL,1,Yes,No,3,15,0.875,615.0,1,0.0,3.31,3.5714285714285716
4489-SNOJF,35,72.25,Month-to-month,Electronic check,DSL,0,Yes,Yes,4,26,0.8571428571428571,583.4166666666666,1,0.0,14.77,6.37037037037037
2192-OZITF,45,73.55,Two year,Mailed check,DSL,0,No,No,3,14,0.75,692.0,2,0.0,3.76,6.59375
5651-CPDND,10,46.0,Month-to-month,Mailed check,DSL,0,No,No,0,26,0.4444444444444444,368.375,2,0.0,7.425000000000001,0.0
2186-QZEYA,29,58.55,Month-to-month,Bank transfer (automatic),DSL,1,No,No,2,19,0.7272727272727273,529.375,2,0.0,1.81,5.285714285714286
1131-ALZWV,24,24.6,One year,Bank transfer (automatic),No,0,No,No,0,10,0.42857142857142855,859.3333333333334,0,0.0,0.0,0.0
7729-XBTWX,66,19.75,Two year,Mailed check,No,0,Yes,Yes,0,30,0.30434782608695654,590.0,0,0.0,0.0,0.0
9134-WYRVP,51,86.35,One year,Mailed check,Fiber optic,0,No,No,2,28,0.47368421052631576,614.0,3,0.0,3.033333333333333,5.0
3284-SVCRO,45,25.5,Two year,Mailed check,No,0,Yes,No,0,11,0.8333333333333334,486.2,2,0.5,2.32,0.0
9732-OUYRN,49,19.0,One year,Credit card (automatic),No,0,Yes,No,0,16,0.23076923076923078,384.6666666666667,1,0.0,13.56,0.0
0559-CKHUS,29,19.55,Two year,Mailed check,No,0,Yes,No,0,28,0.21739130434782608,295.0,1,0.0,4.53,0.0
2931-SVLTV,40,110.1,Month-to-month,Credit card (automatic),Fiber optic,0,Yes,Yes,5,24,0.5,579.125,1,0.0,9.68,8.285714285714286
6899-PPEEA,37,96.55,Month-to-month,Electronic check,Fiber optic,1,No,No,2,10,1.0,435.4,1,0.0,16.65,4.142857142857143
7504-UWHNB,25,69.75,Month-to-month,Electronic check,Fiber optic,0,No,No,0,13,0.625,325.4,3,0.0,3.7266666666666666,0.0
2582-FFFZR,22,50.6,Month-to-month,Electronic check,DSL,0,No,No,3,16,1.0,620.75,4,0.0,16.955,2.2857142857142856
8908-NMQTX,72,65.6,Two year,Bank transfer (automatic),DSL,0,No,No,6,28,0.5555555555555556,541.4,1,1.0,0.0,4.267857142857143
2187-LZGPL,7,40.1,Month-to-month,Credit card (automatic),DSL,0,No,No,2,10,0.0,0.0,3,0.0,13.376666666666667,3.888888888888889
1431-AIDJQ,33,82.1,Two year,Credit card (automatic),DSL,0,Yes,Yes,5,18,0.5,486.3333333333333,0,0.0,0.0,11.087719298245615
6288-LBEAR,23,79.1,Month-to-month,Mailed check,Fiber optic,0,No,No,2,15,0.25,498.0,4,0.25,3.6933333333333334,5.5
4597-NUCQV,24,101.25,Month-to-month,Electronic check,Fiber optic,1,No,No,3,16,0.45454545454545453,570.6,2,0.0,17.785,2.2142857142857144
8413-YNHNV,69,90.65,Two year,Mailed check,DSL,0,No,No,6,18,0.38461538461538464,561.6,2,0.5,6.73,4.848484848484849
5808-TOTXO,3,20.55,One year,Credit card (automatic),No,0,No,Yes,0,23,0.2777777777777778,420.8,3,0.0,10.51,0.0
4369-NYSCF,56,75.75,One year,Bank transfer (automatic),DSL,0,No,No,4,24,0.7142857142857143,441.6,1,0.0,41.59,8.090909090909092
6333-YDVLT,65,110.0,One year,Credit card (automatic),Fiber optic,0,No,No,5,25,0.5625,611.6666666666666,1,0.0,9.83,5.0
5324-KTGCG,71,20.85,One year,Electronic check,No,0,Yes,No,0,28,0.5555555555555556,441.2,0,0.0,0.0,0.0
5599-HVLTW,14,80.35,Month-to-month,Bank transfer (automatic),Fiber optic,1,No,No,1,24,0.7142857142857143,565.1,2,0.0,26.564999999999998,14.181818181818182
7394-LWLYN,2,70.15,Month-to-month,Electronic check,Fiber optic,0,No,No,0,30,0.5,372.2,0,0.0,0.0,0.0
3707-LRWZD,32,84.05,One year,Electronic check,Fiber optic,0,No,No,1,30,0.5789473684210527,545.6363636363636,1,0.0,11.16,2.0
6873-UDNLD,40,67.45,Month-to-month,Electronic check,DSL,0,No,No,3,13,0.8571428571428571,584.1666666666666,2,0.0,10.48,5.3
2700-LUEVA,1,20.75,Month-to-month,Credit card (automatic),No,0,No,No,0,30,0.15384615384615385,409.0,2,0.0,3.8449999999999998,0.0
1455-ESIQH,1,89.1,Month-to-month,Electronic check,Fiber optic,0,No,No,2,27,0.42105263157894735,354.0,2,0.5,18.58,3.909090909090909
0958-YHXGP,7,69.9,Month-to-month,Mailed check,Fiber optic,0,No,No,0,24,0.7142857142857143,497.3,1,0.0,31.26,0.0
1101-SSWAG,15,51.1,Month-to-month,Electronic check,DSL,0,Yes,No,0,25,0.6666666666666666,487.3,1,0.0,17.95,0.0
2979-SXESE,17,94.4,Month-to-month,Electronic check,Fiber optic,0,Yes,Yes,3,27,0.17391304347826086,371.5,0,0.0,0.0,3.142857142857143
4013-TLDHQ,19,78.25,Month-to-month,Electronic check,Fiber optic,0,No,No,2,27,0.2857142857142857,406.8333333333333,1,1.0,0.0,3.75
5743-KHMNA,71,25.55,Two year,Bank transfer (automatic),No,0,No,No,0,29,0.2608695652173913,276.8333333333333,2,0.5,2.3,0.0
4194-FJARJ,54,60.0,Two year,Bank transfer (automatic),DSL,0,Yes,Yes,2,30,0.5,535.2,1,0.0,13.19,4.875
5325-UWTWJ,31,90.55,Month-to-month,Credit card (automatic),Fiber optic,0,Yes,No,3,18,1.0,499.6666666666667,5,0.6,10.745000000000001,15.608695652173912
3969-GYXEL,11,76.4,Month-to-month,Electronic check,Fiber optic,0,No,No,1,19,1.1111111111111112,431.1,5,0.2,7.3525,6.4
9208-OLGAQ,18,84.95,Month-to-month,Electronic check,Fiber optic,1,No,No,2,13,0.3,420.0,1,0.0,3.31,5.666666666666667
3244-CQPHU,72,110.1,Two year,Bank transfer (automatic),Fiber optic,1,No,No,5,10,0.6666666666666666,544.75,3,0.3333333333333333,29.545,5.53125
2674-MLXMN,71,99.65,Month-to-month,Credit card (automatic),Fiber optic,1,No,No,3,10,0.6666666666666666,620.5,0,0.0,0.0,11.782608695652174
9708-HPXWZ,5,45.4,Month-to-month,Credit card (automatic),DSL,1,No,No,3,20,0.5384615384615384,464.42857142857144,0,0.0,0.0,11.307692307692308
6992-TKNYO,38,69.0,One year,Credit card (automatic),DSL,0,Yes,No,3,28,0.4,617.625,0,0.0,0.0,5.392857142857143
4468-YDOVK,5,48.65,Month-to-month,Bank transfer (automatic),DSL,0,No,Yes,1,10,0.6666666666666666,436.75,0,0.0,0.0,13.11111111111111
3754-DXMRT,2,44.15,Month-to-month,Electronic check,DSL,1,No,No,0,14,0.75,456.3333333333333,0,0.0,0.0,0.0
5792-JALQC,52,59.85,Two year,Bank transfer (automatic),DSL,1,No,No,2,16,0.3333333333333333,417.75,1,0.0,19.54,19.357142857142858
7130-VTEWQ,8,75.75,Month-to-month,Electronic check,Fiber optic,1,No,No,0,17,0.4166666666666667,672.6,3,0.3333333333333333,4.205,0.0
2200-DSAAL,68,80.65,Two year,Electronic check,DSL,0,No,No,4,12,0.5,333.0,1,1.0,0.0,5.744186046511628
4302-ZYFEL,69,20.55,One year,Credit card (automatic),No,0,Yes,Yes,0,13,0.625,473.0,3,0.3333333333333333,3.87,0.0
9351-LZYGF,42,66.4,Month-to-month,Credit card (automatic),DSL,0,Yes,No,3,26,0.13043478260869565,708.6666666666666,0,0.0,0.0,4.454545454545454
4366-CTOUZ,50,100.2,Two year,Mailed check,Fiber optic,0,No,No,4,12,1.0,593.5,3,0.3333333333333333,5.574999999999999,11.057142857142857
6121-VZNQB,1,19.1,Month-to-month,Mailed check,No,0,No,No,0,28,0.6470588235294118,512.0,1,0.0,39.46,0.0
7903-CMPEY,1,80.3,Month-to-month,Electronic check,Fiber optic,1,Yes,No,1,25,0.3157894736842105,523.6666666666666,4,0.0,17.1975,2.8
1518-OMDIK,33,44.55,Month-to-month,Credit card (automatic),DSL,0,Yes,No,0,27,0.42105263157894735,486.75,3,0.3333333333333333,8.965,0.0
6671-NGWON,7,20.35,Month-to-month,Mailed check,No,0,No,No,0,14,0.07692307692307693,1108.0,0,0.0,0.0,0.0
0595-ITUDF,64,91.8,Month-to-month,Electronic check,Fiber optic,0,Yes,Yes,3,21,0.23529411764705882,450.75,0,0.0,0.0,14.642857142857142
6996-KNSML,1,74.9,Month-to-month,Electronic check,Fiber optic,0,No,No,1,12,0.3333333333333333,524.3333333333334,3,0.6666666666666666,8.52,7.8
1955-IBMMB,59,20.2,Two year,Bank transfer (automatic),No,0,No,No,0,20,1.2222222222222223,576.0,4,0.25,3.8000000000000003,0.0
0096-BXERS,6,50.35,Month-to-month,Electronic check,DSL,0,Yes,No,0,27,0.5,431.44444444444446,3,0.3333333333333333,19.75,0.0
3806-YAZOV,3,18.8,Month-to-month,Mailed check,No,0,No,No,0,19,0.46153846153846156,473.5,1,0.0,22.71,0.0
7998-ZLXWN,15,20.45,Month-to-month,Credit card (automatic),No,0,Yes,No,0,21,0.4,664.1666666666666,1,0.0,6.29,0.0
6253-WRFHY,13,64.75,One year,Electronic check,DSL,0,Yes,Yes,2,27,0.8,347.0,2,0.0,6.09,6.533333333333333
9133-AYJZG,23,98.7,Month-to-month,Credit card (automatic),Fiber optic,0,No,No,3,25,0.5625,470.8888888888889,1,0.0,2.57,3.7
2675-OTVVJ,31,89.45,Month-to-month,Electronic check,Fiber optic,1,Yes,No,2,14,0.75,643.8333333333334,2,0.0,11.925,6.473684210526316
8680-CGLTP,29,58.75,One year,Electronic check,DSL,0,No,No,3,15,0.5,291.6,0,0.0,0.0,5.3
8430-TWCBX,49,20.7,One year,Credit card (automatic),No,0,Yes,No,0,14,0.07692307692307693,491.0,0,0.0,0.0,0.0
5018-GWURO,56,85.6,Month-to-month,Bank transfer (automatic),Fiber optic,0,Yes,No,1,21,0.6153846153846154,753.125,0,0.0,0.0,6.636363636363637
6741-QRLUP,63,80.3,Two year,Credit card (automatic),DSL,0,No,No,5,24,0.6,501.55555555555554,1,0.0,7.92,6.3023255813953485
4737-HOBAX,63,79.8,Two year,Credit card (automatic),DSL,0,Yes,No,4,12,0.5,739.25,2,0.0,5.935,4.541666666666667
0537-QYZZN,24,79.85,Month-to-month,Electronic check,Fiber optic,1,Yes,Yes,1,14,0.2727272727272727,621.3333333333334,1,0.0,1.68,6.125
3340-QBBFM,36,54.1,One year,Credit card (automatic),DSL,1,Yes,No,2,11,1.2,477.6666666666667,1,0.0,29.05,6.523809523809524
1704-NRWYE,9,80.85,Month-to-month,Electronic check,Fiber optic,1,No,No,1,22,0.6923076923076923,570.1111111111111,5,0.8,20.56,2.4444444444444446
2592-SEIFQ,3,24.75,Month-to-month,Electronic check,DSL,0,No,No,0,22,1.4444444444444444,462.7692307692308,1,0.0,17.15,0.0
8200-KLNYW,21,80.9,One year,Mailed check,DSL,0,Yes,No,5,23,0.15,611.0,3,0.0,5.213333333333334,4.890909090909091
3372-CDXFJ,13,24.5,One year,Bank transfer (automatic),No,0,Yes,Yes,0,23,0.7692307692307693,441.7,0,0.0,0.0,0.0
4781-ZXYGU,1,20.15,Month-to-month,Bank transfer (automatic),No,0,Yes,Yes,0,15,0.36363636363636365,274.25,0,0.0,0.0,0.0
7632-YUTXB,25,20.05,One year,Mailed check,No,0,Yes,Yes,0,27,0.42105263157894735,512.0,1,0.0,18.19,0.0
2718-YSKCS,71,19.6,Two year,Bank transfer (automatic),No,0,Yes,Yes,0,14,0.5555555555555556,534.8,0,0.0,0.0,0.0
9896-UYMIE,66,114.3,One year,Bank transfer (automatic),Fiber optic,0,No,No,6,15,0.5,500.6,0,0.0,0.0,7.488888888888889
0853-NWIFK,45,100.3,One year,Electronic check,Fiber optic,0,No,No,4,23,0.2777777777777778,448.8,4,0.5,10.055,6.620689655172414
8212-CRQXP,22,80.0,Month-to-month,Credit card (automatic),Fiber optic,0,Yes,No,1,25,0.47058823529411764,505.0,1,0.0,7.5,5.3
6980-CDGFC,67,20.85,One year,Bank transfer (automatic),No,0,Yes,No,0,12,0.7142857142857143,526.6,2,0.5,17.48,0.0
7691-XVTZH,68,89.95,Two year,Bank transfer (automatic),Fiber optic,0,Yes,No,2,16,1.0,487.0,3,0.0,13.336666666666668,13.9
2520-SGTTA,0,20.0,Two year,Mailed check,No,0,Yes,Yes,0,11,0.375,383.6666666666667,3,0.3333333333333333,3.585,0.0
7481-ATQQS,49,90.85,Month-to-month,Credit card (automatic),Fiber optic,1,No,No,2,11,0.2222222222222222,205.5,4,0.5,18.02,4.083333333333333
2277-VWCNI,4,48.75,Month-to-month,Mailed check,DSL,1,No,No,0,30,0.5789473684210527,794.6363636363636,0,0.0,0.0,0.0
1088-CNNKB,63,80.0,One year,Credit card (automatic),DSL,0,Yes,No,5,29,1.0714285714285714,576.3333333333334,3,0.6666666666666666,6.76,5.833333333333333
8642-GVWRF,2,79.7,Month-to-month,Bank transfer (automatic),Fiber optic,0,Yes,No,2,20,0.42857142857142855,570.8333333333334,1,0.0,36.46,2.857142857142857
1930-BZLHI,21,20.35,One year,Mailed check,No,0,No,No,0,19,0.7272727272727273,558.5,0,0.0,0.0,0.0
3400-ESFUW,55,57.55,Two year,Bank transfer (automatic),DSL,0,Yes,Yes,3,30,0.30434782608695654,398.85714285714283,3,0.0,39.626666666666665,2.375
5868-YTYKS,1,20.25,Month-to-month,Mailed check,No,0,No,Yes,0,19,0.9,322.22222222222223,1,0.0,1.8,0.0
3525-DVKFN,17,19.4,Two year,Mailed check,No,0,No,No,0,29,0.2608695652173913,435.8333333333333,2,0.5,5.14,0.0
1482-OXZSY,30,100.4,Month-to-month,Bank transfer (automatic),Fiber optic,0,No,No,3,30,0.7647058823529411,668.2307692307693,1,0.0,5.51,6.884615384615385
0377-JBKKT,22,57.95,Month-to-month,Mailed check,DSL,0,Yes,Yes,3,25,0.3157894736842105,331.6666666666667,0,0.0,0.0,4.689655172413793
5778-BVOFB,9,59.5,Month-to-month,Bank transfer (automatic),DSL,0,No,No,2,15,0.25,675.6666666666666,2,0.5,37.48,4.956521739130435
3373-YZZYM,1,19.2,Month-to-month,Mailed check,No,0,Yes,Yes,0,20,0.8181818181818182,793.5555555555555,1,0.0,1.0,0.0
2057-ZBLPD,21,86.5,Month-to-month,Electronic check,Fiber optic,0,Yes,No,1,12,0.7142857142857143,499.4,1,0.0,28.2,3.0
0228-MAUWC,19,59.55,Month-to-month,Electronic check,DSL,0,No,No,2,23,0.5333333333333333,569.125,0,0.0,0.0,6.785714285714286
5502-RLUYV,69,103.95,Month-to-month,Electronic check,Fiber optic,0,Yes,Yes,4,27,0.5882352941176471,364.5,4,0.5,12.899999999999999,8.333333333333334
0023-HGHWL,1,25.1,Month-to-month,Electronic check,DSL,1,No,No,0,30,0.42857142857142855,529.3333333333334,3,0.6666666666666666,16.02,0.0
7663-YJHSN,72,103.95,Two year,Bank transfer (automatic),Fiber optic,0,Yes,No,5,30,1.1428571428571428,661.8125,0,0.0,0.0,6.9361702127659575
4915-BFSXL,70,68.95,Two year,Credit card (automatic),DSL,0,Yes,Yes,3,28,0.8666666666666667,530.3076923076923,1,1.0,0.0,2.8461538461538463
3086-RUCRN,66,103.1,Month-to-month,Bank transfer (automatic),Fiber optic,0,No,No,5,12,0.7142857142857143,447.0,3,0.0,4.066666666666666,8.041666666666666
5215-LNLDJ,7,24.7,Month-to-month,Electronic check,DSL,0,Yes,Yes,0,19,0.5833333333333334,569.1428571428571,3,0.0,3.0933333333333333,0.0
7576-JMYWV,46,110.2,Month-to-month,Electronic check,Fiber optic,1,Yes,Yes,5,22,0.6923076923076923,584.4444444444445,1,0.0,4.36,4.739130434782608
9039-RBEEE,39,48.95,Month-to-month,Credit card (automatic),DSL,0,No,No,4,16,0.45454545454545453,447.8,2,1.0,0.0,4.7368421052631575
0257-KXZGU,32,62.45,Month-to-month,Bank transfer (automatic),DSL,0,Yes,Yes,2,21,0.5,641.5714285714286,2,0.0,1.79,4.444444444444445
1307-ATKGB,24,89.55,Month-to-month,Electronic check,Fiber optic,0,No,No,3,21,0.5,590.0,5,0.4,7.91,13.727272727272727
8417-FMLZI,6,83.55,Month-to-month,Credit card (automatic),Fiber optic,0,Yes,Yes,2,15,0.36363636363636365,225.5,4,0.25,36.663333333333334,5.454545454545454
3714-XPXBW,37,78.9,Month-to-month,Credit card (automatic),DSL,0,No,No,5,15,0.875,371.42857142857144,0,0.0,0.0,3.8048780487804876
1850-AKQEP,8,20.35,Month-to-month,Mailed check,No,0,No,Yes,0,17,1.4285714285714286,578.5,1,0.0,30.89,0.0
2824-DXNKN,72,71.45,Two year,Bank transfer (automatic),DSL,0,Yes,Yes,3,26,0.3,695.3333333333334,3,0.0,5.586666666666667,5.352941176470588
5227-JSCFE,71,46.35,Two year,Credit card (automatic),DSL,1,Yes,No,4,19,0.46153846153846156,545.1666666666666,1,1.0,0.0,11.083333333333334
0848-ZGQIJ,16,94.65,Month-to-month,Bank transfer (automatic),Fiber optic,0,Yes,No,3,21,0.5,515.2857142857143,3,0.0,11.12,8.736842105263158
3621-CHYVB,57,49.9,Month-to-month,Bank transfer (automatic),DSL,0,Yes,No,4,24,0.2,614.25,0,0.0,0.0,11.814814814814815
8042-RNLKO,66,25.45,One year,Bank transfer (automatic),No,0,No,No,0,10,1.0,461.2,2,0.0,7.4,0.0
1792-UXAFY,17,89.15,Month-to-month,Electronic check,Fiber optic,1,No,No,3,13,0.3,662.6666666666666,3,0.3333333333333333,23.93,9.789473684210526
5372-FBKBN,21,20.75,Month-to-month,Mailed check,No,0,No,Yes,0,23,0.2777777777777778,430.4,1,0.0,34.62,0.0
0420-TXVSG,66,66.1,Two year,Credit card (automatic),DSL,0,Yes,No,3,12,0.3333333333333333,578.6666666666666,2,0.5,21.73,5.264705882352941
6217-TOWGS,17,75.4,Month-to-month,Bank transfer (automatic),DSL,0,Yes,No,3,28,1.0,692.7142857142857,2,0.5,1.69,5.444444444444445
0515-YPMCW,1,70.45,Month-to-month,Mailed check,Fiber optic,0,No,Yes,0,10,0.6666666666666666,670.75,4,0.25,19.773333333333333,0.0
0378-XSZPU,58,60.3,One year,Credit card (automatic),DSL,0,Yes,No,3,27,0.2857142857142857,313.5,0,0.0,0.0,3.5
1045-LTCYT,8,21.05,Month-to-month,Credit card (automatic),No,0,Yes,Yes,0,12,0.3333333333333333,513.0,0,0.0,0.0,0.0
1544-JJMYL,27,69.35,One year,Credit card (automatic),DSL,0,No,No,4,22,0.5714285714285714,839.0,1,1.0,0.0,7.095238095238095
4636-JGAAI,34,88.85,Month-to-month,Mailed check,Fiber optic,0,Yes,No,2,12,0.5,380.75,2,0.0,13.620000000000001,3.7857142857142856
6874-SGLHU,30,97.0,One year,Bank transfer (automatic),Fiber optic,0,No,No,3,22,0.4666666666666667,742.8571428571429,2,0.5,7.58,7.375
5951-AOFIH,33,66.4,Month-to-month,Credit card (automatic),DSL,0,No,No,3,22,0.6923076923076923,550.3333333333334,5,0.0,1.3519999999999999,4.0625
4729-XKASR,1,24.75,Month-to-month,Electronic check,DSL,0,No,Yes,0,30,0.25,602.1666666666666,3,0.3333333333333333,59.47,0.0
3059-NGMXB,14,69.2,Month-to-month,Mailed check,DSL,0,Yes,Yes,3,19,0.7272727272727273,596.5,1,0.0,3.43,9.391304347826088
8652-YHIYU,16,79.5,One year,Credit card (automatic),Fiber optic,0,No,Yes,1,29,0.8125,429.0769230769231,2,0.0,8.129999999999999,6.0
5278-PNYOX,49,100.65,Two year,Credit card (automatic),Fiber optic,0,No,No,4,10,1.0,864.2,4,0.0,5.625,8.818181818181818
5449-FIBXJ,19,103.3,Month-to-month,Electronic check,Fiber optic,0,Yes,Yes,4,27,0.2857142857142857,318.6666666666667,0,0.0,0.0,7.157894736842105
3486-HOOGQ,70,79.7,Two year,Bank transfer (automatic),DSL,0,Yes,Yes,5,20,0.25,359.75,1,0.0,3.44,8.1
5061-PBXFW,32,61.4,Month-to-month,Bank transfer (automatic),DSL,0,Yes,Yes,3,12,0.3333333333333333,646.0,1,0.0,10.37,5.590909090909091
8630-FJLIB,18,69.8,Month-to-month,Electronic check,Fiber optic,0,No,No,0,10,0.25,829.5,3,0.0,4.17,0.0
3891-NLXJB,37,40.55,Two year,Mailed check,DSL,0,No,No,3,17,0.5454545454545454,424.5,0,0.0,0.0,5.714285714285714
4749-OJKQU,4,75.65,Month-to-month,Electronic check,Fiber optic,0,No,No,0,29,0.8125,630.2307692307693,4,0.25,10.833333333333334,0.0
0577-WHMEV,16,90.7,Month-to-month,Electronic check,Fiber optic,0,Yes,No,3,13,0.3,490.0,0,0.0,0.0,3.4347826086956523
5453-AXEPF,17,80.5,Month-to-month,Bank transfer (automatic),Fiber optic,0,Yes,No,1,29,0.45,422.8888888888889,1,0.0,5.03,8.692307692307692
3639-XJHKQ,19,60.6,Month-to-month,Electronic check,DSL,0,No,Yes,3,27,0.5,931.5555555555555,1,0.0,6.73,3.6451612903225805
3716-LRGXK,60,101.15,Two year,Credit card (automatic),Fiber optic,0,Yes,No,3,14,0.4,458.25,3,0.3333333333333333,21.104999999999997,4.954545454545454
2263-SFSQZ,51,24.95,Two year,Mailed check,No,0,Yes,Yes,0,15,0.36363636363636365,478.0,2,0.0,3.3049999999999997,0.0
9950-MTGYX,28,20.3,Two year,Credit card (automatic),No,0,Yes,Yes,0,16,1.0,733.25,2,0.0,3.72,0.0
3397-AVTKU,43,60.0,Two year,Electronic check,DSL,0,No,No,2,29,0.7058823529411765,757.9166666666666,4,0.5,36.89,7.266666666666667
4825-FUREZ,42,20.25,Two year,Electronic check,No,0,Yes,No,0,26,0.4444444444444444,596.75,0,0.0,0.0,0.0
9837-BMCLM,3,78.5,Month-to-month,Electronic check,Fiber optic,0,No,No,1,23,0.4375,367.0,3,0.3333333333333333,22.46,8.11111111111111
2672-OJQZP,1,44.75,Month-to-month,Mailed check,DSL,0,No,No,0,30,0.36363636363636365,607.5,3,0.0,34.49666666666666,0.0
0137-UDEUO,3,19.85,Month-to-month,Mailed check,No,0,No,No,0,11,0.5714285714285714,593.75,1,0.0,5.86,0.0
3134-DSHVC,63,98.0,Two year,Credit card (automatic),Fiber optic,0,No,No,4,25,0.3888888888888889,257.2857142857143,1,0.0,11.07,7.357142857142857
6161-UUUTA,3,79.9,Month-to-month,Electronic check,Fiber optic,1,No,No,1,17,0.7,490.14285714285717,4,0.5,15.745000000000001,7.4
7821-DPRQE,68,107.7,Month-to-month,Electronic check,Fiber optic,0,Yes,No,5,10,0.42857142857142855,799.3333333333334,3,0.0,14.99,5.533333333333333
6543-XRMYR,30,99.7,Month-to-month,Electronic check,Fiber optic,1,No,No,3,19,0.1875,252.66666666666666,2,0.5,10.88,10.05
2001-EWBQU,60,104.7,Two year,Electronic check,Fiber optic,0,No,No,4,20,0.5384615384615384,720.8571428571429,3,0.0,12.893333333333333,6.022222222222222
4925-LMHOK,15,58.6,Month-to-month,Credit card (automatic),DSL,0,No,No,2,23,0.7692307692307693,558.3,2,1.0,0.0,5.166666666666667
1608-GMEWB,45,93.9,Month-to-month,Bank transfer (automatic),Fiber optic,1,No,No,2,15,0.5,386.8,4,0.75,8.19,9.529411764705882
6695-AMZUF,70,86.45,Two year,Credit card (automatic),DSL,0,Yes,No,6,22,0.29411764705882354,574.4,0,0.0,0.0,5.818181818181818
1455-UGQVH,10,98.5,Month-to-month,Electronic check,Fiber optic,0,Yes,No,3,29,0.20833333333333334,296.8,5,0.6,24.974999999999998,4.090909090909091
8410-BGQXN,4,19.4,Month-to-month,Mailed check,No,0,No,No,0,24,0.3333333333333333,385.0,1,0.0,3.59,0.0
8280-MQRQN,1,50.45,Month-to-month,Mailed check,DSL,0,No,No,1,26,0.3684210526315789,500.7142857142857,3,0.3333333333333333,10.350000000000001,2.5714285714285716
1619-YWUBB,68,24.95,Two year,Credit card (automatic),No,0,Yes,No,0,19,0.5833333333333334,633.8571428571429,3,0.3333333333333333,2.505,0.0
7611-YKYTC,22,75.0,Month-to-month,Bank transfer (automatic),Fiber optic,0,Yes,Yes,1,20,0.6666666666666666,625.75,3,0.3333333333333333,5.535,11.083333333333334
2037-SGXHH,38,94.65,Month-to-month,Electronic check,Fiber optic,0,Yes,Yes,3,17,0.4166666666666667,404.2,3,0.0,48.82666666666666,3.6666666666666665
3178-FESZO,1,100.25,Month-to-month,Credit card (automatic),Fiber optic,0,No,No,3,24,0.3333333333333333,391.3333333333333,5,0.8,6.61,8.25
0365-GXEZS,18,78.2,Month-to-month,Electronic check,Fiber optic,0,Yes,No,2,26,1.0,444.9230769230769,1,0.0,4.14,14.944444444444445
0082-OQIQY,29,94.2,Month-to-month,Electronic check,Fiber optic,0,No,No,3,28,0.75,642.5833333333334,2,1.0,0.0,6.333333333333333
6087-MVHJH,16,88.45,Month-to-month,Electronic check,Fiber optic,0,No,No,2,11,0.5714285714285714,372.5,1,0.0,11.78,5.166666666666667
4603-JANFB,1,69.85,Month-to-month,Electronic check,Fiber optic,0,No,No,0,13,0.8571428571428571,466.3333333333333,2,0.5,12.51,0.0
3018-TFTSU,12,81.7,Month-to-month,Bank transfer (automatic),Fiber optic,0,No,No,2,22,0.6923076923076923,731.7777777777778,2,0.5,3.3,7.666666666666667
3606-SBKRY,31,50.05,One year,Electronic check,DSL,0,No,No,3,15,0.15384615384615385,429.0,1,0.0,6.94,5.7368421052631575
4806-KEXQR,4,79.9,Month-to-month,Electronic check,Fiber optic,0,No,No,1,28,0.21739130434782608,616.2,2,1.0,0.0,7.0
0667-NSRGI,48,69.55,One year,Mailed check,DSL,0,Yes,No,3,14,0.5555555555555556,784.6,1,0.0,6.75,12.5
7083-YNSKY,15,25.4,Month-to-month,Credit card (automatic),No,0,No,No,0,26,0.3,457.8333333333333,2,1.0,0.0,0.0
6893-ODYYE,50,90.1,One year,Credit card (automatic),Fiber optic,0,No,No,4,29,0.8125,394.61538461538464,2,0.5,4.6,7.96969696969697
8242-JSVBO,7,44.65,Month-to-month,Bank transfer (automatic),DSL,0,No,No,0,23,0.4375,524.1428571428571,2,0.0,6.640000000000001,0.0
2479-BRAMR,41,83.75,Month-to-month,Bank transfer (automatic),Fiber optic,1,Yes,No,2,23,0.5333333333333333,465.625,3,0.0,27.913333333333338,4.076923076923077
9541-ZPSEA,68,80.35,Two year,Credit card (automatic),Fiber optic,0,Yes,Yes,2,25,0.5625,612.5555555555555,2,0.0,3.715,3.3636363636363638
2665-NPTGL,26,98.1,Month-to-month,Bank transfer (automatic),Fiber optic,1,Yes,No,3,11,0.5714285714285714,514.5,4,0.0,5.824999999999999,4.285714285714286
1139-WUOAH,57,53.35,Two year,Credit card (automatic),DSL,0,No,No,4,26,1.0,890.7692307692307,1,0.0,11.5,9.891891891891891
4693-VWVBO,3,19.55,Month-to-month,Electronic check,No,0,No,No,0,13,0.4444444444444444,350.75,1,0.0,8.85,0.0
7434-SHXLS,1,20.9,Month-to-month,Mailed check,No,0,No,No,0,16,0.3333333333333333,329.5,2,0.5,51.31,0.0
6937-GCDGQ,19,48.95,One year,Bank transfer (automatic),DSL,0,Yes,Yes,1,14,0.4,338.0,1,0.0,8.88,4.545454545454546
0988-JRWWP,3,54.2,Month-to-month,Electronic check,DSL,0,No,No,1,26,0.5294117647058824,433.22222222222223,4,0.0,13.7975,2.272727272727273
5075-JSDKI,59,24.45,Two year,Electronic check,No,0,No,No,0,15,2.0,522.5,0,0.0,0.0,0.0
7908-QCBCA,1,69.4,Month-to-month,Mailed check,Fiber optic,0,Yes,No,0,14,0.16666666666666666,397.5,3,0.3333333333333333,9.975,0.0
8644-XYTSV,42,40.15,Month-to-month,Bank transfer (automatic),DSL,0,Yes,No,2,24,0.6,375.22222222222223,1,0.0,4.93,6.125
6711-FLDFB,7,74.9,Month-to-month,Electronic check,Fiber optic,0,No,No,0,17,0.3076923076923077,642.25,5,0.0,22.234,0.0
3873-WOSBC,67,25.6,Two year,Credit card (automatic),No,0,Yes,No,0,19,0.26666666666666666,569.25,1,0.0,10.16,0.0
7465-ZZRVX,1,70.35,Month-to-month,Electronic check,Fiber optic,0,No,No,0,17,0.5454545454545454,813.5,3,0.0,15.106666666666667,0.0
7975-JMZNT,66,91.7,Two year,Bank transfer (automatic),DSL,0,Yes,No,6,13,1.1666666666666667,531.5714285714286,1,0.0,7.27,4.333333333333333
7251-XFOIL,61,89.2,Month-to-month,Mailed check,Fiber optic,0,No,No,2,30,0.875,461.14285714285717,0,0.0,0.0,5.181818181818182
4116-IQRFR,4,24.1,One year,Credit card (automatic),No,0,Yes,Yes,0,12,1.0,337.5,0,0.0,0.0,0.0
3714-JTVOV,42,74.15,Month-to-month,Credit card (automatic),Fiber optic,1,Yes,No,1,24,0.4117647058823529,564.5714285714286,1,1.0,0.0,7.0
8259-DZLIZ,64,53.85,One year,Bank transfer (automatic),DSL,0,Yes,Yes,1,11,0.8333333333333334,658.8,5,0.0,2.814,22.76923076923077
0442-ZXKVS,54,115.6,One year,Bank transfer (automatic),Fiber optic,1,Yes,No,6,16,0.3333333333333333,439.75,2,0.5,8.83,7.363636363636363
7853-WNZSY,1,19.75,Month-to-month,Credit card (automatic),No,0,No,No,0,16,0.45454545454545453,332.2,1,1.0,0.0,0.0
3120-FAZKD,54,24.05,Two year,Bank transfer (automatic),No,0,Yes,Yes,0,29,0.7058823529411765,402.9166666666667,2,0.0,4.645,0.0
8606-OEGQZ,18,25.3,Two year,Credit card (automatic),No,0,No,Yes,0,23,0.6428571428571429,428.1111111111111,0,0.0,0.0,0.0
0225-ZORZP,3,84.3,Month-to-month,Electronic check,Fiber optic,0,No,No,2,16,0.7777777777777778,700.1428571428571,2,0.5,4.73,5.857142857142857
4702-IOQDC,1,70.1,Month-to-month,Electronic check,Fiber optic,0,No,No,0,10,1.5,395.1666666666667,0,0.0,0.0,0.0
9489-JMTTN,72,89.75,Two year,Credit card (automatic),DSL,0,Yes,Yes,6,12,0.5,595.25,2,0.0,11.205,6.244897959183674
0575-CUQOV,60,97.95,One year,Electronic check,Fiber optic,1,Yes,No,4,11,0.5714285714285714,383.5,2,0.0,7.6899999999999995,5.65625
0318-QUUOB,1,80.55,Month-to-month,Electronic check,Fiber optic,0,Yes,No,1,30,0.42857142857142855,606.1111111111111,4,0.75,24.44,10.8
0967-BMLBD,11,20.0,One year,Mailed check,No,0,Yes,Yes,0,27,0.6875,566.3636363636364,4,0.25,7.406666666666666,0.0
6178-KFNHS,12,78.3,Month-to-month,Electronic check,Fiber optic,0,No,Yes,1,12,0.2,424.0,5,0.4,6.473333333333334,2.5714285714285716
2830-LEWOA,61,103.9,One year,Credit card (automatic),Fiber optic,0,Yes,Yes,5,15,0.36363636363636365,328.5,0,0.0,0.0,3.8536585365853657
5006-MXVRN,39,20.7,Two year,Credit card (automatic),No,0,No,No,0,29,0.5263157894736842,529.4,0,0.0,0.0,0.0
1264-BYWMS,55,96.8,Month-to-month,Electronic check,Fiber optic,0,No,No,2,10,0.42857142857142855,153.33333333333334,3,0.6666666666666666,5.84,3.5
9658-WYUFB,17,94.4,Month-to-month,Electronic check,Fiber optic,0,No,No,3,24,0.4117647058823529,415.0,2,0.5,9.25,3.3333333333333335
8327-WKMIE,37,20.15,One year,Credit card (automatic),No,0,No,No,0,16,0.14285714285714285,444.0,0,0.0,0.0,0.0
6917-FIJHC,72,26.0,Two year,Mailed check,No,0,Yes,No,0,22,1.0,594.0909090909091,2,0.5,15.19,0.0
5329-KRDTM,72,77.35,Two year,Credit card (automatic),DSL,1,Yes,No,4,21,0.6153846153846154,543.375,1,0.0,2.65,5.6
7797-EJMDP,8,66.05,Month-to-month,Bank transfer (automatic),DSL,0,No,No,3,23,0.4375,777.1428571428571,4,0.5,5.235,13.555555555555555
3530-VWVGU,22,19.9,Month-to-month,Mailed check,No,0,Yes,Yes,0,18,0.6363636363636364,585.2857142857143,1,0.0,12.94,0.0
2013-SGDXK,1,84.3,Month-to-month,Electronic check,Fiber optic,0,No,No,2,15,0.6666666666666666,475.6666666666667,3,0.3333333333333333,4.15,9.5
6368-NWMCE,38,68.15,Month-to-month,Credit card (automatic),DSL,0,No,No,3,17,0.8888888888888888,486.125,1,0.0,1.23,4.666666666666667
3633-CDBUW,17,80.85,One year,Electronic check,DSL,0,No,Yes,5,20,0.25,815.5,2,0.0,3.8400000000000003,4.5588235294117645
0707-HOVVN,70,75.5,Two year,Bank transfer (automatic),DSL,1,No,No,4,24,0.5,612.625,1,0.0,4.9,6.464285714285714
8580-QVLOC,72,92.45,Two year,Credit card (automatic),DSL,1,Yes,Yes,6,16,0.23076923076923078,648.0,1,1.0,0.0,5.794871794871795
3956-MGXOG,28,80.6,Month-to-month,Electronic check,Fiber optic,0,No,No,1,15,0.15384615384615385,460.5,3,0.3333333333333333,10.120000000000001,6.375
9274-UARKJ,15,83.2,Month-to-month,Bank transfer (automatic),Fiber optic,0,No,No,2,29,0.6111111111111112,497.54545454545456,2,0.0,2.24,7.608695652173913
4077-HWUYD,72,87.55,Two year,Bank transfer (automatic),DSL,0,Yes,Yes,6,29,0.7058823529411765,618.8333333333334,0,0.0,0.0,14.88679245283019
2012-NWRPA,11,99.55,Month-to-month,Electronic check,Fiber optic,1,Yes,No,3,10,0.25,244.5,1,0.0,2.56,6.380952380952381
8808-ELEHO,8,81.25,Month-to-month,Electronic check,Fiber optic,1,No,No,1,18,0.38461538461538464,534.0,2,0.0,13.525,7.777777777777778
0103-CSITQ,57,109.4,One year,Bank transfer (automatic),Fiber optic,0,Yes,No,5,22,0.6923076923076923,315.0,1,1.0,0.0,12.441176470588236
3506-LCJDC,1,19.95,Month-to-month,Bank transfer (automatic),No,0,Yes,Yes,0,18,0.38461538461538464,708.4,3,1.0,0.0,0.0
8671-KKKOS,46,45.55,Month-to-month,Electronic check,DSL,0,Yes,No,3,21,0.3125,451.8,2,0.0,19.14,6.233333333333333
7305-ZWMAJ,30,20.7,One year,Credit card (automatic),No,0,Yes,No,0,19,0.9,843.4444444444445,2,0.0,5.1,0.0
9518-XXBXE,10,75.3,Month-to-month,Electronic check,Fiber optic,1,Yes,No,1,19,0.35714285714285715,418.6,2,0.0,15.605,18.727272727272727
3934-HXCFZ,23,99.25,Month-to-month,Electronic check,Fiber optic,0,Yes,No,4,28,0.6470588235294118,493.3636363636364,4,0.5,28.35,2.727272727272727
6578-KRMAW,32,93.4,Month-to-month,Credit card (automatic),Fiber optic,0,No,No,4,25,0.5625,492.3333333333333,2,0.0,8.02,4.114285714285714
4860-IJUDE,13,73.75,Month-to-month,Credit card (automatic),Fiber optic,0,No,No,1,16,0.14285714285714285,521.0,4,0.25,17.753333333333334,4.888888888888889
7666-WKRON,39,80.45,Two year,Electronic check,Fiber optic,0,No,No,2,25,0.7857142857142857,561.5454545454545,1,0.0,12.23,3.111111111111111
9688-YGXVR,44,88.15,Month-to-month,Credit card (automatic),Fiber optic,0,No,No,3,30,1.3076923076923077,755.1176470588235,4,0.0,5.612500000000001,8.891891891891891
0423-UDIJQ,9,49.2,Month-to-month,Mailed check,DSL,1,No,No,1,25,0.47058823529411764,481.0,2,0.5,6.64,9.181818181818182
1945-XISKS,67,19.65,Two year,Mailed check,No,0,Yes,No,0,10,0.6666666666666666,461.5,0,0.0,0.0,0.0
4910-AQFFX,9,79.35,Month-to-month,Bank transfer (automatic),Fiber optic,0,Yes,Yes,1,22,0.4666666666666667,408.0,4,1.0,0.0,2.4285714285714284
2154-KVJFF,15,79.75,Month-to-month,Electronic check,Fiber optic,0,No,No,1,23,0.2777777777777778,256.0,2,0.5,11.18,2.5
5360-LJCNJ,71,105.15,Two year,Bank transfer (automatic),Fiber optic,0,Yes,No,4,16,0.6,394.0,5,0.0,5.218,4.914285714285715
2607-FBDFF,1,49.0,Month-to-month,Credit card (automatic),DSL,0,No,No,1,21,0.3125,371.4,0,0.0,0.0,7.0
9647-ERGBE,30,100.05,Month-to-month,Electronic check,Fiber optic,0,Yes,Yes,3,13,0.3,486.0,3,0.0,28.043333333333333,3.4444444444444446
3428-XZMAZ,1,69.35,Month-to-month,Electronic check,Fiber optic,0,No,No,0,30,0.25,411.5,0,0.0,0.0,0.0
1100-DDVRV,17,49.8,Month-to-month,Mailed check,DSL,0,Yes,No,3,16,0.7777777777777778,370.14285714285717,2,0.5,14.79,3.2413793103448274
0378-TOVMS,3,85.8,Month-to-month,Electronic check,Fiber optic,0,No,No,2,26,0.7333333333333333,536.1818181818181,0,0.0,0.0,2.4615384615384617
4355-HBJHH,67,79.7,Two year,Electronic check,DSL,0,Yes,Yes,4,14,0.16666666666666666,207.0,2,1.0,0.0,2.7142857142857144
6728-WYQBC,1,20.95,Month-to-month,Bank transfer (automatic),No,0,No,No,0,17,0.8888888888888888,745.75,1,0.0,11.39,0.0
9058-CBREO,1,50.55,Month-to-month,Mailed check,DSL,1,No,No,0,21,0.23529411764705882,359.5,1,0.0,43.32,0.0
9029-FEGVJ,32,79.3,Month-to-month,Mailed check,Fiber optic,1,Yes,No,1,25,0.7857142857142857,682.7272727272727,4,0.5,4.255000000000001,9.142857142857142
7216-KAOID,41,19.5,One year,Bank transfer (automatic),No,0,Yes,Yes,0,12,0.2,356.0,3,0.0,3.4233333333333333,0.0
6145-NNPNO,1,44.15,Month-to-month,Bank transfer (automatic),DSL,0,No,No,0,21,0.5,266.57142857142856,1,1.0,0.0,0.0
5520-FVEWJ,12,84.5,Month-to-month,Electronic check,Fiber optic,0,Yes,Yes,2,29,0.6111111111111112,852.9090909090909,2,0.5,9.15,2.75
5339-TJFEK,62,105.5,Month-to-month,Electronic check,Fiber optic,0,Yes,Yes,4,21,0.75,780.0,2,0.5,8.16,4.351351351351352
5572-ZDXHY,22,84.3,Month-to-month,Mailed check,Fiber optic,0,No,No,2,16,0.45454545454545453,828.8,5,0.8,29.08,4.363636363636363
2074-GUHPQ,17,92.7,Month-to-month,Credit card (automatic),Fiber optic,0,No,Yes,3,21,0.3125,490.6,0,0.0,0.0,8.619047619047619
4625-XMOYM,72,26.25,Two year,Bank transfer (automatic),No,0,Yes,Yes,0,23,0.2777777777777778,442.8,2,0.5,7.42,0.0
5827-MWCZK,56,96.95,Month-to-month,Credit card (automatic),Fiber optic,0,Yes,Yes,3,19,0.35714285714285715,455.4,2,0.0,27.375,4.642857142857143
1385-TQOZW,9,20.45,Month-to-month,Credit card (automatic),No,0,No,No,0,22,0.5714285714285714,345.125,0,0.0,0.0,0.0
5914-XRFQB,72,115.8,Two year,Bank transfer (automatic),Fiber optic,0,Yes,No,6,28,1.0,635.0714285714286,1,1.0,0.0,6.754716981132075
4329-YPDDQ,20,108.2,Month-to-month,Bank transfer (automatic),Fiber optic,0,No,No,6,12,0.3333333333333333,490.0,1,1.0,0.0,4.3125
4804-NCPET,19,20.2,Two year,Mailed check,No,0,Yes,Yes,0,11,0.375,277.0,0,0.0,0.0,0.0
3750-CKVKH,2,67.75,Month-to-month,Electronic check,Fiber optic,0,No,No,0,14,0.75,722.6666666666666,1,0.0,8.57,0.0
5944-UGLLK,53,54.9,One year,Credit card (automatic),DSL,0,No,No,4,12,0.3333333333333333,374.3333333333333,1,0.0,9.92,6.148148148148148
8063-GBATB,27,85.25,Month-to-month,Electronic check,Fiber optic,1,No,No,1,30,0.2,435.0,3,0.0,13.266666666666666,4.666666666666667
7787-BNTZM,6,20.15,Month-to-month,Bank transfer (automatic),No,0,No,No,0,25,0.9230769230769231,714.75,3,0.0,15.763333333333335,0.0
2252-ISRNH,9,90.35,One year,Electronic check,Fiber optic,0,Yes,Yes,2,25,0.47058823529411764,646.875,3,0.6666666666666666,11.76,5.045454545454546
9415-TPKRV,8,55.75,Month-to-month,Electronic check,DSL,0,Yes,Yes,1,20,0.25,286.5,1,0.0,12.41,5.923076923076923
5322-TEUJK,71,114.6,Two year,Bank transfer (automatic),Fiber optic,0,Yes,Yes,6,13,1.6,695.25,1,0.0,9.37,7.333333333333333
4547-KQRTM,10,80.05,Month-to-month,Bank transfer (automatic),Fiber optic,0,No,No,1,12,0.3333333333333333,349.3333333333333,3,0.6666666666666666,6.43,2.3333333333333335
4877-EVATK,1,20.0,Month-to-month,Mailed check,No,0,No,No,0,10,0.42857142857142855,323.3333333333333,0,0.0,0.0,0.0
1866-DIOQZ,71,66.8,One year,Bank transfer (automatic),DSL,0,Yes,No,6,16,0.23076923076923078,488.3333333333333,2,0.0,13.64,6.428571428571429
8375-KVTHK,68,100.3,One year,Electronic check,Fiber optic,0,Yes,No,4,13,0.625,491.0,0,0.0,0.0,3.8048780487804876
2697-NQBPF,34,105.35,Month-to-month,Electronic check,Fiber optic,0,No,No,4,15,1.1428571428571428,551.625,0,0.0,0.0,3.625
3709-OIJEA,26,85.2,One year,Electronic check,Fiber optic,0,No,No,3,23,0.5333333333333333,626.375,1,0.0,3.98,4.444444444444445
7639-SUPCW,22,48.8,Month-to-month,Credit card (automatic),DSL,0,No,No,1,11,0.1,400.0,2,0.5,55.45,3.142857142857143
1386-ZIKUV,7,18.95,Month-to-month,Mailed check,No,0,No,No,0,18,0.125,83.0,1,1.0,0.0,0.0
0599-XNYDO,20,69.8,Month-to-month,Bank transfer (automatic),Fiber optic,0,Yes,No,0,21,0.3125,433.8,1,0.0,1.57,0.0
6377-WHAOX,60,106.15,Month-to-month,Electronic check,Fiber optic,0,Yes,No,4,18,0.38461538461538464,597.6,1,0.0,11.38,5.023809523809524
6855-VLGOS,72,20.55,Two year,Electronic check,No,0,Yes,Yes,0,27,0.8,615.3333333333334,1,0.0,27.9,0.0
8999-XXGNS,72,105.75,One year,Credit card (automatic),Fiber optic,1,Yes,No,4,23,0.6428571428571429,753.1111111111111,1,0.0,2.47,9.741935483870968
8746-OQQRW,4,25.25,Month-to-month,Mailed check,No,0,No,No,0,12,1.4,357.14285714285717,1,0.0,5.59,0.0
3181-MIZBN,16,19.75,Month-to-month,Electronic check,No,0,Yes,Yes,0,26,0.3684210526315789,415.0,0,0.0,0.0,0.0
0471-ARVMX,62,104.85,One year,Electronic check,Fiber optic,1,Yes,No,4,30,0.42857142857142855,417.1111111111111,3,0.0,19.283333333333335,5.617021276595745
7766-CLTIC,10,60.95,Month-to-month,Mailed check,DSL,0,No,No,2,23,0.4375,316.57142857142856,2,0.0,1.5350000000000001,8.222222222222221
5650-YLIBA,31,81.15,Month-to-month,Electronic check,Fiber optic,0,No,No,1,28,0.2727272727272727,304.3333333333333,4,0.25,15.416666666666666,6.0
0825-CPPQH,71,19.1,Two year,Credit card (automatic),No,0,Yes,No,0,18,0.6363636363636364,552.7142857142857,1,0.0,7.83,0.0
9084-OAYKL,58,20.8,Two year,Mailed check,No,0,No,No,0,14,0.4,612.75,1,0.0,4.67,0.0
6122-LJADA,70,90.15,Two year,Credit card (automatic),DSL,0,Yes,Yes,6,20,0.5384615384615384,477.85714285714283,1,1.0,0.0,3.24
2400-XIWIO,71,90.1,Two year,Electronic check,DSL,0,Yes,No,6,11,0.5714285714285714,439.75,0,0.0,0.0,8.325
7524-VRLPL,69,74.1,Two year,Credit card (automatic),DSL,1,No,No,4,12,1.0,586.6666666666666,1,0.0,11.07,9.955555555555556
1069-XAIEM,1,85.05,Month-to-month,Electronic check,Fiber optic,1,No,No,1,27,0.5,292.6666666666667,2,0.0,16.375,9.625
7569-NMZYQ,72,118.75,Two year,Bank transfer (automatic),Fiber optic,0,Yes,Yes,6,28,0.6470588235294118,552.9090909090909,0,0.0,0.0,6.862745098039215
5201-USSQZ,26,85.9,Month-to-month,Credit card (automatic),Fiber optic,0,Yes,No,2,10,0.42857142857142855,610.6666666666666,0,0.0,0.0,16.526315789473685
2105-PHWON,33,95.0,Month-to-month,Credit card (automatic),Fiber optic,0,Yes,No,3,22,0.375,503.0,2,0.0,4.165,9.052631578947368
8218-FFJDS,72,86.4,Two year,Bank transfer (automatic),DSL,0,Yes,No,5,20,0.42857142857142855,784.6666666666666,3,0.3333333333333333,10.61,3.9523809523809526
1494-EJZDW,10,20.15,Two year,Mailed check,No,0,Yes,Yes,0,21,0.16666666666666666,338.0,0,0.0,0.0,0.0
4884-TVUQF,57,101.3,Two year,Credit card (automatic),Fiber optic,1,No,No,4,30,0.30434782608695654,508.42857142857144,0,0.0,0.0,5.208333333333333
8003-EWNDZ,10,21.2,Month-to-month,Electronic check,No,0,No,No,0,29,0.20833333333333334,340.6,0,0.0,0.0,0.0
1897-RCFUM,39,24.2,One year,Mailed check,No,0,Yes,Yes,0,29,0.7058823529411765,435.9166666666667,2,0.0,5.29,0.0
9256-JTBNZ,11,20.3,Month-to-month,Bank transfer (automatic),No,0,No,No,0,26,0.5294117647058824,336.55555555555554,0,0.0,0.0,0.0
4658-HCOHW,21,102.8,Month-to-month,Electronic check,Fiber optic,0,Yes,Yes,5,21,0.6153846153846154,454.5,0,0.0,0.0,5.25
2211-RMNHO,68,85.3,Two year,Bank transfer (automatic),DSL,0,Yes,Yes,5,24,0.5,454.25,0,0.0,0.0,9.056603773584905
2432-TFSMK,18,89.6,One year,Credit card (automatic),Fiber optic,0,No,No,2,30,0.36363636363636365,290.375,4,0.0,19.2175,6.55
3440-JPSCL,6,99.95,Month-to-month,Mailed check,Fiber optic,0,No,No,4,25,0.3157894736842105,596.5,2,0.0,11.42,12.619047619047619
4929-ROART,18,56.25,Month-to-month,Mailed check,DSL,0,No,No,1,25,0.47058823529411764,415.375,1,0.0,16.01,8.384615384615385
1834-ABKHQ,52,50.95,One year,Bank transfer (automatic),DSL,0,Yes,Yes,1,14,0.16666666666666666,597.0,5,0.2,12.075,8.615384615384615
1741-WTPON,56,115.85,Two year,Mailed check,Fiber optic,0,Yes,Yes,6,11,1.2,427.0,1,0.0,11.24,16.395833333333332
3932-IJWDZ,45,103.65,Month-to-month,Bank transfer (automatic),Fiber optic,0,No,No,4,25,0.3157894736842105,519.3333333333334,2,0.0,10.01,8.536585365853659
1240-HCBOH,67,26.1,Two year,Mailed check,No,0,No,No,0,19,0.26666666666666666,409.0,2,1.0,0.0,0.0
3594-KADLU,3,35.1,Month-to-month,Mailed check,DSL,0,Yes,No,2,11,0.375,851.6666666666666,0,0.0,0.0,4.0625
8065-BVEPF,65,99.1,Month-to-month,Bank transfer (automatic),Fiber optic,1,No,No,4,30,0.5789473684210527,439.45454545454544,2,0.5,20.19,7.529411764705882
3796-ENZGF,63,67.25,Two year,Mailed check,DSL,0,Yes,No,3,29,0.5263157894736842,671.8,2,0.0,4.995,8.411764705882353
1734-ZMNTZ,11,25.0,Two year,Mailed check,No,0,Yes,Yes,0,22,0.2222222222222222,357.25,3,0.0,10.723333333333334,0.0
2853-CWQFQ,1,59.55,Month-to-month,Mailed check,DSL,0,No,Yes,2,29,0.7058823529411765,563.3333333333334,1,0.0,5.35,11.222222222222221
0813-TAXXS,55,77.8,Two year,Bank transfer (automatic),DSL,0,No,No,3,29,0.6111111111111112,558.1818181818181,2,0.5,18.12,4.48
2519-TWKFS,25,55.1,One year,Mailed check,DSL,0,Yes,Yes,1,16,0.6,427.5,4,0.25,5.669999999999999,8.666666666666666
2889-FPWRM,72,117.8,One year,Bank transfer (automatic),Fiber optic,0,Yes,No,6,11,0.5714285714285714,291.5,1,0.0,16.03,5.0625
0626-QXNGV,72,24.15,Two year,Credit card (automatic),No,0,Yes,No,0,14,1.8,682.3333333333334,1,1.0,0.0,0.0
6723-CEGQI,65,45.25,Two year,Mailed check,DSL,0,No,Yes,3,30,0.5,628.6,1,0.0,1.2,6.103448275862069
6987-XQSJT,54,79.5,Month-to-month,Electronic check,Fiber optic,1,No,No,1,22,0.5714285714285714,500.25,2,0.5,7.0,8.0
4732-RRJZC,7,20.25,Month-to-month,Mailed check,No,0,Yes,Yes,0,27,0.5,688.7777777777778,1,0.0,3.2,0.0
9499-XPZXM,72,64.75,Two year,Bank transfer (automatic),DSL,0,Yes,No,3,12,0.5,500.5,0,0.0,0.0,4.666666666666667
4338-EYCER,21,54.6,Month-to-month,Bank transfer (automatic),DSL,0,Yes,No,1,11,0.375,261.6666666666667,1,0.0,30.53,4.25
3007-FDPEA,2,20.7,Month-to-month,Bank transfer (automatic),No,0,No,No,0,25,0.25,279.8,0,0.0,0.0,0.0
6350-XFYGW,4,94.75,Month-to-month,Electronic check,Fiber optic,1,No,No,3,11,0.5714285714285714,383.0,2,0.5,5.17,5.25
4290-BSXUX,3,79.65,Month-to-month,Bank transfer (automatic),Fiber optic,0,Yes,No,1,16,0.3333333333333333,681.75,1,1.0,0.0,2.3333333333333335
8513-OLYGY,72,115.8,Two year,Credit card (automatic),Fiber optic,0,Yes,No,6,10,1.5,513.1666666666666,0,0.0,0.0,2.981132075471698
0311-QYWSS,6,49.45,Month-to-month,Electronic check,DSL,0,No,No,1,11,0.1,665.0,4,0.25,4.463333333333334,5.769230769230769
8705-DWKTI,52,83.8,Month-to-month,Credit card (automatic),Fiber optic,0,No,No,2,21,0.3125,302.6,2,0.5,11.27,9.428571428571429
8755-IWJHN,69,95.35,Month-to-month,Bank transfer (automatic),Fiber optic,1,Yes,No,3,25,0.47058823529411764,737.375,3,0.0,8.450000000000001,7.310344827586207
0325-XBFAC,8,94.7,Month-to-month,Electronic check,Fiber optic,0,No,No,3,25,0.7857142857142857,547.1818181818181,1,1.0,0.0,4.409090909090909
4480-QQRHC,8,74.05,Month-to-month,Bank transfer (automatic),Fiber optic,1,No,No,1,20,0.25,739.25,1,0.0,15.8,5.333333333333333
0929-PECLO,63,89.6,Month-to-month,Bank transfer (automatic),Fiber optic,1,No,No,2,27,0.5882352941176471,418.2,1,0.0,1.61,4.470588235294118
3680-CTHUH,60,116.6,One year,Credit card (automatic),Fiber optic,0,No,No,6,23,0.2777777777777778,561.8,3,0.6666666666666666,25.63,13.553191489361701
1202-KKGFU,12,54.2,Month-to-month,Bank transfer (automatic),DSL,0,Yes,No,2,25,0.7857142857142857,508.1818181818182,1,0.0,4.76,6.0
6112-KTHFQ,13,19.3,Month-to-month,Mailed check,No,0,No,No,0,30,0.36363636363636365,695.875,1,0.0,12.11,0.0
1852-XEMDW,22,65.05,Month-to-month,Mailed check,DSL,0,No,No,3,19,0.26666666666666666,719.5,2,0.0,2.0749999999999997,5.05
2462-XIIJB,5,92.5,Month-to-month,Electronic check,Fiber optic,0,No,No,2,24,0.3333333333333333,654.1666666666666,3,0.3333333333333333,12.260000000000002,4.5
4760-XOHVN,1,19.45,Month-to-month,Mailed check,No,0,Yes,Yes,0,22,0.2222222222222222,310.75,1,1.0,0.0,0.0
1820-DJFPH,72,24.05,Two year,Bank transfer (automatic),No,0,Yes,Yes,0,19,0.26666666666666666,501.5,1,0.0,13.73,0.0
9426-SXNHE,2,18.75,Month-to-month,Bank transfer (automatic),No,0,No,No,0,14,0.2727272727272727,620.0,1,0.0,10.33,0.0
9068-FHQHD,40,20.15,Two year,Bank transfer (automatic),No,0,Yes,Yes,0,12,0.7142857142857143,593.0,1,1.0,0.0,0.0
1269-FOYWN,44,20.0,One year,Bank transfer (automatic),No,0,Yes,Yes,0,16,0.45454545454545453,245.2,0,0.0,0.0,0.0
9470-YFUYI,71,71.0,One year,Bank transfer (automatic),DSL,1,Yes,No,4,27,0.42105263157894735,538.25,1,0.0,9.67,13.926829268292684
7817-BOQPW,2,75.55,Month-to-month,Electronic check,Fiber optic,0,No,No,0,27,0.5,371.8888888888889,0,0.0,0.0,0.0
7402-EYFXX,26,93.6,Month-to-month,Electronic check,Fiber optic,1,No,No,2,29,0.3181818181818182,414.2857142857143,3,0.0,5.3566666666666665,4.25
1853-UDXBW,1,70.0,Month-to-month,Electronic check,Fiber optic,0,Yes,Yes,0,15,0.6666666666666666,374.8333333333333,5,0.6,11.754999999999999,0.0
9895-VFOXH,1,24.4,Month-to-month,Mailed check,DSL,0,No,No,0,16,1.0,617.875,4,0.25,17.036666666666665,0.0
5458-CQJTA,65,74.8,Two year,Bank transfer (automatic),DSL,0,Yes,Yes,4,24,0.2,466.5,3,0.0,6.233333333333333,3.473684210526316
1230-QAJDW,3,65.25,Month-to-month,Mailed check,DSL,0,No,No,2,18,0.5,478.8333333333333,1,0.0,14.7,6.533333333333333
5701-ZIKJE,13,50.55,Month-to-month,Mailed check,DSL,0,No,No,1,14,0.5555555555555556,364.0,1,1.0,0.0,3.3076923076923075
5219-YIPTK,33,104.4,Month-to-month,Electronic check,Fiber optic,0,Yes,No,4,13,1.1666666666666667,624.5714285714286,1,1.0,0.0,3.5294117647058822
5032-MIYKT,1,70.7,Month-to-month,Mailed check,Fiber optic,0,No,No,0,27,1.0769230769230769,358.7857142857143,1,0.0,2.42,0.0
7396-VJUZB,4,45.25,Month-to-month,Mailed check,DSL,0,Yes,Yes,0,21,0.6153846153846154,386.5,2,0.0,4.5,0.0
9717-QEBGU,2,70.3,Month-to-month,Electronic check,Fiber optic,0,No,No,0,29,0.6111111111111112,521.4545454545455,2,1.0,0.0,0.0
5172-RKOCB,72,108.95,Two year,Credit card (automatic),Fiber optic,0,Yes,No,5,27,1.0769230769230769,390.57142857142856,0,0.0,0.0,15.465116279069768
6509-TSGWN,37,26.45,Month-to-month,Mailed check,No,0,Yes,Yes,0,26,0.3684210526315789,659.4285714285714,2,0.0,3.81,0.0
3540-RZJYU,15,86.2,Month-to-month,Electronic check,Fiber optic,0,No,No,2,16,0.0,0.0,2,0.0,26.195,3.5
3178-CIFOT,23,19.65,One year,Credit card (automatic),No,0,No,No,0,23,0.21052631578947367,601.0,1,0.0,16.18,0.0
2091-MJTFX,30,51.2,Month-to-month,Credit card (automatic),DSL,0,Yes,Yes,3,14,0.2727272727272727,528.0,0,0.0,0.0,4.125
4530-NDRKU,42,19.05,One year,Electronic check,No,0,Yes,Yes,0,13,2.25,609.0,2,0.5,39.14,0.0
5985-TBABQ,32,74.75,One year,Mailed check,DSL,0,No,No,3,29,0.16,498.5,3,0.0,12.683333333333332,7.878787878787879
9800-ONTFE,22,75.8,Month-to-month,Bank transfer (automatic),Fiber optic,0,Yes,Yes,0,17,0.5454545454545454,476.6666666666667,4,0.0,31.3925,0.0
6743-HHQPF,42,25.1,Month-to-month,Credit card (automatic),DSL,0,Yes,No,0,26,0.625,674.3,1,0.0,5.98,0.0
8455-HIRAQ,8,44.45,Month-to-month,Mailed check,DSL,0,No,No,0,26,0.3,301.1666666666667,1,1.0,0.0,0.0
6616-AALSR,65,104.3,Two year,Credit card (automatic),Fiber optic,0,Yes,Yes,4,13,0.4444444444444444,489.75,1,0.0,2.67,4.478260869565218
0883-EIBTI,2,19.5,Month-to-month,Mailed check,No,0,No,No,0,29,0.9333333333333333,490.2142857142857,1,0.0,17.0,0.0
9415-ZNBSX,70,89.0,Two year,Bank transfer (automatic),DSL,0,Yes,Yes,6,19,0.5833333333333334,667.0,2,0.0,1.945,4.673913043478261
4018-KJYUY,22,20.15,Month-to-month,Credit card (automatic),No,0,No,Yes,0,25,0.9230769230769231,418.3333333333333,2,0.0,10.055,0.0
0722-TROQR,4,74.9,Month-to-month,Electronic check,Fiber optic,1,No,No,0,18,0.38461538461538464,499.8,4,0.25,9.4,0.0
7571-YXDAD,2,74.9,Month-to-month,Credit card (automatic),Fiber optic,0,No,No,0,25,0.5625,398.22222222222223,1,1.0,0.0,0.0
3884-UEBXB,67,36.15,Two year,Bank transfer (automatic),DSL,0,Yes,Yes,2,20,0.8181818181818182,765.0,0,0.0,0.0,16.105263157894736
8780-RSYYU,25,19.2,Month-to-month,Credit card (automatic),No,0,No,No,0,22,1.4444444444444444,639.9230769230769,0,0.0,0.0,0.0
5537-UXXVS,20,19.25,Month-to-month,Bank transfer (automatic),No,0,Yes,No,0,26,0.625,654.9,2,0.0,3.875,0.0
1791-PQHBB,2,61.2,Month-to-month,Credit card (automatic),DSL,0,No,Yes,2,17,0.7,468.57142857142856,1,1.0,0.0,11.176470588235293
8701-DGLVH,51,20.45,Two year,Mailed check,No,0,No,No,0,28,0.5555555555555556,581.4,1,0.0,6.63,0.0
8741-LQOBK,46,35.05,Month-to-month,Bank transfer (automatic),DSL,0,Yes,Yes,2,11,0.2222222222222222,465.5,3,0.6666666666666666,6.12,8.6
3393-FMZPV,25,100.25,Month-to-month,Electronic check,Fiber optic,0,No,No,3,12,0.7142857142857143,666.2,2,1.0,0.0,3.7777777777777777
8082-GHXOP,13,44.0,Month-to-month,Mailed check,DSL,0,No,Yes,0,10,0.42857142857142855,374.6666666666667,3,0.0,5.06,0.0
6402-ZFPPI,25,102.8,Month-to-month,Mailed check,Fiber optic,1,No,No,4,24,0.6,699.6666666666666,2,0.5,51.63,3.380952380952381
0980-FEXWF,26,50.35,One year,Mailed check,DSL,0,Yes,Yes,1,10,1.0,443.0,1,0.0,10.19,4.769230769230769
7486-KSRVI,43,100.0,One year,Electronic check,Fiber optic,0,No,No,3,22,0.2222222222222222,604.25,1,0.0,20.0,2.5
3011-WQKSZ,19,20.0,Month-to-month,Electronic check,No,0,No,Yes,0,27,0.42105263157894735,474.125,2,0.0,21.884999999999998,0.0
8443-WVPSS,10,99.85,Month-to-month,Electronic check,Fiber optic,0,Yes,No,4,23,0.6428571428571429,624.5555555555555,1,0.0,13.27,3.6956521739130435
3006-XIMLN,2,94.2,Month-to-month,Bank transfer (automatic),Fiber optic,0,No,Yes,2,29,0.9333333333333333,482.0,2,0.0,28.270000000000003,9.714285714285714
1986-PHGZF,18,58.4,Month-to-month,Credit card (automatic),DSL,1,No,No,2,13,1.6,665.75,3,0.3333333333333333,7.460000000000001,6.0
9965-YOKZB,9,83.85,Month-to-month,Electronic check,Fiber optic,1,No,No,1,21,0.5,559.4285714285714,1,0.0,5.13,4.666666666666667
0504-HHAPI,27,88.3,Month-to-month,Credit card (automatic),Fiber optic,1,No,No,2,10,0.1111111111111111,497.0,1,1.0,0.0,4.461538461538462
9360-OMDZZ,24,94.1,Month-to-month,Electronic check,Fiber optic,0,No,No,2,23,0.5333333333333333,537.375,3,0.0,16.153333333333332,7.066666666666666
6305-YLBMM,69,104.05,One year,Bank transfer (automatic),Fiber optic,0,No,No,5,15,0.5,610.2,2,0.5,11.67,6.137931034482759
0345-XMMUG,46,108.9,Two year,Credit card (automatic),Fiber optic,0,Yes,No,5,14,0.5555555555555556,365.6,1,0.0,7.7,8.196078431372548
8024-XNAFQ,72,107.4,Two year,Bank transfer (automatic),Fiber optic,1,No,No,5,29,0.7058823529411765,438.4166666666667,3,0.3333333333333333,9.985,3.883720930232558
3647-GMGDH,22,94.7,Month-to-month,Credit card (automatic),Fiber optic,0,Yes,No,3,13,0.18181818181818182,366.0,3,0.6666666666666666,24.87,3.0
2988-GBIVW,70,90.85,Month-to-month,Electronic check,Fiber optic,1,Yes,No,2,29,0.45,300.77777777777777,2,0.0,7.085,11.714285714285714
2832-SCUCO,2,19.9,Month-to-month,Electronic check,No,0,No,No,0,28,0.3333333333333333,489.57142857142856,0,0.0,0.0,0.0
7036-ZZKBD,31,66.4,Month-to-month,Credit card (automatic),DSL,0,Yes,No,3,30,0.5,529.1,1,0.0,10.63,9.037037037037036
3791-LGQCY,56,100.65,Month-to-month,Bank transfer (automatic),Fiber optic,1,Yes,No,3,29,0.38095238095238093,623.875,3,0.3333333333333333,55.64,6.125
0265-PSUAE,16,100.7,Month-to-month,Bank transfer (automatic),Fiber optic,0,Yes,Yes,4,24,0.8461538461538461,612.4545454545455,2,0.0,10.9,8.5
0463-TXOAK,52,25.6,Two year,Credit card (automatic),No,0,No,Yes,0,29,0.38095238095238093,547.0,1,1.0,0.0,0.0
0594-UFTUL,13,19.85,Month-to-month,Mailed check,No,0,Yes,Yes,0,19,0.7272727272727273,625.0,1,0.0,3.87,0.0
9509-MPYOD,35,20.75,One year,Mailed check,No,0,No,No,0,25,0.5625,910.6666666666666,0,0.0,0.0,0.0
9128-CPXKI,59,95.8,Two year,Electronic check,Fiber optic,0,No,No,3,20,0.6666666666666666,664.875,3,1.0,0.0,4.942857142857143
0129-KPTWJ,72,94.65,Month-to-month,Electronic check,Fiber optic,0,Yes,No,3,12,0.09090909090909091,115.0,2,0.5,4.15,2.411764705882353
8166-ZZTFS,66,80.55,Two year,Bank transfer (automatic),DSL,1,Yes,No,4,11,0.1,247.0,5,0.2,35.3525,2.4516129032258065
5855-EIBDE,49,106.65,Two year,Credit card (automatic),Fiber optic,0,Yes,No,5,19,0.5833333333333334,374.2857142857143,0,0.0,0.0,3.3035714285714284
5365-LLFYV,2,45.85,Month-to-month,Mailed check,DSL,0,No,No,0,28,1.1538461538461537,700.5333333333333,1,0.0,3.93,0.0
5956-YHHRX,21,104.35,Month-to-month,Electronic check,Fiber optic,1,No,No,4,10,0.42857142857142855,385.3333333333333,0,0.0,0.0,20.61764705882353
6008-NAIXK,54,55.45,One year,Electronic check,DSL,1,No,No,4,17,0.4166666666666667,475.4,2,0.0,10.765,10.535714285714286
2956-GGUCQ,24,78.85,Month-to-month,Electronic check,Fiber optic,1,Yes,No,1,12,0.5,618.0,0,0.0,0.0,4.25
1928-BXYIV,1,61.15,Month-to-month,Electronic check,DSL,0,No,No,2,26,0.3684210526315789,581.7142857142857,2,0.0,5.18,7.95
5760-FXFVO,6,78.95,Month-to-month,Electronic check,Fiber optic,0,No,No,2,17,0.8888888888888888,532.75,3,0.6666666666666666,3.24,17.214285714285715
6595-COKXZ,1,44.45,Month-to-month,Mailed check,DSL,0,No,No,0,19,0.35714285714285715,386.4,1,1.0,0.0,0.0
0961-ZWLVI,49,109.2,One year,Credit card (automatic),Fiber optic,0,No,Yes,5,12,0.5,675.25,3,0.6666666666666666,1.47,9.891891891891891
5181-OABFK,56,61.3,Two year,Credit card (automatic),DSL,0,Yes,Yes,3,30,0.36363636363636365,322.5,2,0.0,8.215,5.076923076923077
4007-NHVHI,56,96.85,Month-to-month,Electronic check,Fiber optic,1,No,No,3,30,0.42857142857142855,647.2222222222222,3,0.0,20.196666666666665,9.266666666666667
7816-VGHTO,6,40.55,Two year,Mailed check,DSL,0,Yes,Yes,3,21,0.3125,885.6,2,0.0,13.66,6.583333333333333
5871-DGTXZ,32,19.8,One year,Mailed check,No,0,No,No,0,29,0.6111111111111112,437.27272727272725,3,0.0,6.226666666666667,0.0
7550-WIQVA,50,108.25,One year,Electronic check,Fiber optic,0,Yes,Yes,5,11,0.1,174.0,5,0.0,38.013999999999996,6.4
7544-ZVIKX,58,105.05,One year,Bank transfer (automatic),Fiber optic,0,Yes,Yes,4,19,1.1111111111111112,463.9,0,0.0,0.0,3.72972972972973
0016-QLJIS,65,90.45,Two year,Mailed check,DSL,0,Yes,Yes,6,20,0.6666666666666666,608.875,2,0.0,20.945,5.083333333333333
7508-DQAKK,64,86.4,Two year,Credit card (automatic),DSL,0,No,No,6,18,0.2857142857142857,569.0,1,1.0,0.0,2.8444444444444446
5176-OLSKT,66,66.9,Two year,Bank transfer (automatic),DSL,0,Yes,No,3,19,0.46153846153846156,570.1666666666666,2,0.0,9.3,12.23076923076923
9356-AXGMP,38,110.7,One year,Electronic check,Fiber optic,0,Yes,No,5,10,0.6666666666666666,666.5,1,0.0,11.74,7.133333333333334
3556-BVQGL,20,20.0,One year,Mailed check,No,0,Yes,No,0,24,0.7142857142857143,524.0,2,0.0,10.120000000000001,0.0
0362-ZBZWJ,36,84.9,Month-to-month,Electronic check,Fiber optic,0,No,No,1,25,0.3157894736842105,493.0,4,0.0,53.822500000000005,1.3333333333333333
8979-CAMGB,64,102.1,One year,Electronic check,Fiber optic,1,No,No,4,16,0.6,667.1666666666666,0,0.0,0.0,2.769230769230769
4211-MMAZN,1,20.25,Month-to-month,Mailed check,No,0,No,No,0,15,0.875,765.1428571428571,2,0.0,57.28,0.0
7581-EBBOU,60,70.15,One year,Credit card (automatic),DSL,0,No,No,4,23,0.4375,537.5714285714286,1,0.0,31.94,6.03125
4274-OWWYO,1,74.35,Month-to-month,Electronic check,Fiber optic,0,No,No,1,18,0.8,502.875,0,0.0,0.0,6.0
5073-RZGBK,50,80.05,One year,Bank transfer (automatic),DSL,0,Yes,Yes,5,21,0.23529411764705882,301.5,4,0.25,35.723333333333336,2.1904761904761907
1541-ETJZO,1,62.05,Month-to-month,Mailed check,DSL,0,No,No,2,27,0.5,376.8888888888889,0,0.0,0.0,6.5
2192-CKRLV,72,49.2,Two year,Electronic check,DSL,0,Yes,No,4,26,0.3684210526315789,355.85714285714283,3,0.0,2.026666666666667,7.6875
5906-DVAPM,55,75.0,One year,Credit card (automatic),DSL,0,Yes,Yes,4,29,0.5263157894736842,569.0,3,0.3333333333333333,28.165,7.235294117647059
3154-HMWUU,60,20.5,Two year,Bank transfer (automatic),No,0,Yes,No,0,12,1.0,640.3333333333334,3,0.0,29.77,0.0
6119-SPUDB,46,38.25,Two year,Mailed check,DSL,0,No,No,3,23,0.7692307692307693,623.2,1,0.0,30.88,6.421052631578948
6522-OIQSX,69,54.95,Two year,Credit card (automatic),DSL,0,Yes,Yes,4,11,0.5714285714285714,437.5,3,0.0,7.536666666666666,6.425531914893617
7813-ZGGAW,31,96.6,Month-to-month,Bank transfer (automatic),Fiber optic,1,No,No,3,12,1.4,603.8571428571429,1,0.0,10.95,6.222222222222222
8748-HFWBO,19,19.9,One year,Mailed check,No,0,Yes,Yes,0,21,0.3125,289.6,0,0.0,0.0,0.0
1052-QJIBV,71,19.9,Two year,Credit card (automatic),No,0,Yes,Yes,0,13,0.8571428571428571,647.6666666666666,1,0.0,8.77,0.0
1319-YLZJG,12,84.6,Month-to-month,Electronic check,Fiber optic,0,Yes,No,3,25,0.3157894736842105,691.0,5,0.0,4.04,2.727272727272727
4106-HADHQ,39,80.0,One year,Credit card (automatic),DSL,0,Yes,Yes,5,12,0.2,389.0,1,1.0,0.0,7.096774193548387
0723-FDLAY,44,85.25,One year,Bank transfer (automatic),DSL,0,No,No,5,29,0.5263157894736842,640.1,3,0.3333333333333333,3.4450000000000003,5.023255813953488
3050-RLLXC,56,81.25,Two year,Credit card (automatic),DSL,0,Yes,Yes,5,16,0.3333333333333333,385.0,4,0.5,6.215,3.341463414634146
9298-WGMRW,72,115.5,Two year,Bank transfer (automatic),Fiber optic,0,Yes,No,6,25,0.47058823529411764,536.875,1,0.0,13.82,4.7105263157894735
2369-UAPKZ,5,104.1,Month-to-month,Mailed check,Fiber optic,0,No,No,4,14,1.3333333333333333,565.25,2,0.0,21.04,7.32
3088-LHEFH,11,79.0,Month-to-month,Bank transfer (automatic),Fiber optic,0,No,No,1,12,0.3333333333333333,262.6666666666667,3,0.0,2.6133333333333333,11.2
2778-OCLGR,24,39.1,Month-to-month,Bank transfer (automatic),DSL,1,Yes,No,2,21,0.3125,650.2,3,0.0,43.82333333333333,2.6
6583-KQJLK,15,94.65,Month-to-month,Electronic check,Fiber optic,1,Yes,No,3,26,0.625,729.2,3,0.3333333333333333,10.935,8.32
8544-JNBOX,72,20.8,Two year,Mailed check,No,0,No,No,0,30,0.6666666666666666,463.9166666666667,1,0.0,4.41,0.0
6681-ZSEXG,56,59.5,Two year,Credit card (automatic),DSL,0,Yes,No,2,24,0.6,394.55555555555554,3,0.3333333333333333,4.4,8.05
6139-ZZRBQ,64,20.05,Two year,Bank transfer (automatic),No,1,No,No,0,30,1.0,464.93333333333334,1,0.0,7.43,0.0
6116-RFVHN,34,100.45,Month-to-month,Electronic check,Fiber optic,0,Yes,No,3,26,0.3,581.5,1,0.0,3.75,9.321428571428571
0637-KVDLV,2,76.5,Month-to-month,Electronic check,Fiber optic,0,No,No,0,14,0.5555555555555556,463.8,1,0.0,48.57,0.0
8884-FEEWR,35,20.6,One year,Bank transfer (automatic),No,0,No,No,0,25,0.19047619047619047,352.0,0,0.0,0.0,0.0
3125-RAHBV,22,20.3,One year,Credit card (automatic),No,0,No,No,0,19,0.35714285714285715,453.6,0,0.0,0.0,0.0
6633-MPWBS,5,49.2,Month-to-month,Electronic check,DSL,0,No,No,1,14,0.75,685.0,3,0.0,15.216666666666667,3.2222222222222223
0373-AIVNJ,9,39.55,One year,Mailed check,DSL,0,No,No,3,12,0.3333333333333333,176.33333333333334,1,0.0,20.38,11.0
8785-EPNCG,11,23.15,Month-to-month,Credit card (automatic),No,0,No,No,0,26,0.3,273.3333333333333,1,1.0,0.0,0.0
1682-VCOIO,23,20.45,One year,Mailed check,No,0,No,No,0,13,1.1666666666666667,532.2857142857143,2,0.0,2.65,0.0
5729-KLZAR,4,80.85,Month-to-month,Electronic check,Fiber optic,0,Yes,Yes,1,15,2.75,496.1818181818182,5,0.6,10.515,3.0
2072-ZVJJX,68,25.25,Two year,Bank transfer (automatic),No,0,Yes,No,0,13,0.4444444444444444,467.25,1,0.0,19.32,0.0
8849-AYPTR,33,91.25,Month-to-month,Electronic check,Fiber optic,0,Yes,No,2,22,0.8333333333333334,554.1,1,0.0,10.92,2.380952380952381
9518-IMLHK,31,72.45,Month-to-month,Bank transfer (automatic),DSL,0,No,No,5,11,0.375,584.3333333333334,2,0.5,8.9,4.1923076923076925
1582-RAFML,1,60.1,Month-to-month,Mailed check,DSL,0,No,No,2,28,0.2727272727272727,385.8333333333333,1,0.0,14.93,5.333333333333333
3646-ITDGM,56,19.7,Two year,Bank transfer (automatic),No,0,No,No,0,11,0.375,606.6666666666666,2,0.0,21.46,0.0
8740-CRYFY,1,78.95,Month-to-month,Electronic check,Fiber optic,0,No,No,1,20,0.6666666666666666,753.875,1,1.0,0.0,6.571428571428571
3569-VLDHH,66,75.1,One year,Electronic check,DSL,0,Yes,Yes,5,30,0.5789473684210527,485.45454545454544,0,0.0,0.0,2.3846153846153846
8224-KDLKN,72,25.0,Two year,Bank transfer (automatic),No,0,Yes,Yes,0,22,0.8333333333333334,548.5,1,0.0,7.87,0.0
7594-LZNWR,34,69.15,Month-to-month,Credit card (automatic),Fiber optic,1,No,No,0,22,0.375,411.1666666666667,1,1.0,0.0,0.0
4001-TSBTV,58,91.55,Month-to-month,Electronic check,Fiber optic,0,Yes,Yes,3,28,0.6470588235294118,348.8181818181818,1,0.0,26.94,4.625
2962-XPMCQ,2,45.15,Month-to-month,Electronic check,DSL,0,No,No,0,27,0.5882352941176471,686.2,1,0.0,79.46,0.0
8727-XDPUD,37,35.8,Two year,Credit card (automatic),DSL,0,No,No,1,28,0.6470588235294118,602.4545454545455,5,0.2,2.655,10.8
1043-UXOVO,71,113.15,Two year,Credit card (automatic),Fiber optic,0,No,No,6,22,0.5714285714285714,594.375,2,0.0,4.305,8.192307692307692
1064-FBXNK,1,19.85,One year,Credit card (automatic),No,0,Yes,Yes,0,15,0.36363636363636365,618.0,1,0.0,17.32,0.0
3996-ZNWYK,71,19.8,Two year,Credit card (automatic),No,1,Yes,Yes,0,17,0.4166666666666667,803.6,1,0.0,6.83,0.0
2878-DHMIN,35,19.9,One year,Electronic check,No,0,Yes,Yes,0,12,1.0,617.8333333333334,1,1.0,0.0,0.0
7762-ONLJY,6,19.7,One year,Mailed check,No,0,Yes,Yes,0,14,1.3333333333333333,673.375,1,0.0,10.9,0.0
1678-FYZOW,3,79.4,Month-to-month,Electronic check,Fiber optic,0,No,No,1,17,0.21428571428571427,200.66666666666666,2,0.5,11.03,1.8
5795-BKOYE,69,59.1,One year,Bank transfer (automatic),DSL,0,Yes,Yes,3,27,0.2857142857142857,454.3333333333333,0,0.0,0.0,5.571428571428571
8627-EHGIP,44,53.95,One year,Mailed check,DSL,0,No,No,4,10,0.6666666666666666,311.75,3,0.3333333333333333,2.71,2.6956521739130435
7402-PWYJJ,53,91.15,One year,Electronic check,Fiber optic,0,Yes,No,2,11,0.5714285714285714,315.0,0,0.0,0.0,3.0714285714285716
5480-TBGPH,24,99.3,Month-to-month,Credit card (automatic),Fiber optic,0,Yes,No,4,11,0.375,668.0,4,0.0,15.48,4.954545454545454
0018-NYROU,5,68.95,Month-to-month,Electronic check,Fiber optic,0,Yes,No,0,30,0.36363636363636365,352.5,1,0.0,18.86,0.0
7501-VTYLJ,2,51.55,Month-to-month,Mailed check,DSL,0,No,Yes,1,19,0.26666666666666666,779.5,3,0.0,3.466666666666667,4.0
7608-RGIRO,62,24.4,Two year,Mailed check,No,0,No,Yes,0,14,0.2727272727272727,536.6666666666666,0,0.0,0.0,0.0
0480-BIXDE,19,96.8,Month-to-month,Electronic check,Fiber optic,0,Yes,No,3,17,0.13333333333333333,553.0,1,0.0,6.78,4.956521739130435
5895-QSXOD,9,70.05,Month-to-month,Mailed check,Fiber optic,0,No,No,0,15,0.36363636363636365,455.5,3,0.0,12.373333333333333,0.0
9814-AOUDH,53,19.5,Two year,Credit card (automatic),No,0,No,No,0,22,0.5714285714285714,488.5,0,0.0,0.0,0.0
6175-IRFIT,5,78.75,Month-to-month,Mailed check,Fiber optic,0,No,No,1,26,1.1666666666666667,622.8571428571429,3,0.0,14.280000000000001,11.545454545454545
8760-ZRHKE,71,69.2,One year,Electronic check,DSL,1,Yes,Yes,3,21,0.5,456.2857142857143,2,0.0,18.67,6.685714285714286
1622-HSHSF,1,19.55,Month-to-month,Mailed check,No,0,No,No,0,15,0.15384615384615385,328.0,1,1.0,0.0,0.0
8854-CCVSQ,18,80.65,Month-to-month,Electronic check,Fiber optic,0,No,No,1,13,0.625,355.8,1,1.0,0.0,7.285714285714286
6749-UTDVX,72,103.65,Two year,Electronic check,Fiber optic,0,No,No,4,24,0.6,435.1111111111111,2,0.5,35.06,7.837837837837838
5542-DHSXL,4,54.7,Month-to-month,Mailed check,DSL,0,Yes,No,2,14,0.5555555555555556,402.2,3,0.6666666666666666,3.68,5.55
9102-OXKFY,59,54.15,Two year,Credit card (automatic),DSL,0,No,No,1,27,0.35,584.4285714285714,1,0.0,20.29,10.0
0511-JTEOY,1,71.1,Month-to-month,Mailed check,Fiber optic,0,No,No,0,16,0.7777777777777778,853.4285714285714,2,0.5,10.56,0.0
5216-WASFJ,31,84.85,Month-to-month,Electronic check,Fiber optic,1,Yes,No,1,27,0.8,407.6666666666667,5,0.2,9.6275,7.153846153846154
7808-DVWEP,3,20.0,Month-to-month,Bank transfer (automatic),No,0,Yes,No,0,26,0.18181818181818182,367.25,1,0.0,1.91,0.0
7067-KSAZT,65,106.25,One year,Electronic check,Fiber optic,1,Yes,No,4,21,0.5,473.57142857142856,4,0.5,11.42,4.714285714285714
2284-VFLKH,49,99.25,One year,Credit card (automatic),Fiber optic,0,Yes,No,4,29,0.6111111111111112,384.45454545454544,0,0.0,0.0,3.2083333333333335
0366-NQSHS,2,19.35,Month-to-month,Mailed check,No,0,No,No,0,18,0.6363636363636364,620.8571428571429,1,1.0,0.0,0.0
6532-YLWSI,53,20.8,One year,Bank transfer (automatic),No,0,Yes,No,0,29,0.5263157894736842,652.2,1,0.0,13.26,0.0
3807-BPOMJ,55,94.75,One year,Electronic check,Fiber optic,0,Yes,No,3,30,0.25,352.1666666666667,2,0.0,7.46,5.5
3892-NXAZG,72,114.05,Two year,Credit card (automatic),Fiber optic,0,Yes,Yes,6,24,1.0,650.3333333333334,0,0.0,0.0,6.023809523809524
4948-WBBKL,36,74.9,Month-to-month,Bank transfer (automatic),Fiber optic,1,No,No,0,17,0.3076923076923077,328.0,4,0.5,7.17,0.0
4182-BGSIQ,10,19.8,Month-to-month,Bank transfer (automatic),No,0,Yes,Yes,0,13,0.3,440.0,1,0.0,38.23,0.0
9300-AGZNL,1,94.0,Month-to-month,Electronic check,Fiber optic,1,No,No,2,30,1.3076923076923077,413.8235294117647,3,0.3333333333333333,9.07,2.6666666666666665
0988-AADSA,72,80.85,Two year,Bank transfer (automatic),DSL,0,Yes,Yes,5,23,0.7692307692307693,588.4,0,0.0,0.0,5.954545454545454
9972-NKTFD,28,54.65,Month-to-month,Bank transfer (automatic),DSL,0,No,No,2,19,0.35714285714285715,495.8,0,0.0,0.0,5.571428571428571
3717-LNXKW,38,91.7,Month-to-month,Bank transfer (automatic),Fiber optic,0,Yes,No,2,14,0.16666666666666666,333.0,0,0.0,0.0,8.384615384615385
5734-EJKXG,61,118.6,One year,Electronic check,Fiber optic,0,No,No,6,17,0.4166666666666667,400.4,2,0.0,58.459999999999994,7.458333333333333
2207-RYYRL,52,24.55,Two year,Mailed check,No,0,Yes,Yes,0,18,1.25,563.3,3,0.3333333333333333,3.025,0.0
6729-FZWSY,67,19.45,One year,Mailed check,No,0,No,No,0,19,0.9,363.22222222222223,2,0.0,7.855,0.0
9695-IDRZR,34,116.15,Two year,Credit card (automatic),Fiber optic,0,No,Yes,6,20,0.8181818181818182,488.1111111111111,2,0.0,28.325,7.276595744680851
8144-DGHXP,54,80.6,Two year,Electronic check,DSL,0,No,No,5,15,0.875,512.0,1,0.0,27.27,4.7592592592592595
7814-LEEVE,1,20.3,Month-to-month,Bank transfer (automatic),No,0,Yes,No,0,16,0.7777777777777778,412.7142857142857,1,0.0,33.03,0.0
1112-CUNAO,15,89.85,Month-to-month,Electronic check,Fiber optic,1,No,No,2,25,0.19047619047619047,352.0,1,0.0,7.43,3.1818181818181817
5175-AOBHI,4,46.0,Month-to-month,Mailed check,DSL,0,No,No,0,13,0.4444444444444444,518.75,2,0.5,17.82,0.0
5174-RNGBH,9,66.25,Month-to-month,Mailed check,DSL,0,No,No,3,23,0.35294117647058826,539.3333333333334,2,0.0,49.260000000000005,10.578947368421053
8631-WUXGY,46,99.8,Month-to-month,Electronic check,Fiber optic,0,No,Yes,4,17,0.5454545454545454,439.5,2,0.0,7.165,8.292682926829269
7270-BDIOA,22,90.0,Month-to-month,Electronic check,Fiber optic,0,No,No,2,26,0.3684210526315789,318.57142857142856,0,0.0,0.0,4.2
9565-JSNFM,38,70.45,One year,Bank transfer (automatic),Fiber optic,0,No,No,0,25,0.7857142857142857,565.2727272727273,3,0.3333333333333333,59.95,0.0
6654-QGBZZ,1,19.9,Month-to-month,Mailed check,No,0,No,No,0,13,0.625,360.2,1,1.0,0.0,0.0
8348-JLBUG,64,80.3,One year,Credit card (automatic),Fiber optic,1,Yes,No,2,16,0.7777777777777778,851.7142857142857,0,0.0,0.0,5.3
0607-DAAHE,53,19.75,Two year,Bank transfer (automatic),No,0,No,Yes,0,17,0.8888888888888888,478.125,2,1.0,0.0,0.0
5641-DMBFJ,58,84.3,Two year,Electronic check,DSL,0,Yes,No,5,23,0.35294117647058826,713.8333333333334,0,0.0,0.0,4.655172413793103
9200-NLNPD,56,54.05,One year,Bank transfer (automatic),DSL,0,Yes,No,4,18,0.5,387.0,3,0.3333333333333333,24.095,6.833333333333333
2664-XJZNO,72,104.9,Two year,Credit card (automatic),Fiber optic,0,Yes,Yes,5,10,0.42857142857142855,472.3333333333333,1,0.0,4.37,2.979591836734694
9732-KPKBW,1,53.95,Month-to-month,Electronic check,DSL,0,No,No,2,16,0.45454545454545453,531.4,4,0.75,15.62,2.125
3339-EAQNV,72,97.25,One year,Credit card (automatic),Fiber optic,1,Yes,No,3,26,0.7333333333333333,665.8181818181819,0,0.0,0.0,8.11111111111111
0921-OHLVP,22,83.05,Month-to-month,Electronic check,Fiber optic,0,No,No,1,10,0.42857142857142855,471.0,1,0.0,10.12,3.4285714285714284
3389-YGYAI,8,105.5,Month-to-month,Electronic check,Fiber optic,1,No,No,4,21,0.75,346.3333333333333,2,1.0,0.0,6.3478260869565215
9560-ARGQJ,16,81.0,Month-to-month,Electronic check,Fiber optic,0,No,Yes,1,29,0.45,555.0,5,0.8,22.29,9.75
8350-NYMVI,39,41.1,Month-to-month,Bank transfer (automatic),DSL,0,No,No,3,18,0.5,524.5,1,1.0,0.0,2.8
1600-DILPE,12,45.0,Month-to-month,Bank transfer (automatic),DSL,0,No,No,0,12,0.3333333333333333,922.6666666666666,2,0.0,1.6150000000000002,0.0
0536-ESJEP,54,74.55,Two year,Bank transfer (automatic),DSL,0,Yes,No,4,25,0.7857142857142857,582.0909090909091,1,0.0,1.67,10.46875
4654-GGUII,18,40.2,One year,Mailed check,DSL,0,No,No,3,12,0.7142857142857143,637.8,0,0.0,0.0,3.5384615384615383
6478-HRRCZ,32,70.5,One year,Mailed check,DSL,0,Yes,No,4,16,0.6,461.0,1,0.0,8.92,4.55
8510-BBWMU,41,19.75,One year,Mailed check,No,0,No,No,0,22,0.5714285714285714,313.125,2,0.0,6.475,0.0
6857-TKDJV,67,24.65,Two year,Bank transfer (automatic),No,0,Yes,Yes,0,13,0.625,733.8,1,0.0,11.29,0.0
2360-RDGRO,65,104.25,Month-to-month,Electronic check,Fiber optic,0,Yes,No,4,15,0.25,443.6666666666667,3,0.3333333333333333,15.435,5.34375
0584-BJQGZ,25,78.35,Month-to-month,Bank transfer (automatic),DSL,0,No,No,5,16,1.0,487.25,0,0.0,0.0,4.543478260869565
5134-IKDAY,1,69.8,Month-to-month,Electronic check,Fiber optic,0,Yes,Yes,0,13,0.3,337.0,0,0.0,0.0,0.0
1360-XFJMR,67,109.7,One year,Credit card (automatic),Fiber optic,0,Yes,No,5,26,0.5294117647058824,698.4444444444445,1,0.0,4.66,5.1521739130434785
3070-DVEYC,7,73.75,Month-to-month,Mailed check,Fiber optic,1,No,No,0,18,0.058823529411764705,161.0,3,0.3333333333333333,30.97,0.0
5730-RIITO,43,33.45,Month-to-month,Credit card (automatic),DSL,1,No,No,2,20,0.42857142857142855,744.3333333333334,1,0.0,6.65,7.473684210526316
9058-MJLZC,24,94.6,Month-to-month,Electronic check,Fiber optic,0,No,No,3,23,1.5555555555555556,569.0714285714286,3,0.0,15.836666666666668,7.142857142857143
5707-ORNDZ,9,54.55,Month-to-month,Electronic check,DSL,1,No,No,1,29,0.5263157894736842,632.4,0,0.0,0.0,3.875
0902-XKXPN,69,20.2,Two year,Bank transfer (automatic),No,0,Yes,Yes,0,28,0.2727272727272727,410.6666666666667,2,1.0,0.0,0.0
5177-RVZNU,37,20.3,One year,Bank transfer (automatic),No,0,No,Yes,0,17,0.3076923076923077,574.0,0,0.0,0.0,0.0
0056-EPFBG,20,39.4,Two year,Credit card (automatic),DSL,0,Yes,Yes,3,28,0.6470588235294118,673.7272727272727,0,0.0,0.0,8.222222222222221
8993-IZEUX,7,69.15,Month-to-month,Bank transfer (automatic),Fiber optic,0,No,No,0,13,0.4444444444444444,744.25,2,0.0,6.1,0.0
8696-JKZNU,37,76.25,Month-to-month,Electronic check,Fiber optic,1,No,No,0,19,1.1111111111111112,558.7,4,1.0,0.0,0.0
5380-AFSSK,5,93.9,Month-to-month,Mailed check,Fiber optic,0,No,No,2,21,0.16666666666666666,257.6666666666667,4,0.75,10.5,2.0
8190-ZTQFB,41,51.35,One year,Electronic check,DSL,0,No,No,3,29,0.7058823529411765,601.8333333333334,1,1.0,0.0,4.4375
0931-MHTEM,54,100.05,One year,Credit card (automatic),Fiber optic,0,No,No,4,25,0.3888888888888889,512.5714285714286,1,1.0,0.0,4.771428571428571
2055-PDADH,3,70.4,Month-to-month,Electronic check,Fiber optic,1,No,No,0,24,0.5,620.75,2,0.0,152.38,0.0
7515-LODFU,69,20.3,Two year,Credit card (automatic),No,1,No,No,0,11,0.5714285714285714,730.0,1,0.0,14.52,0.0
0440-UEDAI,53,94.45,One year,Credit card (automatic),Fiber optic,0,No,No,4,14,0.75,478.3333333333333,0,0.0,0.0,3.125
1337-BOZWO,18,46.4,One year,Credit card (automatic),DSL,0,Yes,Yes,3,27,0.42105263157894735,345.75,0,0.0,0.0,3.1
0868-VJRDR,64,104.05,Two year,Credit card (automatic),Fiber optic,0,Yes,No,5,29,0.2608695652173913,337.5,3,0.0,6.41,7.641025641025641
8714-EUHJO,31,91.15,Month-to-month,Electronic check,Fiber optic,0,Yes,Yes,2,17,0.3076923076923077,308.5,1,0.0,27.66,2.909090909090909
6344-SFJVH,20,24.9,Month-to-month,Credit card (automatic),DSL,0,No,No,0,25,0.19047619047619047,756.5,1,0.0,6.58,0.0
3950-VPYJB,57,59.6,One year,Mailed check,DSL,0,Yes,Yes,3,26,0.18181818181818182,457.0,1,0.0,4.02,4.833333333333333
8041-TMEID,63,108.5,Two year,Credit card (automatic),Fiber optic,1,Yes,No,5,25,0.3888888888888889,381.0,5,0.2,4.68,5.078947368421052
7321-ZNSLA,13,40.55,Two year,Mailed check,DSL,0,Yes,Yes,3,11,0.5714285714285714,707.5,2,0.0,3.17,11.392857142857142
6941-KXRRV,48,58.95,One year,Bank transfer (automatic),DSL,1,Yes,No,2,24,0.6,673.7777777777778,4,0.75,26.87,3.857142857142857
3721-CNEYS,2,70.95,Month-to-month,Electronic check,Fiber optic,0,No,No,0,10,0.6666666666666666,602.75,2,0.0,25.155,0.0
8727-JQFHV,57,20.75,Two year,Mailed check,No,0,Yes,Yes,0,24,0.3333333333333333,502.6666666666667,3,0.3333333333333333,3.125,0.0
9475-NNDGC,71,113.15,One year,Bank transfer (automatic),Fiber optic,0,Yes,No,5,17,0.5454545454545454,472.8333333333333,0,0.0,0.0,4.309523809523809
1355-KUSBG,7,48.8,Month-to-month,Electronic check,DSL,0,Yes,Yes,0,24,0.8461538461538461,343.45454545454544,3,0.6666666666666666,7.6,0.0
3688-FTHLT,16,63.05,Month-to-month,Bank transfer (automatic),DSL,0,No,No,1,25,0.3157894736842105,407.5,2,0.0,6.109999999999999,10.11111111111111
0899-LIIBW,34,100.85,Month-to-month,Electronic check,Fiber optic,0,Yes,No,3,14,1.0,676.8571428571429,2,0.0,22.95,6.555555555555555
2568-OIADY,37,99.5,Month-to-month,Electronic check,Fiber optic,0,Yes,No,3,15,0.5,245.4,1,0.0,8.09,11.294117647058824
1384-RCUXW,16,80.55,Month-to-month,Mailed check,Fiber optic,0,No,No,1,16,0.23076923076923078,889.6666666666666,2,0.5,45.82,5.0
5825-XJOCM,48,64.4,One year,Bank transfer (automatic),DSL,0,No,Yes,3,28,0.75,615.9166666666666,2,0.0,2.74,3.9696969696969697
6848-YLDFR,58,75.2,One year,Credit card (automatic),DSL,0,Yes,Yes,4,18,0.6363636363636364,444.42857142857144,3,0.3333333333333333,9.535,12.547619047619047
8125-QPFJD,72,84.9,Two year,Bank transfer (automatic),DSL,0,Yes,No,5,28,0.6470588235294118,483.27272727272725,2,0.0,35.06,25.842105263157894
2320-YKQBO,7,19.3,Month-to-month,Mailed check,No,0,No,No,0,15,0.6666666666666666,672.0,1,0.0,2.64,0.0
1193-RTSLK,38,83.9,Month-to-month,Credit card (automatic),Fiber optic,0,No,No,3,23,0.35294117647058826,671.3333333333334,1,0.0,40.78,2.4347826086956523
2302-ANTDP,48,117.45,Month-to-month,Electronic check,Fiber optic,1,Yes,No,6,14,1.0,516.5714285714286,0,0.0,0.0,3.6944444444444446
5923-GXUOC,10,104.4,Month-to-month,Electronic check,Fiber optic,0,No,No,5,16,0.14285714285714285,431.0,3,0.3333333333333333,29.455,5.866666666666666
4973-RLZVI,30,74.65,One year,Credit card (automatic),DSL,0,No,No,5,13,0.8571428571428571,787.8333333333334,1,0.0,8.2,7.804347826086956
7869-ZYDST,31,59.05,Month-to-month,Credit card (automatic),DSL,0,Yes,No,1,20,0.17647058823529413,236.33333333333334,2,0.0,5.8,2.75
4501-UYKBC,46,69.1,One year,Credit card (automatic),DSL,1,No,No,3,16,0.23076923076923078,466.0,0,0.0,0.0,5.62962962962963
1215-EXRMO,50,20.55,Two year,Mailed check,No,0,Yes,No,0,12,0.5,281.75,2,1.0,0.0,0.0
2305-MRGLV,28,76.55,Month-to-month,Bank transfer (automatic),Fiber optic,0,Yes,No,1,12,0.2,306.0,1,0.0,6.81,3.5
8404-VIOMB,66,62.5,Two year,Bank transfer (automatic),DSL,0,No,No,6,19,0.11764705882352941,215.5,0,0.0,0.0,4.666666666666667
5233-GEEAX,8,29.4,Month-to-month,Electronic check,DSL,1,No,No,1,14,0.4,320.0,4,0.25,5.196666666666666,12.0
2359-KLTEK,41,94.9,Month-to-month,Bank transfer (automatic),Fiber optic,0,Yes,Yes,3,16,0.3333333333333333,676.5,2,0.0,6.605,7.1
5304-EFJLP,72,111.65,Two year,Bank transfer (automatic),Fiber optic,1,Yes,No,5,27,0.5,317.1111111111111,2,0.0,3.295,11.736842105263158
2673-ZALNP,7,19.9,One year,Mailed check,No,0,No,No,0,24,0.3333333333333333,371.0,2,0.0,16.185000000000002,0.0
9184-GALIL,38,20.45,Month-to-month,Mailed check,No,0,Yes,Yes,0,27,0.5882352941176471,609.1,2,0.0,27.005000000000003,0.0
4393-RYCRE,44,106.05,One year,Electronic check,Fiber optic,0,No,No,5,24,0.5,386.375,0,0.0,0.0,2.75
9746-MDMBK,47,113.45,One year,Bank transfer (automatic),Fiber optic,0,Yes,Yes,6,24,0.2631578947368421,450.0,1,0.0,17.97,10.642857142857142
3162-ZJZFU,53,92.55,Month-to-month,Electronic check,Fiber optic,0,Yes,Yes,3,16,1.0,493.125,1,1.0,0.0,7.4
8404-GFGCZ,4,65.6,Month-to-month,Electronic check,DSL,0,Yes,No,2,29,1.0714285714285714,659.2666666666667,0,0.0,0.0,8.5
8875-AKBYH,20,84.35,Month-to-month,Electronic check,Fiber optic,1,No,No,1,25,0.19047619047619047,415.75,1,0.0,2.79,3.727272727272727
4432-ADRLB,2,44.65,Month-to-month,Mailed check,DSL,0,No,No,0,22,0.4666666666666667,332.85714285714283,4,0.5,30.335,0.0
0533-UCAAU,57,71.1,One year,Credit card (automatic),DSL,1,Yes,No,3,27,0.5,454.22222222222223,5,0.2,15.370000000000001,5.371428571428571
1394-SUIUH,44,85.15,Month-to-month,Electronic check,Fiber optic,1,Yes,No,3,21,0.6153846153846154,410.125,1,1.0,0.0,5.166666666666667
3521-MNKLV,24,49.7,Month-to-month,Mailed check,DSL,0,No,No,1,14,0.5555555555555556,380.6,2,1.0,0.0,6.0
2533-TIBIX,15,30.2,Month-to-month,Bank transfer (automatic),DSL,0,Yes,Yes,1,16,0.45454545454545453,390.4,1,0.0,12.71,7.0
8993-PHFWD,3,25.25,Month-to-month,Electronic check,DSL,0,No,No,0,28,1.1538461538461537,742.4666666666667,2,0.5,109.28,0.0
1565-RHDJD,4,84.05,Month-to-month,Bank transfer (automatic),Fiber optic,0,No,Yes,2,30,0.6666666666666666,406.4166666666667,2,1.0,0.0,3.230769230769231
7137-RYLPP,37,85.7,Month-to-month,Electronic check,Fiber optic,1,Yes,No,1,25,0.5625,409.22222222222223,3,0.3333333333333333,44.39,3.0
3765-JXVKY,1,74.7,Month-to-month,Electronic check,Fiber optic,0,No,No,1,21,0.3125,159.2,5,0.4,16.273333333333333,2.0
5092-STPKP,24,56.35,Month-to-month,Credit card (automatic),DSL,0,No,No,2,15,1.1428571428571428,478.375,2,0.0,9.379999999999999,7.375
7330-WZLNC,5,90.8,Month-to-month,Electronic check,Fiber optic,0,No,No,2,30,0.36363636363636365,304.125,0,0.0,0.0,4.071428571428571
0114-PEGZZ,33,107.55,Month-to-month,Electronic check,Fiber optic,0,No,No,4,22,0.15789473684210525,304.6666666666667,2,0.0,11.15,2.372093023255814
3359-DSRKA,58,19.85,Two year,Mailed check,No,0,Yes,Yes,0,12,0.7142857142857143,545.4,1,0.0,4.02,0.0
8639-NHQEI,72,95.9,Two year,Bank transfer (automatic),Fiber optic,0,Yes,Yes,3,18,0.6363636363636364,444.7142857142857,0,0.0,0.0,7.961538461538462
7161-DFHUF,71,23.85,Two year,Mailed check,No,0,Yes,No,0,22,0.8333333333333334,561.2,1,0.0,3.99,0.0
3957-LXOLK,28,106.15,Month-to-month,Electronic check,Fiber optic,1,No,No,4,22,0.5714285714285714,560.0,3,0.3333333333333333,13.915,12.689655172413794
3720-DBRWL,51,83.85,Two year,Credit card (automatic),DSL,0,Yes,No,6,26,0.4444444444444444,340.625,1,0.0,35.3,4.576923076923077
6635-MYYYZ,30,85.35,One year,Bank transfer (automatic),DSL,0,No,No,6,17,0.3076923076923077,684.5,1,1.0,0.0,6.975
8565-WUXZU,72,84.8,Two year,Credit card (automatic),Fiber optic,1,Yes,No,3,19,0.7272727272727273,858.125,0,0.0,0.0,9.91304347826087
5281-BUZGT,36,90.85,Month-to-month,Electronic check,Fiber optic,1,No,No,2,10,1.0,837.0,1,1.0,0.0,3.7857142857142856
4994-OBRSZ,14,76.1,Two year,Bank transfer (automatic),DSL,0,No,Yes,5,21,0.5,506.14285714285717,1,0.0,22.04,14.78125
0562-FGDCR,72,74.55,Two year,Mailed check,DSL,0,Yes,Yes,4,28,0.47368421052631576,246.55555555555554,2,0.0,5.64,7.4324324324324325
2436-QBZFP,22,39.2,Month-to-month,Electronic check,DSL,0,Yes,Yes,2,20,1.0,652.1,0,0.0,0.0,4.833333333333333
3420-YJLQT,2,79.55,Month-to-month,Electronic check,Fiber optic,0,No,No,1,27,0.17391304347826086,917.75,1,0.0,8.22,7.25
6040-CGACY,15,19.6,Month-to-month,Mailed check,No,0,No,No,0,28,0.8666666666666667,536.0,2,0.0,20.744999999999997,0.0
6582-PLFUU,51,19.55,Two year,Credit card (automatic),No,0,Yes,Yes,0,20,1.2222222222222223,426.45454545454544,1,0.0,19.01,0.0
8242-PDSGJ,70,39.15,Two year,Credit card (automatic),DSL,0,Yes,No,3,29,0.20833333333333334,291.6,2,0.0,15.325,7.521739130434782
0264-CNITK,71,20.1,Two year,Bank transfer (automatic),No,0,Yes,Yes,0,10,1.5,240.5,1,0.0,5.53,0.0
0089-IIQKO,39,99.95,Month-to-month,Credit card (automatic),Fiber optic,0,Yes,Yes,3,24,0.2,381.25,3,0.0,4.653333333333333,6.742857142857143
7839-NUIAA,61,59.8,Month-to-month,Electronic check,DSL,0,Yes,Yes,2,11,0.5714285714285714,376.25,0,0.0,0.0,11.0
6075-QMNRR,52,49.75,Month-to-month,Bank transfer (automatic),DSL,0,No,No,1,17,0.8888888888888888,667.125,0,0.0,0.0,6.3
5378-IKEEG,1,35.75,Month-to-month,Electronic check,DSL,0,No,No,1,14,0.75,575.1666666666666,0,0.0,0.0,3.4
5966-EMAZU,64,108.5,One year,Mailed check,Fiber optic,0,Yes,No,5,25,0.5625,402.6666666666667,3,0.0,2.626666666666667,12.522727272727273
0440-EKDCF,62,60.15,Two year,Credit card (automatic),DSL,0,Yes,No,3,10,0.42857142857142855,943.3333333333334,0,0.0,0.0,2.5161290322580645
4774-HHGGS,30,19.05,Two year,Mailed check,No,0,Yes,No,0,20,0.25,885.0,1,0.0,11.12,0.0
2718-GAXQD,4,46.0,Month-to-month,Electronic check,DSL,1,Yes,Yes,0,25,0.3157894736842105,404.8333333333333,4,0.0,9.415,0.0
2055-BFOCC,63,84.0,One year,Bank transfer (automatic),DSL,1,Yes,No,6,28,0.75,739.0833333333334,0,0.0,0.0,4.56140350877193
8180-AKMJV,1,44.55,Month-to-month,Credit card (automatic),DSL,0,No,No,0,16,1.2857142857142858,480.6666666666667,2,0.0,11.02,0.0
4298-OYIFC,15,103.45,Month-to-month,Electronic check,Fiber optic,0,Yes,No,4,12,0.5,531.25,0,0.0,0.0,7.828571428571428
5566-SOEZD,27,80.65,One year,Credit card (automatic),Fiber optic,0,Yes,Yes,2,29,0.8125,484.38461538461536,2,0.0,1.805,2.8333333333333335
9842-EFSYY,4,57.2,Month-to-month,Mailed check,DSL,0,No,Yes,5,29,0.5263157894736842,300.3,1,0.0,5.33,4.903225806451613
2272-WUSPA,72,110.75,Two year,Electronic check,Fiber optic,0,Yes,No,5,18,0.6363636363636364,623.4285714285714,3,0.0,8.096666666666668,7.647058823529412
4584-LBNMK,45,24.7,One year,Credit card (automatic),No,1,Yes,No,0,24,0.8461538461538461,557.8181818181819,0,0.0,0.0,0.0
3898-GUYTS,45,97.05,Month-to-month,Electronic check,Fiber optic,1,No,No,4,30,0.1111111111111111,546.0,1,0.0,10.87,3.6451612903225805
0930-EHUZA,36,76.35,One year,Mailed check,DSL,0,No,No,5,23,0.6428571428571429,336.1111111111111,2,1.0,0.0,4.354838709677419
6413-XKKPU,17,89.4,Month-to-month,Electronic check,Fiber optic,0,Yes,Yes,3,13,0.625,557.6,3,0.0,14.660000000000002,3.576923076923077
9975-SKRNR,1,18.9,Month-to-month,Mailed check,No,0,No,No,0,27,0.6875,615.8181818181819,1,0.0,11.03,0.0
3703-KBKZP,16,74.45,Month-to-month,Bank transfer (automatic),Fiber optic,1,No,No,0,25,0.3888888888888889,585.1428571428571,3,0.0,7.57,0.0
1449-XQEMT,3,19.8,Month-to-month,Mailed check,No,0,No,No,0,15,0.875,527.1428571428571,0,0.0,0.0,0.0
2626-URJFX,4,50.9,Month-to-month,Electronic check,DSL,0,Yes,Yes,0,18,0.125,429.0,2,0.5,41.93,0.0
4973-MGTON,71,84.4,Two year,Credit card (automatic),DSL,0,Yes,No,6,16,0.3333333333333333,383.75,0,0.0,0.0,4.196078431372549
3682-YEUWS,10,24.4,Month-to-month,Mailed check,No,0,Yes,Yes,0,20,0.6666666666666666,579.125,0,0.0,0.0,0.0
1223-UNPKS,20,20.05,Two year,Mailed check,No,0,Yes,Yes,0,23,1.0909090909090908,651.25,0,0.0,0.0,0.0
2612-RRIDN,4,81.0,Month-to-month,Electronic check,Fiber optic,0,No,No,1,11,0.8333333333333334,514.2,1,0.0,6.88,2.2
4735-ASGMA,26,98.35,Month-to-month,Electronic check,Fiber optic,0,No,No,3,25,0.7857142857142857,452.45454545454544,1,0.0,10.82,6.105263157894737
3446-QDSZF,4,55.5,Month-to-month,Credit card (automatic),DSL,0,No,No,1,19,0.35714285714285715,679.4,1,0.0,9.76,14.0
3669-LVWZB,5,51.0,Month-to-month,Mailed check,DSL,0,No,No,3,21,0.6153846153846154,467.625,2,1.0,0.0,1.5263157894736843
6892-EZDTG,4,91.65,Month-to-month,Electronic check,Fiber optic,0,Yes,No,2,28,0.16666666666666666,311.0,1,0.0,12.6,2.7
5117-IFGPS,29,84.3,Month-to-month,Electronic check,Fiber optic,1,Yes,No,1,19,1.1111111111111112,805.8,2,0.5,4.75,8.4
7379-FNIUJ,2,100.2,Month-to-month,Electronic check,Fiber optic,0,No,No,4,20,1.5,391.1666666666667,3,0.0,6.239999999999999,3.48
1627-AFWVJ,29,19.4,Two year,Mailed check,No,0,No,No,0,17,1.125,608.6666666666666,0,0.0,0.0,0.0
9725-SCPZG,1,90.85,Month-to-month,Electronic check,Fiber optic,0,No,Yes,2,22,0.375,464.5,4,0.5,9.74,2.5555555555555554
5884-GCYMI,1,69.4,Month-to-month,Mailed check,Fiber optic,0,No,No,0,10,0.25,344.0,2,1.0,0.0,0.0
3217-FZDMN,8,94.45,Month-to-month,Credit card (automatic),Fiber optic,1,No,No,3,10,0.1111111111111111,286.0,0,0.0,0.0,4.625
4486-EFAEB,13,20.4,Month-to-month,Electronic check,No,0,No,No,0,11,0.375,391.6666666666667,0,0.0,0.0,0.0
0060-FUALY,59,94.75,Month-to-month,Electronic check,Fiber optic,0,Yes,No,3,23,0.6428571428571429,474.22222222222223,0,0.0,0.0,5.65
7853-GVUDZ,1,20.15,Month-to-month,Credit card (automatic),No,0,Yes,Yes,0,19,0.46153846153846156,364.8333333333333,1,0.0,7.25,0.0
7480-QNVZJ,50,95.7,Month-to-month,Electronic check,Fiber optic,1,No,No,2,24,0.2631578947368421,428.8,4,0.5,21.325,4.538461538461538
6954-OOYZZ,18,44.35,Month-to-month,Bank transfer (automatic),DSL,0,Yes,No,0,13,0.625,741.8,2,0.0,2.855,0.0
7088-FBAWU,17,74.55,Month-to-month,Mailed check,DSL,0,Yes,Yes,4,14,0.75,573.8333333333334,3,0.0,2.2399999999999998,4.7105263157894735
8313-AFGBW,47,73.6,Two year,Electronic check,DSL,0,Yes,No,4,25,0.3888888888888889,762.1428571428571,1,0.0,15.01,7.5227272727272725
3943-KDREE,26,74.95,Month-to-month,Bank transfer (automatic),Fiber optic,0,No,No,0,22,0.5714285714285714,558.5,1,0.0,19.0,0.0
9239-ZBZZV,6,47.95,Month-to-month,Electronic check,DSL,0,No,No,3,14,0.2727272727272727,403.0,3,0.3333333333333333,18.64,2.4
3097-IDVPU,19,50.1,Month-to-month,Credit card (automatic),DSL,0,Yes,Yes,0,20,0.42857142857142855,652.5,2,0.0,21.31,0.0
4398-HSCJH,3,63.6,Month-to-month,Electronic check,DSL,0,No,No,2,27,0.5,856.1111111111111,1,0.0,82.11,4.333333333333333
2197-OMWGI,68,53.0,Two year,Electronic check,DSL,1,Yes,Yes,4,11,0.8333333333333334,726.0,4,0.5,24.055,7.0
2303-PJYHN,2,19.85,Month-to-month,Bank transfer (automatic),No,0,Yes,No,0,30,0.30434782608695654,470.2857142857143,1,0.0,4.69,0.0
9795-VOWON,7,24.35,One year,Credit card (automatic),DSL,0,No,No,0,22,0.29411764705882354,477.0,4,0.0,14.0425,0.0
1237-WIYYZ,18,19.55,Month-to-month,Mailed check,No,0,No,No,0,29,0.45,429.0,1,0.0,10.31,0.0
1987-AUELQ,71,25.05,Two year,Credit card (automatic),No,0,Yes,No,0,19,0.1875,342.6666666666667,1,0.0,7.71,0.0
7852-LECYP,13,93.8,Month-to-month,Credit card (automatic),Fiber optic,1,Yes,No,3,27,0.5882352941176471,549.5,3,0.6666666666666666,12.71,9.655172413793103
4430-UZIPO,3,36.85,Month-to-month,Mailed check,DSL,0,No,No,2,16,0.6,405.0,0,0.0,0.0,4.538461538461538
4822-LPTYJ,72,103.75,Two year,Bank transfer (automatic),Fiber optic,0,Yes,No,4,21,0.4,532.8333333333334,0,0.0,0.0,6.526315789473684
8165-CBKXO,66,56.75,Two year,Credit card (automatic),DSL,0,Yes,Yes,4,26,0.23809523809523808,454.4,3,0.0,9.496666666666668,4.591836734693878
6527-PZFPV,24,20.8,One year,Credit card (automatic),No,0,Yes,Yes,0,28,0.8666666666666667,606.5384615384615,3,0.0,24.223333333333333,0.0
4855-SNKMY,1,44.1,Month-to-month,Electronic check,DSL,0,No,No,0,22,0.5714285714285714,578.25,0,0.0,0.0,0.0
9593-CVZKR,56,24.45,Two year,Mailed check,No,0,Yes,Yes,0,25,0.6666666666666666,619.0,1,0.0,13.76,0.0
8595-SIZNC,22,25.6,One year,Bank transfer (automatic),No,1,Yes,No,0,24,0.14285714285714285,560.3333333333334,0,0.0,0.0,0.0
8008-HAWED,14,50.75,Month-to-month,Electronic check,DSL,0,No,No,3,25,0.9230769230769231,371.0833333333333,3,1.0,0.0,2.411764705882353
7124-UGSUR,61,104.4,One year,Credit card (automatic),Fiber optic,1,Yes,No,4,30,0.36363636363636365,367.625,2,0.0,31.745,4.0
1862-SKORY,40,39.3,Month-to-month,Electronic check,DSL,1,Yes,No,2,10,1.0,477.8,3,1.0,0.0,4.0
5236-XMZJY,42,59.65,Month-to-month,Bank transfer (automatic),DSL,0,No,No,3,10,1.0,401.8,1,0.0,19.42,4.434782608695652
4827-DPADN,72,83.3,Two year,Bank transfer (automatic),DSL,0,Yes,Yes,5,16,0.7777777777777778,821.4285714285714,3,0.0,4.183333333333334,5.483870967741935
2694-CIUMO,12,79.55,Month-to-month,Credit card (automatic),Fiber optic,0,No,No,1,13,0.3,690.3333333333334,2,0.5,3.66,3.5
5846-ABOBJ,71,24.45,Two year,Bank transfer (automatic),No,0,Yes,No,0,10,1.0,405.2,0,0.0,0.0,0.0
1439-LCGVL,26,19.2,One year,Mailed check,No,0,Yes,No,0,23,0.5333333333333333,530.25,0,0.0,0.0,0.0
0909-SDHNU,7,29.8,Month-to-month,Mailed check,DSL,0,No,Yes,1,15,0.5,300.8,2,1.0,0.0,4.0
4647-XXZAM,6,45.5,Month-to-month,Mailed check,DSL,0,Yes,Yes,0,15,0.25,704.3333333333334,3,0.0,10.07,0.0
1502-XFCVR,58,106.45,One year,Electronic check,Fiber optic,0,No,No,5,12,0.2,264.5,0,0.0,0.0,3.75
7740-KKCXF,51,30.05,Month-to-month,Credit card (automatic),DSL,0,Yes,No,1,14,0.5555555555555556,349.2,1,0.0,6.86,4.625
5360-XGYAZ,72,65.65,Two year,Bank transfer (automatic),DSL,0,Yes,Yes,6,16,0.45454545454545453,462.0,1,0.0,15.79,5.780487804878049
9692-TUSXH,18,96.05,Month-to-month,Electronic check,Fiber optic,0,No,No,3,15,0.5,265.8,2,0.5,30.54,3.8125
7912-SYRQT,7,75.1,Month-to-month,Bank transfer (automatic),Fiber optic,0,No,No,0,29,0.7058823529411765,437.9166666666667,4,0.25,38.61666666666667,0.0
3557-HTYWR,47,74.05,Two year,Mailed check,DSL,0,No,No,4,21,0.16666666666666666,423.0,2,0.0,4.37,5.0
4816-JBHOV,2,44.7,Month-to-month,Electronic check,DSL,1,No,No,0,24,0.4117647058823529,599.5714285714286,0,0.0,0.0,0.0
8920-NAVAY,62,110.75,One year,Bank transfer (automatic),Fiber optic,1,No,No,5,14,0.2727272727272727,463.3333333333333,1,1.0,0.0,12.35135135135135
1699-TLDLZ,16,19.7,Two year,Mailed check,No,0,Yes,Yes,0,25,0.3157894736842105,605.8333333333334,3,0.0,11.616666666666665,0.0
5600-PDUJF,6,49.5,Month-to-month,Credit card (automatic),DSL,0,No,No,1,17,0.4166666666666667,631.0,1,0.0,9.32,3.4
8292-TYSPY,19,55.0,Month-to-month,Credit card (automatic),DSL,0,No,No,2,16,1.0,534.375,2,0.5,133.47,2.4444444444444446
0567-XRHCU,69,43.95,Two year,Credit card (automatic),DSL,0,Yes,Yes,3,21,1.1,512.0909090909091,1,1.0,0.0,10.28125
1867-BDVFH,11,74.35,Month-to-month,Electronic check,Fiber optic,0,Yes,Yes,0,14,0.75,277.0,3,0.3333333333333333,33.185,0.0
2067-QYTCF,64,111.15,Month-to-month,Electronic check,Fiber optic,0,Yes,No,5,28,0.3333333333333333,525.1428571428571,2,0.5,5.27,4.441860465116279
2359-QWQUL,39,104.7,One year,Credit card (automatic),Fiber optic,0,Yes,No,5,13,1.6,411.125,5,0.2,15.4725,2.735294117647059
9103-TCIHJ,15,55.7,Month-to-month,Mailed check,DSL,0,No,No,1,12,0.7142857142857143,315.8,1,0.0,25.0,6.166666666666667
7407-SUJIZ,25,20.6,Month-to-month,Mailed check,No,0,No,No,0,15,0.875,865.1428571428571,0,0.0,0.0,0.0
9150-KPBJQ,6,19.65,Two year,Credit card (automatic),No,0,No,No,0,13,0.3,678.6666666666666,1,0.0,11.73,0.0
0052-DCKON,66,115.8,One year,Bank transfer (automatic),Fiber optic,0,Yes,No,6,20,0.8181818181818182,618.1111111111111,1,0.0,6.59,5.142857142857143
3654-ARMGP,61,88.65,Two year,Credit card (automatic),DSL,0,No,No,5,15,1.5,814.6666666666666,1,0.0,14.42,11.6
9699-UBQFS,43,94.5,Month-to-month,Electronic check,Fiber optic,1,Yes,No,3,27,0.6875,459.3636363636364,2,0.0,10.265,4.7727272727272725
9367-TCUYN,12,20.1,Month-to-month,Mailed check,No,0,No,No,0,18,0.5,525.0,0,0.0,0.0,0.0
1261-FWTTE,23,34.65,Month-to-month,Bank transfer (automatic),DSL,1,No,No,1,26,0.5294117647058824,635.3333333333334,3,0.0,33.18,2.6363636363636362
3528-HFRIQ,71,52.3,Month-to-month,Bank transfer (automatic),DSL,1,Yes,No,4,22,0.5714285714285714,544.25,3,0.6666666666666666,7.48,2.75
0708-SJDIS,34,65.0,Month-to-month,Mailed check,DSL,0,No,No,2,10,0.1111111111111111,395.0,0,0.0,0.0,7.157894736842105
4140-WJAWW,5,19.85,Month-to-month,Credit card (automatic),No,0,No,No,0,30,0.5789473684210527,304.1818181818182,3,0.6666666666666666,6.87,0.0
2073-QBVBI,41,35.45,One year,Mailed check,DSL,0,Yes,No,2,24,0.2,232.75,1,0.0,8.06,2.5
6928-ONTRW,72,19.7,Two year,Credit card (automatic),No,0,Yes,Yes,0,20,0.8181818181818182,459.0,1,0.0,14.03,0.0
3320-VEOYC,14,95.6,Month-to-month,Electronic check,Fiber optic,1,No,No,2,27,0.5,485.3333333333333,3,0.0,14.496666666666664,9.6875
5231-FIQPA,41,19.85,Two year,Mailed check,No,0,No,No,0,19,0.46153846153846156,443.5,2,0.0,30.865000000000002,0.0
6617-WLBQC,23,81.85,One year,Credit card (automatic),Fiber optic,0,Yes,Yes,1,22,0.4666666666666667,294.0,0,0.0,0.0,6.333333333333333
2599-CIPQE,71,109.3,Two year,Credit card (automatic),Fiber optic,0,Yes,Yes,6,15,0.25,397.3333333333333,0,0.0,0.0,7.113207547169812
6653-CBBOM,1,70.3,Month-to-month,Electronic check,Fiber optic,0,No,No,0,12,0.7142857142857143,427.4,1,0.0,11.4,0.0
8774-GSBUN,72,25.4,Two year,Mailed check,No,0,Yes,No,0,22,0.4666666666666667,296.7142857142857,1,0.0,0.61,0.0
7326-RIGQZ,6,69.8,Month-to-month,Electronic check,Fiber optic,0,Yes,Yes,0,13,0.4444444444444444,594.25,1,0.0,91.04,0.0
1401-FTHFQ,23,20.0,One year,Credit card (automatic),No,0,Yes,Yes,0,17,0.21428571428571427,453.3333333333333,0,0.0,0.0,0.0
3247-ZVOUO,10,85.55,Month-to-month,Electronic check,Fiber optic,1,Yes,No,1,15,0.25,422.3333333333333,2,1.0,0.0,3.0
0254-FNMCI,72,109.9,Two year,Electronic check,Fiber optic,0,No,No,6,13,0.4444444444444444,664.0,1,0.0,3.45,10.696428571428571
1848-LBZHY,7,50.3,Month-to-month,Bank transfer (automatic),DSL,0,Yes,No,1,30,0.30434782608695654,435.14285714285717,4,0.0,8.6275,10.5
6101-IMRMM,6,94.5,Month-to-month,Mailed check,Fiber optic,0,No,Yes,3,10,0.6666666666666666,616.0,3,0.0,11.983333333333334,1.8
8118-TJAFG,9,101.5,Month-to-month,Electronic check,Fiber optic,0,Yes,Yes,4,21,0.23529411764705882,715.75,1,0.0,1.91,4.461538461538462
5429-LWCMV,12,89.15,Month-to-month,Electronic check,Fiber optic,0,No,No,2,22,1.0,571.0,1,0.0,5.9,12.157894736842104
7298-IZWLY,1,19.4,Month-to-month,Mailed check,No,0,No,No,0,24,0.2631578947368421,637.4,0,0.0,0.0,0.0
9758-MFWGD,48,29.9,One year,Bank transfer (automatic),DSL,1,Yes,Yes,1,25,0.7857142857142857,515.9090909090909,5,0.2,9.247499999999999,4.0
3955-JBZZM,20,78.8,Month-to-month,Electronic check,Fiber optic,0,No,No,1,17,0.7,441.85714285714283,2,0.5,13.32,8.75
1268-ASBGA,16,85.35,Month-to-month,Credit card (automatic),Fiber optic,1,Yes,No,1,21,0.6153846153846154,346.75,3,0.3333333333333333,12.385000000000002,2.857142857142857
8943-URTMR,2,79.65,Month-to-month,Mailed check,Fiber optic,0,No,No,1,30,0.42857142857142855,618.5555555555555,0,0.0,0.0,3.875
4815-TUMEQ,10,19.3,One year,Mailed check,No,0,No,No,0,25,0.6666666666666666,670.2,1,0.0,10.38,0.0
4713-LZDRV,2,79.6,Month-to-month,Electronic check,Fiber optic,1,No,No,1,12,1.0,396.5,2,0.5,19.93,3.75
9909-IDLEK,20,96.8,Month-to-month,Mailed check,Fiber optic,0,Yes,Yes,3,18,0.38461538461538464,617.6,1,0.0,12.98,5.866666666666666
4092-OFQZS,20,20.65,One year,Mailed check,No,0,Yes,No,0,30,0.30434782608695654,403.42857142857144,1,0.0,5.68,0.0
1561-BWHIN,19,19.8,One year,Mailed check,No,0,Yes,Yes,0,13,0.8571428571428571,490.3333333333333,0,0.0,0.0,0.0
4325-NFSKC,19,90.6,Month-to-month,Electronic check,Fiber optic,1,No,No,2,11,0.8333333333333334,550.4,4,0.25,59.48666666666667,4.0
9927-DSWDF,22,104.6,Month-to-month,Electronic check,Fiber optic,0,Yes,No,5,22,0.15789473684210525,1115.0,2,0.0,4.1,11.931818181818182
9500-LTVBP,35,80.05,Month-to-month,Credit card (automatic),Fiber optic,0,No,No,1,12,0.09090909090909091,421.0,4,0.25,21.036666666666665,6.6923076923076925
7252-NTGSS,1,45.15,Month-to-month,Mailed check,DSL,0,No,No,0,21,0.4,475.0,1,0.0,4.21,0.0
8149-AIQCG,39,73.15,Month-to-month,Credit card (automatic),Fiber optic,0,No,No,0,15,0.6666666666666666,531.8333333333334,3,0.3333333333333333,4.33,0.0
1360-JYXKQ,54,99.1,One year,Electronic check,Fiber optic,1,Yes,No,4,22,0.375,461.8333333333333,0,0.0,0.0,13.0625
2955-PSXOE,1,20.2,Month-to-month,Bank transfer (automatic),No,0,No,No,0,11,0.5714285714285714,348.5,4,0.5,22.575,0.0
7762-URZQH,66,106.05,Two year,Credit card (automatic),Fiber optic,0,Yes,No,4,24,0.2631578947368421,382.4,1,1.0,0.0,7.428571428571429
0899-WZRSD,56,105.35,Month-to-month,Mailed check,Fiber optic,0,No,No,4,30,0.5,481.1,2,0.0,6.665,10.290322580645162
3255-GRXMG,18,45.65,Month-to-month,Credit card (automatic),DSL,0,No,Yes,0,24,1.0,604.0,1,1.0,0.0,0.0
4828-FAZPK,16,79.95,Month-to-month,Credit card (automatic),Fiber optic,0,Yes,Yes,1,27,0.6875,548.1818181818181,2,0.0,4.835,4.25
6094-ZIVKX,68,54.45,One year,Credit card (automatic),DSL,0,No,No,2,21,0.75,525.0,0,0.0,0.0,9.428571428571429
6925-BAYGL,53,25.1,Two year,Credit card (automatic),No,1,Yes,No,0,19,0.35714285714285715,518.2,1,0.0,1.79,0.0
3262-EIDHV,72,84.7,Two year,Credit card (automatic),DSL,0,Yes,Yes,5,17,0.7,562.2857142857143,0,0.0,0.0,7.0
7354-OIJLX,9,75.85,Month-to-month,Electronic check,Fiber optic,0,No,No,0,21,0.4,550.8333333333334,3,0.0,7.19,0.0
1376-HHBDV,30,48.8,Month-to-month,Mailed check,DSL,0,No,No,1,16,0.6,355.3333333333333,3,0.0,25.276666666666667,3.2
6907-NZZIJ,36,99.15,Month-to-month,Electronic check,Fiber optic,0,No,No,3,16,0.6,782.6666666666666,3,0.6666666666666666,6.74,7.444444444444445
6133-OZILE,18,35.2,Month-to-month,Electronic check,DSL,0,No,No,2,24,0.4117647058823529,679.2857142857143,2,0.0,4.5200000000000005,2.6666666666666665
4135-FRWKJ,55,76.25,One year,Electronic check,DSL,1,Yes,Yes,4,26,0.8571428571428571,521.25,0,0.0,0.0,9.62962962962963
2911-UREFD,39,55.9,Month-to-month,Electronic check,DSL,0,Yes,No,4,22,0.6923076923076923,401.55555555555554,2,0.5,63.7,2.6666666666666665
3744-ZRRDZ,21,82.35,Month-to-month,Electronic check,Fiber optic,0,No,No,1,15,0.15384615384615385,483.0,5,0.6,30.525,7.6
5673-TIYIB,2,40.4,Month-to-month,Credit card (automatic),DSL,0,No,No,3,24,1.0,481.6666666666667,1,0.0,30.6,4.35
6551-ZCOTS,33,24.9,One year,Bank transfer (automatic),No,1,No,No,0,12,0.0,0.0,0,0.0,0.0,0.0
7191-ADRGF,44,54.3,Two year,Bank transfer (automatic),DSL,0,Yes,No,4,12,0.3333333333333333,383.6666666666667,3,0.0,8.286666666666667,7.0
5018-LXQQG,30,66.3,Month-to-month,Bank transfer (automatic),DSL,0,Yes,Yes,3,18,1.0,476.22222222222223,1,1.0,0.0,5.827586206896552
6892-BOGQE,71,20.9,Two year,Bank transfer (automatic),No,0,Yes,No,0,24,0.6,640.5555555555555,1,0.0,18.64,0.0
1602-IJQQE,4,75.35,Month-to-month,Electronic check,Fiber optic,0,No,No,0,12,0.3333333333333333,377.6666666666667,3,0.3333333333333333,28.264999999999997,0.0
4628-WQCQQ,35,85.15,One year,Electronic check,Fiber optic,0,No,Yes,2,20,0.8181818181818182,577.4444444444445,2,0.0,9.030000000000001,4.6875
1746-TGTWV,1,75.35,Month-to-month,Credit card (automatic),Fiber optic,0,Yes,No,1,25,0.7857142857142857,633.9090909090909,3,0.0,11.443333333333333,9.75
5995-SNNEW,23,104.45,Month-to-month,Electronic check,Fiber optic,1,Yes,No,4,16,0.45454545454545453,327.2,2,0.0,12.6,13.767441860465116
8050-WYBND,22,49.45,One year,Credit card (automatic),DSL,0,No,Yes,3,19,0.46153846153846156,336.3333333333333,2,0.0,15.48,7.9393939393939394
2821-WARNZ,49,19.45,One year,Credit card (automatic),No,0,No,Yes,0,12,0.3333333333333333,707.3333333333334,2,0.0,5.77,0.0
4879-GZLFH,42,92.15,Month-to-month,Electronic check,Fiber optic,0,Yes,Yes,3,27,0.9285714285714286,607.0769230769231,0,0.0,0.0,5.35
1644-IRKSF,33,93.8,One year,Electronic check,Fiber optic,0,Yes,Yes,3,21,0.5,197.28571428571428,3,0.3333333333333333,11.02,5.0
8314-HTWVE,7,19.85,Two year,Mailed check,No,0,Yes,Yes,0,23,0.7692307692307693,688.7,2,0.5,5.25,0.0
9402-ROUMJ,67,100.25,One year,Bank transfer (automatic),Fiber optic,0,Yes,Yes,4,16,0.7777777777777778,550.2857142857143,1,0.0,18.05,9.645833333333334
2507-QZPQS,15,95.7,Month-to-month,Electronic check,Fiber optic,0,No,No,3,23,1.0909090909090908,586.75,0,0.0,0.0,6.575757575757576
7159-NOKYQ,67,93.15,Two year,Electronic check,Fiber optic,0,Yes,No,3,25,0.08695652173913043,239.5,2,0.0,4.115,3.739130434782609
5707-ZMDJP,53,69.7,Two year,Mailed check,DSL,0,Yes,Yes,4,25,0.47058823529411764,508.0,1,1.0,0.0,2.96
8779-YIQQA,21,19.8,One year,Mailed check,No,0,Yes,Yes,0,20,0.5384615384615384,420.85714285714283,1,0.0,25.24,0.0
7136-IHZJA,40,71.35,Month-to-month,Mailed check,DSL,0,Yes,Yes,4,20,0.3333333333333333,662.6,2,1.0,0.0,9.605263157894736
8966-OIQHG,22,20.75,One year,Bank transfer (automatic),No,0,Yes,Yes,0,17,0.5454545454545454,442.5,1,0.0,2.76,0.0
7074-STDCN,39,40.6,Month-to-month,Electronic check,DSL,0,No,No,2,23,0.2777777777777778,381.0,1,0.0,4.82,6.9411764705882355
3705-PSNGL,45,20.4,One year,Electronic check,No,0,No,No,0,13,0.3,424.0,2,1.0,0.0,0.0
8739-QOTTN,2,20.35,Month-to-month,Mailed check,No,0,Yes,No,0,20,0.6666666666666666,317.25,1,0.0,9.72,0.0
1399-OUPJN,57,19.75,Two year,Bank transfer (automatic),No,0,Yes,Yes,0,25,0.47058823529411764,361.5,0,0.0,0.0,0.0
0277-BKSQP,8,54.4,Month-to-month,Electronic check,DSL,0,Yes,Yes,1,16,0.14285714285714285,318.5,1,0.0,12.83,3.3333333333333335
6502-HCJTI,7,94.7,Month-to-month,Credit card (automatic),Fiber optic,1,Yes,No,3,17,0.4166666666666667,354.0,1,0.0,11.47,4.294117647058823
2606-RMDHZ,6,30.5,Month-to-month,Credit card (automatic),DSL,0,No,No,1,23,0.9166666666666666,620.1818181818181,1,1.0,0.0,5.75
7577-SWIFR,1,89.25,Month-to-month,Electronic check,Fiber optic,0,No,No,2,23,0.4375,293.42857142857144,2,1.0,0.0,4.090909090909091
5774-XZTQC,7,20.45,Month-to-month,Mailed check,No,0,Yes,Yes,0,26,0.8571428571428571,484.25,2,0.0,20.885,0.0
2676-SSLTO,49,66.15,Two year,Bank transfer (automatic),DSL,0,No,No,2,13,0.625,377.6,1,0.0,4.41,3.3157894736842106
6266-QHOJZ,65,89.85,One year,Electronic check,Fiber optic,0,No,No,3,19,0.5833333333333334,513.2857142857143,0,0.0,0.0,7.05
7269-JISCY,55,45.05,One year,Bank transfer (automatic),DSL,0,No,No,0,24,0.5,460.5,2,0.0,4.33,0.0
0363-SVHYR,71,86.85,Two year,Bank transfer (automatic),DSL,0,Yes,Yes,6,22,0.29411764705882354,382.4,2,0.5,9.07,5.456521739130435
8547-NSBBO,35,96.75,Month-to-month,Mailed check,Fiber optic,0,No,No,4,17,0.4166666666666667,463.6,0,0.0,0.0,3.4411764705882355
8258-GSTJK,3,77.0,Month-to-month,Electronic check,Fiber optic,1,No,No,0,13,0.4444444444444444,575.0,5,0.4,17.69,0.0
6861-OKBCE,11,20.1,Month-to-month,Credit card (automatic),No,0,No,Yes,0,23,0.2777777777777778,352.4,2,0.5,23.74,0.0
9940-RHLFB,1,75.3,Month-to-month,Electronic check,Fiber optic,0,No,No,1,27,0.6875,602.0,4,0.5,8.91,8.25
6591-QGOYB,17,106.65,Month-to-month,Bank transfer (automatic),Fiber optic,0,No,No,5,12,0.3333333333333333,599.0,2,0.0,16.439999999999998,9.511111111111111
9070-BCKQP,72,110.15,Two year,Credit card (automatic),Fiber optic,0,Yes,No,5,30,0.6666666666666666,598.3333333333334,0,0.0,0.0,2.4054054054054053
6421-SZVEM,28,82.85,One year,Bank transfer (automatic),Fiber optic,0,Yes,Yes,2,17,0.5454545454545454,661.1666666666666,4,0.5,42.41,4.75
1328-EUZHC,18,20.1,Two year,Mailed check,No,0,Yes,No,0,22,0.29411764705882354,569.8,0,0.0,0.0,0.0
2995-UPRYS,40,99.2,One year,Credit card (automatic),Fiber optic,1,Yes,No,4,21,0.23529411764705882,442.25,1,0.0,12.83,2.7857142857142856
8878-RYUKI,52,59.45,Month-to-month,Electronic check,DSL,0,No,No,2,11,0.1,98.0,3,0.3333333333333333,2.2399999999999998,2.5
9633-DENPU,47,58.6,Month-to-month,Bank transfer (automatic),DSL,0,Yes,No,2,18,0.2,529.3333333333334,4,0.0,8.135,10.090909090909092
7811-JIVPF,23,49.7,Month-to-month,Credit card (automatic),DSL,0,No,No,1,22,0.5714285714285714,669.25,2,0.5,2.39,5.25
7113-HIPFI,66,65.85,Two year,Mailed check,DSL,0,Yes,Yes,4,14,0.4,427.5,1,0.0,17.18,4.5625
8541-QVFKM,8,73.5,Month-to-month,Electronic check,Fiber optic,0,No,No,0,25,0.47058823529411764,257.75,3,0.0,1.8866666666666667,0.0
6686-YPGHK,47,85.5,Month-to-month,Mailed check,Fiber optic,1,No,No,2,13,0.18181818181818182,700.0,2,0.5,35.12,6.0
1383-EZRWL,7,20.05,Month-to-month,Mailed check,No,0,No,No,0,16,0.45454545454545453,530.8,2,0.5,13.83,0.0
9258-CNWAC,71,113.65,Two year,Credit card (automatic),Fiber optic,0,Yes,Yes,6,26,0.3684210526315789,554.8571428571429,2,0.5,4.33,10.117647058823529
5371-VYLSX,50,83.4,Month-to-month,Electronic check,Fiber optic,1,No,No,2,10,0.25,411.0,5,0.2,9.557500000000001,4.538461538461538
6374-AFWOX,46,65.65,Two year,Mailed check,DSL,0,Yes,No,4,21,0.16666666666666666,402.6666666666667,1,1.0,0.0,3.875
4759-TRPLW,1,70.4,Month-to-month,Electronic check,Fiber optic,0,No,No,0,19,0.35714285714285715,281.8,2,1.0,0.0,0.0
5317-FLPJF,66,61.35,Two year,Bank transfer (automatic),DSL,0,No,No,5,17,0.4166666666666667,959.4,1,0.0,14.53,4.093023255813954
7621-VPNET,42,85.9,Month-to-month,Credit card (automatic),Fiber optic,0,Yes,No,2,12,0.5,371.0,1,0.0,26.58,11.578947368421053
6034-YMTOB,5,75.65,Month-to-month,Mailed check,Fiber optic,0,No,No,1,28,0.6470588235294118,635.1818181818181,0,0.0,0.0,2.9
8563-IIOXK,7,49.75,One year,Electronic check,DSL,0,Yes,Yes,1,23,0.5333333333333333,400.75,5,0.4,8.036666666666667,3.6666666666666665
4903-CNOZC,29,70.9,One year,Credit card (automatic),DSL,0,No,No,3,27,0.22727272727272727,430.0,5,0.0,9.379999999999999,4.666666666666667
4353-HYOJD,27,49.85,Month-to-month,Mailed check,DSL,0,Yes,Yes,1,17,0.5454545454545454,431.1666666666667,0,0.0,0.0,9.0
8020-BWHYL,15,75.3,Month-to-month,Credit card (automatic),Fiber optic,1,No,No,1,11,0.375,580.0,2,1.0,0.0,2.3333333333333335
7267-FRMJW,25,20.1,Two year,Mailed check,No,0,Yes,Yes,0,30,0.42857142857142855,532.8888888888889,0,0.0,0.0,0.0
2982-VPSGI,11,94.0,Month-to-month,Electronic check,Fiber optic,0,Yes,No,2,30,0.5789473684210527,587.5454545454545,1,1.0,0.0,6.857142857142857
4188-FRABG,57,103.05,Month-to-month,Electronic check,Fiber optic,0,Yes,No,5,22,0.4666666666666667,487.57142857142856,1,1.0,0.0,3.6666666666666665
8199-ZLLSA,67,118.35,One year,Bank transfer (automatic),Fiber optic,0,No,No,6,19,0.9,750.6666666666666,0,0.0,0.0,3.775
4128-ETESU,47,99.7,Month-to-month,Electronic check,Fiber optic,1,Yes,No,3,24,0.2631578947368421,389.2,3,0.0,6.9366666666666665,7.636363636363637
0620-DLSLK,13,81.9,Month-to-month,Mailed check,Fiber optic,0,No,No,1,23,0.5333333333333333,350.125,2,0.0,7.305000000000001,5.5
4625-EWPTF,8,30.45,Month-to-month,Electronic check,DSL,0,No,No,1,12,1.0,344.8333333333333,1,1.0,0.0,3.3333333333333335
5980-NOPLP,44,96.1,Month-to-month,Electronic check,Fiber optic,0,Yes,No,2,11,0.8333333333333334,426.4,4,0.25,21.076666666666664,2.9285714285714284
3850-OKINF,71,66.2,One year,Electronic check,DSL,0,Yes,Yes,2,20,1.0,477.5,3,0.3333333333333333,4.359999999999999,7.695652173913044
6892-XPFPU,24,104.25,Month-to-month,Electronic check,Fiber optic,1,Yes,No,4,27,0.5,713.6666666666666,5,0.4,39.873333333333335,5.76
8010-EZLOU,15,80.2,Month-to-month,Electronic check,Fiber optic,1,No,No,1,16,0.45454545454545453,537.2,2,0.5,11.89,5.0
1156-ZFYDO,1,19.75,Month-to-month,Electronic check,No,0,No,No,0,10,0.25,476.5,0,0.0,0.0,0.0
3295-YVUSR,2,72.6,Month-to-month,Mailed check,Fiber optic,1,No,No,0,18,0.38461538461538464,520.8,1,0.0,15.88,0.0
8016-NCFVO,55,116.5,Month-to-month,Electronic check,Fiber optic,1,No,No,6,29,0.5263157894736842,642.7,1,0.0,15.02,4.694444444444445
4119-ZYPZY,71,106.8,Two year,Electronic check,Fiber optic,1,No,No,4,10,0.6666666666666666,666.75,4,0.0,24.54,6.90625
5549-ZGHFB,50,24.95,Two year,Mailed check,No,0,Yes,Yes,0,12,0.5,794.75,1,0.0,12.44,0.0
0303-WMMRN,5,19.25,Month-to-month,Mailed check,No,0,No,No,0,23,0.6428571428571429,460.1111111111111,2,0.5,24.62,0.0
6408-OTUBZ,66,104.55,One year,Bank transfer (automatic),Fiber optic,0,No,No,5,12,0.5,661.5,0,0.0,0.0,11.236842105263158
5204-HMGYF,49,87.2,One year,Mailed check,DSL,0,Yes,Yes,6,28,0.4,726.5,1,0.0,7.33,10.837837837837839
1078-TDCRN,3,30.75,Month-to-month,Electronic check,DSL,1,Yes,No,1,27,0.22727272727272727,821.2,1,0.0,5.56,5.75
3727-OVPRY,66,25.7,One year,Credit card (automatic),No,0,Yes,Yes,0,10,0.6666666666666666,915.5,3,0.0,44.23333333333333,0.0
3797-FKOGQ,11,86.2,Month-to-month,Electronic check,Fiber optic,0,No,Yes,1,23,0.4375,443.7142857142857,4,0.0,3.505,6.583333333333333
7622-NXQZR,28,30.1,Month-to-month,Credit card (automatic),DSL,0,No,No,1,19,0.26666666666666666,530.75,0,0.0,0.0,4.153846153846154
6196-HBOBZ,65,99.35,Two year,Electronic check,Fiber optic,0,Yes,No,4,24,1.1818181818181819,572.6923076923077,4,0.0,11.14,6.909090909090909
3970-XGJDU,62,19.2,Two year,Credit card (automatic),No,0,No,No,0,26,0.4444444444444444,583.25,1,1.0,0.0,0.0
7017-VFULY,2,20.1,Month-to-month,Bank transfer (automatic),No,0,Yes,No,0,16,0.7777777777777778,482.85714285714283,1,0.0,6.3,0.0
5562-YJQGT,2,20.35,Month-to-month,Credit card (automatic),No,0,No,No,0,26,0.625,474.4,2,0.0,17.915,0.0
8807-OPMBM,55,25.65,Two year,Credit card (automatic),No,0,Yes,Yes,0,10,0.25,581.0,2,0.0,10.01,0.0
5439-WIKXB,41,94.55,Month-to-month,Electronic check,Fiber optic,1,Yes,No,3,25,0.9230769230769231,540.75,2,0.0,25.85,7.521739130434782
9874-QLCLH,17,104.2,Month-to-month,Electronic check,Fiber optic,0,Yes,Yes,4,28,0.21739130434782608,503.8,5,0.8,29.51,3.380952380952381
8294-UIMBA,30,94.4,One year,Bank transfer (automatic),Fiber optic,0,No,No,3,22,0.5714285714285714,396.125,1,0.0,3.13,15.619047619047619
8109-YUOHE,17,56.1,One year,Mailed check,DSL,0,No,No,2,22,0.2222222222222222,741.5,4,0.0,1.9874999999999998,2.9583333333333335
5840-NVDCG,16,68.25,Two year,Bank transfer (automatic),DSL,0,Yes,Yes,4,26,0.5294117647058824,291.44444444444446,1,0.0,4.4,7.097560975609756
8092-NLTGF,72,24.75,Two year,Bank transfer (automatic),No,0,No,No,0,26,0.4444444444444444,313.0,0,0.0,0.0,0.0
5928-QLDHB,9,76.25,Month-to-month,Electronic check,Fiber optic,0,No,No,0,16,0.6,520.0,3,0.0,2.58,0.0
9840-EFJQB,1,74.35,Month-to-month,Electronic check,Fiber optic,0,No,No,1,21,0.4,354.6666666666667,2,0.0,3.8,4.8
0696-UKTOX,23,54.15,Month-to-month,Electronic check,DSL,0,No,Yes,2,18,0.5,697.0,1,0.0,18.35,3.869565217391304
4801-KFYKL,8,19.45,Month-to-month,Bank transfer (automatic),No,0,No,Yes,0,10,1.0,673.8,0,0.0,0.0,0.0
3472-OAOOR,19,34.95,Month-to-month,Mailed check,DSL,0,Yes,Yes,2,21,0.3125,287.2,2,0.0,2.645,8.708333333333334
6135-OZQVA,7,53.65,Month-to-month,Electronic check,DSL,0,No,No,1,21,0.9090909090909091,695.0,2,0.5,20.51,7.5
8062-YBDOE,1,69.65,Month-to-month,Electronic check,Fiber optic,1,No,No,0,11,0.375,435.6666666666667,3,0.6666666666666666,19.62,0.0
2252-JHJGE,61,104.0,One year,Electronic check,Fiber optic,0,No,No,4,25,0.5625,673.8888888888889,3,0.3333333333333333,3.91,22.25581395348837
4188-PCPIG,57,70.35,Two year,Credit card (automatic),DSL,0,Yes,No,4,17,0.5454545454545454,563.1666666666666,1,0.0,1.46,7.3076923076923075
6000-APYLU,9,80.8,Month-to-month,Electronic check,Fiber optic,0,No,No,1,11,0.375,802.3333333333334,2,1.0,0.0,2.3333333333333335
7105-BENQF,15,64.85,One year,Mailed check,DSL,0,No,Yes,3,26,0.7333333333333333,593.0,2,0.0,11.71,6.212121212121212
7721-DVEKZ,1,19.65,Month-to-month,Mailed check,No,0,No,No,0,23,0.2777777777777778,552.0,0,0.0,0.0,0.0
3566-VVORZ,12,45.9,Month-to-month,Bank transfer (automatic),DSL,0,Yes,No,0,19,0.46153846153846156,272.5,2,0.5,21.83,0.0
9507-HSMMZ,54,20.0,Two year,Mailed check,No,0,No,No,0,23,0.21052631578947367,683.25,0,0.0,0.0,0.0
2480-SQIOB,4,44.8,Month-to-month,Electronic check,DSL,0,Yes,Yes,0,24,0.3333333333333333,612.8333333333334,5,0.2,5.25,0.0
0947-IDHRQ,7,80.3,Month-to-month,Mailed check,Fiber optic,0,No,No,1,29,0.38095238095238093,336.625,1,0.0,34.57,1.7142857142857142
7813-TKCVO,20,20.35,One year,Mailed check,No,0,Yes,No,0,27,0.6875,716.0909090909091,2,0.0,7.51,0.0
0128-MKWSG,26,45.8,Month-to-month,Mailed check,DSL,0,No,Yes,3,12,0.3333333333333333,628.3333333333334,0,0.0,0.0,7.2592592592592595
3672-YITQD,36,84.1,Month-to-month,Electronic check,Fiber optic,1,Yes,No,1,28,0.75,446.9166666666667,1,1.0,0.0,3.875
4350-ZTLPI,53,108.95,One year,Bank transfer (automatic),Fiber optic,0,Yes,No,5,27,0.2857142857142857,700.5,0,0.0,0.0,7.733333333333333
9048-JVYVF,3,69.35,Month-to-month,Electronic check,DSL,0,No,No,3,15,1.5,464.0,2,0.0,20.97,8.75
0361-HJRDX,68,64.35,Two year,Credit card (automatic),DSL,0,No,No,6,28,0.6470588235294118,345.90909090909093,1,0.0,17.32,5.857142857142857
5727-MYATE,72,90.8,Two year,Credit card (automatic),DSL,0,Yes,Yes,6,17,0.5454545454545454,451.3333333333333,2,0.0,1.995,5.537037037037037
3823-KYNQY,12,24.95,One year,Credit card (automatic),No,0,No,No,0,27,0.6875,750.4545454545455,0,0.0,0.0,0.0
8988-ECPJR,34,79.6,Month-to-month,Mailed check,Fiber optic,1,Yes,Yes,1,27,0.5,542.8888888888889,4,0.5,26.58,2.25
7570-WELNY,68,84.7,Two year,Bank transfer (automatic),Fiber optic,0,Yes,No,2,14,0.75,461.1666666666667,0,0.0,0.0,2.15
3021-VLNRJ,50,70.8,One year,Credit card (automatic),DSL,0,No,Yes,4,20,0.42857142857142855,354.1666666666667,2,1.0,0.0,4.633333333333334
3776-EKTKM,1,36.45,Month-to-month,Electronic check,DSL,1,No,No,1,17,1.125,747.3333333333334,2,0.0,28.115,3.75
2080-CAZNM,41,104.4,Month-to-month,Electronic check,Fiber optic,1,No,No,4,20,0.25,333.5,2,0.0,27.095,21.142857142857142
1028-FFNJK,30,101.5,Month-to-month,Electronic check,Fiber optic,1,Yes,No,3,15,0.25,318.0,3,0.6666666666666666,8.02,5.733333333333333
6907-FLBER,1,54.3,Month-to-month,Electronic check,DSL,0,No,No,1,25,0.3888888888888889,582.4285714285714,3,0.0,4.636666666666667,2.875
3001-UNBTL,29,103.95,Month-to-month,Electronic check,Fiber optic,1,Yes,Yes,3,27,0.9285714285714286,619.6153846153846,2,0.0,10.17,6.961538461538462
5982-PSMKW,23,91.1,Two year,Credit card (automatic),DSL,0,Yes,Yes,6,14,0.5555555555555556,548.2,2,0.0,3.0999999999999996,5.25531914893617
3507-GASNP,60,19.95,Two year,Mailed check,No,0,No,Yes,0,18,1.0,823.1111111111111,1,0.0,1.79,0.0
7096-ZNBZI,72,26.45,Two year,Credit card (automatic),No,0,Yes,No,0,23,0.4375,639.7142857142857,4,0.25,29.64,0.0
1902-XBTFB,22,89.4,Month-to-month,Electronic check,Fiber optic,0,No,Yes,3,29,0.5263157894736842,394.4,2,0.5,38.75,19.76923076923077
1676-MQAOA,72,75.1,Two year,Bank transfer (automatic),DSL,0,No,No,5,16,1.0,481.125,1,0.0,4.74,3.159090909090909
0786-IVLAW,66,108.1,One year,Bank transfer (automatic),Fiber optic,1,No,No,4,21,0.4,405.6666666666667,4,0.25,13.306666666666667,4.2
7566-DSRLQ,72,110.15,Two year,Electronic check,Fiber optic,0,Yes,No,5,25,0.6666666666666666,690.9,0,0.0,0.0,7.795454545454546
0643-OKLRP,47,80.35,Month-to-month,Electronic check,Fiber optic,1,Yes,No,1,17,0.21428571428571427,293.0,4,0.25,25.856666666666666,4.0
7245-JMTTQ,51,111.5,One year,Electronic check,Fiber optic,0,No,No,5,22,0.15789473684210525,446.3333333333333,0,0.0,0.0,3.888888888888889
6050-IJRHS,70,106.5,One year,Electronic check,Fiber optic,0,Yes,Yes,4,15,0.6666666666666666,594.6666666666666,1,0.0,11.61,11.151515151515152
6202-JVYEU,9,19.9,One year,Electronic check,No,0,No,No,0,22,0.5714285714285714,603.875,0,0.0,0.0,0.0
8591-TKMZH,59,111.1,Two year,Mailed check,Fiber optic,0,Yes,Yes,5,26,0.23809523809523808,217.6,0,0.0,0.0,3.422222222222222
0734-OXWBT,3,70.7,Month-to-month,Mailed check,DSL,0,No,Yes,3,30,1.1428571428571428,555.9375,0,0.0,0.0,7.857142857142857
4282-ACRXS,38,24.85,Month-to-month,Electronic check,DSL,1,Yes,No,0,11,0.8333333333333334,688.0,4,0.75,2.47,0.0
0365-TRTPY,37,91.2,Month-to-month,Bank transfer (automatic),Fiber optic,0,No,No,3,13,0.3,528.3333333333334,2,0.0,10.145,8.545454545454545
7349-ALMUX,37,65.6,Two year,Bank transfer (automatic),DSL,0,No,No,4,28,0.2727272727272727,593.5,0,0.0,0.0,4.12
9381-NDKME,24,40.65,Month-to-month,Credit card (automatic),DSL,1,Yes,No,2,26,0.3684210526315789,736.4285714285714,2,1.0,0.0,7.642857142857143
6502-KUGLL,14,59.45,Month-to-month,Bank transfer (automatic),DSL,0,Yes,Yes,3,16,0.45454545454545453,568.8,2,1.0,0.0,9.833333333333334
1841-YSJGV,72,109.95,Two year,Credit card (automatic),Fiber optic,0,Yes,No,5,13,0.625,557.2,1,0.0,13.35,13.162790697674419
2794-XIMMO,53,60.45,One year,Electronic check,DSL,0,Yes,No,5,13,0.8571428571428571,445.5,1,0.0,10.78,3.066666666666667
8382-SHQEH,8,84.9,Month-to-month,Electronic check,Fiber optic,0,Yes,No,1,22,0.6923076923076923,580.4444444444445,1,0.0,23.47,4.222222222222222
3511-BFTJW,72,38.5,Two year,Credit card (automatic),DSL,0,Yes,Yes,3,16,1.0,431.5,5,0.0,11.815999999999999,3.6206896551724137
7668-XCFYV,17,92.55,Month-to-month,Electronic check,Fiber optic,1,Yes,No,2,29,0.9333333333333333,627.5714285714286,4,0.25,11.276666666666666,7.956521739130435
2983-ZANRP,2,73.55,Month-to-month,Bank transfer (automatic),Fiber optic,0,Yes,Yes,1,17,0.5454545454545454,448.1666666666667,5,0.2,14.96,8.4
7845-URHJN,8,20.15,Month-to-month,Bank transfer (automatic),No,0,Yes,No,0,27,0.35,542.5714285714286,0,0.0,0.0,0.0
3034-ZBEQN,48,34.7,One year,Mailed check,DSL,0,Yes,No,2,18,0.2857142857142857,653.25,4,0.0,10.035,3.2
5018-HEKFO,10,24.5,Month-to-month,Mailed check,No,0,No,No,0,23,0.4375,774.0,2,0.5,4.41,0.0
2923-ARZLG,0,19.7,One year,Mailed check,No,0,Yes,Yes,0,25,0.3157894736842105,599.1666666666666,0,0.0,0.0,0.0
3976-NLDEZ,1,20.6,Month-to-month,Mailed check,No,0,No,No,0,10,0.42857142857142855,443.6666666666667,1,0.0,6.89,0.0
2282-YGNOR,29,58.0,One year,Credit card (automatic),DSL,0,No,No,3,16,0.6,326.0,4,0.0,6.58,10.8
5336-UFNZP,65,107.45,One year,Electronic check,Fiber optic,1,Yes,Yes,4,30,0.36363636363636365,421.125,5,0.0,4.42,11.454545454545455
6854-EXGSF,8,65.5,Month-to-month,Bank transfer (automatic),DSL,0,No,No,3,26,0.8571428571428571,576.3333333333334,4,0.0,3.3525,3.193548387096774
1241-EZFMJ,61,25.45,Two year,Bank transfer (automatic),No,0,Yes,No,0,23,0.7692307692307693,430.2,1,0.0,18.18,0.0
9233-PSYHO,45,100.15,One year,Bank transfer (automatic),Fiber optic,1,No,No,3,19,0.5833333333333334,583.8571428571429,4,0.25,22.77,9.166666666666666
5376-PCKNB,72,104.45,One year,Credit card (automatic),Fiber optic,0,Yes,Yes,4,10,0.42857142857142855,734.3333333333334,2,0.0,25.35,4.325
8044-BGWPI,12,21.15,Month-to-month,Electronic check,No,0,Yes,Yes,0,25,0.3888888888888889,324.85714285714283,3,0.0,9.166666666666666,0.0
4060-LDNLU,7,96.2,Month-to-month,Electronic check,Fiber optic,0,No,No,2,14,0.2727272727272727,331.6666666666667,2,0.5,18.12,4.368421052631579
3589-PPVKW,9,44.4,Month-to-month,Mailed check,DSL,0,No,No,0,10,0.6666666666666666,627.0,3,0.0,8.28,0.0
8327-LZKAS,43,107.55,One year,Electronic check,Fiber optic,1,Yes,No,4,21,0.4,525.3333333333334,0,0.0,0.0,7.777777777777778
5887-IKKYO,58,94.35,Two year,Bank transfer (automatic),Fiber optic,0,Yes,Yes,3,30,0.875,519.0714285714286,3,0.3333333333333333,9.515,6.310344827586207
1075-BGWOH,16,98.75,Month-to-month,Electronic check,Fiber optic,1,Yes,No,3,28,0.8666666666666667,544.6923076923077,4,0.0,11.265,3.1333333333333333
1755-RMCXH,2,20.3,Month-to-month,Mailed check,No,0,Yes,Yes,0,11,0.375,441.3333333333333,2,0.0,2.145,0.0
0302-JOIVN,8,101.15,Month-to-month,Electronic check,Fiber optic,0,Yes,No,4,30,0.36363636363636365,341.75,5,0.0,48.606,8.806451612903226
3858-XHYJO,40,105.75,One year,Bank transfer (automatic),Fiber optic,0,Yes,No,4,18,1.0,501.44444444444446,0,0.0,0.0,9.405405405405405
4299-SIMNS,9,81.15,Month-to-month,Electronic check,Fiber optic,0,No,No,1,16,0.3333333333333333,671.5,3,0.0,15.733333333333334,9.8
7025-IWFHT,41,89.55,One year,Electronic check,Fiber optic,0,No,No,3,16,0.6,472.5,0,0.0,0.0,7.206896551724138
6261-LHRTG,26,54.75,Month-to-month,Credit card (automatic),DSL,0,No,No,2,28,0.2727272727272727,542.3333333333334,1,0.0,3.36,7.5
7841-FCRQD,33,53.75,One year,Credit card (automatic),DSL,0,Yes,No,2,22,0.5714285714285714,559.875,2,0.5,4.34,4.75
2056-EVGZL,68,105.75,One year,Credit card (automatic),Fiber optic,0,Yes,Yes,5,12,1.0,544.5,1,0.0,16.72,7.444444444444445
8777-MBMTS,65,105.85,Two year,Credit card (automatic),Fiber optic,1,Yes,No,5,26,0.625,375.8,1,0.0,12.09,12.902439024390244
7753-USQYQ,55,64.2,One year,Electronic check,DSL,0,No,No,3,29,0.6111111111111112,559.7272727272727,0,0.0,0.0,4.375
5366-IJEQJ,20,88.7,Month-to-month,Electronic check,Fiber optic,0,No,No,2,19,0.1875,326.0,2,0.0,31.369999999999997,5.357142857142857
7661-CPURM,19,87.7,One year,Credit card (automatic),Fiber optic,0,No,No,2,20,0.05263157894736842,262.0,4,0.25,31.013333333333332,6.608695652173913
6233-HXJMX,45,89.3,Month-to-month,Credit card (automatic),Fiber optic,0,No,No,2,18,0.5,437.6666666666667,2,0.5,6.49,19.818181818181817
5902-WBLSE,70,20.15,Two year,Credit card (automatic),No,0,Yes,Yes,0,27,0.35,705.2857142857143,2,0.5,7.1,0.0
1981-INRFU,2,79.75,Month-to-month,Electronic check,Fiber optic,0,No,No,1,28,0.47368421052631576,684.1111111111111,1,1.0,0.0,5.0
4971-PUYQO,27,94.55,Month-to-month,Mailed check,Fiber optic,0,No,No,2,12,0.3333333333333333,466.3333333333333,1,1.0,0.0,10.833333333333334
3239-TPHPZ,12,20.05,Two year,Electronic check,No,0,Yes,No,0,19,0.9,502.8888888888889,2,0.0,8.120000000000001,0.0
5115-GZDEL,72,67.2,Two year,Credit card (automatic),DSL,0,No,Yes,6,25,0.47058823529411764,410.875,2,0.5,6.45,6.137931034482759
3338-CVVEH,12,94.55,Month-to-month,Electronic check,Fiber optic,0,No,No,2,27,0.17391304347826086,368.0,1,0.0,16.52,15.88888888888889
8485-GJCDN,5,69.05,Month-to-month,Mailed check,Fiber optic,1,No,No,0,16,0.45454545454545453,521.6,3,0.0,14.033333333333333,0.0
2615-YVMYX,71,107.5,Month-to-month,Electronic check,Fiber optic,1,Yes,No,5,24,0.5,450.375,2,0.0,7.295,6.392156862745098
2851-STERV,35,73.0,One year,Electronic check,DSL,1,No,No,4,28,0.4,323.25,2,0.5,4.1,9.076923076923077
4393-GEADV,70,114.75,Two year,Credit card (automatic),Fiber optic,0,Yes,Yes,6,28,0.16666666666666666,409.5,1,0.0,0.75,2.1707317073170733
8486-AYEQH,31,76.05,Month-to-month,Electronic check,Fiber optic,0,No,No,0,30,0.36363636363636365,608.25,1,1.0,0.0,0.0
1527-SXDPN,52,96.25,Two year,Bank transfer (automatic),Fiber optic,0,Yes,Yes,3,30,0.6666666666666666,740.6666666666666,0,0.0,0.0,3.7333333333333334
6029-WTIPC,37,101.1,Month-to-month,Electronic check,Fiber optic,1,No,No,3,30,0.42857142857142855,302.1111111111111,4,0.5,91.835,2.9444444444444446
8634-CILSZ,69,104.7,One year,Bank transfer (automatic),Fiber optic,0,No,No,4,24,0.4117647058823529,535.8571428571429,1,0.0,9.22,16.956521739130434
5419-JKZNQ,30,77.9,Month-to-month,Mailed check,Fiber optic,1,Yes,No,0,19,0.26666666666666666,542.0,5,0.8,5.32,0.0
2495-KZNFB,33,90.65,Month-to-month,Electronic check,Fiber optic,0,No,No,2,13,0.08333333333333333,458.0,4,0.5,36.93,7.625
1409-PHXTF,54,110.45,Two year,Electronic check,Fiber optic,1,Yes,No,5,23,0.7692307692307693,824.0,2,1.0,0.0,3.6
4560-WQAQW,59,68.7,One year,Bank transfer (automatic),DSL,0,No,No,3,17,0.4166666666666667,594.4,1,1.0,0.0,5.107142857142857
9591-YVTEB,55,44.85,Month-to-month,Electronic check,DSL,1,No,No,3,25,0.9230769230769231,493.75,0,0.0,0.0,5.0
9309-BZGNT,69,29.8,One year,Credit card (automatic),DSL,1,Yes,No,1,27,0.6875,523.2727272727273,1,0.0,52.6,6.875
4274-DRSQT,66,88.9,One year,Bank transfer (automatic),Fiber optic,0,No,No,2,15,1.5,652.8888888888889,1,0.0,21.48,13.181818181818182
2027-DNKIV,37,58.75,One year,Mailed check,DSL,0,Yes,Yes,3,24,0.5,716.625,0,0.0,0.0,5.931034482758621
8075-GXIUB,9,19.85,One year,Credit card (automatic),No,1,Yes,No,0,15,0.5,240.2,2,0.0,7.075,0.0
2885-HIJDH,69,86.9,Two year,Bank transfer (automatic),DSL,0,Yes,Yes,5,14,0.4,582.0,1,0.0,17.53,5.088235294117647
5424-RLQLC,10,59.65,Month-to-month,Mailed check,DSL,0,No,No,2,14,0.75,495.5,2,0.5,40.77,9.608695652173912
6682-QJDGB,40,55.25,Month-to-month,Mailed check,DSL,0,No,Yes,2,15,0.25,209.66666666666666,3,0.6666666666666666,27.48,3.0
6507-DTJZV,13,66.4,Month-to-month,Credit card (automatic),DSL,0,No,Yes,2,19,0.9,434.77777777777777,5,0.0,2.778,5.933333333333334
8780-IXSTS,6,90.1,Month-to-month,Electronic check,Fiber optic,0,No,No,2,18,0.5,376.6666666666667,5,0.2,46.5525,3.9411764705882355
7673-BQGKU,69,20.15,Two year,Bank transfer (automatic),No,0,Yes,Yes,0,23,0.4375,417.57142857142856,0,0.0,0.0,0.0
6723-WSNTY,66,108.1,One year,Credit card (automatic),Fiber optic,1,Yes,No,5,24,0.4117647058823529,526.0,0,0.0,0.0,3.731707317073171
9530-EHPOH,11,53.75,Month-to-month,Electronic check,DSL,0,No,No,1,27,0.5,705.0,2,1.0,0.0,4.857142857142857
2725-IWWBA,46,56.9,One year,Mailed check,DSL,0,Yes,Yes,3,23,0.9166666666666666,525.3636363636364,1,0.0,14.43,6.96969696969697
0345-HKJVM,6,89.3,Month-to-month,Electronic check,Fiber optic,0,No,No,2,16,0.23076923076923078,492.6666666666667,1,1.0,0.0,5.8125
1061-PNTHC,56,109.6,Month-to-month,Mailed check,Fiber optic,0,Yes,Yes,5,12,0.7142857142857143,421.6,1,0.0,5.81,4.078947368421052
0394-YONDK,70,25.15,Two year,Credit card (automatic),No,0,Yes,Yes,0,23,0.045454545454545456,312.0,1,0.0,5.71,0.0
6574-MCOEH,33,79.15,One year,Electronic check,DSL,0,Yes,Yes,4,22,0.29411764705882354,540.6,1,0.0,2.27,3.4827586206896552
7399-QHBJS,72,66.75,Two year,Credit card (automatic),DSL,0,Yes,Yes,3,16,0.45454545454545453,761.0,3,0.3333333333333333,9.235,4.823529411764706
3049-SOLAY,3,95.2,Month-to-month,Electronic check,Fiber optic,0,Yes,No,2,30,0.6666666666666666,697.5,1,1.0,0.0,5.625
0997-YTLNY,19,48.8,Month-to-month,Mailed check,DSL,0,No,Yes,1,14,0.4,649.75,1,0.0,7.22,4.714285714285714
3317-HRTNN,5,45.7,Month-to-month,Electronic check,DSL,1,No,No,2,28,0.4,413.0,0,0.0,0.0,2.9285714285714284
9479-HYNYL,71,80.7,Two year,Credit card (automatic),DSL,0,Yes,No,5,22,0.6923076923076923,678.0,0,0.0,0.0,9.212765957446809
3235-ETOOB,8,74.5,Month-to-month,Electronic check,Fiber optic,0,Yes,No,1,19,0.35714285714285715,329.2,3,1.0,0.0,3.2222222222222223
9708-KFDBY,1,20.55,Month-to-month,Credit card (automatic),No,0,No,No,0,18,0.2,265.0,3,0.0,12.9,0.0
8058-INTPH,1,79.65,Month-to-month,Electronic check,Fiber optic,0,No,No,1,24,0.4117647058823529,340.7142857142857,1,1.0,0.0,3.6666666666666665
3642-GKTCT,61,115.1,One year,Mailed check,Fiber optic,0,No,No,6,11,0.375,787.6666666666666,2,0.0,9.55,5.60655737704918
0774-RMNUW,71,59.7,Two year,Bank transfer (automatic),DSL,0,Yes,Yes,5,28,0.5555555555555556,330.4,2,0.0,30.365,8.395348837209303
1334-PDUKM,68,86.45,One year,Credit card (automatic),Fiber optic,0,Yes,No,2,24,0.3333333333333333,674.3333333333334,1,1.0,0.0,14.0
0756-MPZRL,46,33.7,One year,Credit card (automatic),DSL,0,No,No,2,25,0.6666666666666666,676.8,0,0.0,0.0,3.6666666666666665
2242-MFOTG,33,80.1,One year,Bank transfer (automatic),Fiber optic,0,No,No,1,14,0.75,502.0,3,0.0,3.103333333333333,12.125
2927-CVULT,53,104.05,Two year,Bank transfer (automatic),Fiber optic,0,Yes,Yes,5,11,0.5714285714285714,515.5,1,0.0,14.23,9.555555555555555
2144-BFDSO,50,108.75,Month-to-month,Bank transfer (automatic),Fiber optic,1,Yes,No,5,23,0.2777777777777778,309.8,1,0.0,4.2,6.906976744186046
8745-PVESG,57,41.1,One year,Credit card (automatic),DSL,0,No,No,3,18,0.2857142857142857,351.75,0,0.0,0.0,7.086956521739131
7647-GYYKX,54,20.35,Two year,Bank transfer (automatic),No,0,Yes,Yes,0,26,0.8571428571428571,543.4166666666666,0,0.0,0.0,0.0
5647-FXOTP,60,105.9,Month-to-month,Electronic check,Fiber optic,1,Yes,No,4,20,0.3333333333333333,845.0,1,0.0,3.65,6.075
5569-OUICF,28,101.3,Month-to-month,Credit card (automatic),Fiber optic,1,Yes,No,3,15,0.36363636363636365,455.75,1,1.0,0.0,3.7142857142857144
8821-XNHVZ,1,80.05,Month-to-month,Mailed check,Fiber optic,0,Yes,Yes,1,25,0.9230769230769231,603.9166666666666,2,0.5,6.18,3.6
2082-OJVTK,29,89.2,Month-to-month,Electronic check,Fiber optic,0,Yes,Yes,2,19,0.5833333333333334,390.57142857142856,4,0.0,114.3775,4.285714285714286
9700-ISPUP,10,65.5,Month-to-month,Electronic check,DSL,0,Yes,Yes,3,28,0.75,485.5,2,1.0,0.0,6.6521739130434785
9839-ETQOE,43,40.45,Month-to-month,Electronic check,DSL,0,No,Yes,3,29,1.0714285714285714,576.2,5,0.4,4.43,4.545454545454546
6078-VESFR,13,70.45,Month-to-month,Bank transfer (automatic),Fiber optic,1,Yes,No,0,12,1.0,602.1666666666666,3,0.3333333333333333,1.53,0.0
9027-TMATR,43,78.8,Two year,Electronic check,DSL,0,Yes,No,5,13,0.4444444444444444,481.25,2,0.5,7.25,4.545454545454546
5940-NFXKV,19,83.65,Month-to-month,Electronic check,Fiber optic,0,Yes,Yes,1,13,0.3,251.33333333333334,3,0.6666666666666666,18.6,5.5
1941-HOSAM,1,90.1,Month-to-month,Electronic check,Fiber optic,0,Yes,Yes,2,26,0.625,574.1,2,0.0,3.885,1.9523809523809523
9110-HSGTV,69,82.45,Two year,Credit card (automatic),DSL,0,No,No,5,11,0.5714285714285714,401.0,1,0.0,8.37,14.025
0704-VCUMB,61,20.25,Two year,Credit card (automatic),No,0,Yes,No,0,17,0.5454545454545454,531.6666666666666,1,0.0,24.57,0.0
6171-ZTVYB,43,66.25,Month-to-month,Bank transfer (automatic),DSL,0,Yes,No,3,14,0.5555555555555556,692.2,2,0.5,3.62,8.833333333333334
8053-WWDRO,6,19.5,Month-to-month,Bank transfer (automatic),No,0,Yes,No,0,19,0.26666666666666666,1040.0,2,0.5,15.81,0.0
9564-KCLHR,1,51.25,Month-to-month,Mailed check,DSL,0,No,No,1,22,0.375,468.8333333333333,1,1.0,0.0,9.666666666666666
1935-IMVBB,56,89.7,Month-to-month,Mailed check,Fiber optic,0,Yes,No,2,21,0.6153846153846154,457.25,2,0.0,14.655,2.8421052631578947
2535-PBCGC,70,64.55,Two year,Bank transfer (automatic),DSL,0,Yes,No,6,30,0.5789473684210527,407.8181818181818,1,0.0,7.79,4.754716981132075
2082-CEFLT,1,45.6,Month-to-month,Electronic check,DSL,0,No,No,0,10,0.6666666666666666,497.5,5,0.2,30.135,0.0
1470-PSXNM,49,93.65,One year,Electronic check,Fiber optic,0,Yes,Yes,3,22,0.4666666666666667,689.7142857142857,3,0.0,5.37,5.380952380952381
1213-NGCUN,6,49.65,Month-to-month,Bank transfer (automatic),DSL,0,No,No,1,23,0.7692307692307693,602.0,1,0.0,22.96,3.5714285714285716
2498-XLDZR,32,73.6,Two year,Mailed check,DSL,0,Yes,Yes,5,16,0.7777777777777778,477.85714285714283,0,0.0,0.0,8.146341463414634
9866-OCCKE,72,109.75,Two year,Mailed check,Fiber optic,1,Yes,No,5,25,0.47058823529411764,635.25,0,0.0,0.0,5.0
5338-YHWYT,37,61.45,Two year,Credit card (automatic),DSL,0,No,Yes,3,24,0.2,491.0,1,0.0,5.13,9.384615384615385
7718-UPSKJ,69,106.4,One year,Credit card (automatic),Fiber optic,0,Yes,No,5,24,1.1818181818181819,647.5384615384615,0,0.0,0.0,8.088888888888889
8731-WBBMB,26,81.9,Month-to-month,Bank transfer (automatic),DSL,0,Yes,No,5,22,0.29411764705882354,515.2,0,0.0,0.0,12.0625
1448-CYWKC,58,105.2,One year,Credit card (automatic),Fiber optic,0,Yes,Yes,4,27,0.8,809.25,3,0.0,1.38,6.8108108108108105
7901-IIDQV,24,54.6,One year,Bank transfer (automatic),DSL,0,No,No,1,27,0.35,530.1428571428571,2,0.0,2.1100000000000003,9.285714285714286
2690-DVRVK,5,20.55,One year,Electronic check,No,0,Yes,Yes,0,17,0.5454545454545454,479.8333333333333,1,0.0,10.67,0.0
5688-KZTSN,15,20.0,Month-to-month,Electronic check,No,0,Yes,Yes,0,23,0.9166666666666666,353.6363636363636,1,0.0,20.51,0.0
8065-YKXKD,10,74.75,Month-to-month,Electronic check,Fiber optic,0,No,No,0,25,0.3157894736842105,359.5,4,1.0,0.0,0.0
1270-XKUCC,30,19.7,Two year,Mailed check,No,0,Yes,Yes,0,29,0.20833333333333334,182.2,1,0.0,6.69,0.0
0334-ZFJSR,55,66.05,One year,Credit card (automatic),DSL,0,Yes,No,3,17,0.5454545454545454,930.1666666666666,0,0.0,0.0,7.045454545454546
2894-QOJRX,25,34.0,Month-to-month,Bank transfer (automatic),DSL,0,Yes,No,1,21,0.75,290.0,1,0.0,11.19,2.4
5747-PMBSQ,10,92.5,Month-to-month,Mailed check,Fiber optic,1,Yes,No,4,27,0.42105263157894735,700.875,1,0.0,25.61,2.7037037037037037
5583-EJXRD,44,54.05,Two year,Credit card (automatic),DSL,0,Yes,Yes,5,26,0.625,515.9,1,0.0,8.4,4.113636363636363
4565-EVZMJ,47,58.9,One year,Mailed check,DSL,0,No,No,3,28,0.6470588235294118,601.1818181818181,2,1.0,0.0,10.225806451612904
3143-JQEGI,13,88.35,Month-to-month,Electronic check,Fiber optic,0,Yes,Yes,2,20,0.25,619.5,4,0.0,5.6674999999999995,1.9166666666666667
6386-SZZKH,49,107.95,Two year,Bank transfer (automatic),Fiber optic,0,Yes,Yes,5,19,0.1875,526.6666666666666,1,1.0,0.0,5.833333333333333
3327-YBAKM,64,96.9,One year,Mailed check,Fiber optic,0,Yes,No,4,15,0.875,628.0,2,0.5,9.49,5.131578947368421
9441-QHEVC,1,19.1,Month-to-month,Mailed check,No,0,No,No,0,25,1.0833333333333333,463.6923076923077,1,1.0,0.0,0.0
6705-LNMDD,20,50.0,Month-to-month,Mailed check,DSL,0,No,No,1,11,0.8333333333333334,387.2,0,0.0,0.0,8.416666666666666
2580-ASVVY,37,45.4,Two year,Electronic check,DSL,0,Yes,No,3,28,0.16666666666666666,341.5,0,0.0,0.0,10.36
3370-GQEAL,30,85.45,Month-to-month,Electronic check,Fiber optic,0,Yes,Yes,1,17,0.3076923076923077,385.25,5,0.2,3.315,3.909090909090909
5032-USPKF,38,84.1,One year,Bank transfer (automatic),DSL,0,No,No,5,13,0.08333333333333333,258.0,2,0.0,1.7149999999999999,5.7
2982-IHMFT,1,74.45,Month-to-month,Mailed check,Fiber optic,1,No,No,0,18,0.38461538461538464,404.0,4,0.25,19.316666666666666,0.0
3521-SYVOR,37,64.75,Month-to-month,Electronic check,DSL,0,No,No,2,22,0.29411764705882354,364.8,4,0.0,32.2775,4.0
4254-QPEDE,52,66.25,Two year,Credit card (automatic),DSL,0,Yes,No,6,17,0.21428571428571427,204.0,3,0.3333333333333333,4.545,5.0508474576271185
6283-GITPX,71,76.9,Two year,Credit card (automatic),DSL,0,No,Yes,5,29,0.45,568.5555555555555,2,0.0,4.435,7.051282051282051
9526-JAWYF,26,89.8,Month-to-month,Electronic check,Fiber optic,0,No,No,3,28,0.75,589.5833333333334,3,0.6666666666666666,46.42,5.684210526315789
0771-CHWSK,66,74.6,Two year,Credit card (automatic),DSL,0,No,No,4,10,0.42857142857142855,547.3333333333334,3,0.0,2.9233333333333333,5.475
9788-HNGUT,72,116.95,Two year,Credit card (automatic),Fiber optic,0,Yes,No,6,24,0.7142857142857143,853.7,0,0.0,0.0,5.758064516129032
9495-REDIY,25,40.65,One year,Credit card (automatic),DSL,0,No,Yes,2,14,0.75,437.0,2,0.0,12.875,11.25
5375-XLDOF,69,114.35,Two year,Bank transfer (automatic),Fiber optic,0,Yes,Yes,6,20,0.6666666666666666,523.25,1,0.0,5.69,7.617021276595745
1172-VIYBP,53,69.7,Two year,Bank transfer (automatic),DSL,0,Yes,Yes,3,17,0.5454545454545454,240.83333333333334,3,0.0,1.6900000000000002,2.5161290322580645
5649-VUKMC,12,95.5,One year,Mailed check,Fiber optic,0,No,No,3,13,0.4444444444444444,427.75,3,0.3333333333333333,31.515,10.0
6559-PDZLR,26,98.65,Month-to-month,Electronic check,Fiber optic,0,No,No,4,27,0.5882352941176471,487.8,2,0.0,6.915,5.96875
8992-OBVDG,21,61.65,Month-to-month,Mailed check,DSL,0,No,No,2,19,0.5833333333333334,441.42857142857144,2,0.0,23.41,3.642857142857143
4273-MBHYA,1,89.35,Month-to-month,Electronic check,Fiber optic,0,No,Yes,2,26,0.3,282.6666666666667,2,1.0,0.0,4.214285714285714
4724-WXVWF,48,95.4,Month-to-month,Electronic check,Fiber optic,0,No,No,3,18,0.38461538461538464,441.0,1,0.0,5.4,6.0
5701-GUXDC,26,35.4,One year,Credit card (automatic),DSL,0,Yes,No,2,10,1.5,782.6666666666666,4,0.25,16.073333333333334,8.666666666666666
1460-UZPRJ,60,19.95,Two year,Mailed check,No,0,Yes,No,0,22,0.15789473684210525,308.3333333333333,2,0.0,9.184999999999999,0.0
6082-GLJIX,18,19.25,Month-to-month,Mailed check,No,0,No,No,0,18,1.0,470.1111111111111,1,1.0,0.0,0.0
5143-EGQFK,10,29.65,Month-to-month,Electronic check,DSL,1,No,No,1,10,1.5,595.0,1,0.0,14.89,3.0
4919-IKATY,5,84.5,Month-to-month,Electronic check,Fiber optic,0,Yes,Yes,2,16,0.45454545454545453,575.6,3,0.6666666666666666,19.36,6.916666666666667
2495-TTHBQ,4,20.4,One year,Mailed check,No,0,No,Yes,0,22,0.2222222222222222,395.0,2,0.0,9.245000000000001,0.0
0485-ZBSLN,65,24.75,Two year,Credit card (automatic),No,0,Yes,Yes,0,21,0.3125,505.4,1,0.0,13.52,0.0
3810-PJUHR,70,25.35,Two year,Mailed check,No,0,Yes,Yes,0,16,0.45454545454545453,461.2,3,0.0,9.156666666666666,0.0
9050-QLROH,18,90.7,Month-to-month,Credit card (automatic),Fiber optic,0,No,No,2,29,0.8125,340.7692307692308,3,0.0,14.633333333333335,3.7
0847-HGRML,62,20.0,Two year,Bank transfer (automatic),No,0,No,Yes,0,17,0.5454545454545454,608.8333333333334,3,0.6666666666666666,7.01,0.0
8232-CTLKO,66,59.75,Two year,Electronic check,DSL,0,Yes,Yes,2,21,0.3125,486.6,3,0.0,3.07,7.3
9227-YBAXE,65,82.5,Two year,Bank transfer (automatic),DSL,0,Yes,Yes,5,14,0.5555555555555556,466.2,0,0.0,0.0,6.543478260869565
6168-WFVVF,3,70.3,Month-to-month,Electronic check,Fiber optic,1,No,No,0,25,0.3157894736842105,505.1666666666667,5,0.8,38.1,0.0
9860-LISIZ,34,20.35,Month-to-month,Mailed check,No,0,No,No,0,24,0.2,488.0,2,0.0,11.594999999999999,0.0
0112-QAWRZ,16,90.8,Month-to-month,Bank transfer (automatic),Fiber optic,0,Yes,Yes,2,26,1.3636363636363635,467.0,3,0.3333333333333333,47.519999999999996,3.85
0877-SDMBN,54,103.95,One year,Bank transfer (automatic),Fiber optic,0,No,No,4,11,0.8333333333333334,488.8,4,0.5,12.765,3.5294117647058822
2786-GCDPI,50,104.95,Month-to-month,Electronic check,Fiber optic,1,No,No,4,17,0.7,521.5714285714286,0,0.0,0.0,15.441176470588236
4043-MKDTV,71,105.25,Two year,Electronic check,Fiber optic,0,Yes,No,5,20,0.6666666666666666,517.625,3,0.0,51.580000000000005,7.769230769230769
9637-EIHEQ,1,50.8,Month-to-month,Electronic check,DSL,0,No,No,1,21,0.4,446.3333333333333,2,0.0,32.325,3.7142857142857144
9229-RQABD,18,23.75,One year,Mailed check,No,0,No,No,0,16,1.2857142857142858,458.3333333333333,0,0.0,0.0,0.0
8313-KTIHG,4,61.3,Month-to-month,Electronic check,DSL,0,No,No,2,10,0.6666666666666666,483.25,1,0.0,10.27,2.875
5320-BRKGK,58,75.8,Two year,Mailed check,DSL,0,Yes,Yes,4,19,0.5833333333333334,648.7142857142857,0,0.0,0.0,8.81081081081081
6284-KMNUF,56,98.0,One year,Electronic check,Fiber optic,0,Yes,No,3,29,0.7058823529411765,564.25,3,0.0,8.836666666666666,6.2
9689-PTNPG,2,80.25,Month-to-month,Electronic check,Fiber optic,0,No,No,1,22,0.29411764705882354,220.6,4,0.75,16.87,4.333333333333333
9465-RWMXL,32,78.9,Month-to-month,Electronic check,Fiber optic,0,Yes,No,1,23,0.2777777777777778,609.4,3,1.0,0.0,7.222222222222222
6229-UOLQL,56,52.0,One year,Mailed check,DSL,0,Yes,Yes,4,28,0.75,517.0833333333334,1,0.0,3.38,3.4
2362-IBOOY,36,84.75,Month-to-month,Electronic check,Fiber optic,0,No,No,1,13,0.8571428571428571,622.0,2,1.0,0.0,3.4
3137-LUPIX,4,64.4,Month-to-month,Mailed check,DSL,0,No,No,2,12,0.09090909090909091,731.0,0,0.0,0.0,9.368421052631579
0843-WTBXE,53,85.45,Month-to-month,Bank transfer (automatic),Fiber optic,0,No,No,1,25,0.3157894736842105,375.0,4,0.25,23.093333333333334,4.5
6143-JQKEA,10,45.8,Month-to-month,Credit card (automatic),DSL,0,No,No,0,29,0.6111111111111112,523.5454545454545,1,1.0,0.0,0.0
8676-OOQEJ,4,30.5,Month-to-month,Electronic check,DSL,0,No,No,1,19,0.35714285714285715,411.4,3,0.0,7.77,24.0
5515-IDEJJ,1,19.9,Month-to-month,Mailed check,No,0,Yes,Yes,0,15,0.07142857142857142,525.0,0,0.0,0.0,0.0
9701-CDXHR,51,69.15,Month-to-month,Mailed check,Fiber optic,0,Yes,No,0,13,0.3,1142.0,4,0.0,2.9975,0.0
7450-NWRTR,12,99.45,Month-to-month,Electronic check,Fiber optic,1,No,No,3,12,0.3333333333333333,349.0,3,0.3333333333333333,28.39,3.9375
8124-NZVGJ,6,49.25,One year,Mailed check,DSL,0,No,No,3,12,1.0,418.8333333333333,0,0.0,0.0,3.3225806451612905
2162-FRZAA,63,39.35,Two year,Bank transfer (automatic),DSL,0,Yes,Yes,3,22,0.4666666666666667,667.0,1,0.0,10.58,5.666666666666667
5376-DEQCP,1,70.6,Month-to-month,Electronic check,Fiber optic,0,No,No,0,29,0.6111111111111112,459.54545454545456,2,0.5,13.22,0.0
5118-MUEYH,48,105.1,Month-to-month,Credit card (automatic),Fiber optic,0,Yes,No,4,18,0.8,543.375,0,0.0,0.0,3.6551724137931036
9095-HFAFX,5,81.0,Month-to-month,Credit card (automatic),Fiber optic,0,No,No,1,11,0.5714285714285714,442.0,2,1.0,0.0,10.125
5627-TVBPP,35,20.1,One year,Credit card (automatic),No,0,No,Yes,0,29,1.2307692307692308,736.0,1,1.0,0.0,0.0
2379-ENZGV,6,84.85,Month-to-month,Electronic check,Fiber optic,0,No,No,2,17,0.3076923076923077,407.0,5,0.6,6.68,4.166666666666667
3936-QQFLL,2,19.75,Month-to-month,Mailed check,No,0,No,No,0,24,0.6,571.4444444444445,2,0.0,3.29,0.0
2589-AYCRP,50,19.75,One year,Bank transfer (automatic),No,0,No,No,0,13,0.18181818181818182,436.5,1,0.0,4.44,0.0
4067-HLYQI,33,70.4,Month-to-month,Bank transfer (automatic),Fiber optic,0,No,No,0,29,0.7058823529411765,443.1666666666667,1,0.0,5.86,0.0
5124-EOGYE,31,20.45,Two year,Mailed check,No,0,No,No,0,22,0.375,449.8333333333333,1,0.0,14.73,0.0
5057-RKGLH,9,20.35,Two year,Mailed check,No,0,Yes,Yes,0,24,0.2,275.25,1,0.0,6.5,0.0
0292-WEGCH,54,86.2,Month-to-month,Electronic check,DSL,0,Yes,Yes,5,10,1.0,494.8,0,0.0,0.0,10.051282051282051
8910-ICHIU,46,95.65,One year,Credit card (automatic),Fiber optic,0,No,No,4,18,1.25,589.2,5,0.6,2.23,5.1395348837209305
4097-YODCF,34,103.8,One year,Electronic check,Fiber optic,0,No,Yes,4,15,0.25,419.6666666666667,2,0.5,20.22,3.739130434782609
9715-WZCLW,71,97.2,Two year,Electronic check,Fiber optic,0,Yes,Yes,3,16,0.23076923076923078,636.0,5,0.0,12.616,6.793103448275862
9786-YWNHU,63,63.55,Two year,Mailed check,DSL,0,Yes,Yes,4,28,0.75,537.1666666666666,1,1.0,0.0,7.962962962962963
6407-GSJNL,51,24.95,Two year,Bank transfer (automatic),No,0,No,No,0,10,0.6666666666666666,355.25,0,0.0,0.0,0.0
6005-OBZPH,26,89.15,Month-to-month,Electronic check,Fiber optic,1,No,No,2,19,0.35714285714285715,548.8,4,0.75,33.95,5.9
4049-ZPALD,64,99.0,Two year,Bank transfer (automatic),Fiber optic,0,Yes,No,4,30,0.7647058823529411,740.1538461538462,1,0.0,2.79,7.057142857142857
7932-WPTDS,1,24.8,Month-to-month,Electronic check,DSL,1,Yes,No,0,29,0.8125,567.0769230769231,3,1.0,0.0,0.0
3733-UOCWF,61,85.55,One year,Bank transfer (automatic),Fiber optic,1,Yes,No,2,30,0.5789473684210527,650.2727272727273,1,0.0,4.24,3.4166666666666665
6833-JMZYP,15,94.0,Month-to-month,Credit card (automatic),Fiber optic,0,No,No,3,14,0.2727272727272727,358.0,1,0.0,9.37,8.807692307692308
2722-VOJQL,64,105.65,One year,Credit card (automatic),Fiber optic,0,No,No,4,20,1.5,693.1666666666666,0,0.0,0.0,4.25
1310-QRITU,18,50.3,Month-to-month,Electronic check,DSL,0,No,No,0,23,0.6428571428571429,684.8888888888889,3,0.0,14.533333333333333,0.0
8961-QDZZJ,57,95.0,One year,Electronic check,Fiber optic,0,Yes,Yes,3,22,0.6923076923076923,372.55555555555554,2,0.0,12.94,4.76
9715-SBVSU,14,61.4,Two year,Bank transfer (automatic),DSL,0,Yes,Yes,3,11,0.375,544.6666666666666,3,0.0,15.563333333333333,18.0
8490-BXHEO,18,80.55,Month-to-month,Credit card (automatic),Fiber optic,1,No,No,1,27,0.5,776.8888888888889,2,1.0,0.0,7.428571428571429
7173-TETGO,72,78.5,Two year,Bank transfer (automatic),Fiber optic,1,Yes,No,1,20,0.3333333333333333,563.6,5,0.0,6.688,5.666666666666667
7929-SKFGK,70,114.3,Two year,Credit card (automatic),Fiber optic,0,Yes,No,6,30,0.30434782608695654,462.85714285714283,1,0.0,11.38,5.981481481481482
2300-RQGOI,38,20.05,Two year,Mailed check,No,0,No,No,0,20,1.5,511.6666666666667,0,0.0,0.0,0.0
3563-SVYLG,68,62.65,Two year,Credit card (automatic),DSL,0,Yes,Yes,4,17,0.7,620.4285714285714,1,0.0,20.88,6.523809523809524
5228-EXCET,13,80.85,Month-to-month,Electronic check,Fiber optic,0,No,No,1,13,0.0,0.0,4,0.25,8.026666666666666,2.4285714285714284
6435-VWCCY,65,92.7,Two year,Credit card (automatic),Fiber optic,1,Yes,No,3,22,0.15789473684210525,861.3333333333334,1,0.0,7.2,3.7083333333333335
4998-IKFSE,30,100.45,Month-to-month,Electronic check,Fiber optic,0,No,No,3,15,0.6666666666666666,412.1666666666667,3,0.3333333333333333,5.57,3.611111111111111
8630-QSGXK,51,75.2,Two year,Bank transfer (automatic),DSL,0,Yes,No,3,18,0.6363636363636364,450.7142857142857,2,0.0,14.855,8.142857142857142
2455-USLMV,31,84.75,Month-to-month,Credit card (automatic),Fiber optic,0,No,No,2,23,0.35294117647058826,608.3333333333334,3,0.0,12.469999999999999,3.176470588235294
7394-FKDNK,9,89.45,Month-to-month,Electronic check,Fiber optic,0,Yes,No,2,13,0.8571428571428571,472.6666666666667,1,1.0,0.0,3.875
9488-FVZCC,72,79.5,Two year,Bank transfer (automatic),DSL,0,Yes,Yes,5,11,1.2,758.8333333333334,0,0.0,0.0,10.076923076923077
6331-LWDTQ,10,72.15,Month-to-month,Credit card (automatic),DSL,0,No,No,2,23,0.21052631578947367,282.0,1,1.0,0.0,5.0
5995-WWKKG,37,19.8,One year,Electronic check,No,0,No,No,0,17,0.8888888888888888,460.875,0,0.0,0.0,0.0
1597-FZREH,2,76.4,Month-to-month,Electronic check,DSL,0,No,No,4,12,0.5,363.25,1,1.0,0.0,7.125
7879-CGSFV,55,100.9,One year,Mailed check,Fiber optic,0,No,No,4,26,0.625,492.8,4,0.5,1.33,13.357142857142858
9921-EZKBY,33,95.3,Month-to-month,Bank transfer (automatic),Fiber optic,0,No,Yes,3,14,0.5555555555555556,639.4,2,0.5,17.59,2.55
7432-FFVAR,46,90.95,One year,Bank transfer (automatic),Fiber optic,0,Yes,Yes,3,18,0.8,589.125,1,0.0,3.1,4.962962962962963
7246-ZGQDF,1,54.5,Month-to-month,Electronic check,DSL,0,No,Yes,2,29,0.45,425.55555555555554,0,0.0,0.0,11.5
7000-WCEVQ,20,61.6,Month-to-month,Mailed check,DSL,1,No,No,1,19,1.1111111111111112,773.1,1,0.0,18.03,5.0
0727-IWKVK,9,79.9,Month-to-month,Electronic check,Fiber optic,0,Yes,No,2,30,0.5,490.0,0,0.0,0.0,3.727272727272727
5959-BELXA,32,96.15,Month-to-month,Credit card (automatic),Fiber optic,1,No,No,2,23,0.6428571428571429,423.77777777777777,1,0.0,20.08,3.0
4456-RHSNB,19,49.6,Month-to-month,Bank transfer (automatic),DSL,0,Yes,Yes,1,12,1.0,392.6666666666667,0,0.0,0.0,2.5
3512-IZIKN,70,65.3,Two year,Credit card (automatic),DSL,0,Yes,No,3,29,0.3181818181818182,497.85714285714283,1,1.0,0.0,3.076923076923077
2481-SBOYW,61,25.0,Two year,Credit card (automatic),No,0,No,Yes,0,10,0.25,362.0,1,0.0,32.74,0.0
7109-MFBYV,26,45.45,Month-to-month,Electronic check,DSL,0,No,No,0,30,0.5,416.6,1,0.0,1.04,0.0
1833-TCXKK,45,107.75,Month-to-month,Bank transfer (automatic),Fiber optic,0,Yes,No,4,23,0.6428571428571429,627.4444444444445,4,0.5,7.994999999999999,8.4
1832-PEUTS,62,89.1,Two year,Credit card (automatic),Fiber optic,0,Yes,Yes,2,27,0.35,713.4285714285714,3,0.3333333333333333,15.36,11.45
6141-OOXUQ,1,19.65,Month-to-month,Mailed check,No,0,No,No,0,28,0.8666666666666667,303.15384615384613,1,1.0,0.0,0.0
8660-BUETV,3,44.75,Month-to-month,Mailed check,DSL,0,No,No,0,27,0.8,716.6666666666666,4,0.0,4.725,0.0
0580-PIQHM,41,101.6,One year,Bank transfer (automatic),Fiber optic,0,Yes,Yes,4,17,0.8888888888888888,579.625,4,0.0,49.9075,6.566666666666666
5696-CEIQJ,67,103.15,Two year,Bank transfer (automatic),Fiber optic,0,Yes,Yes,5,11,1.75,367.42857142857144,1,0.0,5.07,4.830188679245283
7503-ZGUZJ,1,84.65,Month-to-month,Mailed check,Fiber optic,0,No,No,1,24,0.7142857142857143,459.4,5,0.4,38.196666666666665,7.5
1696-HXOWK,71,95.65,One year,Mailed check,Fiber optic,0,Yes,No,3,19,0.35714285714285715,456.2,4,0.25,10.829999999999998,3.8214285714285716
3026-ATZYV,37,75.1,One year,Bank transfer (automatic),DSL,0,Yes,Yes,4,26,0.5294117647058824,516.2222222222222,2,0.5,5.73,7.3428571428571425
4012-YCFAI,60,61.35,Two year,Mailed check,DSL,0,Yes,No,3,29,1.2307692307692308,712.1875,2,0.5,8.37,3.5517241379310347
2506-TNFCO,1,69.55,Month-to-month,Electronic check,Fiber optic,1,Yes,No,0,11,0.5714285714285714,665.25,3,0.0,56.26,0.0
9970-QBCDA,6,19.7,Month-to-month,Credit card (automatic),No,0,No,No,0,30,0.42857142857142855,525.0,2,0.5,2.25,0.0
8718-PTMEZ,13,31.05,Month-to-month,Electronic check,DSL,0,No,No,1,17,0.13333333333333333,308.0,2,1.0,0.0,13.5
9496-IVVRP,11,51.0,Month-to-month,Bank transfer (automatic),DSL,0,Yes,Yes,1,14,0.16666666666666666,368.5,0,0.0,0.0,7.7272727272727275
2207-OBZNX,7,51.0,Month-to-month,Mailed check,DSL,0,No,No,1,17,0.21428571428571427,577.0,1,0.0,13.7,2.142857142857143
2657-VPXTA,10,88.85,Month-to-month,Electronic check,Fiber optic,0,Yes,Yes,2,20,0.3333333333333333,448.8,4,0.25,42.443333333333335,8.833333333333334
6551-VLJMV,34,20.05,Two year,Credit card (automatic),No,0,Yes,No,0,23,0.6428571428571429,652.1111111111111,0,0.0,0.0,0.0
1221-GHZEP,62,65.1,Two year,Mailed check,DSL,0,No,No,3,28,0.3333333333333333,333.14285714285717,1,0.0,22.47,6.7272727272727275
9289-LBQVU,64,70.15,One year,Mailed check,DSL,0,Yes,No,3,22,0.5714285714285714,415.625,1,1.0,0.0,6.2
6142-VSJQO,1,44.35,Month-to-month,Bank transfer (automatic),DSL,0,Yes,Yes,0,15,0.25,498.3333333333333,3,0.3333333333333333,45.834999999999994,0.0
3458-IDMFK,25,20.75,Two year,Mailed check,No,0,No,No,0,13,0.18181818181818182,460.0,1,0.0,18.72,0.0
6933-FHBZC,26,56.05,One year,Mailed check,DSL,0,No,No,2,17,0.0625,302.0,4,0.0,15.445,4.916666666666667
0221-NAUXK,10,19.95,One year,Bank transfer (automatic),No,0,No,Yes,0,24,0.2631578947368421,485.2,3,0.3333333333333333,16.63,0.0
9770-KXGQU,53,98.6,One year,Mailed check,Fiber optic,0,No,No,4,30,0.1111111111111111,374.3333333333333,2,0.5,2.92,10.1875
6437-UKHMV,7,79.7,Month-to-month,Electronic check,Fiber optic,0,No,No,1,25,0.6666666666666666,433.3,0,0.0,0.0,2.75
6538-POCHL,33,79.0,Month-to-month,Credit card (automatic),Fiber optic,0,No,No,2,22,1.75,529.2857142857143,2,0.0,7.385,3.0454545454545454
6726-NNFWD,71,89.45,Two year,Credit card (automatic),Fiber optic,1,Yes,No,3,17,0.4166666666666667,476.0,1,0.0,16.89,17.161290322580644
3002-WQZWT,29,74.2,Month-to-month,Electronic check,Fiber optic,0,No,No,0,21,1.1,539.3636363636364,2,0.5,5.98,0.0
4277-UDIEF,24,81.0,Month-to-month,Bank transfer (automatic),DSL,0,Yes,Yes,4,14,0.4,446.25,0,0.0,0.0,4.945945945945946
1208-NBVFH,20,49.6,Month-to-month,Electronic check,DSL,0,Yes,Yes,1,12,0.3333333333333333,557.0,2,0.0,24.05,5.2727272727272725
4912-PIGUY,1,84.6,Month-to-month,Electronic check,Fiber optic,0,No,No,1,11,0.5714285714285714,654.5,5,0.0,15.146,3.4
1114-CENIM,54,55.0,Month-to-month,Credit card (automatic),DSL,0,No,Yes,1,17,0.5454545454545454,508.6666666666667,1,1.0,0.0,3.6666666666666665
6060-DRTNL,5,84.85,Month-to-month,Mailed check,Fiber optic,1,No,No,2,28,0.4,332.0,1,1.0,0.0,5.545454545454546
2725-TTRIQ,72,84.2,Two year,Bank transfer (automatic),DSL,0,Yes,Yes,5,14,0.5555555555555556,591.2,2,0.5,7.43,5.534883720930233
3374-TTZTK,52,106.3,Two year,Electronic check,Fiber optic,0,Yes,No,6,17,0.4166666666666667,298.0,1,0.0,5.63,9.934426229508198
8990-ZXLSU,9,69.05,Month-to-month,Electronic check,Fiber optic,0,No,No,0,28,0.5555555555555556,614.8,5,0.0,3.7960000000000003,0.0
2275-RBYQS,1,45.4,Month-to-month,Mailed check,DSL,0,No,No,0,23,0.5333333333333333,481.625,3,0.0,3.376666666666667,0.0
8473-VUVJN,1,73.65,Month-to-month,Electronic check,Fiber optic,1,No,No,0,14,0.5555555555555556,608.8,3,0.3333333333333333,25.545,0.0
6289-CPNLD,33,73.9,One year,Mailed check,DSL,0,Yes,Yes,4,22,0.4666666666666667,499.57142857142856,2,0.5,10.9,4.681818181818182
5536-SLHPM,55,77.75,Month-to-month,Electronic check,Fiber optic,0,Yes,No,1,25,0.7857142857142857,605.0,2,0.5,40.64,2.25
4419-UJMUS,69,99.35,Two year,Electronic check,Fiber optic,0,Yes,Yes,3,19,0.7272727272727273,492.5,0,0.0,0.0,7.454545454545454
7794-JASDG,1,50.75,Month-to-month,Mailed check,DSL,0,No,No,1,15,0.25,279.0,1,0.0,6.18,6.0
7609-YBPXG,54,87.1,Two year,Bank transfer (automatic),DSL,0,No,No,5,20,0.5384615384615384,578.2857142857143,2,0.5,5.68,5.769230769230769
5519-TEEUH,33,20.15,One year,Mailed check,No,0,No,Yes,0,12,0.7142857142857143,402.8,0,0.0,0.0,0.0
7856-GANIL,45,98.7,One year,Bank transfer (automatic),Fiber optic,1,Yes,No,4,26,0.3684210526315789,598.1428571428571,2,0.0,8.030000000000001,5.325581395348837
0804-XBFBV,11,25.2,Month-to-month,Electronic check,DSL,0,No,Yes,0,22,0.375,591.5,5,0.4,16.51666666666667,0.0
2676-OXPPQ,6,55.7,Month-to-month,Bank transfer (automatic),DSL,0,No,No,2,17,0.7,562.5714285714286,2,0.0,3.64,6.3125
3703-TTEPD,21,65.35,Month-to-month,Bank transfer (automatic),DSL,0,No,No,3,10,0.1111111111111111,1088.0,2,0.0,6.595,3.4375
2799-TSLAG,65,25.3,Two year,Bank transfer (automatic),No,0,Yes,Yes,0,11,0.1,103.0,2,0.5,5.48,0.0
0196-VULGZ,6,84.35,Month-to-month,Electronic check,Fiber optic,1,Yes,No,1,26,1.0,553.8461538461538,5,0.2,3.48,4.5
8837-VVWLQ,8,84.95,Month-to-month,Electronic check,Fiber optic,0,No,No,2,12,0.09090909090909091,263.0,4,0.0,31.9775,5.666666666666667
2696-NARTR,11,73.85,Month-to-month,Electronic check,Fiber optic,0,No,No,1,12,0.3333333333333333,512.3333333333334,2,1.0,0.0,8.4
2208-NKVVH,43,24.25,Two year,Mailed check,No,0,Yes,Yes,0,18,1.25,582.5,4,0.0,5.4925,0.0
7614-QVWQL,49,51.8,One year,Bank transfer (automatic),DSL,0,Yes,Yes,3,20,0.8181818181818182,775.8888888888889,4,0.5,42.855000000000004,4.333333333333333
1976-CFOCS,1,46.0,Month-to-month,Electronic check,DSL,1,Yes,No,0,26,0.7333333333333333,694.0909090909091,1,0.0,18.15,0.0
4631-OACRM,15,79.4,Month-to-month,Electronic check,Fiber optic,1,No,No,1,12,0.7142857142857143,503.0,5,0.2,6.825,1.6666666666666667
7139-JZFVG,60,60.5,Two year,Bank transfer (automatic),DSL,0,Yes,Yes,3,11,0.2222222222222222,420.0,2,0.0,4.775,7.461538461538462
4987-GQWPO,17,25.1,Month-to-month,Credit card (automatic),DSL,0,No,No,0,30,0.36363636363636365,548.5,0,0.0,0.0,0.0
3755-JBMNH,16,71.8,Month-to-month,Bank transfer (automatic),Fiber optic,1,Yes,No,0,18,1.25,479.9,4,0.5,14.52,0.0
1757-TCATG,35,20.05,One year,Bank transfer (automatic),No,0,Yes,Yes,0,10,1.0,604.6,2,0.0,13.68,0.0
6345-ULYRW,44,88.4,One year,Mailed check,Fiber optic,1,Yes,No,2,21,0.5,463.42857142857144,0,0.0,0.0,4.5
4776-XSKYQ,12,30.25,One year,Credit card (automatic),DSL,0,Yes,Yes,1,25,0.5625,607.0,1,1.0,0.0,10.5
8048-DSDFQ,1,20.2,Month-to-month,Mailed check,No,0,No,No,0,24,1.0,601.75,2,0.0,8.29,0.0
5753-QQWPW,28,59.9,One year,Electronic check,DSL,0,No,No,3,23,0.6428571428571429,459.8888888888889,1,1.0,0.0,7.0
6010-DDPPW,70,25.15,Two year,Bank transfer (automatic),No,0,Yes,No,0,16,0.6,418.6666666666667,0,0.0,0.0,0.0
1809-DMJHQ,5,46.0,Month-to-month,Mailed check,DSL,0,No,Yes,0,20,0.05263157894736842,402.0,4,0.25,16.48,0.0
6693-FRIRW,18,101.3,Month-to-month,Credit card (automatic),Fiber optic,0,No,No,4,13,0.4444444444444444,797.5,5,0.0,9.906,5.647058823529412
6586-MYGKD,70,76.95,Two year,Credit card (automatic),DSL,0,Yes,No,4,25,0.3157894736842105,302.5,1,0.0,15.78,3.1794871794871793
3173-NVMPX,9,55.3,Month-to-month,Mailed check,DSL,0,Yes,Yes,1,17,0.3076923076923077,409.0,5,0.0,3.8920000000000003,5.076923076923077
0248-PGHBZ,67,92.45,Two year,Bank transfer (automatic),Fiber optic,1,No,No,4,26,0.625,506.5,0,0.0,0.0,3.075
0623-GDISB,1,48.45,Month-to-month,Bank transfer (automatic),DSL,0,No,No,1,28,0.75,533.5833333333334,0,0.0,0.0,8.090909090909092
2892-GESUL,18,19.35,Two year,Mailed check,No,0,Yes,Yes,0,30,0.42857142857142855,611.5555555555555,2,0.5,7.37,0.0
6923-EFPNL,4,51.75,Month-to-month,Credit card (automatic),DSL,0,No,No,0,22,0.6923076923076923,446.6666666666667,1,0.0,2.68,0.0
7472-EQOAV,71,86.7,One year,Bank transfer (automatic),Fiber optic,1,Yes,Yes,3,19,0.1875,619.0,1,0.0,9.58,4.891891891891892
9574-RKJIF,30,94.4,Month-to-month,Electronic check,Fiber optic,0,Yes,Yes,3,17,0.4166666666666667,396.6,0,0.0,0.0,6.157894736842105
2043-WVTQJ,1,55.7,Month-to-month,Mailed check,DSL,0,Yes,No,2,30,0.875,442.2142857142857,5,0.2,4.8925,7.826086956521739
8034-RYTVV,55,84.25,One year,Credit card (automatic),Fiber optic,0,No,No,2,17,0.21428571428571427,354.6666666666667,4,0.0,2.6125,4.454545454545454
3863-QSTYI,59,64.65,Month-to-month,Electronic check,DSL,0,No,No,3,12,2.0,386.375,1,1.0,0.0,8.956521739130435
2619-WFQWU,1,70.15,Month-to-month,Mailed check,Fiber optic,0,No,No,0,27,0.5,377.22222222222223,3,0.3333333333333333,19.11,0.0
5044-LRQAQ,7,69.2,Month-to-month,Bank transfer (automatic),Fiber optic,0,Yes,No,0,17,1.125,595.3333333333334,5,0.0,4.837999999999999,0.0
1716-LSAMB,45,54.65,Two year,Bank transfer (automatic),DSL,0,Yes,Yes,2,12,0.5,795.75,0,0.0,0.0,10.444444444444445
1333-PBMXB,54,24.75,One year,Bank transfer (automatic),No,0,Yes,Yes,0,14,0.5555555555555556,387.6,2,0.0,5.545,0.0
6546-OPBBH,51,23.95,One year,Mailed check,No,0,Yes,Yes,0,10,0.42857142857142855,448.3333333333333,0,0.0,0.0,0.0
5985-BEHZK,72,105.0,One year,Credit card (automatic),Fiber optic,1,Yes,No,4,30,0.42857142857142855,421.3333333333333,4,0.25,12.803333333333335,4.0256410256410255
9127-QRZMH,44,59.85,One year,Bank transfer (automatic),DSL,0,Yes,No,3,30,0.42857142857142855,469.44444444444446,2,0.5,20.8,6.708333333333333
5919-VCZYM,2,20.05,Month-to-month,Mailed check,No,0,No,No,0,30,0.30434782608695654,478.14285714285717,0,0.0,0.0,0.0
9644-KVCNC,66,92.15,One year,Bank transfer (automatic),Fiber optic,0,No,No,2,18,0.125,474.0,3,0.0,10.156666666666666,3.48
2137-DQMEV,68,44.8,One year,Mailed check,DSL,0,Yes,Yes,3,19,0.5833333333333334,419.85714285714283,4,0.0,14.605,8.911764705882353
8174-LNWMW,31,20.9,Two year,Credit card (automatic),No,0,No,No,0,19,0.46153846153846156,410.0,4,0.75,11.08,0.0
9279-CJEOJ,21,95.4,Month-to-month,Bank transfer (automatic),Fiber optic,1,No,No,2,23,0.21052631578947367,379.75,3,0.0,7.086666666666666,8.0625
7964-VEXDG,21,80.35,Month-to-month,Electronic check,Fiber optic,0,No,Yes,1,14,0.4,436.0,2,0.0,8.45,2.8181818181818183
2404-JIBFC,55,85.1,Two year,Bank transfer (automatic),DSL,0,Yes,Yes,5,14,0.2727272727272727,216.33333333333334,1,1.0,0.0,9.76923076923077
0778-NELLA,9,34.7,Month-to-month,Credit card (automatic),DSL,0,No,No,1,24,0.5,584.125,0,0.0,0.0,2.5714285714285716
8029-XYPWT,71,115.05,Two year,Bank transfer (automatic),Fiber optic,1,Yes,No,6,21,1.1,434.1818181818182,2,0.0,4.965,11.857142857142858
4614-NUVZD,1,81.1,Month-to-month,Electronic check,Fiber optic,0,No,No,1,16,0.7777777777777778,405.57142857142856,5,0.4,16.97,6.571428571428571
4632-PAOYU,22,19.95,One year,Mailed check,No,0,Yes,Yes,0,15,0.6666666666666666,583.3333333333334,2,0.0,19.560000000000002,0.0
3803-KMQFW,1,20.55,Month-to-month,Mailed check,No,0,Yes,Yes,0,13,0.625,551.6,2,1.0,0.0,0.0
6804-GDMOI,61,106.6,Two year,Electronic check,Fiber optic,0,No,No,4,15,0.6666666666666666,436.0,2,0.5,15.51,1.962962962962963
2990-OGYTD,67,86.15,Two year,Bank transfer (automatic),DSL,0,Yes,No,5,10,0.42857142857142855,593.0,0,0.0,0.0,5.621621621621622
6646-JPPHA,14,78.85,Month-to-month,Electronic check,Fiber optic,1,No,No,2,15,0.6666666666666666,919.1666666666666,5,0.2,2.6725,6.0
9572-MTILT,59,106.75,Month-to-month,Electronic check,Fiber optic,0,Yes,No,5,26,0.8571428571428571,528.3333333333334,1,0.0,6.34,5.888888888888889
7658-UYUQS,21,86.55,Month-to-month,Bank transfer (automatic),Fiber optic,1,Yes,No,2,12,0.3333333333333333,864.0,5,0.6,9.775,4.333333333333333
7880-XSOJX,4,42.4,Month-to-month,Mailed check,DSL,0,No,No,3,15,0.15384615384615385,411.5,0,0.0,0.0,3.857142857142857
9611-CTWIH,3,89.45,Month-to-month,Electronic check,Fiber optic,0,No,No,2,16,1.0,246.75,3,0.3333333333333333,45.83,6.142857142857143
4589-IUAJB,70,24.25,Two year,Bank transfer (automatic),No,0,Yes,No,0,30,0.7647058823529411,583.6923076923077,2,0.5,1.09,0.0
0329-GTIAJ,3,97.9,Month-to-month,Electronic check,Fiber optic,0,No,No,4,11,1.75,511.7142857142857,2,1.0,0.0,3.4375
8746-BFOAJ,21,20.5,One year,Bank transfer (automatic),No,1,No,No,0,24,0.8461538461538461,707.9090909090909,4,0.5,1.3050000000000002,0.0
8457-XIGKN,20,19.6,Month-to-month,Credit card (automatic),No,0,No,No,0,27,0.6875,508.0,1,0.0,5.17,0.0
6072-NUQCB,22,20.25,One year,Bank transfer (automatic),No,0,Yes,Yes,0,26,0.7333333333333333,404.0,0,0.0,0.0,0.0
6629-CZTTH,1,55.7,Month-to-month,Mailed check,DSL,0,No,No,1,21,1.1,364.72727272727275,2,0.5,7.67,3.111111111111111
8838-GPHZP,63,20.6,Two year,Mailed check,No,0,No,No,0,30,0.30434782608695654,552.8571428571429,0,0.0,0.0,0.0
8750-QWZAJ,70,19.8,Two year,Bank transfer (automatic),No,0,Yes,Yes,0,26,0.5294117647058824,564.3333333333334,1,0.0,6.32,0.0
5364-EVNIB,13,79.8,Month-to-month,Electronic check,Fiber optic,0,No,No,2,19,0.46153846153846156,291.5,0,0.0,0.0,6.923076923076923
6918-UMQCG,5,80.2,Month-to-month,Electronic check,Fiber optic,0,No,No,1,18,0.38461538461538464,357.2,2,0.5,6.9,8.9
0675-NCDYU,72,116.4,Two year,Credit card (automatic),Fiber optic,0,Yes,Yes,6,27,0.6875,592.2727272727273,1,0.0,2.46,5.913793103448276
6339-DKLMK,13,31.65,Month-to-month,Electronic check,DSL,0,No,No,1,25,0.19047619047619047,227.75,3,0.3333333333333333,7.725,8.25
1346-PJWTK,61,94.15,Month-to-month,Credit card (automatic),Fiber optic,0,Yes,No,4,30,0.5,277.6,2,0.0,5.75,8.26086956521739
5088-QZLRL,1,20.65,Month-to-month,Electronic check,No,0,No,No,0,21,0.5,331.2857142857143,0,0.0,0.0,0.0
8023-QHAIO,56,76.85,Month-to-month,Bank transfer (automatic),Fiber optic,1,Yes,No,1,26,0.4444444444444444,410.625,2,0.0,7.2,9.0
4397-FRLTA,4,20.15,Month-to-month,Mailed check,No,0,No,No,0,23,0.6428571428571429,555.3333333333334,1,1.0,0.0,0.0
3057-VJJQE,35,55.25,Two year,Mailed check,DSL,0,No,No,1,28,0.47368421052631576,537.4444444444445,2,0.5,12.72,3.5384615384615383
5087-SUURX,18,39.05,Month-to-month,Electronic check,DSL,0,Yes,No,2,22,0.6923076923076923,387.1111111111111,3,0.0,9.299999999999999,7.733333333333333
2302-OUZXB,72,82.15,Two year,Bank transfer (automatic),DSL,0,Yes,No,4,29,0.6111111111111112,476.3636363636364,3,0.3333333333333333,6.99,4.1
8133-ANHHJ,49,103.0,One year,Bank transfer (automatic),Fiber optic,1,No,No,5,27,0.42105263157894735,514.125,2,0.0,4.1899999999999995,5.555555555555555
2270-CHBFN,44,95.1,Month-to-month,Credit card (automatic),Fiber optic,0,Yes,No,4,12,1.0,757.8333333333334,0,0.0,0.0,6.709677419354839
0013-EXCHZ,3,83.9,Month-to-month,Mailed check,Fiber optic,1,Yes,No,2,21,0.4,455.1666666666667,2,0.0,18.45,5.916666666666667
5982-FPVQN,37,95.15,Month-to-month,Electronic check,Fiber optic,0,Yes,Yes,3,23,0.2777777777777778,299.8,0,0.0,0.0,4.954545454545454
9107-UKCKY,61,79.8,One year,Electronic check,DSL,0,Yes,No,4,19,0.7272727272727273,505.75,2,0.5,23.05,5.6
4654-ULTTN,70,74.8,Two year,Credit card (automatic),DSL,0,Yes,No,4,25,0.5625,505.1111111111111,3,0.0,7.446666666666666,11.384615384615385
5550-VFRLC,1,69.85,Month-to-month,Electronic check,Fiber optic,1,No,No,0,30,0.6666666666666666,491.9166666666667,3,0.6666666666666666,13.8,0.0
5546-BYZSM,41,20.45,Month-to-month,Electronic check,No,0,No,No,0,16,0.14285714285714285,376.5,0,0.0,0.0,0.0
1492-KGETH,70,78.35,One year,Bank transfer (automatic),DSL,0,Yes,Yes,5,18,0.2,562.0,1,0.0,10.49,4.0
4929-BSTRX,1,53.55,Month-to-month,Mailed check,DSL,0,No,No,1,25,0.13636363636363635,477.0,1,0.0,32.79,7.333333333333333
4163-HFTUK,51,19.1,One year,Electronic check,No,0,No,No,0,16,0.6,257.6666666666667,1,0.0,21.54,0.0
8215-NGSPE,42,20.0,Two year,Mailed check,No,0,Yes,Yes,0,26,0.3684210526315789,619.1428571428571,3,0.0,3.8200000000000003,0.0
2225-ZRGSG,70,93.9,Two year,Bank transfer (automatic),Fiber optic,0,Yes,Yes,4,17,0.21428571428571427,456.0,2,1.0,0.0,3.033333333333333
8859-YSTWS,48,19.95,One year,Bank transfer (automatic),No,0,No,No,0,26,0.3684210526315789,373.0,2,0.0,14.77,0.0
5271-YNWVR,68,113.15,Two year,Electronic check,Fiber optic,0,Yes,Yes,6,17,0.21428571428571427,657.3333333333334,3,0.0,16.643333333333334,3.5128205128205128
7601-DHFWZ,48,24.0,Two year,Credit card (automatic),No,0,No,No,0,12,0.5,291.5,0,0.0,0.0,0.0
2657-ALMWY,26,84.95,Month-to-month,Electronic check,Fiber optic,1,Yes,No,2,14,0.5555555555555556,637.2,0,0.0,0.0,2.727272727272727
6330-JKLPC,11,80.5,Month-to-month,Bank transfer (automatic),Fiber optic,0,Yes,No,1,16,0.06666666666666667,407.0,5,0.8,13.57,5.25
4667-OHGKG,1,19.3,Month-to-month,Mailed check,No,0,No,No,0,19,0.7272727272727273,341.125,3,0.3333333333333333,6.8149999999999995,0.0
1998-VHJHK,27,19.15,One year,Mailed check,No,0,No,No,0,30,1.0,563.8,2,0.5,4.25,0.0
1707-HABPF,46,91.3,One year,Bank transfer (automatic),Fiber optic,1,No,No,3,25,0.3888888888888889,524.5714285714286,1,0.0,25.42,6.105263157894737
1660-HSOOQ,1,49.65,Month-to-month,Mailed check,DSL,0,No,No,1,20,0.6666666666666666,604.25,1,1.0,0.0,2.2222222222222223
7253-UVNDW,46,54.35,Two year,Credit card (automatic),DSL,0,No,No,2,23,0.7692307692307693,640.7,1,0.0,20.35,4.181818181818182
0487-VVUVK,25,19.15,Month-to-month,Mailed check,No,0,Yes,Yes,0,22,0.29411764705882354,680.8,0,0.0,0.0,0.0
7228-OMTPN,4,88.45,Month-to-month,Electronic check,Fiber optic,0,No,No,2,15,0.6666666666666666,744.1666666666666,3,0.0,20.389999999999997,3.1
5063-IUOKK,13,19.75,Two year,Mailed check,No,0,No,No,0,14,0.4,602.5,1,0.0,2.16,0.0
4508-OEBEY,31,75.5,One year,Credit card (automatic),DSL,0,Yes,No,5,30,0.36363636363636365,449.625,2,0.0,6.66,12.36111111111111
0027-KWYKW,23,83.75,Month-to-month,Electronic check,Fiber optic,0,Yes,Yes,1,17,0.8888888888888888,342.625,0,0.0,0.0,10.2
2308-STERM,2,19.4,Month-to-month,Mailed check,No,0,No,No,0,23,0.7692307692307693,336.2,1,0.0,15.63,0.0
5982-XMDEX,65,26.5,Two year,Bank transfer (automatic),No,0,No,No,0,17,0.8888888888888888,707.125,0,0.0,0.0,0.0
6284-AHOOQ,22,90.5,Month-to-month,Bank transfer (automatic),Fiber optic,1,No,No,2,17,0.4166666666666667,407.0,1,0.0,8.56,3.5454545454545454
6051-PTVNS,55,19.15,One year,Credit card (automatic),No,0,Yes,Yes,0,29,0.6111111111111112,453.45454545454544,1,1.0,0.0,0.0
2344-JMOGN,9,94.85,Month-to-month,Mailed check,Fiber optic,0,Yes,No,4,16,0.45454545454545453,517.2,0,0.0,0.0,3.72
3799-ISUZQ,7,69.95,Month-to-month,Bank transfer (automatic),Fiber optic,0,Yes,Yes,0,22,0.15789473684210525,367.0,2,0.0,21.795,0.0
2877-VDUER,35,40.9,One year,Mailed check,DSL,0,Yes,Yes,2,15,0.25,293.6666666666667,1,1.0,0.0,5.818181818181818
9152-AMKAK,6,80.25,Two year,Mailed check,DSL,0,No,No,5,25,0.9230769230769231,854.6666666666666,0,0.0,0.0,5.484848484848484
1794-HBQTJ,1,48.6,Month-to-month,Credit card (automatic),DSL,0,No,No,1,14,0.5555555555555556,563.0,1,0.0,19.4,4.333333333333333
9432-VOFYX,17,70.8,Month-to-month,Electronic check,Fiber optic,0,No,No,0,27,0.17391304347826086,367.5,3,0.0,7.260000000000001,0.0
8049-WJCLQ,10,60.2,Month-to-month,Mailed check,DSL,0,Yes,Yes,2,25,0.6666666666666666,685.5,1,0.0,8.2,5.0625
6586-PSJOX,15,55.2,One year,Credit card (automatic),DSL,0,No,Yes,2,30,0.7647058823529411,518.9230769230769,1,0.0,2.36,5.882352941176471
2460-FPSYH,40,55.8,Month-to-month,Electronic check,DSL,1,No,No,4,26,0.3684210526315789,543.1428571428571,2,0.0,16.245,2.1666666666666665
9705-ZJBCG,13,54.15,One year,Bank transfer (automatic),DSL,0,Yes,Yes,2,11,0.8333333333333334,282.8,0,0.0,0.0,14.65
4818-DRBQT,29,80.15,Month-to-month,Bank transfer (automatic),Fiber optic,0,Yes,No,1,20,0.42857142857142855,480.0,5,0.4,34.54666666666667,13.777777777777779
1320-HTRDR,3,75.5,Month-to-month,Electronic check,Fiber optic,0,No,No,0,12,0.3333333333333333,317.0,1,0.0,6.39,0.0
6847-KJLTS,58,100.4,Month-to-month,Bank transfer (automatic),Fiber optic,1,Yes,No,3,17,1.4285714285714286,543.6,1,0.0,16.15,7.352941176470588
9670-BPNXF,45,62.55,One year,Credit card (automatic),DSL,0,No,No,3,30,0.30434782608695654,455.57142857142856,2,0.0,10.41,5.25
3913-FCUUW,72,70.45,Two year,Bank transfer (automatic),DSL,0,Yes,Yes,4,30,1.3076923076923077,490.05882352941177,1,0.0,9.33,6.5
3301-VKTGC,68,85.5,One year,Bank transfer (automatic),Fiber optic,0,Yes,Yes,2,28,0.75,362.25,5,0.0,10.166,18.956521739130434
1493-AMTIE,1,20.2,Month-to-month,Bank transfer (automatic),No,0,No,No,0,13,0.18181818181818182,280.0,1,1.0,0.0,0.0
9555-SAHUZ,38,54.5,Month-to-month,Electronic check,DSL,0,Yes,Yes,2,19,0.7272727272727273,461.25,3,0.0,3.56,7.733333333333333
0816-TSPHQ,2,20.75,Month-to-month,Mailed check,No,0,No,No,0,23,0.6428571428571429,450.8888888888889,0,0.0,0.0,0.0
9932-WBWIK,11,20.35,Month-to-month,Mailed check,No,0,No,No,0,27,0.5882352941176471,439.2,1,0.0,11.52,0.0
4619-EVPHY,20,91.0,One year,Bank transfer (automatic),Fiber optic,1,Yes,No,2,21,0.6153846153846154,437.25,4,0.25,7.19,4.1923076923076925
5286-YHCVC,72,104.8,Two year,Bank transfer (automatic),Fiber optic,0,Yes,No,4,15,0.25,337.0,0,0.0,0.0,12.25
6424-ELEYH,3,74.75,Month-to-month,Credit card (automatic),Fiber optic,0,Yes,No,0,21,0.4,413.3333333333333,5,0.6,14.055,0.0
4391-RESHN,23,104.05,Month-to-month,Mailed check,Fiber optic,0,No,No,4,12,0.7142857142857143,432.8,0,0.0,0.0,6.619047619047619
9115-YQHGA,40,51.1,Month-to-month,Electronic check,DSL,0,No,No,1,23,0.35294117647058826,597.8333333333334,2,0.0,3.685,9.0
4462-CYWMH,62,89.8,Month-to-month,Bank transfer (automatic),Fiber optic,1,Yes,No,2,29,0.3181818181818182,835.1428571428571,0,0.0,0.0,5.153846153846154
8963-MQVYN,22,20.55,Month-to-month,Electronic check,No,0,No,Yes,0,10,9.0,499.1111111111111,3,0.3333333333333333,4.345,0.0
2458-EOMRE,11,64.05,Month-to-month,Bank transfer (automatic),DSL,0,No,No,3,26,0.3,367.0,4,0.5,2.86,2.7333333333333334
9334-GWGOW,7,74.85,Month-to-month,Electronic check,Fiber optic,1,Yes,No,0,15,0.25,491.6666666666667,5,0.0,11.948,0.0
6821-BUXUX,13,96.65,Month-to-month,Electronic check,Fiber optic,0,No,No,3,15,0.6666666666666666,297.1666666666667,0,0.0,0.0,2.814814814814815
5028-HTLJB,1,20.05,Month-to-month,Mailed check,No,1,No,No,0,11,0.2222222222222222,231.0,0,0.0,0.0,0.0
9801-GDWGV,39,103.45,Month-to-month,Electronic check,Fiber optic,0,No,No,4,28,0.47368421052631576,373.0,2,0.5,21.87,8.045454545454545
6542-LWGXJ,3,25.0,Month-to-month,Mailed check,DSL,0,Yes,No,0,30,0.6666666666666666,563.0,0,0.0,0.0,0.0
5567-GZKQY,58,20.3,Two year,Credit card (automatic),No,0,No,No,0,30,0.875,509.92857142857144,3,0.3333333333333333,10.809999999999999,0.0
1222-LRYKO,6,26.35,Month-to-month,Mailed check,No,0,No,Yes,0,23,0.6428571428571429,309.3333333333333,1,0.0,3.71,0.0
2320-JRSDE,1,19.9,Month-to-month,Electronic check,No,0,Yes,Yes,0,19,0.46153846153846156,955.5,0,0.0,0.0,0.0
2087-QAREY,22,54.7,Month-to-month,Mailed check,DSL,0,Yes,No,2,25,0.7857142857142857,540.9090909090909,5,0.2,4.5375,4.35
0601-WZHJF,14,46.35,Month-to-month,Electronic check,DSL,0,Yes,No,2,11,1.2,320.1666666666667,1,0.0,15.95,1.75
4423-JWZJN,64,90.25,One year,Credit card (automatic),Fiber optic,0,Yes,Yes,2,20,0.3333333333333333,922.6,5,0.0,14.154,5.315789473684211
5143-WMWOG,1,19.95,Month-to-month,Electronic check,No,0,No,No,0,18,0.5,490.1666666666667,0,0.0,0.0,0.0
6490-FGZAT,6,20.65,Month-to-month,Mailed check,No,0,No,No,0,16,0.3333333333333333,602.75,1,0.0,22.32,0.0
5393-RXQSZ,1,79.6,Month-to-month,Electronic check,Fiber optic,0,No,No,1,14,0.4,478.75,3,0.6666666666666666,44.33,3.3333333333333335
7452-FOLON,39,25.45,One year,Bank transfer (automatic),No,0,No,Yes,0,17,0.5454545454545454,464.0,2,0.5,0.97,0.0
2320-TZRRH,20,19.5,One year,Mailed check,No,0,No,No,0,12,0.3333333333333333,495.0,3,0.0,11.156666666666666,0.0
0231-LXVAP,1,75.9,Month-to-month,Electronic check,Fiber optic,0,No,No,1,28,0.16666666666666666,546.5,0,0.0,0.0,6.75
9444-JTXHZ,1,76.2,Month-to-month,Electronic check,Fiber optic,0,Yes,No,1,16,0.23076923076923078,291.6666666666667,3,0.6666666666666666,49.16,2.2
4942-VZZOM,64,66.15,One year,Credit card (automatic),DSL,0,Yes,No,2,14,0.4,516.75,4,0.25,4.77,5.166666666666667
5510-BOIUJ,1,19.25,Month-to-month,Mailed check,No,0,No,Yes,0,11,0.5714285714285714,372.75,2,0.0,15.195,0.0
7502-BNYGS,46,69.1,Month-to-month,Credit card (automatic),DSL,0,Yes,No,3,13,0.4444444444444444,490.5,4,0.0,21.635,4.117647058823529
4291-HYEBC,28,39.1,One year,Electronic check,DSL,1,Yes,Yes,2,16,0.6,365.1666666666667,3,0.0,3.323333333333333,3.6
6147-CBCRA,33,20.05,Month-to-month,Mailed check,No,0,Yes,No,0,12,0.5,372.0,0,0.0,0.0,0.0
6047-SUHPR,39,59.8,One year,Electronic check,DSL,0,Yes,Yes,3,10,0.1111111111111111,666.0,4,0.5,7.65,4.233333333333333
4471-KXAUH,42,84.3,Month-to-month,Electronic check,Fiber optic,0,Yes,No,2,13,0.18181818181818182,197.0,1,1.0,0.0,10.0
9752-ZNQUT,1,48.6,Month-to-month,Electronic check,DSL,0,No,No,1,13,0.08333333333333333,224.0,1,0.0,48.0,2.0
7638-QVMVY,7,79.0,Month-to-month,Electronic check,Fiber optic,0,No,No,1,29,0.7058823529411765,399.5833333333333,2,0.0,8.105,3.8
1576-PFZIW,70,105.35,Two year,Credit card (automatic),Fiber optic,1,Yes,No,5,13,0.625,710.6,1,1.0,0.0,6.090909090909091
5666-MBJPT,65,25.1,Two year,Bank transfer (automatic),No,0,No,No,0,17,0.4166666666666667,566.0,2,0.0,4.245,0.0
7312-XSBAT,1,49.75,Month-to-month,Electronic check,DSL,0,No,No,1,22,0.4666666666666667,335.2857142857143,2,0.0,14.169999999999998,3.8333333333333335
3096-GKWEB,18,94.75,Month-to-month,Electronic check,Fiber optic,0,Yes,No,2,16,1.2857142857142858,301.1111111111111,2,0.0,4.005,8.25
2371-JQHZZ,24,93.0,Month-to-month,Electronic check,Fiber optic,0,Yes,No,2,19,0.35714285714285715,570.2,1,0.0,7.74,6.782608695652174
0674-GCDXG,63,71.9,Two year,Bank transfer (automatic),DSL,0,No,No,4,23,0.6428571428571429,543.4444444444445,2,0.5,22.2,4.931034482758621
1121-QSIVB,44,77.55,One year,Mailed check,DSL,0,No,Yes,3,17,0.8888888888888888,275.125,3,0.0,7.75,4.782608695652174
4396-KLSEH,4,19.85,Month-to-month,Electronic check,No,0,No,No,0,30,0.30434782608695654,379.2857142857143,0,0.0,0.0,0.0
3244-DCJWY,1,70.25,Month-to-month,Electronic check,Fiber optic,0,No,No,0,30,0.7647058823529411,607.6153846153846,3,0.6666666666666666,3.47,0.0
2824-MYYBN,37,95.25,Month-to-month,Electronic check,Fiber optic,0,Yes,Yes,2,12,0.3333333333333333,992.3333333333334,4,0.0,13.8275,5.785714285714286
0875-CABNR,10,84.6,Month-to-month,Credit card (automatic),Fiber optic,1,No,No,2,13,0.3,483.6666666666667,3,0.6666666666666666,4.11,3.857142857142857
6345-HOVES,34,25.05,Month-to-month,Bank transfer (automatic),DSL,0,No,No,0,21,0.4,753.8333333333334,2,0.0,11.31,0.0
8318-LCNBW,35,53.15,One year,Credit card (automatic),DSL,0,Yes,No,4,27,0.42105263157894735,398.875,2,0.5,6.88,8.121212121212121
6469-QJKZW,4,20.15,Month-to-month,Electronic check,No,0,Yes,No,0,18,0.8,648.625,0,0.0,0.0,0.0
0147-ESWWR,39,101.25,Month-to-month,Electronic check,Fiber optic,1,Yes,No,3,20,0.3333333333333333,521.0,0,0.0,0.0,4.454545454545454
1217-VASWC,43,100.55,One year,Bank transfer (automatic),Fiber optic,1,Yes,No,4,28,0.5555555555555556,539.3,5,0.2,7.275,7.3
7812-FZHPE,17,24.1,Month-to-month,Mailed check,No,0,Yes,Yes,0,19,0.5833333333333334,784.8571428571429,1,0.0,11.5,0.0
6370-ZVHDV,61,25.3,Two year,Bank transfer (automatic),No,0,Yes,No,0,10,0.42857142857142855,516.6666666666666,1,1.0,0.0,0.0
5915-DGNVC,49,71.8,One year,Electronic check,DSL,0,Yes,No,4,27,0.22727272727272727,512.6,2,0.0,3.66,12.0
6260-XLACS,4,19.7,One year,Mailed check,No,0,No,No,0,20,0.42857142857142855,626.8333333333334,2,0.0,12.29,0.0
3566-CAAYU,64,49.85,Two year,Electronic check,DSL,0,Yes,Yes,4,11,0.375,480.0,1,0.0,9.98,7.405405405405405
4983-CCWMC,3,69.6,Month-to-month,Mailed check,Fiber optic,0,No,No,0,29,0.20833333333333334,390.0,2,0.0,5.96,0.0
9103-CXVOK,1,19.75,Month-to-month,Electronic check,No,0,Yes,Yes,0,10,0.25,373.0,1,0.0,10.41,0.0
2896-TBNBE,40,80.8,One year,Electronic check,Fiber optic,0,Yes,No,2,14,0.75,425.5,2,0.0,1.32,5.818181818181818
4797-AXPXK,1,60.0,Month-to-month,Electronic check,DSL,0,No,Yes,3,16,0.6,778.6666666666666,0,0.0,0.0,6.066666666666666
5229-PRWKT,8,86.55,Month-to-month,Electronic check,Fiber optic,0,No,No,1,15,0.875,700.8571428571429,2,0.0,31.5,4.428571428571429
6982-UQZLY,1,20.85,Month-to-month,Mailed check,No,1,Yes,No,0,26,0.625,413.0,2,0.5,42.85,0.0
2522-WLNSF,34,64.2,One year,Bank transfer (automatic),DSL,1,Yes,No,3,19,0.11764705882352941,376.0,0,0.0,0.0,8.6
3841-CONLJ,1,35.0,Month-to-month,Electronic check,DSL,0,Yes,No,1,10,0.1111111111111111,612.0,2,0.0,9.825,16.25
5057-LCOUI,39,50.75,Month-to-month,Electronic check,DSL,0,No,No,3,29,0.8125,610.5384615384615,5,0.4,52.32333333333333,2.2
0193-ESZXP,58,105.5,One year,Credit card (automatic),Fiber optic,1,Yes,No,5,19,0.35714285714285715,461.4,1,1.0,0.0,10.192307692307692
4475-NVTLU,45,19.2,Two year,Electronic check,No,0,Yes,Yes,0,19,0.5833333333333334,454.14285714285717,1,1.0,0.0,0.0
4369-HTUIF,6,85.15,Month-to-month,Bank transfer (automatic),Fiber optic,1,No,No,2,11,1.75,773.5714285714286,4,0.5,10.745000000000001,6.454545454545454
9386-LDCZR,43,90.65,One year,Credit card (automatic),Fiber optic,0,No,No,4,30,0.5,528.6,4,0.0,13.6475,5.1891891891891895
9585-KKMFD,41,20.0,Two year,Mailed check,No,0,Yes,Yes,0,18,0.2,563.3333333333334,1,0.0,4.06,0.0
5399-ZIMKF,5,74.65,Month-to-month,Electronic check,Fiber optic,0,No,No,1,27,0.22727272727272727,760.0,3,0.0,1.3,6.0
0336-KXKFK,72,61.2,Two year,Credit card (automatic),DSL,0,No,No,5,16,0.45454545454545453,632.6,2,0.5,8.14,2.21875
5619-XZZKR,4,19.95,One year,Mailed check,No,0,No,No,0,17,0.7,415.14285714285717,0,0.0,0.0,0.0
3948-FVVRP,9,54.8,Month-to-month,Mailed check,DSL,0,Yes,Yes,2,26,0.3684210526315789,346.0,2,0.5,3.19,6.705882352941177
5327-XOKKY,72,73.45,Two year,Credit card (automatic),DSL,1,Yes,No,3,12,0.7142857142857143,761.6,4,0.0,4.75,14.344827586206897
0983-TATYJ,33,51.45,One year,Mailed check,DSL,0,Yes,No,1,20,0.17647058823529413,546.0,2,0.0,7.324999999999999,6.0
1813-JYWTO,72,80.45,Two year,Bank transfer (automatic),Fiber optic,0,Yes,No,1,29,0.20833333333333334,368.4,2,0.0,4.49,17.583333333333332
0156-FVPTA,22,54.2,Month-to-month,Electronic check,DSL,0,Yes,No,2,15,0.36363636363636365,378.25,2,0.0,5.5600000000000005,3.3636363636363638
1984-FCOWB,70,109.5,One year,Electronic check,Fiber optic,0,Yes,No,5,25,0.7857142857142857,642.0,0,0.0,0.0,2.3076923076923075
0654-HMSHN,21,104.4,Month-to-month,Electronic check,Fiber optic,0,Yes,Yes,4,16,0.23076923076923078,371.0,1,1.0,0.0,5.117647058823529
6719-OXYBR,15,85.3,Month-to-month,Electronic check,Fiber optic,0,No,No,2,28,0.47368421052631576,496.8888888888889,4,0.0,9.0475,2.3125
3312-ZWLGF,29,79.3,Month-to-month,Electronic check,Fiber optic,1,Yes,No,1,13,0.4444444444444444,617.75,2,0.5,8.68,3.5
6476-YHMGA,15,76.5,Month-to-month,Bank transfer (automatic),DSL,0,Yes,Yes,5,29,0.7058823529411765,613.9166666666666,0,0.0,0.0,3.2222222222222223
5287-QWLKY,71,105.1,Month-to-month,Credit card (automatic),Fiber optic,1,Yes,Yes,4,20,0.8181818181818182,683.5555555555555,0,0.0,0.0,4.2592592592592595
0795-XCCTE,72,25.4,Two year,Bank transfer (automatic),No,1,No,No,0,16,0.6,566.3333333333334,3,0.0,6.813333333333333,0.0
0168-XZKBB,19,86.85,Month-to-month,Electronic check,Fiber optic,0,Yes,No,1,19,0.7272727272727273,324.125,1,0.0,48.51,5.923076923076923
3785-NRHYR,1,19.65,Month-to-month,Mailed check,No,0,No,No,0,11,1.2,412.0,1,0.0,6.58,0.0
5196-SGOAK,1,75.7,Month-to-month,Electronic check,Fiber optic,0,No,No,1,17,0.7,430.14285714285717,1,0.0,28.68,5.4
4537-DKTAL,2,45.55,Month-to-month,Electronic check,DSL,0,No,No,0,13,0.8571428571428571,508.5,5,0.0,11.738,0.0
7072-MBHEV,11,78.1,Month-to-month,Credit card (automatic),Fiber optic,1,Yes,Yes,1,19,0.46153846153846156,802.6666666666666,2,0.0,4.7,4.285714285714286
5602-BVFMK,12,19.3,One year,Mailed check,No,0,No,No,0,12,0.7142857142857143,561.0,2,1.0,0.0,0.0
6297-NOOPG,70,110.5,Two year,Electronic check,Fiber optic,0,Yes,No,5,21,0.4,609.0,1,0.0,27.68,14.777777777777779
1891-UAWWU,20,90.8,Month-to-month,Electronic check,Fiber optic,1,Yes,No,2,12,0.3333333333333333,498.3333333333333,3,0.3333333333333333,50.635,3.769230769230769
8204-TIFGJ,23,20.3,Month-to-month,Bank transfer (automatic),No,0,No,No,0,12,1.0,416.1666666666667,1,0.0,73.06,0.0
8050-DVOJX,49,81.35,Two year,Credit card (automatic),DSL,1,No,No,5,16,0.23076923076923078,414.6666666666667,2,0.5,6.04,10.45
6108-OQZDQ,4,97.95,Month-to-month,Electronic check,Fiber optic,0,Yes,Yes,3,12,0.7142857142857143,419.8,5,0.6,27.15,6.882352941176471
0363-QJVFX,32,108.15,Month-to-month,Credit card (automatic),Fiber optic,0,No,No,5,25,0.7857142857142857,485.3636363636364,0,0.0,0.0,4.5
8903-XEBGX,2,55.3,Month-to-month,Electronic check,DSL,0,No,Yes,1,19,0.26666666666666666,361.25,2,0.0,10.35,5.571428571428571
8169-SAEJD,69,56.55,Two year,Credit card (automatic),DSL,1,Yes,No,4,26,0.18181818181818182,262.75,5,0.0,8.428,3.3043478260869565
9840-DVNDC,6,80.5,Month-to-month,Credit card (automatic),Fiber optic,0,No,No,1,24,0.14285714285714285,242.33333333333334,0,0.0,0.0,5.0
1089-XZWHH,24,19.7,Two year,Mailed check,No,0,Yes,Yes,0,29,0.5263157894736842,345.1,1,0.0,38.63,0.0
2325-WINES,32,104.05,One year,Credit card (automatic),Fiber optic,0,No,No,4,12,0.7142857142857143,298.6,0,0.0,0.0,10.242424242424242
6064-ZATLR,27,52.85,Two year,Bank transfer (automatic),DSL,0,No,No,2,10,0.25,530.5,2,0.5,5.2,8.235294117647058
3096-JRDSO,27,104.3,Month-to-month,Bank transfer (automatic),Fiber optic,1,Yes,No,4,15,0.36363636363636365,418.5,3,0.3333333333333333,30.23,6.884615384615385
7824-PANSQ,58,80.65,Month-to-month,Bank transfer (automatic),Fiber optic,0,No,No,1,24,1.0,586.9166666666666,0,0.0,0.0,10.090909090909092
8042-JVNFH,1,71.35,Month-to-month,Mailed check,Fiber optic,0,No,No,0,11,1.75,426.14285714285717,3,0.3333333333333333,3.465,0.0
9648-BCHKM,18,24.65,Two year,Credit card (automatic),No,0,Yes,Yes,0,21,0.4,644.5,2,0.5,13.17,0.0
2888-ADFAO,47,21.3,Two year,Bank transfer (automatic),No,0,Yes,Yes,0,28,0.8666666666666667,276.61538461538464,0,0.0,0.0,0.0
8707-HOEDG,70,110.2,Two year,Electronic check,Fiber optic,0,Yes,Yes,5,25,0.5625,549.6666666666666,0,0.0,0.0,5.05
3374-LXDEV,13,89.4,Month-to-month,Electronic check,Fiber optic,0,No,No,3,22,0.8333333333333334,464.7,1,1.0,0.0,3.1578947368421053
4072-IPYLT,36,51.05,Month-to-month,Credit card (automatic),DSL,0,Yes,Yes,1,24,0.6,625.4444444444445,0,0.0,0.0,3.7777777777777777
7167-PCEYD,67,19.8,Two year,Mailed check,No,0,No,No,0,12,0.5,282.0,1,1.0,0.0,0.0
4936-YPJNK,10,19.9,Month-to-month,Mailed check,No,0,No,No,0,19,0.9,508.6666666666667,0,0.0,0.0,0.0
1580-BMCMR,19,87.3,Month-to-month,Electronic check,Fiber optic,1,No,No,2,16,0.7777777777777778,393.7142857142857,0,0.0,0.0,11.38888888888889
4817-KEQSP,71,19.85,Two year,Bank transfer (automatic),No,0,Yes,Yes,0,15,1.5,409.55555555555554,1,0.0,30.74,0.0
6408-WHTEF,72,89.4,Two year,Mailed check,DSL,0,Yes,Yes,6,30,0.5789473684210527,635.5454545454545,0,0.0,0.0,4.12
9251-AWQGT,48,20.0,Two year,Mailed check,No,0,Yes,Yes,0,11,1.75,498.85714285714283,1,0.0,4.84,0.0
8749-CLJXC,1,20.05,Month-to-month,Mailed check,No,0,No,No,0,26,0.7333333333333333,440.8181818181818,0,0.0,0.0,0.0
7989-VCQOH,18,83.25,Month-to-month,Electronic check,DSL,0,Yes,Yes,5,25,0.47058823529411764,425.375,0,0.0,0.0,2.0789473684210527
5049-GLYVG,1,20.6,Month-to-month,Mailed check,No,0,No,No,0,20,0.5384615384615384,333.2857142857143,2,0.5,9.89,0.0
4199-QHJNM,67,102.9,Two year,Bank transfer (automatic),Fiber optic,1,Yes,No,4,22,0.5714285714285714,551.75,2,0.0,5.225,4.17948717948718
8882-TLVRW,69,39.1,Two year,Mailed check,DSL,0,Yes,Yes,3,13,0.3,570.3333333333334,1,0.0,41.31,11.285714285714286
5883-GTGVD,19,99.95,Month-to-month,Electronic check,Fiber optic,0,No,No,3,14,0.2727272727272727,453.6666666666667,1,0.0,23.4,5.944444444444445
5135-GRQJV,72,114.5,Two year,Mailed check,Fiber optic,1,Yes,No,6,30,0.7647058823529411,721.7692307692307,1,0.0,20.57,4.64
2384-OVPSA,38,20.2,Two year,Mailed check,No,1,No,No,0,18,0.8,795.0,2,0.0,9.3,0.0
1371-WEPDS,40,55.8,One year,Electronic check,DSL,1,Yes,No,1,17,0.7,270.85714285714283,2,0.0,1.56,13.583333333333334
3580-GICBM,61,24.2,Two year,Mailed check,No,0,Yes,Yes,0,21,0.5,616.0,2,0.0,5.555,0.0
4817-QRJSX,10,81.0,Month-to-month,Credit card (automatic),Fiber optic,0,No,No,1,10,0.6666666666666666,518.25,2,0.5,35.8,5.222222222222222
9730-DRTMJ,32,72.8,One year,Credit card (automatic),DSL,0,Yes,No,3,19,0.46153846153846156,446.3333333333333,2,0.0,28.73,6.6923076923076925
4686-UXDML,21,99.85,Month-to-month,Credit card (automatic),Fiber optic,0,No,No,3,10,1.0,804.6,5,0.6,6.0600000000000005,4.67741935483871
3349-ANQNH,59,99.5,One year,Electronic check,Fiber optic,1,No,No,3,29,0.38095238095238093,556.875,5,0.6,18.9,9.055555555555555
2398-YPMUR,13,70.15,Month-to-month,Electronic check,Fiber optic,1,Yes,No,0,18,0.38461538461538464,546.8,2,0.5,4.57,0.0
0932-YIXYU,47,20.25,Two year,Credit card (automatic),No,0,No,No,0,16,0.3333333333333333,711.75,0,0.0,0.0,0.0
7480-SPLEF,69,26.0,Two year,Bank transfer (automatic),No,0,Yes,Yes,0,26,0.625,445.5,1,1.0,0.0,0.0
7636-XUHWW,2,19.9,Month-to-month,Credit card (automatic),No,0,No,No,0,15,0.875,251.0,0,0.0,0.0,0.0
1431-CYWMH,22,19.05,Month-to-month,Bank transfer (automatic),No,0,Yes,Yes,0,16,0.23076923076923078,460.0,0,0.0,0.0,0.0
5937-EORGB,15,96.5,Month-to-month,Electronic check,Fiber optic,1,Yes,No,3,29,0.8125,549.7692307692307,2,0.0,10.309999999999999,5.2592592592592595
6349-JDHQP,53,19.85,Two year,Credit card (automatic),No,0,No,No,0,22,0.5714285714285714,497.375,2,1.0,0.0,0.0
5539-HIVAK,28,25.7,Month-to-month,Mailed check,No,1,Yes,No,0,10,0.25,817.5,1,0.0,5.02,0.0
5847-MXBEO,22,20.3,One year,Mailed check,No,0,No,No,0,11,0.5714285714285714,594.75,0,0.0,0.0,0.0
9985-MWVIX,1,70.15,Month-to-month,Mailed check,Fiber optic,0,No,No,0,22,0.6923076923076923,572.1111111111111,2,0.5,35.26,0.0
4583-PARNH,16,91.55,Month-to-month,Electronic check,Fiber optic,1,Yes,No,3,26,0.4444444444444444,272.875,2,0.5,19.23,8.2
1116-FRYVH,48,39.4,Two year,Mailed check,DSL,0,Yes,Yes,3,13,0.8571428571428571,279.8333333333333,0,0.0,0.0,4.115384615384615
1421-HCERK,30,105.7,Month-to-month,Bank transfer (automatic),Fiber optic,1,Yes,No,5,14,1.0,746.5714285714286,2,1.0,0.0,9.090909090909092
9633-XQABV,3,70.25,Month-to-month,Electronic check,Fiber optic,0,No,No,0,13,0.3,667.0,0,0.0,0.0,0.0
0716-BQNDX,57,93.75,Two year,Electronic check,Fiber optic,1,No,No,3,18,0.38461538461538464,487.0,0,0.0,0.0,7.407407407407407
1265-XTECC,68,96.55,One year,Credit card (automatic),Fiber optic,1,Yes,No,3,24,0.6,563.5555555555555,4,0.25,45.343333333333334,5.625
1183-CANVH,23,60.0,One year,Bank transfer (automatic),DSL,0,Yes,No,2,10,0.6666666666666666,694.0,3,0.0,17.26,6.695652173913044
1972-XMUWV,65,59.8,Two year,Credit card (automatic),DSL,0,Yes,No,2,11,0.5714285714285714,274.0,1,1.0,0.0,5.5
8679-LZBMD,44,90.65,One year,Bank transfer (automatic),Fiber optic,0,Yes,No,2,16,0.7777777777777778,773.4285714285714,5,0.0,12.678,6.235294117647059
3407-JMJQQ,71,109.0,Two year,Bank transfer (automatic),Fiber optic,0,Yes,Yes,5,24,0.2,510.75,1,0.0,2.72,3.5319148936170213
6252-DFGTK,37,68.1,One year,Credit card (automatic),DSL,0,Yes,No,3,25,0.6666666666666666,335.3,0,0.0,0.0,3.3055555555555554
1539-LNKHM,12,20.4,Month-to-month,Mailed check,No,0,No,No,0,14,0.4,528.5,2,0.0,3.8950000000000005,0.0
8645-KOMJQ,69,81.95,Two year,Bank transfer (automatic),DSL,0,Yes,Yes,5,14,0.4,540.5,1,0.0,3.55,12.107142857142858
0289-IVARM,35,60.55,Month-to-month,Electronic check,DSL,0,No,No,3,21,0.6153846153846154,422.75,0,0.0,0.0,5.090909090909091
9761-XUJWD,5,65.6,Month-to-month,Bank transfer (automatic),DSL,0,No,No,3,26,0.8571428571428571,507.9166666666667,1,0.0,15.48,13.473684210526315
4057-FKCZK,58,82.5,Two year,Bank transfer (automatic),Fiber optic,0,Yes,Yes,1,23,0.35294117647058826,463.8333333333333,2,0.0,6.52,3.888888888888889
4291-TPNFG,72,82.3,Two year,Bank transfer (automatic),DSL,0,Yes,No,5,17,0.4166666666666667,756.6,2,0.0,8.995000000000001,10.929824561403509
6087-YPWHO,72,68.15,Two year,Mailed check,DSL,0,Yes,No,4,11,0.8333333333333334,416.8,1,0.0,23.19,6.315789473684211
3090-QFUVD,1,20.3,Month-to-month,Credit card (automatic),No,0,No,No,0,16,0.23076923076923078,397.6666666666667,1,0.0,15.7,0.0
2237-ZFSMY,39,95.55,One year,Electronic check,Fiber optic,0,No,No,4,17,0.5454545454545454,532.5,0,0.0,0.0,4.655172413793103
1722-LDZJS,53,20.2,One year,Credit card (automatic),No,0,Yes,Yes,0,21,0.4,458.0,2,0.0,17.425,0.0
1818-ESQMW,27,89.2,Month-to-month,Electronic check,Fiber optic,0,No,No,3,28,0.3333333333333333,439.57142857142856,0,0.0,0.0,6.074074074074074
4871-JTKJF,1,69.65,Month-to-month,Electronic check,Fiber optic,1,No,No,0,19,0.35714285714285715,623.2,0,0.0,0.0,0.0
1415-YFWLT,1,89.3,Month-to-month,Electronic check,Fiber optic,1,No,No,2,27,0.5882352941176471,502.1,1,0.0,10.45,5.2
7401-RUBNK,18,74.8,Month-to-month,Electronic check,Fiber optic,0,Yes,No,1,23,0.6428571428571429,564.1111111111111,4,0.0,1.33,5.875
9846-GKXAS,9,90.8,Month-to-month,Bank transfer (automatic),Fiber optic,0,No,No,2,11,0.8333333333333334,590.6,1,0.0,23.41,2.25
0506-YLVKJ,46,20.2,Two year,Mailed check,No,0,Yes,Yes,0,21,0.75,519.1111111111111,1,0.0,7.71,0.0
8661-BOYNW,72,84.4,Two year,Credit card (automatic),DSL,0,Yes,No,5,16,0.6,317.5,1,0.0,7.94,9.081632653061224
6711-VTNRE,36,87.55,Month-to-month,Electronic check,Fiber optic,0,No,No,3,13,0.18181818181818182,818.5,0,0.0,0.0,2.6666666666666665
4815-GBTCD,4,25.15,Month-to-month,Electronic check,DSL,0,Yes,No,0,29,1.2307692307692308,738.0,2,0.0,8.8,0.0
2805-AUFQN,25,19.8,Two year,Credit card (automatic),No,0,No,No,0,10,0.6666666666666666,437.0,0,0.0,0.0,0.0
0980-PVMRC,40,50.85,Month-to-month,Electronic check,DSL,0,Yes,Yes,3,28,0.21739130434782608,682.0,2,0.0,20.419999999999998,3.8260869565217392
7233-DRTRF,63,102.4,Month-to-month,Electronic check,Fiber optic,0,Yes,No,4,24,0.2631578947368421,569.8,2,0.0,14.785,2.289473684210526
3500-RMZLT,15,96.3,Month-to-month,Mailed check,Fiber optic,1,No,No,4,28,0.3333333333333333,541.5714285714286,2,1.0,0.0,3.875
3873-NFTGI,14,55.5,Month-to-month,Credit card (automatic),DSL,0,No,No,1,17,0.4166666666666667,283.0,4,0.0,9.030000000000001,2.727272727272727
1162-ECVII,72,109.75,Two year,Bank transfer (automatic),Fiber optic,1,Yes,No,5,23,0.4375,459.85714285714283,1,0.0,2.89,6.341463414634147
7048-GXDAY,39,106.4,Month-to-month,Electronic check,Fiber optic,0,No,No,4,22,0.29411764705882354,586.6,1,0.0,2.79,6.777777777777778
8571-ZCMCX,47,60.0,Two year,Credit card (automatic),DSL,0,Yes,Yes,5,10,0.6666666666666666,474.0,1,0.0,10.76,9.081632653061224
1169-WCVAK,19,88.8,Month-to-month,Credit card (automatic),Fiber optic,0,Yes,No,3,10,0.42857142857142855,353.6666666666667,1,1.0,0.0,5.148148148148148
4548-SDBKE,5,85.2,Month-to-month,Electronic check,Fiber optic,0,No,No,1,18,0.5,354.1666666666667,2,0.5,34.89,3.625
8066-POXGX,13,35.1,Month-to-month,Electronic check,DSL,0,No,No,1,15,0.875,453.57142857142856,2,0.5,3.95,4.5
7129-CAKJW,17,80.05,Month-to-month,Bank transfer (automatic),Fiber optic,0,No,No,1,14,0.4,635.25,0,0.0,0.0,5.333333333333333
8695-ARGXZ,34,75.55,Month-to-month,Electronic check,Fiber optic,1,Yes,No,0,10,1.5,1157.5,3,1.0,0.0,0.0
3570-YUEKJ,42,49.55,Month-to-month,Electronic check,DSL,0,No,No,1,11,1.2,360.0,5,0.0,7.958,3.4285714285714284
4143-OOBWZ,5,81.3,Month-to-month,Electronic check,Fiber optic,0,Yes,No,1,10,0.1111111111111111,486.0,1,1.0,0.0,2.25
1555-HAPSU,71,23.9,Two year,Credit card (automatic),No,0,Yes,Yes,0,14,0.75,353.5,0,0.0,0.0,0.0
1697-NVVGY,19,66.4,Month-to-month,Bank transfer (automatic),DSL,1,Yes,No,3,29,0.3181818181818182,410.2857142857143,1,0.0,13.3,3.6
7854-EKTJL,2,19.6,Month-to-month,Electronic check,No,0,No,Yes,0,28,0.47368421052631576,495.77777777777777,3,0.6666666666666666,4.2,0.0
8464-EETCQ,57,18.8,Two year,Credit card (automatic),No,0,No,No,0,18,0.38461538461538464,268.6,3,0.6666666666666666,2.69,0.0
2419-FSORS,72,108.4,Two year,Electronic check,Fiber optic,0,Yes,No,5,17,0.4166666666666667,296.0,0,0.0,0.0,4.03125
8132-YPVBX,6,85.95,Month-to-month,Mailed check,Fiber optic,0,No,No,2,12,0.2,527.5,3,0.0,8.200000000000001,14.454545454545455
9102-IAYHT,17,85.45,Month-to-month,Electronic check,Fiber optic,0,Yes,Yes,1,16,0.23076923076923078,263.6666666666667,2,0.5,109.55,3.8333333333333335
6754-LZUKA,61,80.9,Two year,Bank transfer (automatic),DSL,0,Yes,No,4,12,0.5,580.25,2,0.5,18.22,6.933333333333334
3422-LYEPQ,1,71.0,Month-to-month,Electronic check,Fiber optic,0,Yes,Yes,0,12,0.5,440.25,4,0.25,11.513333333333334,0.0
8099-MZPUJ,48,111.8,Two year,Credit card (automatic),Fiber optic,0,Yes,Yes,6,23,0.4375,412.85714285714283,1,0.0,14.62,4.58
0787-LHDYT,16,20.6,Month-to-month,Credit card (automatic),No,0,No,No,0,26,0.23809523809523808,331.0,1,0.0,5.37,0.0
2642-DTVCO,9,85.05,Month-to-month,Electronic check,Fiber optic,1,No,No,1,15,0.25,676.6666666666666,2,0.0,57.80500000000001,6.0
0374-IOEGQ,3,44.6,Month-to-month,Electronic check,DSL,0,No,No,0,30,0.30434782608695654,284.14285714285717,2,0.0,10.77,0.0
4361-JEIVL,1,44.4,Month-to-month,Electronic check,DSL,0,No,Yes,0,18,0.8,528.0,4,0.0,7.8225,0.0
3197-NNYNB,65,105.1,Two year,Credit card (automatic),Fiber optic,0,No,No,4,21,0.75,456.55555555555554,3,0.3333333333333333,2.755,4.511627906976744
3396-DKDEL,70,115.15,Two year,Credit card (automatic),Fiber optic,0,Yes,Yes,6,25,0.47058823529411764,658.25,4,0.5,3.5149999999999997,6.2
1752-OZXFY,60,59.8,One year,Mailed check,DSL,0,Yes,No,2,23,1.0909090909090908,651.0,2,0.0,13.395,12.666666666666666
9066-QRSDU,69,26.3,One year,Electronic check,No,0,Yes,No,0,28,0.47368421052631576,496.8888888888889,0,0.0,0.0,0.0
9112-WSNPU,35,70.55,Month-to-month,Electronic check,Fiber optic,1,No,No,0,26,0.5294117647058824,586.6666666666666,0,0.0,0.0,0.0
9867-NNXLC,22,20.05,Month-to-month,Mailed check,No,0,No,No,0,17,0.4166666666666667,495.2,0,0.0,0.0,0.0
5321-NTRKC,66,79.85,Two year,Bank transfer (automatic),DSL,0,Yes,Yes,4,19,0.9,506.44444444444446,2,0.0,4.085,10.142857142857142
1363-TXLSL,1,70.3,Month-to-month,Electronic check,Fiber optic,1,Yes,No,0,25,0.47058823529411764,584.5,4,0.25,17.98,0.0
9507-EXLTT,1,79.35,Month-to-month,Bank transfer (automatic),Fiber optic,0,Yes,No,1,11,0.0,0.0,2,0.5,4.64,5.0
3161-GETRM,34,90.05,Month-to-month,Credit card (automatic),Fiber optic,0,Yes,Yes,2,22,0.29411764705882354,543.4,3,0.0,7.716666666666666,7.0
0402-OAMEN,72,24.45,Two year,Bank transfer (automatic),No,0,Yes,Yes,0,10,0.42857142857142855,491.0,0,0.0,0.0,0.0
6933-VLYFX,31,59.95,One year,Electronic check,DSL,0,Yes,Yes,5,28,1.1538461538461537,641.6,0,0.0,0.0,2.314814814814815
6754-WKSHP,30,25.35,One year,Bank transfer (automatic),No,0,No,Yes,0,29,1.0714285714285714,604.0666666666667,3,0.0,4.383333333333334,0.0
6017-PPLPX,20,70.45,Month-to-month,Electronic check,Fiber optic,0,Yes,Yes,0,28,0.4,413.25,5,0.2,10.342500000000001,0.0
4976-LNFVV,19,34.3,Month-to-month,Credit card (automatic),DSL,1,Yes,No,2,23,0.35294117647058826,344.3333333333333,1,0.0,3.45,5.368421052631579
5055-MGMGF,65,105.05,Month-to-month,Electronic check,Fiber optic,0,Yes,No,4,17,0.7,388.0,3,0.0,6.3,5.0
4641-FROLU,30,19.3,Two year,Mailed check,No,0,Yes,Yes,0,29,0.38095238095238093,577.125,1,0.0,4.2,0.0
2862-JVEOY,6,19.15,One year,Mailed check,No,0,No,No,0,27,0.5882352941176471,702.5,1,0.0,1.83,0.0
2969-QWUBZ,2,51.4,Month-to-month,Electronic check,DSL,0,No,No,3,14,0.07692307692307693,173.0,5,0.4,16.963333333333335,5.333333333333333
9822-BIIGN,53,71.85,Month-to-month,Electronic check,DSL,0,Yes,Yes,3,27,0.9285714285714286,596.0,1,0.0,14.21,6.916666666666667
2077-MPJQO,7,75.4,Month-to-month,Electronic check,Fiber optic,1,Yes,No,0,30,0.15384615384615385,771.0,3,0.0,12.933333333333332,0.0
1534-OULXE,61,49.7,One year,Bank transfer (automatic),DSL,0,Yes,Yes,1,19,0.26666666666666666,358.25,3,0.6666666666666666,2.95,9.375
7136-RVDTZ,70,45.25,One year,Electronic check,DSL,1,No,No,2,26,0.23809523809523808,352.8,2,0.5,34.1,2.230769230769231
2971-SGAFL,13,78.75,Month-to-month,Electronic check,DSL,0,No,No,4,30,0.5,557.4,2,0.0,15.755,2.325
1480-IVEVR,35,81.6,One year,Bank transfer (automatic),Fiber optic,1,Yes,No,1,17,0.8888888888888888,753.0,5,0.6,20.605,6.0
2905-KFQUV,2,70.4,Month-to-month,Credit card (automatic),Fiber optic,0,Yes,No,0,10,0.42857142857142855,468.6666666666667,3,0.6666666666666666,29.32,0.0
4581-SSPWD,3,75.8,Month-to-month,Electronic check,Fiber optic,0,No,No,0,10,0.42857142857142855,559.6666666666666,2,0.5,17.56,0.0
3370-HXOPH,3,76.1,Month-to-month,Electronic check,Fiber optic,0,No,No,0,30,0.5,437.5,2,0.0,3.04,0.0
9391-YZEJW,62,94.0,One year,Bank transfer (automatic),Fiber optic,0,No,No,2,23,1.3,644.2307692307693,3,0.0,6.006666666666667,8.0
9958-MEKUC,72,103.95,Two year,Credit card (automatic),Fiber optic,0,Yes,Yes,5,11,0.2222222222222222,448.0,0,0.0,0.0,5.108695652173913
0281-CNTZX,63,19.95,Two year,Bank transfer (automatic),No,0,Yes,No,0,15,0.36363636363636365,595.0,2,0.5,6.68,0.0
6927-WTFIV,20,71.3,Month-to-month,Credit card (automatic),Fiber optic,1,No,No,0,11,0.5714285714285714,725.25,4,0.0,17.495,0.0
4118-CEVPF,35,110.8,One year,Bank transfer (automatic),Fiber optic,1,No,No,6,24,0.7142857142857143,345.1,2,0.0,3.1550000000000002,6.413793103448276
3398-ZOUAA,21,69.1,Month-to-month,Electronic check,Fiber optic,1,Yes,No,0,14,0.75,592.1666666666666,4,0.5,10.525,0.0
9114-VEPUF,62,96.1,One year,Electronic check,Fiber optic,0,Yes,No,3,28,0.47368421052631576,708.8888888888889,2,0.0,5.07,11.928571428571429
7876-BEUTG,15,48.8,Month-to-month,Mailed check,DSL,0,No,No,0,23,0.21052631578947367,471.5,1,0.0,9.04,0.0
2338-BQEZT,55,50.55,Month-to-month,Credit card (automatic),DSL,0,No,No,1,16,0.6,502.8333333333333,3,0.3333333333333333,12.05,11.625
9873-MNDKV,11,44.65,Month-to-month,Mailed check,DSL,0,No,No,0,12,2.0,455.375,1,1.0,0.0,0.0
0378-NHQXU,17,88.25,Month-to-month,Electronic check,Fiber optic,0,Yes,Yes,2,11,1.75,575.4285714285714,2,0.5,2.87,3.7
8241-JUIQO,61,19.45,One year,Bank transfer (automatic),No,0,No,No,0,11,0.5714285714285714,615.75,0,0.0,0.0,0.0
2194-IIQOF,71,89.3,Two year,Credit card (automatic),DSL,0,Yes,No,6,11,0.8333333333333334,506.8,0,0.0,0.0,9.777777777777779
4512-ZUIYL,2,70.0,Month-to-month,Bank transfer (automatic),Fiber optic,0,No,No,0,13,0.625,637.4,4,0.5,13.695,0.0
9631-RXVJM,35,19.25,Two year,Mailed check,No,0,No,No,0,25,0.3157894736842105,503.3333333333333,2,0.5,12.8,0.0
9584-EXCDZ,17,70.5,Month-to-month,Bank transfer (automatic),Fiber optic,0,No,No,0,16,0.45454545454545453,350.4,0,0.0,0.0,0.0
7969-AULMZ,21,97.35,Month-to-month,Electronic check,Fiber optic,0,No,No,2,13,0.8571428571428571,502.5,2,1.0,0.0,7.642857142857143
5093-FEGLU,47,19.65,Two year,Bank transfer (automatic),No,0,Yes,No,0,26,0.4444444444444444,682.75,1,0.0,1.94,0.0
2621-UDNLU,3,20.85,Month-to-month,Mailed check,No,0,Yes,No,0,14,0.5555555555555556,535.0,2,0.5,8.93,0.0
7526-IVLYU,3,19.65,Month-to-month,Mailed check,No,0,No,No,0,18,0.5,674.5,0,0.0,0.0,0.0
2428-HYUNX,44,19.35,Two year,Credit card (automatic),No,1,Yes,No,0,24,0.8461538461538461,540.2727272727273,1,1.0,0.0,0.0
9214-EKVXR,1,44.0,Month-to-month,Mailed check,DSL,0,No,No,0,24,0.7142857142857143,540.5,5,0.4,4.466666666666666,0.0
3410-MHHUM,44,94.4,One year,Electronic check,Fiber optic,0,Yes,Yes,3,11,0.5714285714285714,420.25,2,0.0,15.225,2.4814814814814814
0568-ONFPC,5,25.9,Month-to-month,Bank transfer (automatic),No,0,Yes,Yes,0,20,0.3333333333333333,381.0,2,0.5,21.4,0.0
0733-VUNUW,24,55.65,Month-to-month,Bank transfer (automatic),DSL,0,No,No,1,14,0.16666666666666666,291.0,3,0.3333333333333333,6.91,2.0
4550-EVXNY,1,69.65,Month-to-month,Electronic check,Fiber optic,0,No,Yes,0,10,0.6666666666666666,556.25,0,0.0,0.0,0.0
2122-YWVYA,18,75.4,Month-to-month,Electronic check,Fiber optic,0,No,No,1,10,0.25,776.5,5,0.4,14.693333333333333,2.75
2968-SSGAA,10,100.6,Month-to-month,Electronic check,Fiber optic,0,No,No,3,17,0.21428571428571427,542.3333333333334,1,1.0,0.0,1.8095238095238095
2296-DKZFP,65,71.0,Two year,Bank transfer (automatic),DSL,0,Yes,No,4,27,1.25,650.4666666666667,2,0.5,11.76,7.7555555555555555
4844-JJWUY,1,86.0,Month-to-month,Electronic check,Fiber optic,1,No,No,2,26,0.3684210526315789,402.57142857142856,2,0.5,6.76,7.166666666666667
6777-TGHTM,53,106.95,One year,Credit card (automatic),Fiber optic,0,No,No,4,24,0.2631578947368421,490.2,0,0.0,0.0,2.75
8909-BOLNL,3,21.2,One year,Mailed check,No,0,No,No,0,29,0.38095238095238093,546.125,0,0.0,0.0,0.0
6603-YRDCJ,33,61.05,Two year,Mailed check,DSL,0,Yes,No,3,10,0.6666666666666666,492.25,0,0.0,0.0,9.173913043478262
3538-WZPHD,3,29.6,Month-to-month,Electronic check,DSL,0,No,No,1,24,0.4117647058823529,389.85714285714283,5,0.6,11.645,3.7777777777777777
3229-USWAR,34,79.95,One year,Bank transfer (automatic),DSL,0,No,No,5,21,0.23529411764705882,352.5,2,0.0,3.52,6.054054054054054
2138-VFAPZ,14,19.7,Two year,Mailed check,No,0,Yes,Yes,0,24,0.5,550.5,2,1.0,0.0,0.0
6131-JLWZM,13,20.3,Month-to-month,Mailed check,No,0,No,No,0,16,0.14285714285714285,550.0,2,0.0,3.425,0.0
4785-QRJHC,46,59.9,One year,Bank transfer (automatic),DSL,1,Yes,No,5,25,0.47058823529411764,368.75,1,0.0,4.91,4.615384615384615
0269-XFESX,23,24.35,One year,Mailed check,No,0,Yes,Yes,0,13,0.8571428571428571,418.5,0,0.0,0.0,0.0
1709-EJDOX,47,19.75,Two year,Mailed check,No,0,Yes,Yes,0,22,0.4666666666666667,735.8571428571429,0,0.0,0.0,0.0
4316-XCSLJ,17,50.3,Month-to-month,Mailed check,DSL,0,No,Yes,1,17,0.4166666666666667,359.6,1,0.0,10.52,5.857142857142857
8610-WFCJF,49,95.6,Month-to-month,Electronic check,Fiber optic,0,Yes,Yes,2,27,0.5,246.11111111111111,3,0.0,60.51,5.769230769230769
9693-XMUOB,59,50.25,Month-to-month,Electronic check,DSL,1,Yes,No,3,16,0.6,612.8333333333334,1,1.0,0.0,6.2631578947368425
0383-CLDDA,69,85.35,Two year,Credit card (automatic),DSL,0,No,No,5,25,0.9230769230769231,332.25,0,0.0,0.0,4.739130434782608
4905-JEFDW,11,41.6,One year,Electronic check,DSL,0,No,No,2,10,0.6666666666666666,468.0,4,0.25,28.36,2.7
2709-UQGNP,10,51.65,Month-to-month,Mailed check,DSL,0,No,No,1,12,0.7142857142857143,546.6,1,1.0,0.0,3.888888888888889
3549-ZTMNH,12,24.0,Two year,Bank transfer (automatic),No,0,Yes,Yes,0,10,0.6666666666666666,927.25,2,0.0,6.085,0.0
7881-INRLC,45,100.85,Month-to-month,Credit card (automatic),Fiber optic,0,No,No,3,22,0.4666666666666667,370.42857142857144,2,0.5,31.87,4.105263157894737
8033-ATFAS,39,59.85,Month-to-month,Mailed check,DSL,0,Yes,Yes,2,25,0.7857142857142857,471.09090909090907,2,0.0,15.884999999999998,3.6666666666666665
1635-NZATJ,71,25.45,Two year,Credit card (automatic),No,1,Yes,No,0,23,1.0909090909090908,714.9166666666666,3,0.3333333333333333,13.045,0.0
0562-HKHML,71,23.9,Two year,Credit card (automatic),No,0,Yes,Yes,0,20,0.6666666666666666,298.375,0,0.0,0.0,0.0
8277-RVRSV,33,24.15,One year,Credit card (automatic),No,0,Yes,Yes,0,18,1.0,825.4444444444445,0,0.0,0.0,0.0
9943-VSZUV,67,75.7,Month-to-month,Mailed check,Fiber optic,1,No,No,0,13,0.4444444444444444,465.0,3,0.0,2.733333333333333,0.0
0117-LFRMW,37,40.2,Month-to-month,Bank transfer (automatic),DSL,0,Yes,Yes,3,18,0.2857142857142857,265.0,1,0.0,22.75,2.2
6172-FECYY,49,84.5,Month-to-month,Electronic check,Fiber optic,0,Yes,Yes,1,23,0.2777777777777778,664.4,3,0.3333333333333333,24.065,6.333333333333333
7054-ENNGU,9,50.85,Month-to-month,Mailed check,DSL,0,Yes,No,1,10,0.0,0.0,3,0.0,4.76,4.9
1455-HFBXA,52,91.6,Two year,Credit card (automatic),Fiber optic,0,Yes,No,3,14,0.2727272727272727,400.6666666666667,1,1.0,0.0,6.580645161290323
9402-CXWPL,70,98.9,One year,Electronic check,Fiber optic,0,No,No,3,23,0.5333333333333333,581.0,4,0.0,7.365,7.161290322580645
1628-BIZYP,1,85.0,Month-to-month,Electronic check,Fiber optic,0,No,No,2,14,1.3333333333333333,663.0,2,0.0,2.645,7.875
1965-AKTSX,14,78.95,Month-to-month,Electronic check,Fiber optic,1,No,No,1,21,0.75,598.2222222222222,2,0.5,14.94,2.4285714285714284
0082-LDZUE,1,44.3,Month-to-month,Mailed check,DSL,0,No,No,0,10,1.5,539.3333333333334,2,0.0,19.064999999999998,0.0
4786-UKSNZ,1,20.2,Month-to-month,Mailed check,No,0,No,No,0,15,0.36363636363636365,457.25,0,0.0,0.0,0.0
5343-SGUBI,52,80.2,One year,Mailed check,Fiber optic,0,No,No,1,14,0.5555555555555556,408.4,4,0.25,5.276666666666666,2.9
0856-NAOES,6,60.9,Month-to-month,Mailed check,DSL,0,No,No,2,21,0.4,363.5,2,0.0,6.93,5.923076923076923
1976-AZZPJ,7,34.2,Month-to-month,Mailed check,DSL,0,Yes,No,2,13,0.625,580.8,2,0.0,7.505,8.052631578947368
7248-VZQLC,47,85.2,Month-to-month,Bank transfer (automatic),Fiber optic,1,No,No,2,21,0.3125,463.4,1,1.0,0.0,7.235294117647059
6156-UZDLF,26,87.15,One year,Credit card (automatic),Fiber optic,0,No,No,3,28,0.4,482.75,0,0.0,0.0,7.5625
3099-OONVS,25,54.3,Month-to-month,Electronic check,DSL,0,Yes,Yes,2,23,0.35294117647058826,668.3333333333334,0,0.0,0.0,10.142857142857142
9500-WBGRP,69,19.1,Two year,Mailed check,No,0,No,No,0,10,0.6666666666666666,589.25,0,0.0,0.0,0.0
5183-KLYEM,72,112.75,Two year,Credit card (automatic),Fiber optic,0,No,No,6,16,0.6,419.5,2,0.0,3.8600000000000003,12.018867924528301
5144-PQCDZ,4,19.95,Month-to-month,Mailed check,No,0,No,No,0,28,0.8666666666666667,533.4615384615385,2,0.0,8.399999999999999,0.0
8514-VZHEB,59,19.5,Two year,Mailed check,No,0,Yes,Yes,0,21,0.6153846153846154,670.625,3,0.3333333333333333,10.34,0.0
6625-IUTTT,67,65.55,Two year,Bank transfer (automatic),DSL,0,No,No,3,10,1.5,329.5,1,0.0,13.04,2.3461538461538463
9355-NPPFS,26,78.8,Month-to-month,Electronic check,Fiber optic,1,No,No,1,12,0.09090909090909091,286.0,2,0.0,3.08,6.2727272727272725
0068-FIGTF,27,78.2,One year,Mailed check,DSL,0,No,No,5,20,0.25,771.75,2,0.0,3.71,5.785714285714286
5965-GGPRW,72,105.25,Two year,Bank transfer (automatic),Fiber optic,0,Yes,Yes,4,10,0.1111111111111111,407.0,5,0.0,20.834,11.058823529411764
8035-PWSEV,6,89.25,Month-to-month,Electronic check,Fiber optic,0,No,No,3,16,0.6,590.1666666666666,2,0.5,13.33,13.571428571428571
2236-HILPA,62,20.65,Two year,Credit card (automatic),No,0,Yes,Yes,0,26,0.3,546.1666666666666,0,0.0,0.0,0.0
1840-BIUOG,20,68.7,One year,Electronic check,DSL,0,No,No,3,11,0.5714285714285714,285.5,1,0.0,1.63,4.52
1356-MKYSK,6,78.65,Month-to-month,Credit card (automatic),DSL,0,No,No,5,11,0.375,686.0,1,0.0,1.51,11.291666666666666
6080-LNESI,51,24.75,Two year,Mailed check,No,0,No,No,0,23,0.2777777777777778,508.4,3,0.0,13.073333333333332,0.0
1830-IPXVJ,61,19.75,Two year,Credit card (automatic),No,0,Yes,Yes,0,29,0.7058823529411765,532.3333333333334,0,0.0,0.0,0.0
5828-DWPIL,62,89.1,Month-to-month,Electronic check,Fiber optic,1,Yes,No,3,18,0.5,625.1666666666666,4,0.5,8.120000000000001,4.684210526315789
8398-TBIYD,72,84.7,Two year,Bank transfer (automatic),Fiber optic,0,No,No,2,18,0.5,549.1666666666666,1,1.0,0.0,6.823529411764706
0011-IGKFF,13,98.0,Month-to-month,Electronic check,Fiber optic,1,Yes,No,4,12,0.09090909090909091,228.0,0,0.0,0.0,8.478260869565217
4192-GORJT,5,94.45,Month-to-month,Electronic check,Fiber optic,0,Yes,No,3,17,1.4285714285714286,436.0,1,0.0,36.75,4.052631578947368
6496-SLWHQ,3,105.0,Month-to-month,Electronic check,Fiber optic,1,No,No,4,14,0.4,526.0,0,0.0,0.0,1.8
9912-GVSEQ,26,93.85,Month-to-month,Electronic check,Fiber optic,1,Yes,No,3,28,0.8666666666666667,481.0,3,0.0,39.28,12.4
2931-FSOHN,13,59.9,Month-to-month,Electronic check,DSL,1,No,No,2,26,0.7333333333333333,344.09090909090907,1,0.0,4.3,5.214285714285714
9418-RUKPH,38,19.95,Two year,Mailed check,No,0,Yes,Yes,0,29,0.7058823529411765,456.0,1,0.0,3.45,0.0
5383-MMTWC,8,84.0,Month-to-month,Electronic check,Fiber optic,1,Yes,No,1,19,0.5833333333333334,573.7142857142857,0,0.0,0.0,2.0
9971-ZWPBF,34,108.9,Month-to-month,Electronic check,Fiber optic,1,Yes,Yes,5,22,1.75,444.57142857142856,0,0.0,0.0,12.183673469387756
4712-AUQZO,18,33.6,Month-to-month,Mailed check,DSL,0,No,No,2,30,0.875,484.42857142857144,1,0.0,3.26,4.8
9711-FJTBX,56,85.85,One year,Mailed check,Fiber optic,0,Yes,Yes,3,22,0.4666666666666667,531.4285714285714,1,0.0,24.58,2.7857142857142856
2908-ZTPNF,36,34.85,Month-to-month,Bank transfer (automatic),DSL,0,No,No,2,26,0.3,484.5,0,0.0,0.0,3.1578947368421053
7240-ETPTR,9,48.75,Month-to-month,Electronic check,DSL,0,Yes,No,3,23,0.5333333333333333,551.0,3,0.0,34.660000000000004,4.0
2202-CUYXZ,1,84.85,Month-to-month,Electronic check,Fiber optic,0,No,No,2,17,0.4166666666666667,484.4,4,0.75,26.26,7.294117647058823
5995-OIGLP,12,56.65,Month-to-month,Mailed check,DSL,0,No,No,2,26,0.3,453.3333333333333,1,0.0,22.86,4.133333333333334
8421-WZOOW,57,95.3,Month-to-month,Credit card (automatic),Fiber optic,1,Yes,Yes,4,22,0.047619047619047616,606.0,4,0.25,4.986666666666667,14.5
6261-RCVNS,42,73.9,One year,Credit card (automatic),DSL,0,No,No,5,19,0.26666666666666666,365.25,1,0.0,5.78,6.888888888888889
7951-QKZPL,33,24.5,Two year,Mailed check,No,0,Yes,Yes,0,21,0.23529411764705882,263.0,1,0.0,14.89,0.0
1414-YADCW,70,84.6,Two year,Bank transfer (automatic),Fiber optic,0,Yes,No,3,26,0.23809523809523808,367.6,1,0.0,4.79,5.0476190476190474
8756-RDDLT,68,44.95,Month-to-month,Electronic check,DSL,0,No,No,3,15,0.5,573.0,1,0.0,10.12,14.75
2862-PFNIK,1,24.7,Month-to-month,Electronic check,DSL,0,No,Yes,0,22,0.375,950.6666666666666,1,0.0,9.78,0.0
5816-QVHRX,37,100.3,Month-to-month,Credit card (automatic),Fiber optic,0,No,No,3,13,0.8571428571428571,507.1666666666667,0,0.0,0.0,3.5833333333333335
4430-YHXGG,4,25.45,Month-to-month,Mailed check,No,0,No,Yes,0,19,0.5833333333333334,257.85714285714283,2,0.0,13.945,0.0
6888-SBYAI,1,50.7,Month-to-month,Mailed check,DSL,0,No,No,1,29,0.2608695652173913,424.8333333333333,1,0.0,8.61,10.0
7395-XWZOY,20,55.0,Month-to-month,Credit card (automatic),DSL,0,No,No,5,17,0.3076923076923077,454.75,2,0.0,32.25,5.425531914893617
7169-YWAMK,72,68.4,Two year,Bank transfer (automatic),DSL,0,Yes,Yes,4,12,0.7142857142857143,433.6,0,0.0,0.0,10.125
3640-PHQXK,31,89.9,Month-to-month,Electronic check,Fiber optic,0,No,No,2,21,0.4,346.1666666666667,2,0.5,27.09,3.111111111111111
6877-LGWXO,18,78.55,Month-to-month,Electronic check,Fiber optic,1,Yes,No,1,19,0.46153846153846156,442.0,5,0.4,19.42,8.857142857142858
6859-RKMZJ,11,55.05,Month-to-month,Bank transfer (automatic),DSL,0,Yes,No,1,23,1.5555555555555556,600.2857142857143,1,1.0,0.0,4.454545454545454
2729-VNVAP,33,19.8,Two year,Credit card (automatic),No,0,Yes,Yes,0,11,0.375,421.3333333333333,1,0.0,8.58,0.0
2957-JIRMN,62,84.45,One year,Electronic check,Fiber optic,1,No,No,1,24,1.0,574.25,4,0.0,4.21,4.285714285714286
2049-BAFNW,1,35.9,Month-to-month,Mailed check,DSL,0,No,No,2,14,0.2727272727272727,461.3333333333333,1,0.0,4.42,5.625
3842-QTGDL,16,80.75,Month-to-month,Bank transfer (automatic),Fiber optic,0,Yes,No,2,30,0.36363636363636365,700.625,3,0.0,2.8033333333333332,3.076923076923077
7163-OCEQI,22,78.65,One year,Mailed check,DSL,0,Yes,Yes,4,29,0.5263157894736842,675.0,1,1.0,0.0,9.767441860465116
9782-LGXMC,49,61.75,Month-to-month,Bank transfer (automatic),DSL,0,Yes,Yes,3,22,1.0,631.0909090909091,2,0.5,4.72,5.869565217391305
5975-BAICR,36,63.7,One year,Credit card (automatic),DSL,0,Yes,Yes,3,22,0.5714285714285714,490.25,4,0.0,10.825,5.6875
8019-ENHXU,42,99.45,Month-to-month,Electronic check,Fiber optic,0,Yes,No,4,25,0.3888888888888889,472.85714285714283,2,1.0,0.0,3.3529411764705883
5167-GBFRE,4,25.2,Month-to-month,Bank transfer (automatic),DSL,1,No,No,0,23,0.5333333333333333,499.875,0,0.0,0.0,0.0
9033-EOXWV,12,74.05,One year,Mailed check,DSL,0,No,No,3,20,0.8181818181818182,620.5555555555555,1,0.0,13.8,7.4
4673-KKSLS,31,87.6,Month-to-month,Electronic check,Fiber optic,0,No,No,3,25,0.5625,401.55555555555554,2,0.0,7.33,4.34375
4853-OITSN,5,89.15,Month-to-month,Electronic check,Fiber optic,0,Yes,No,2,19,1.1111111111111112,560.6,4,0.25,32.946666666666665,7.375
9800-OUIGR,66,20.0,Two year,Credit card (automatic),No,0,Yes,Yes,0,22,0.8333333333333334,345.3,1,0.0,15.44,0.0
1324-NLTJE,15,55.0,Month-to-month,Credit card (automatic),DSL,1,No,No,1,19,0.9,721.3333333333334,4,0.75,12.4,2.4285714285714284
2324-EFHVG,64,104.4,Two year,Bank transfer (automatic),Fiber optic,0,No,No,4,23,0.2777777777777778,261.6,3,1.0,0.0,11.62962962962963
7094-MSZAO,10,20.05,Month-to-month,Credit card (automatic),No,0,Yes,Yes,0,24,0.7142857142857143,622.2,0,0.0,0.0,0.0
1522-VVDMG,7,89.75,Month-to-month,Electronic check,Fiber optic,0,Yes,Yes,3,14,0.5555555555555556,558.2,0,0.0,0.0,4.1
6907-CQGPN,29,34.3,Month-to-month,Electronic check,DSL,0,No,No,2,19,0.5833333333333334,446.85714285714283,0,0.0,0.0,4.086956521739131
0780-XNZFN,57,20.65,Two year,Bank transfer (automatic),No,0,No,No,0,20,0.25,269.25,0,0.0,0.0,0.0
0239-OXEXL,46,84.25,Month-to-month,Mailed check,Fiber optic,0,No,No,2,28,0.47368421052631576,453.77777777777777,3,0.0,7.6000000000000005,4.055555555555555
2675-IJRGJ,53,19.65,Two year,Bank transfer (automatic),No,0,No,No,0,21,0.6153846153846154,566.875,0,0.0,0.0,0.0
7049-GKVZY,17,79.85,One year,Credit card (automatic),DSL,0,No,No,5,24,0.2631578947368421,374.4,2,0.5,5.04,4.024390243902439
8577-QSOCG,38,20.2,Two year,Mailed check,No,0,Yes,Yes,0,29,0.45,568.4444444444445,0,0.0,0.0,0.0
3721-CNZHX,15,19.8,One year,Mailed check,No,0,No,No,0,23,0.9166666666666666,471.8181818181818,0,0.0,0.0,0.0
0212-ISBBF,22,50.35,Month-to-month,Electronic check,DSL,0,No,No,3,15,1.1428571428571428,795.75,3,0.3333333333333333,11.780000000000001,8.31578947368421
9185-TQCVP,14,85.15,Month-to-month,Electronic check,Fiber optic,0,Yes,No,1,13,0.4444444444444444,552.25,2,0.5,58.23,3.0
3585-YNADK,57,74.6,One year,Bank transfer (automatic),DSL,0,Yes,No,4,12,0.3333333333333333,496.0,3,0.0,17.503333333333334,7.844444444444444
5271-DBYSJ,11,79.15,Month-to-month,Credit card (automatic),Fiber optic,1,No,No,1,16,0.45454545454545453,375.6,1,1.0,0.0,9.384615384615385
1099-GODLO,1,20.35,Two year,Mailed check,No,0,Yes,Yes,0,20,2.3333333333333335,650.9285714285714,2,0.0,3.83,0.0
6828-HMKWP,12,21.05,Two year,Bank transfer (automatic),No,0,Yes,Yes,0,13,0.8571428571428571,632.8333333333334,2,0.0,3.975,0.0
5567-WSELE,3,94.6,Month-to-month,Electronic check,Fiber optic,1,Yes,No,2,18,1.0,629.2222222222222,5,0.2,8.215,10.1
1472-TNCWL,36,94.7,Month-to-month,Electronic check,Fiber optic,0,No,Yes,3,19,0.5833333333333334,473.7142857142857,0,0.0,0.0,7.85
8063-RJYNF,16,94.25,Month-to-month,Electronic check,Fiber optic,0,No,No,3,19,0.26666666666666666,220.25,3,0.3333333333333333,10.23,5.545454545454546
0687-ZVTHB,65,72.45,One year,Credit card (automatic),DSL,0,Yes,Yes,4,30,0.36363636363636365,506.125,3,0.6666666666666666,6.66,13.785714285714286
2080-GKCWQ,2,74.95,Month-to-month,Electronic check,Fiber optic,0,No,No,1,28,0.6470588235294118,616.5454545454545,1,0.0,6.36,9.5
9661-ACXBS,42,105.2,Month-to-month,Electronic check,Fiber optic,0,No,No,4,28,1.1538461538461537,413.73333333333335,2,0.5,8.4,5.04
2193-SFWQW,72,111.95,Two year,Bank transfer (automatic),Fiber optic,0,Yes,Yes,6,26,0.5294117647058824,546.5555555555555,1,0.0,7.18,5.5
5656-JAMLX,62,19.85,Two year,Bank transfer (automatic),No,0,No,No,0,11,0.5714285714285714,258.0,1,0.0,6.62,0.0
3462-BJQQA,6,89.75,Month-to-month,Electronic check,Fiber optic,0,No,No,2,23,0.7692307692307693,803.1,2,0.0,5.3100000000000005,6.166666666666667
0442-TDYUO,48,20.05,Two year,Mailed check,No,0,Yes,No,0,22,0.375,531.1666666666666,0,0.0,0.0,0.0
6733-LRIZX,35,108.95,Two year,Electronic check,Fiber optic,0,No,No,5,14,1.0,597.2857142857143,1,1.0,0.0,3.857142857142857
9503-XJUME,52,19.65,One year,Credit card (automatic),No,0,No,Yes,0,20,1.0,635.6,2,0.5,5.65,0.0
4367-NHWMM,1,24.9,Month-to-month,Mailed check,DSL,0,No,No,0,29,0.6111111111111112,460.0,3,0.0,14.623333333333335,0.0
3727-RJMEO,6,82.85,Month-to-month,Electronic check,Fiber optic,0,Yes,No,1,29,0.20833333333333334,344.4,5,0.4,19.266666666666666,3.4444444444444446
3779-OSWCF,71,93.2,Two year,Credit card (automatic),DSL,0,Yes,No,6,23,0.2777777777777778,417.4,2,0.0,6.05,10.181818181818182
6736-DHUQI,67,84.8,One year,Bank transfer (automatic),Fiber optic,0,Yes,Yes,3,13,1.1666666666666667,651.1428571428571,0,0.0,0.0,6.233333333333333
3915-ODIYG,60,71.75,One year,Electronic check,DSL,1,No,No,3,29,0.7058823529411765,474.5833333333333,0,0.0,0.0,15.342857142857143
1360-RCYRT,23,30.35,Month-to-month,Bank transfer (automatic),DSL,0,Yes,Yes,1,25,0.08695652173913043,356.0,2,0.5,4.38,4.2
2724-FJDYW,39,54.85,One year,Bank transfer (automatic),DSL,0,No,Yes,4,11,0.2222222222222222,487.5,1,0.0,19.87,7.0285714285714285
4451-RWASJ,15,19.5,One year,Mailed check,No,0,Yes,Yes,0,25,0.6666666666666666,496.1,3,0.0,15.913333333333332,0.0
6646-VRFOL,53,103.85,Month-to-month,Electronic check,Fiber optic,1,Yes,No,4,19,0.1875,236.0,2,0.0,15.61,3.24
3460-TJBWI,24,24.2,Two year,Mailed check,No,0,Yes,Yes,0,29,1.0714285714285714,605.5333333333333,0,0.0,0.0,0.0
5917-HBSDW,37,19.35,Month-to-month,Electronic check,No,0,Yes,Yes,0,28,1.1538461538461537,752.4,0,0.0,0.0,0.0
5685-IIXLY,5,83.6,Month-to-month,Electronic check,Fiber optic,0,Yes,Yes,2,22,0.6923076923076923,576.6666666666666,1,1.0,0.0,4.2727272727272725
5671-UUNXD,50,100.65,One year,Electronic check,Fiber optic,1,Yes,No,3,28,0.75,393.0,0,0.0,0.0,5.12
0956-ACVZC,54,94.1,One year,Credit card (automatic),Fiber optic,0,No,No,3,14,0.2727272727272727,499.0,2,0.0,2.895,3.25
2325-NBPZG,3,74.55,Month-to-month,Electronic check,Fiber optic,0,No,No,1,22,0.8333333333333334,428.7,3,0.0,10.47,7.555555555555555
4250-ZBWLV,68,108.45,One year,Electronic check,Fiber optic,0,No,No,5,21,0.6153846153846154,331.625,0,0.0,0.0,6.575757575757576
4482-FTFFX,5,56.15,Month-to-month,Electronic check,DSL,0,No,No,2,22,0.5714285714285714,544.375,2,0.0,6.300000000000001,4.739130434782608
8859-DZTGQ,33,20.35,Two year,Mailed check,No,0,No,No,0,15,0.25,668.6666666666666,1,0.0,3.44,0.0
0440-MOGPM,41,80.55,One year,Electronic check,DSL,0,No,No,4,30,0.6666666666666666,479.5833333333333,2,0.5,7.73,4.790697674418604
0020-JDNXP,34,61.25,One year,Mailed check,DSL,0,Yes,Yes,5,18,0.2,243.66666666666666,1,0.0,2.46,6.390243902439025
3752-CQSJI,13,20.45,Month-to-month,Mailed check,No,0,Yes,Yes,0,30,0.42857142857142855,434.1111111111111,2,0.0,4.495,0.0
5025-GOOKI,20,18.9,Month-to-month,Credit card (automatic),No,0,No,No,0,14,0.75,462.6666666666667,1,1.0,0.0,0.0
4698-KVLLG,51,19.6,Two year,Credit card (automatic),No,1,No,No,0,19,0.35714285714285715,538.0,2,0.0,10.2,0.0
5095-AESKG,3,91.5,Month-to-month,Credit card (automatic),Fiber optic,0,Yes,No,2,18,0.38461538461538464,482.2,1,1.0,0.0,7.571428571428571
2887-JPYLU,41,45.2,Month-to-month,Bank transfer (automatic),DSL,0,No,Yes,0,30,0.7647058823529411,608.9230769230769,5,0.0,10.26,0.0
4770-QAZXN,13,19.45,Month-to-month,Credit card (automatic),No,0,No,No,0,26,0.7333333333333333,582.4545454545455,4,0.0,5.7125,0.0
4896-CPRPF,35,25.45,Two year,Bank transfer (automatic),No,0,Yes,Yes,0,13,0.625,606.8,1,0.0,1.67,0.0
1871-MOWRM,12,80.85,Month-to-month,Bank transfer (automatic),Fiber optic,0,Yes,No,2,10,1.0,895.8,3,0.3333333333333333,9.3,6.555555555555555
9714-EDSUC,4,94.9,Month-to-month,Mailed check,Fiber optic,0,No,No,4,17,0.5454545454545454,979.8333333333334,1,1.0,0.0,5.92
2027-OAQQC,43,49.05,Month-to-month,Bank transfer (automatic),DSL,0,No,No,3,11,0.375,441.3333333333333,1,0.0,39.06,2.466666666666667
0282-NVSJS,12,29.3,Month-to-month,Mailed check,DSL,1,Yes,Yes,1,25,0.6666666666666666,520.3,0,0.0,0.0,26.285714285714285
9090-SGQXL,68,105.3,Month-to-month,Electronic check,Fiber optic,1,Yes,No,4,29,1.0714285714285714,601.0,4,1.0,0.0,2.9615384615384617
6595-YGXIT,25,88.95,Month-to-month,Electronic check,Fiber optic,1,No,No,2,20,0.42857142857142855,410.6666666666667,4,0.25,23.483333333333334,3.25
7353-YOWFP,7,20.25,One year,Mailed check,No,0,No,No,0,16,0.45454545454545453,550.6,0,0.0,0.0,0.0
9835-ZIITK,66,110.85,One year,Electronic check,Fiber optic,1,Yes,No,5,30,0.5,439.5,1,0.0,17.48,5.862068965517241
8008-ESFLK,53,110.5,One year,Electronic check,Fiber optic,0,Yes,No,6,27,0.9285714285714286,772.4615384615385,1,1.0,0.0,8.072727272727272
7537-CBQUZ,63,109.4,Month-to-month,Bank transfer (automatic),Fiber optic,1,No,No,5,13,0.625,658.6,4,0.0,9.1125,11.342105263157896
1555-DJEQW,70,114.2,Two year,Bank transfer (automatic),Fiber optic,0,Yes,Yes,6,26,0.5294117647058824,324.0,0,0.0,0.0,3.9565217391304346
5649-TJHOV,27,36.5,Month-to-month,Bank transfer (automatic),DSL,1,Yes,No,1,29,0.38095238095238093,358.75,2,1.0,0.0,3.0
0519-XUZJU,1,70.75,Month-to-month,Mailed check,Fiber optic,0,No,No,0,24,0.2,643.0,1,0.0,73.99,0.0
3363-EWLGO,5,19.95,Month-to-month,Mailed check,No,0,No,No,0,25,0.25,265.0,0,0.0,0.0,0.0
4750-UKWJK,37,19.6,One year,Mailed check,No,1,Yes,No,0,26,0.3,390.1666666666667,2,0.0,11.09,0.0
6338-AVWCY,3,40.15,Month-to-month,Mailed check,DSL,0,No,No,2,19,0.46153846153846156,283.0,4,0.25,17.343333333333334,7.5625
1689-YQBYY,12,76.6,Month-to-month,Electronic check,Fiber optic,0,No,Yes,0,23,0.2777777777777778,616.4,3,0.3333333333333333,13.065000000000001,0.0
4487-ZYJZK,38,19.6,One year,Credit card (automatic),No,0,Yes,Yes,0,10,1.0,475.4,2,0.5,40.13,0.0
2959-FENLU,9,85.3,Month-to-month,Credit card (automatic),Fiber optic,0,No,No,2,25,0.47058823529411764,432.0,4,0.5,2.69,9.947368421052632
0708-LGSMF,13,65.85,Month-to-month,Electronic check,DSL,0,Yes,No,2,20,0.42857142857142855,521.6666666666666,0,0.0,0.0,9.0
9253-QXKBE,29,94.45,Month-to-month,Electronic check,Fiber optic,1,Yes,No,2,12,0.5,275.5,1,0.0,8.43,3.1875
7634-HLQJR,47,20.05,Two year,Credit card (automatic),No,0,Yes,Yes,0,12,0.7142857142857143,592.0,1,0.0,2.18,0.0
0487-RPVUM,61,99.4,Month-to-month,Bank transfer (automatic),Fiber optic,0,Yes,No,4,27,0.5882352941176471,556.4,1,0.0,9.65,3.46875
4079-ULGFR,16,20.0,Month-to-month,Mailed check,No,0,No,No,0,20,0.6666666666666666,401.125,2,1.0,0.0,0.0
2516-XSJKX,41,78.45,Two year,Electronic check,DSL,0,Yes,Yes,5,22,0.5714285714285714,683.125,0,0.0,0.0,4.688888888888889
0057-QBUQH,43,25.1,Two year,Electronic check,No,0,No,Yes,0,12,0.5,439.75,1,0.0,4.54,0.0
9445-SZLCH,36,97.35,Month-to-month,Bank transfer (automatic),Fiber optic,0,Yes,Yes,3,11,0.375,421.6666666666667,4,0.5,25.82,6.5
6599-SFQVE,6,55.0,Month-to-month,Electronic check,DSL,0,No,No,1,27,0.2857142857142857,642.3333333333334,2,0.5,3.81,4.5
8331-ZXFOE,58,71.1,One year,Credit card (automatic),DSL,0,No,No,4,25,1.0833333333333333,611.5384615384615,1,0.0,17.61,1.4
4003-FUSHP,19,61.55,Month-to-month,Credit card (automatic),DSL,0,No,No,2,14,0.75,751.1666666666666,0,0.0,0.0,4.157894736842105
0356-ERHVT,11,45.9,Month-to-month,Bank transfer (automatic),DSL,0,Yes,No,0,30,0.5,561.0,4,0.0,21.67,0.0
7325-ENZFI,39,40.3,One year,Bank transfer (automatic),DSL,0,No,No,3,26,0.3684210526315789,756.0,1,0.0,32.72,5.842105263157895
4884-ZTHVF,8,87.1,Month-to-month,Electronic check,Fiber optic,1,No,No,2,27,0.5882352941176471,696.8,2,0.0,5.404999999999999,2.8125
3920-HIHMQ,26,49.5,Month-to-month,Mailed check,DSL,0,No,Yes,0,10,0.25,299.0,3,0.6666666666666666,5.51,0.0
3055-OYMSE,53,73.8,Month-to-month,Credit card (automatic),Fiber optic,1,No,No,1,10,0.42857142857142855,370.6666666666667,5,0.6,3.075,9.11111111111111
0613-WUXUM,70,19.2,Two year,Mailed check,No,0,Yes,Yes,0,29,0.6111111111111112,734.7272727272727,0,0.0,0.0,0.0
7568-PODML,1,45.3,Month-to-month,Mailed check,DSL,0,No,No,2,29,0.8125,592.3076923076923,2,1.0,0.0,4.2727272727272725
4458-KVRBJ,59,25.0,Two year,Mailed check,No,0,No,No,0,17,0.21428571428571427,522.0,0,0.0,0.0,0.0
5349-IECLD,2,94.95,Month-to-month,Electronic check,Fiber optic,0,No,No,3,12,1.4,515.2857142857143,2,0.5,11.06,5.818181818181818
1397-XKKWR,7,35.3,One year,Mailed check,DSL,0,No,No,2,22,0.4666666666666667,402.0,3,0.3333333333333333,6.94,4.944444444444445
3945-GFWQL,12,44.55,Month-to-month,Electronic check,DSL,0,No,Yes,0,21,0.5,585.7142857142857,4,0.5,6.125,0.0
8097-OMULG,59,76.75,One year,Credit card (automatic),DSL,0,Yes,Yes,5,30,0.5789473684210527,620.9090909090909,1,0.0,25.22,3.7954545454545454
6013-BHCAW,61,81.0,Two year,Bank transfer (automatic),DSL,0,Yes,Yes,4,26,0.3,561.1666666666666,1,0.0,1.91,5.333333333333333
0401-WDBXM,72,105.55,Two year,Bank transfer (automatic),Fiber optic,0,Yes,Yes,4,27,0.9285714285714286,675.0,2,0.0,16.065,3.65
3387-PLKUI,13,18.8,Month-to-month,Mailed check,No,0,Yes,Yes,0,28,0.75,564.5,1,0.0,2.79,0.0
6096-EGVTU,64,24.9,One year,Mailed check,No,0,Yes,Yes,0,13,0.3,563.6666666666666,1,0.0,12.89,0.0
3797-VTIDR,1,23.45,Month-to-month,Electronic check,DSL,0,Yes,No,0,17,0.3076923076923077,393.0,3,0.6666666666666666,4.96,0.0
5081-NWSUP,10,64.9,One year,Mailed check,DSL,0,No,No,3,20,0.6666666666666666,638.0,0,0.0,0.0,14.347826086956522
2580-ATZSQ,65,61.35,One year,Bank transfer (automatic),DSL,0,Yes,Yes,3,10,1.5,741.0,2,0.5,18.83,6.423076923076923
8085-MSNLK,62,113.95,Two year,Mailed check,Fiber optic,0,Yes,No,6,10,0.25,579.0,1,0.0,27.13,7.621212121212121
9691-HKOVS,55,90.15,One year,Electronic check,DSL,0,Yes,No,6,28,0.5555555555555556,620.8,1,0.0,11.75,6.688888888888889
9881-VCZEP,25,54.1,Month-to-month,Electronic check,DSL,0,Yes,No,1,28,0.2727272727272727,407.6666666666667,2,0.0,8.345,2.6
9526-BIHHD,1,29.7,Month-to-month,Mailed check,DSL,0,No,No,1,21,0.3125,209.8,1,1.0,0.0,3.4
8757-TFHHJ,1,49.8,Month-to-month,Credit card (automatic),DSL,0,No,No,1,29,0.6111111111111112,531.3636363636364,0,0.0,0.0,3.25
4523-WXCEF,59,101.1,Month-to-month,Electronic check,Fiber optic,0,Yes,No,3,17,0.5454545454545454,390.8333333333333,4,0.0,8.3325,7.7894736842105265
1468-DEFNC,64,24.4,Two year,Bank transfer (automatic),No,1,Yes,Yes,0,15,0.36363636363636365,280.5,1,0.0,4.13,0.0
5119-KEPFY,36,95.0,Month-to-month,Bank transfer (automatic),Fiber optic,0,Yes,No,2,13,0.4444444444444444,362.75,5,0.2,32.5475,11.25
8364-TRMMK,3,50.65,Month-to-month,Mailed check,DSL,0,No,No,0,15,0.15384615384615385,230.0,3,0.3333333333333333,22.48,0.0
0916-KNFAJ,61,69.9,Two year,Mailed check,DSL,0,Yes,No,3,11,0.8333333333333334,536.6,3,0.0,0.71,7.2
8319-QBEHW,26,39.95,One year,Bank transfer (automatic),DSL,0,No,Yes,2,16,1.0,655.875,1,0.0,2.47,7.346153846153846
3063-QFSZL,1,55.4,Month-to-month,Electronic check,DSL,0,No,No,1,12,0.09090909090909091,119.0,4,0.0,31.765,6.0
8775-LHDJH,1,90.6,Month-to-month,Electronic check,Fiber optic,1,Yes,No,2,15,0.25,375.0,3,0.3333333333333333,26.485,3.857142857142857
9625-QNLUX,68,103.25,Two year,Credit card (automatic),Fiber optic,0,Yes,Yes,5,16,0.6,447.8333333333333,5,0.0,16.416,5.613636363636363
3097-NQYSN,2,86.85,Month-to-month,Mailed check,Fiber optic,1,Yes,No,1,15,1.1428571428571428,582.75,3,0.6666666666666666,9.13,2.0
4024-CSNBY,72,94.25,Two year,Bank transfer (automatic),Fiber optic,0,Yes,No,4,23,0.4375,589.0,1,0.0,34.75,5.463414634146342
7110-BDTWG,71,47.05,Two year,Electronic check,DSL,0,Yes,No,3,11,0.2222222222222222,383.0,1,0.0,9.75,6.36
7493-GVFIO,57,20.55,Two year,Credit card (automatic),No,0,No,No,0,15,0.15384615384615385,229.5,2,0.0,3.3150000000000004,0.0
0690-SRQID,4,19.65,Month-to-month,Mailed check,No,0,No,No,0,17,0.5454545454545454,375.1666666666667,2,0.5,12.29,0.0
9605-WGJVW,1,70.2,Month-to-month,Electronic check,Fiber optic,1,No,No,0,27,0.42105263157894735,451.375,1,0.0,15.64,0.0
9114-DPSIA,72,81.0,Two year,Credit card (automatic),DSL,0,Yes,Yes,5,30,0.875,799.0714285714286,0,0.0,0.0,8.365853658536585
4700-UBQMV,21,75.9,One year,Bank transfer (automatic),DSL,0,Yes,Yes,3,17,0.4166666666666667,513.4,2,0.0,51.26,12.619047619047619
7711-GQBZC,71,24.7,Two year,Bank transfer (automatic),No,0,Yes,Yes,0,11,0.8333333333333334,608.8,3,0.6666666666666666,16.4,0.0
3565-UNOCC,29,99.05,Month-to-month,Bank transfer (automatic),Fiber optic,1,Yes,No,3,26,0.7333333333333333,412.27272727272725,2,1.0,0.0,4.647058823529412
4627-MIHJH,69,110.25,Two year,Credit card (automatic),Fiber optic,1,No,No,5,17,0.7,428.85714285714283,0,0.0,0.0,3.9245283018867925
9795-NREXC,64,85.0,Two year,Credit card (automatic),DSL,0,Yes,No,5,24,0.2631578947368421,465.4,0,0.0,0.0,5.131578947368421
8573-CGOCC,16,19.75,Month-to-month,Credit card (automatic),No,0,No,No,0,19,0.7272727272727273,486.75,1,1.0,0.0,0.0
7356-AYNJP,4,23.9,One year,Electronic check,No,0,No,No,0,21,0.3125,446.0,0,0.0,0.0,0.0
9249-FXSCK,52,111.25,One year,Credit card (automatic),Fiber optic,0,No,No,5,16,0.45454545454545453,649.8,0,0.0,0.0,3.933333333333333
5493-SDRDQ,2,55.1,Month-to-month,Mailed check,DSL,0,No,No,2,12,0.09090909090909091,275.0,5,1.0,0.0,5.571428571428571
6286-SUUWT,1,19.95,Month-to-month,Mailed check,No,0,No,No,0,21,0.5,288.42857142857144,4,0.5,3.53,0.0
4819-HJPIW,18,25.15,Month-to-month,Mailed check,DSL,0,No,No,0,14,0.4,575.75,3,0.0,8.893333333333333,0.0
8654-DHAOW,2,54.15,Month-to-month,Mailed check,DSL,0,No,No,1,13,0.18181818181818182,966.5,4,0.0,10.5725,4.166666666666667
5438-QMDDL,19,59.8,Month-to-month,Mailed check,DSL,0,Yes,No,2,10,0.6666666666666666,490.0,2,0.0,18.15,5.0
9812-GHVRI,40,83.85,Month-to-month,Bank transfer (automatic),Fiber optic,0,No,No,1,30,0.6666666666666666,886.0,2,0.5,9.33,7.090909090909091
5553-AOINX,66,104.9,One year,Electronic check,Fiber optic,1,Yes,Yes,4,15,0.6666666666666666,485.1666666666667,4,0.25,8.373333333333333,13.043478260869565
1228-ZLNBX,21,75.3,Month-to-month,Mailed check,Fiber optic,0,No,No,0,22,0.2222222222222222,397.0,0,0.0,0.0,0.0
4226-KKDON,8,66.65,Month-to-month,Electronic check,DSL,0,No,No,3,23,0.7692307692307693,590.5,1,1.0,0.0,23.3125
3831-YCPUO,72,109.5,Two year,Credit card (automatic),Fiber optic,0,Yes,Yes,6,23,0.6428571428571429,663.4444444444445,0,0.0,0.0,3.851063829787234
7445-WMRBW,48,73.85,One year,Bank transfer (automatic),DSL,0,No,No,4,17,2.4,612.0,2,0.0,14.05,9.705882352941176
3308-DGHKL,69,19.3,Two year,Bank transfer (automatic),No,0,No,No,0,21,0.3125,380.2,1,0.0,7.67,0.0
9924-JPRMC,72,118.2,Two year,Electronic check,Fiber optic,0,No,No,6,28,0.75,566.1666666666666,0,0.0,0.0,8.166666666666666
0080-EMYVY,14,51.45,One year,Credit card (automatic),DSL,0,No,No,1,22,0.6923076923076923,528.6666666666666,3,0.3333333333333333,15.81,5.583333333333333
6218-KNUBD,6,59.45,Month-to-month,Electronic check,DSL,0,No,No,2,24,0.4117647058823529,386.7142857142857,4,1.0,0.0,9.1
7337-CINUD,8,19.5,Two year,Bank transfer (automatic),No,0,Yes,Yes,0,16,0.06666666666666667,206.0,2,0.0,5.89,0.0
7609-NRNCA,17,19.55,One year,Mailed check,No,0,No,No,0,18,0.8,606.875,1,1.0,0.0,0.0
0623-EJQEG,65,93.55,One year,Electronic check,Fiber optic,0,No,No,3,26,0.7333333333333333,585.0,0,0.0,0.0,3.3333333333333335
7153-CHRBV,57,59.3,One year,Mailed check,DSL,0,Yes,Yes,3,20,0.42857142857142855,341.0,3,0.0,6.773333333333333,3.6923076923076925
0871-URUWO,13,102.25,Month-to-month,Credit card (automatic),Fiber optic,0,Yes,No,3,15,0.5,632.4,2,0.5,37.91,2.6842105263157894
9190-MFJLN,19,95.9,Month-to-month,Credit card (automatic),Fiber optic,1,No,No,3,16,0.45454545454545453,1316.6,3,1.0,0.0,3.823529411764706
6198-PNNSZ,56,109.8,One year,Bank transfer (automatic),Fiber optic,0,Yes,No,5,13,0.3,453.6666666666667,1,0.0,27.07,13.557692307692308
3317-VLGQT,14,78.1,Month-to-month,Electronic check,Fiber optic,0,Yes,No,1,21,0.6153846153846154,594.25,2,0.5,5.33,2.6666666666666665
4132-POCZS,52,39.9,Month-to-month,Electronic check,DSL,0,Yes,No,2,26,0.625,842.0,1,0.0,2.9,10.0
5614-DNZCE,58,64.9,Two year,Credit card (automatic),DSL,0,No,No,4,18,0.6363636363636364,755.7142857142857,0,0.0,0.0,6.516129032258065
1095-JUDTC,47,95.05,Month-to-month,Electronic check,Fiber optic,1,No,No,3,14,0.16666666666666666,329.5,1,1.0,0.0,5.421052631578948
3896-RCYYE,67,53.4,Month-to-month,Credit card (automatic),DSL,0,No,No,4,17,0.4166666666666667,488.6,2,0.0,7.52,5.055555555555555
9638-JIQYA,2,24.9,Month-to-month,Credit card (automatic),DSL,0,No,No,0,11,1.2,295.1666666666667,3,0.0,16.253333333333334,0.0
3258-SANFR,6,44.7,Month-to-month,Credit card (automatic),DSL,1,No,No,0,16,0.7777777777777778,500.2857142857143,0,0.0,0.0,0.0
3726-TBHQT,71,114.0,Two year,Bank transfer (automatic),Fiber optic,0,Yes,Yes,6,11,0.2222222222222222,295.5,2,0.0,8.18,4.292307692307692
3190-ITQXP,46,20.25,Two year,Bank transfer (automatic),No,0,Yes,Yes,0,29,0.5263157894736842,643.7,0,0.0,0.0,0.0
0870-VEMYL,5,53.85,Month-to-month,Credit card (automatic),DSL,0,No,No,2,26,0.23809523809523808,453.4,1,0.0,36.89,2.8181818181818183
4833-QTJNO,67,83.85,Month-to-month,Bank transfer (automatic),Fiber optic,1,Yes,No,2,21,0.3125,329.0,5,0.0,3.346,4.076923076923077
3039-MJSLN,3,20.2,Month-to-month,Bank transfer (automatic),No,0,No,Yes,0,22,0.4666666666666667,600.7142857142857,0,0.0,0.0,0.0
0178-CIIKR,3,19.95,Month-to-month,Mailed check,No,0,No,No,0,14,0.2727272727272727,217.33333333333334,2,0.5,1.42,0.0
5385-SUIRI,52,104.2,Month-to-month,Electronic check,Fiber optic,1,Yes,No,4,14,0.5555555555555556,350.0,5,0.4,2.8966666666666665,5.85
3982-XWFZQ,42,50.25,Month-to-month,Electronic check,DSL,0,Yes,No,0,23,0.35294117647058826,539.5,3,0.3333333333333333,17.915,0.0
5774-QPLTF,50,20.35,One year,Mailed check,No,0,Yes,Yes,0,28,0.6470588235294118,343.90909090909093,1,1.0,0.0,0.0
2322-VCZHZ,23,90.0,Month-to-month,Electronic check,Fiber optic,1,Yes,No,3,11,0.2222222222222222,371.0,1,1.0,0.0,4.45
5010-IPEAQ,67,54.2,Two year,Credit card (automatic),DSL,0,Yes,Yes,5,13,0.8571428571428571,415.8333333333333,1,1.0,0.0,10.068181818181818
4009-ALQFH,25,99.5,Month-to-month,Electronic check,Fiber optic,0,No,No,4,16,0.3333333333333333,540.25,3,0.6666666666666666,10.39,2.1363636363636362
6383-ZTSIW,39,99.1,One year,Mailed check,Fiber optic,1,Yes,No,4,23,0.35294117647058826,336.6666666666667,1,0.0,2.55,4.27906976744186
8990-YOZLV,69,66.9,Two year,Mailed check,DSL,0,No,No,3,23,0.35294117647058826,458.6666666666667,1,0.0,13.42,6.117647058823529
3069-SSVSN,1,25.85,One year,Mailed check,DSL,0,No,No,0,28,0.3333333333333333,513.8571428571429,3,0.3333333333333333,4.07,0.0
5222-IMUKT,32,91.05,Month-to-month,Electronic check,Fiber optic,0,No,No,2,21,0.3125,428.0,3,0.0,6.956666666666667,2.1153846153846154
3627-FCRDW,9,71.0,Month-to-month,Electronic check,Fiber optic,0,No,No,0,15,0.6666666666666666,423.0,2,0.5,9.79,0.0
7562-GSUHK,16,93.2,Month-to-month,Credit card (automatic),Fiber optic,0,No,No,3,27,0.5,624.6666666666666,4,0.5,15.31,3.9
6685-XSHHU,60,20.95,Two year,Bank transfer (automatic),No,0,Yes,Yes,0,18,0.8,515.375,1,0.0,49.73,0.0
8901-UPRHR,72,109.2,Two year,Bank transfer (automatic),Fiber optic,0,Yes,Yes,5,25,0.3157894736842105,443.5,1,0.0,4.63,3.5510204081632653
4903-UYAVB,5,19.35,Month-to-month,Mailed check,No,0,Yes,No,0,17,0.4166666666666667,352.2,1,0.0,93.73,0.0
0118-JPNOY,26,85.8,Month-to-month,Credit card (automatic),Fiber optic,1,No,No,2,11,0.375,448.3333333333333,1,0.0,3.46,5.333333333333333
6776-TLWOI,3,19.85,Month-to-month,Mailed check,No,0,No,No,0,21,0.3125,842.8,1,0.0,35.05,0.0
3845-FXCYS,2,19.65,Month-to-month,Electronic check,No,0,No,No,0,15,0.5,676.2,0,0.0,0.0,0.0
5857-XRECV,2,20.5,One year,Bank transfer (automatic),No,0,No,Yes,0,20,0.3333333333333333,560.0,1,0.0,6.5,0.0
0725-CXOTM,36,89.65,One year,Credit card (automatic),DSL,0,No,No,5,11,0.8333333333333334,615.2,1,0.0,9.35,4.108108108108108
4343-EJVQB,7,74.35,Month-to-month,Mailed check,Fiber optic,0,No,No,1,29,0.38095238095238093,575.875,1,0.0,5.56,9.25
9000-PLFUZ,60,49.45,Two year,Credit card (automatic),DSL,1,Yes,No,3,27,0.2857142857142857,352.8333333333333,3,0.0,6.976666666666667,3.607142857142857
3427-GGZZI,19,89.1,Month-to-month,Electronic check,Fiber optic,0,Yes,No,2,19,0.7272727272727273,593.5,5,0.4,13.38,4.5
7779-ORAEL,45,75.15,Two year,Credit card (automatic),DSL,1,Yes,No,4,18,1.0,546.6666666666666,0,0.0,0.0,5.230769230769231
0644-OQMDK,4,70.65,Month-to-month,Electronic check,Fiber optic,1,No,No,0,13,0.625,454.6,3,0.0,9.8,0.0
4077-CROMM,31,104.2,Month-to-month,Electronic check,Fiber optic,0,Yes,Yes,4,25,0.5625,569.3333333333334,2,1.0,0.0,5.590909090909091
3154-CFSZG,47,90.05,Month-to-month,Electronic check,Fiber optic,0,Yes,Yes,3,20,0.3333333333333333,568.0,2,0.0,8.030000000000001,3.375
2868-MZAGQ,1,79.25,Month-to-month,Electronic check,Fiber optic,0,No,No,1,22,0.4666666666666667,569.8571428571429,1,1.0,0.0,6.5
4847-QNOKA,1,44.9,Month-to-month,Bank transfer (automatic),DSL,0,No,No,0,16,0.7777777777777778,545.0,2,0.5,25.56,0.0
2220-IAHLS,1,19.4,Month-to-month,Credit card (automatic),No,0,No,No,0,20,0.8181818181818182,485.6666666666667,1,0.0,11.23,0.0
1658-XUHBX,59,88.75,Month-to-month,Credit card (automatic),Fiber optic,1,Yes,Yes,2,11,0.2222222222222222,348.5,4,0.25,7.63,12.791666666666666
6379-RXJRQ,10,70.1,Month-to-month,Electronic check,Fiber optic,0,Yes,No,0,23,0.7692307692307693,612.9,2,0.5,5.7,0.0
2378-HTWFW,35,91.0,Month-to-month,Credit card (automatic),Fiber optic,1,No,No,2,13,0.3,488.3333333333333,3,0.0,12.516666666666666,6.380952380952381
8650-RHRKE,4,29.65,Month-to-month,Electronic check,DSL,0,No,No,1,15,0.15384615384615385,573.5,4,0.0,50.385,4.25
4377-VDHYI,32,90.8,One year,Electronic check,Fiber optic,0,Yes,Yes,3,23,0.9166666666666666,491.0,4,0.75,8.4,5.166666666666667
0475-RIJEP,43,77.85,Month-to-month,Electronic check,Fiber optic,0,No,No,1,18,0.38461538461538464,565.6,4,0.5,102.125,5.0
1260-TTRXI,4,54.3,Month-to-month,Electronic check,DSL,0,No,No,1,15,0.6666666666666666,466.1666666666667,2,0.5,73.16,5.333333333333333
3719-TDVQB,54,18.95,Two year,Mailed check,No,1,Yes,No,0,18,1.25,588.1,0,0.0,0.0,0.0
6328-ZPBGN,11,95.15,Month-to-month,Bank transfer (automatic),Fiber optic,1,No,No,2,14,0.4,247.0,3,0.3333333333333333,9.23,14.1
0201-MIBOL,66,102.4,Two year,Bank transfer (automatic),Fiber optic,1,No,No,3,10,0.1111111111111111,116.0,5,0.4,2.966666666666667,2.84
4937-QPZPO,61,99.9,One year,Electronic check,Fiber optic,0,Yes,Yes,3,29,0.45,701.8888888888889,4,0.0,5.4625,16.242424242424242
2925-VDZHY,72,88.7,Two year,Credit card (automatic),DSL,0,Yes,Yes,6,29,0.38095238095238093,604.375,1,0.0,65.03,5.87719298245614
6981-TDRFT,44,54.3,One year,Electronic check,DSL,0,Yes,Yes,4,18,0.2,353.6666666666667,3,0.3333333333333333,8.35,4.935483870967742
3413-CSSTH,41,55.7,Month-to-month,Bank transfer (automatic),DSL,0,No,No,1,16,0.3333333333333333,204.5,0,0.0,0.0,8.428571428571429
8033-VCZGH,50,103.95,One year,Electronic check,Fiber optic,0,Yes,No,4,26,0.625,623.5,0,0.0,0.0,3.0
4789-KWMXN,47,110.85,One year,Credit card (automatic),Fiber optic,0,Yes,No,5,28,0.5555555555555556,442.2,0,0.0,0.0,3.909090909090909
0224-NIJLP,8,20.15,Two year,Mailed check,No,0,Yes,Yes,0,17,0.8888888888888888,468.375,0,0.0,0.0,0.0
7542-CYDDM,18,20.05,Month-to-month,Mailed check,No,0,No,No,0,15,0.5,247.8,1,1.0,0.0,0.0
4718-WXBGI,72,91.95,Two year,Credit card (automatic),DSL,0,Yes,Yes,6,28,0.47368421052631576,466.44444444444446,3,0.0,34.61333333333334,7.72093023255814
2867-UIMSS,1,80.5,Month-to-month,Electronic check,Fiber optic,0,No,No,1,15,0.36363636363636365,212.5,2,0.0,9.485,5.777777777777778
8495-PRWFH,42,55.65,Month-to-month,Electronic check,DSL,1,No,No,1,19,0.5833333333333334,401.42857142857144,2,0.5,5.75,3.2857142857142856
0439-IFYUN,18,74.7,Month-to-month,Electronic check,Fiber optic,1,No,No,1,29,0.20833333333333334,200.0,5,0.0,3.1399999999999997,3.4
5716-LIBJC,13,104.15,One year,Credit card (automatic),Fiber optic,0,No,Yes,4,13,0.8571428571428571,549.8333333333334,2,0.0,8.64,2.857142857142857
2868-LLSKM,68,83.65,One year,Bank transfer (automatic),Fiber optic,0,Yes,Yes,2,20,0.6666666666666666,523.375,1,0.0,5.67,5.555555555555555
8111-RKSPX,4,72.2,Month-to-month,Bank transfer (automatic),Fiber optic,0,No,No,0,27,0.9285714285714286,641.6923076923077,5,0.8,16.95,0.0
2988-QRAJY,69,110.05,Two year,Credit card (automatic),Fiber optic,0,No,No,5,11,0.375,1033.6666666666667,1,0.0,6.39,2.8157894736842106
1585-MQSSU,17,51.5,Month-to-month,Mailed check,DSL,0,No,No,1,17,0.0625,324.0,0,0.0,0.0,7.833333333333333
0071-NDAFP,25,25.5,Two year,Credit card (automatic),No,0,Yes,Yes,0,19,0.26666666666666666,516.0,0,0.0,0.0,0.0
2856-NNASM,43,89.55,Month-to-month,Mailed check,Fiber optic,1,No,No,2,10,0.25,241.5,5,0.8,38.15,2.642857142857143
7328-ZJAJO,59,19.5,Two year,Credit card (automatic),No,0,Yes,Yes,0,17,0.0625,477.0,3,0.3333333333333333,10.504999999999999,0.0
6458-CYIDZ,5,80.7,Month-to-month,Electronic check,Fiber optic,1,No,No,2,17,0.5454545454545454,764.0,3,0.6666666666666666,13.77,5.45
8559-CIZFV,21,77.5,One year,Mailed check,DSL,0,Yes,Yes,4,15,0.875,889.0,2,0.5,20.97,2.5238095238095237
1090-PYKCI,69,105.1,One year,Credit card (automatic),Fiber optic,0,Yes,Yes,5,18,0.5,318.5,0,0.0,0.0,6.5
3058-WQDRE,13,25.15,Month-to-month,Bank transfer (automatic),DSL,0,No,No,0,23,0.35294117647058826,433.8333333333333,2,0.5,9.28,0.0
7547-EKNFS,42,95.25,Month-to-month,Bank transfer (automatic),Fiber optic,0,Yes,No,3,26,1.0,657.4615384615385,2,0.5,11.66,5.3478260869565215
2279-AXJJK,52,95.65,Month-to-month,Credit card (automatic),Fiber optic,0,Yes,No,3,21,0.5,491.7142857142857,3,0.3333333333333333,3.235,6.892857142857143
6769-DYBQN,46,85.0,Month-to-month,Electronic check,Fiber optic,1,No,No,2,10,0.0,0.0,3,1.0,0.0,2.8
0909-SELIE,61,80.8,Two year,Bank transfer (automatic),DSL,0,Yes,No,5,13,0.4444444444444444,378.75,3,0.0,2.6166666666666667,3.6875
3417-TSCIC,29,24.85,One year,Mailed check,DSL,0,No,No,0,28,0.4,592.5,1,0.0,10.9,0.0
1042-HFUCW,25,54.75,One year,Credit card (automatic),DSL,0,No,Yes,2,25,0.3888888888888889,413.14285714285717,2,0.0,4.875,7.764705882352941
4439-JMPMT,5,85.75,Month-to-month,Electronic check,Fiber optic,0,Yes,Yes,2,19,0.46153846153846156,317.5,0,0.0,0.0,4.214285714285714
6537-OTKMY,15,50.75,One year,Electronic check,DSL,0,No,No,3,21,0.9090909090909091,503.3,1,0.0,17.76,3.6538461538461537
8999-EXMNO,19,20.15,Two year,Mailed check,No,0,Yes,Yes,0,19,0.46153846153846156,355.1666666666667,3,0.0,1.6833333333333336,0.0
6725-TPKJO,44,20.05,Two year,Mailed check,No,0,No,No,0,17,1.125,227.55555555555554,0,0.0,0.0,0.0
2446-BEGGB,6,98.25,Month-to-month,Electronic check,Fiber optic,1,No,No,3,17,0.5454545454545454,344.3333333333333,1,1.0,0.0,3.25
7162-WPHPM,58,71.6,Two year,Credit card (automatic),DSL,0,Yes,Yes,4,21,0.5,399.42857142857144,0,0.0,0.0,9.783783783783784
1599-MMYRQ,62,81.45,One year,Credit card (automatic),Fiber optic,0,Yes,Yes,2,19,0.26666666666666666,446.5,2,0.0,1.895,5.0
8821-KVZKQ,70,58.4,One year,Bank transfer (automatic),DSL,0,Yes,Yes,5,15,0.25,498.3333333333333,3,0.0,4.093333333333334,8.368421052631579
1496-GGSUK,1,25.7,Month-to-month,Mailed check,DSL,1,No,No,0,10,0.1111111111111111,442.0,2,0.0,2.615,0.0
6434-TTGJP,10,53.7,Two year,Credit card (automatic),DSL,0,Yes,Yes,5,15,0.5,804.2,3,0.6666666666666666,5.15,4.976190476190476
0042-JVWOJ,26,19.6,One year,Bank transfer (automatic),No,0,No,No,0,23,0.2777777777777778,648.8,1,1.0,0.0,0.0
0130-SXOUN,66,89.4,Month-to-month,Credit card (automatic),Fiber optic,0,No,No,2,22,0.4666666666666667,354.42857142857144,3,0.3333333333333333,13.555,7.1923076923076925
2575-GFSOE,7,69.0,Month-to-month,Electronic check,Fiber optic,0,Yes,Yes,0,11,0.2222222222222222,671.5,2,0.5,49.97,0.0
2330-PQGDQ,51,84.2,One year,Bank transfer (automatic),Fiber optic,0,Yes,Yes,2,14,2.5,672.6,1,0.0,3.01,5.238095238095238
1452-UZOSF,72,106.1,Two year,Credit card (automatic),Fiber optic,0,Yes,Yes,5,21,0.5,550.0,1,0.0,20.38,5.973684210526316
2097-YVPKN,65,25.75,Two year,Mailed check,No,0,No,No,0,12,0.09090909090909091,210.0,2,0.0,6.1,0.0
2842-JTCCU,2,46.05,Month-to-month,Bank transfer (automatic),DSL,0,No,No,0,26,0.4444444444444444,672.625,2,0.5,23.67,0.0
8597-CTXVJ,70,64.95,One year,Bank transfer (automatic),DSL,0,No,Yes,3,27,0.6875,481.45454545454544,1,0.0,9.05,9.32258064516129
6631-HMANX,72,85.45,Two year,Credit card (automatic),DSL,0,Yes,No,5,17,0.13333333333333333,671.0,1,0.0,9.72,3.0232558139534884
9962-BFPDU,1,20.05,Month-to-month,Mailed check,No,0,Yes,Yes,0,29,0.5263157894736842,811.5,1,0.0,2.35,0.0
3296-SILRA,1,76.4,Month-to-month,Mailed check,Fiber optic,1,Yes,No,1,12,0.3333333333333333,318.6666666666667,5,0.2,39.965,4.428571428571429
9681-OXGVC,5,100.5,Month-to-month,Electronic check,Fiber optic,0,No,No,3,26,0.3,328.6666666666667,1,0.0,4.55,4.461538461538462
6394-HHHZM,3,20.7,Month-to-month,Mailed check,No,0,No,No,0,24,0.6,536.5555555555555,2,0.0,4.155,0.0
5995-LFTLE,58,25.3,Two year,Credit card (automatic),No,0,No,No,0,27,0.9285714285714286,467.9230769230769,2,0.0,21.134999999999998,0.0
5180-UCIIQ,22,40.05,Month-to-month,Mailed check,DSL,1,Yes,Yes,2,12,0.7142857142857143,432.6,0,0.0,0.0,2.8333333333333335
1932-UEDCX,33,100.6,Month-to-month,Bank transfer (automatic),Fiber optic,1,Yes,No,3,23,0.35294117647058826,490.5,2,0.0,8.78,4.764705882352941
7153-OANIO,1,69.95,Month-to-month,Electronic check,Fiber optic,0,No,No,0,11,0.5714285714285714,513.0,4,0.25,13.033333333333333,0.0
5188-HGMLP,54,74.0,Month-to-month,Bank transfer (automatic),Fiber optic,1,Yes,No,0,28,0.16666666666666666,524.25,4,0.25,2.44,0.0
0665-XHDJU,72,99.4,Two year,Electronic check,Fiber optic,0,Yes,No,3,26,0.4444444444444444,686.5,1,1.0,0.0,3.9523809523809526
6521-YYTYI,1,93.3,Month-to-month,Electronic check,Fiber optic,0,No,Yes,2,21,0.9090909090909091,317.1,3,1.0,0.0,2.2666666666666666
8878-HMWBV,3,49.15,Month-to-month,Electronic check,DSL,0,No,No,1,17,0.4166666666666667,600.8,0,0.0,0.0,8.25
8265-HKSOW,72,107.45,Two year,Credit card (automatic),Fiber optic,0,Yes,Yes,5,29,0.38095238095238093,304.875,1,0.0,46.62,3.282051282051282
3544-FBCAS,72,83.6,Two year,Credit card (automatic),DSL,0,Yes,Yes,5,19,1.1111111111111112,747.3,2,0.0,19.535,3.861111111111111
5331-RGMTT,54,99.05,Month-to-month,Credit card (automatic),Fiber optic,1,Yes,No,3,12,0.7142857142857143,889.2,2,0.0,17.39,7.222222222222222
4759-PXTAN,59,80.1,One year,Electronic check,DSL,0,Yes,No,4,10,1.0,540.0,1,1.0,0.0,2.3870967741935485
7054-DMVAS,54,65.3,Two year,Bank transfer (automatic),DSL,0,No,No,3,25,0.6666666666666666,664.8,3,0.6666666666666666,17.56,6.541666666666667
3428-MMGUB,60,89.55,Two year,Electronic check,Fiber optic,0,No,No,2,21,0.3125,467.0,1,0.0,17.08,4.444444444444445
6549-BTYPG,60,60.8,Two year,Credit card (automatic),DSL,0,Yes,No,5,28,0.6470588235294118,550.8181818181819,1,0.0,5.06,5.456521739130435
7823-JSOAG,3,74.5,Month-to-month,Electronic check,Fiber optic,0,No,No,0,20,0.5384615384615384,607.0,3,0.3333333333333333,3.075,0.0
3705-RHRFR,69,99.15,Two year,Bank transfer (automatic),Fiber optic,0,Yes,No,3,13,0.0,0.0,3,0.0,9.86,12.55
9374-YOLBJ,1,19.25,Month-to-month,Electronic check,No,0,Yes,Yes,0,13,0.3,403.0,2,0.0,6.495,0.0
9074-KGVOX,50,39.45,Month-to-month,Credit card (automatic),DSL,0,Yes,Yes,2,20,0.8181818181818182,646.1111111111111,4,0.0,2.925,5.0
6128-DAFVY,56,44.85,Month-to-month,Credit card (automatic),DSL,0,No,No,2,12,0.5,406.75,5,0.0,36.956,6.045454545454546
9933-QRGTX,60,97.2,Two year,Electronic check,Fiber optic,0,Yes,No,4,24,0.2,568.75,0,0.0,0.0,12.54054054054054
4476-OSWTN,69,110.55,One year,Mailed check,Fiber optic,1,Yes,No,5,18,1.0,440.6666666666667,0,0.0,0.0,16.175
3751-KTZEL,1,35.05,Month-to-month,Mailed check,DSL,0,No,No,1,30,0.5,344.3,3,0.3333333333333333,37.695,1.75
1977-STDKI,1,73.0,Month-to-month,Electronic check,Fiber optic,1,No,No,1,25,0.5625,230.55555555555554,4,0.5,6.9350000000000005,4.333333333333333
5066-GFJMM,3,19.9,Month-to-month,Mailed check,No,0,Yes,No,0,29,0.3181818181818182,523.7142857142857,1,0.0,2.28,0.0
2661-GKBTK,60,76.95,Two year,Bank transfer (automatic),DSL,0,Yes,Yes,4,16,0.3333333333333333,521.25,1,0.0,10.42,5.883720930232558
0458-HEUZG,13,35.4,Two year,Mailed check,DSL,0,No,No,2,26,0.3684210526315789,450.2857142857143,1,0.0,4.24,4.666666666666667
7268-WNTCP,62,20.45,Two year,Bank transfer (automatic),No,0,Yes,Yes,0,10,1.5,757.5,1,0.0,5.34,0.0
0824-VWDPO,45,96.75,One year,Bank transfer (automatic),Fiber optic,0,No,No,3,24,0.3333333333333333,477.0,3,0.6666666666666666,4.68,9.285714285714286
8409-WQJUX,25,54.2,One year,Electronic check,DSL,0,No,No,4,16,0.6,486.6666666666667,3,0.3333333333333333,4.3,7.67741935483871
2578-JQPHZ,44,100.1,Two year,Bank transfer (automatic),Fiber optic,0,No,No,4,25,0.25,506.8,3,0.3333333333333333,11.59,11.547619047619047
3278-FSIXX,2,45.25,Month-to-month,Mailed check,DSL,0,No,No,0,17,0.5454545454545454,646.1666666666666,5,0.2,10.8525,0.0
5813-UECBU,33,83.85,Month-to-month,Credit card (automatic),Fiber optic,1,No,No,2,13,0.4444444444444444,244.0,2,0.0,30.28,3.9
0328-GRPMV,1,70.1,Month-to-month,Electronic check,Fiber optic,0,No,No,0,12,0.3333333333333333,384.0,1,0.0,9.96,0.0
9746-UGFAC,22,20.85,One year,Bank transfer (automatic),No,0,No,No,0,22,0.5714285714285714,485.375,1,1.0,0.0,0.0
2946-KIQSP,35,33.45,Month-to-month,Mailed check,DSL,0,No,No,2,16,1.0,635.875,0,0.0,0.0,5.222222222222222
0625-AFOHS,29,20.2,Two year,Mailed check,No,0,Yes,Yes,0,13,0.625,612.4,2,0.0,16.86,0.0
6726-WEXXK,27,85.9,One year,Electronic check,Fiber optic,1,Yes,No,2,15,0.25,376.0,3,0.0,24.116666666666664,9.6875
4636-OLWOE,54,61.0,One year,Electronic check,DSL,0,No,Yes,3,14,0.75,524.1666666666666,1,1.0,0.0,7.541666666666667
4342-HENTK,2,70.65,Month-to-month,Electronic check,Fiber optic,1,No,No,0,24,1.0,690.3333333333334,3,0.6666666666666666,49.77,0.0
4685-ERGHK,57,86.9,One year,Electronic check,Fiber optic,0,No,No,1,15,0.25,394.3333333333333,2,1.0,0.0,5.555555555555555
0885-HMGPY,62,69.4,Two year,Bank transfer (automatic),DSL,0,No,No,4,20,0.42857142857142855,574.3333333333334,0,0.0,0.0,2.236842105263158
5003-OKNNK,15,20.35,One year,Credit card (automatic),No,0,Yes,Yes,0,25,0.47058823529411764,664.375,0,0.0,0.0,0.0
4195-SMMNX,2,20.35,Month-to-month,Mailed check,No,0,No,No,0,30,0.42857142857142855,383.6666666666667,2,1.0,0.0,0.0
7208-PSIHR,70,104.3,Two year,Bank transfer (automatic),Fiber optic,0,Yes,No,4,20,0.8181818181818182,546.3333333333334,5,0.2,4.33,11.975609756097562
4012-ZTHBR,21,44.95,Month-to-month,Electronic check,DSL,0,Yes,Yes,0,16,0.3333333333333333,319.25,3,0.0,4.9366666666666665,0.0
0489-WMEMG,23,49.45,One year,Electronic check,DSL,0,No,Yes,1,23,0.6428571428571429,411.1111111111111,0,0.0,0.0,11.333333333333334
7435-ZNUYY,6,20.6,One year,Mailed check,No,0,No,No,0,14,0.75,561.8333333333334,0,0.0,0.0,0.0
1354-YZFNB,4,19.55,Two year,Credit card (automatic),No,0,Yes,Yes,0,28,0.8666666666666667,456.6923076923077,1,1.0,0.0,0.0
6956-SMUCM,3,99.0,Month-to-month,Credit card (automatic),Fiber optic,0,No,No,4,19,0.7272727272727273,549.875,2,0.5,3.75,6.035714285714286
2985-FMWYF,23,93.5,Month-to-month,Electronic check,Fiber optic,0,No,No,2,12,0.5,901.5,3,0.3333333333333333,10.605,3.4285714285714284
2812-ENYMO,26,54.55,One year,Credit card (automatic),DSL,0,No,No,4,16,0.14285714285714285,530.0,0,0.0,0.0,13.541666666666666
2717-HVIZY,8,20.05,Month-to-month,Mailed check,No,0,No,Yes,0,13,0.3,650.6666666666666,0,0.0,0.0,0.0
3223-WZWJM,26,83.95,Month-to-month,Electronic check,Fiber optic,0,No,No,1,11,1.2,493.8333333333333,2,0.5,6.62,2.6
3422-GALYP,2,79.45,Month-to-month,Electronic check,Fiber optic,0,No,No,1,21,0.9090909090909091,699.3,1,0.0,4.0,4.0
9053-JZFKV,67,116.2,Two year,Credit card (automatic),Fiber optic,0,No,No,6,26,0.3,502.6666666666667,4,0.5,8.295,3.4444444444444446
2530-ENDWQ,71,93.7,Two year,Bank transfer (automatic),Fiber optic,0,Yes,No,2,10,0.6666666666666666,514.75,2,0.0,8.575,5.818181818181818
2890-WFBHU,59,79.85,One year,Credit card (automatic),DSL,0,No,No,5,23,0.5333333333333333,614.875,0,0.0,0.0,14.487804878048781
0327-WFZSY,39,100.0,One year,Electronic check,Fiber optic,0,Yes,Yes,3,23,0.6428571428571429,531.3333333333334,1,0.0,5.05,4.333333333333333
7977-HXJKU,21,19.6,Two year,Mailed check,No,0,No,Yes,0,11,0.2222222222222222,345.5,0,0.0,0.0,0.0
6615-ZGEDR,1,19.7,Month-to-month,Mailed check,No,0,No,No,0,30,0.15384615384615385,450.25,2,1.0,0.0,0.0
7033-CLAMM,48,20.2,Two year,Bank transfer (automatic),No,0,Yes,Yes,0,18,2.6,648.8461538461538,0,0.0,0.0,0.0
4023-RTIQM,31,50.4,One year,Credit card (automatic),DSL,1,Yes,No,4,12,1.0,581.1666666666666,0,0.0,0.0,2.2333333333333334
0864-FVJNJ,64,113.35,One year,Electronic check,Fiber optic,0,Yes,Yes,6,11,0.5714285714285714,516.25,0,0.0,0.0,9.515151515151516
7356-IWLFW,46,80.0,Month-to-month,Bank transfer (automatic),Fiber optic,0,Yes,Yes,1,29,0.7058823529411765,553.75,2,0.0,2.21,6.333333333333333
9541-PWTWO,52,80.95,Two year,Bank transfer (automatic),DSL,0,No,No,4,26,0.7333333333333333,586.1818181818181,1,0.0,15.08,3.375
3967-VQOGC,67,24.9,Two year,Mailed check,No,0,Yes,Yes,0,29,0.38095238095238093,712.0,4,0.5,12.920000000000002,0.0
7872-RDDLZ,67,54.9,Month-to-month,Electronic check,DSL,1,No,No,1,27,0.35,417.57142857142856,2,1.0,0.0,4.0
9250-WYPLL,5,75.55,Month-to-month,Electronic check,Fiber optic,0,No,No,0,19,0.46153846153846156,315.5,3,0.6666666666666666,15.77,0.0
6308-CQRBU,71,109.25,Two year,Electronic check,Fiber optic,0,Yes,No,5,29,0.38095238095238093,482.0,0,0.0,0.0,5.222222222222222
2754-XBHTB,9,77.65,Month-to-month,Bank transfer (automatic),Fiber optic,0,No,No,1,29,0.38095238095238093,533.125,2,1.0,0.0,7.666666666666667
1597-LHYNC,26,95.0,Month-to-month,Electronic check,Fiber optic,1,No,No,3,13,0.625,566.8,1,0.0,32.28,3.4
0186-CAERR,71,116.3,One year,Bank transfer (automatic),Fiber optic,0,No,No,6,25,0.3888888888888889,324.14285714285717,2,0.0,5.14,2.0638297872340425
3043-SUDUA,32,19.9,Month-to-month,Bank transfer (automatic),No,0,No,No,0,18,0.6363636363636364,502.0,1,0.0,3.29,0.0
5442-BHQNG,2,70.35,Month-to-month,Electronic check,Fiber optic,0,No,No,0,23,0.2777777777777778,191.6,2,0.0,14.175,0.0
2169-RRLFW,71,25.6,Two year,Credit card (automatic),No,0,Yes,No,0,14,0.5555555555555556,750.8,2,0.0,29.775,0.0
5872-OEQNH,60,44.45,One year,Electronic check,DSL,0,No,No,3,17,0.13333333333333333,497.0,3,0.0,5.84,12.692307692307692
3162-KKZXO,55,100.15,One year,Electronic check,Fiber optic,1,No,No,3,25,0.3888888888888889,539.7142857142857,2,0.0,5.15,5.6
7055-VKGDA,54,105.4,One year,Credit card (automatic),Fiber optic,0,No,No,5,16,0.7777777777777778,683.5714285714286,0,0.0,0.0,6.833333333333333
0754-UKWQP,2,95.85,Month-to-month,Electronic check,Fiber optic,0,No,No,3,28,0.2727272727272727,266.3333333333333,5,0.2,12.719999999999999,5.0476190476190474
8873-GLDMH,6,73.85,Month-to-month,Mailed check,Fiber optic,0,No,No,0,25,0.6666666666666666,714.2,4,0.75,6.43,0.0
5696-JVVQY,48,70.1,Two year,Credit card (automatic),DSL,0,Yes,Yes,4,27,0.5882352941176471,312.4,0,0.0,0.0,6.151515151515151
8946-BFWSG,63,25.25,Two year,Mailed check,No,0,Yes,Yes,0,25,0.19047619047619047,324.0,2,0.0,12.469999999999999,0.0
7493-TPUWZ,1,79.15,Month-to-month,Electronic check,Fiber optic,0,No,No,1,12,0.7142857142857143,310.2,0,0.0,0.0,4.0
0547-HURJB,12,21.05,Month-to-month,Credit card (automatic),No,0,No,Yes,0,22,0.047619047619047616,189.0,1,0.0,12.49,0.0
8904-OPDCK,54,24.95,Month-to-month,Bank transfer (automatic),DSL,1,Yes,No,0,27,0.8,563.9166666666666,2,0.0,7.63,0.0
8845-LWKGE,30,64.5,One year,Electronic check,DSL,0,Yes,Yes,3,25,1.2727272727272727,611.2142857142857,1,0.0,4.43,10.28
1577-HKTFG,30,19.65,Month-to-month,Bank transfer (automatic),No,0,Yes,No,0,28,0.5555555555555556,581.6,5,0.2,22.685000000000002,0.0
8752-STIVR,4,79.0,Month-to-month,Electronic check,Fiber optic,0,No,No,1,13,0.4444444444444444,572.25,0,0.0,0.0,4.142857142857143
0691-NIKRI,40,105.95,One year,Credit card (automatic),Fiber optic,0,No,No,4,18,0.2857142857142857,706.75,0,0.0,0.0,14.633333333333333
5022-JNQEQ,9,75.85,Month-to-month,Electronic check,Fiber optic,0,Yes,Yes,1,23,0.2777777777777778,613.2,2,0.0,14.08,5.909090909090909
4558-FANTW,17,91.85,Month-to-month,Electronic check,Fiber optic,0,Yes,Yes,3,25,0.6666666666666666,566.7,3,0.0,32.44,8.904761904761905
3249-VHRIP,62,43.6,Two year,Credit card (automatic),DSL,0,No,No,3,13,0.8571428571428571,797.6666666666666,1,0.0,3.05,7.222222222222222
3736-BLEPA,28,91.25,One year,Bank transfer (automatic),Fiber optic,0,No,No,3,20,0.17647058823529413,388.3333333333333,1,0.0,15.2,6.476190476190476
4701-LKOZD,70,89.75,Two year,Credit card (automatic),DSL,0,No,No,6,13,0.625,340.2,1,0.0,11.07,10.116279069767442
6603-QWSPR,46,104.4,Two year,Bank transfer (automatic),Fiber optic,0,No,No,5,24,0.7142857142857143,415.7,3,0.0,7.086666666666667,10.552631578947368
9921-QFQUL,23,90.15,Month-to-month,Mailed check,Fiber optic,0,Yes,No,2,16,0.23076923076923078,281.3333333333333,4,0.25,11.036666666666667,3.0
1929-ZCBHE,47,40.3,One year,Electronic check,DSL,0,Yes,Yes,3,26,0.7333333333333333,690.7272727272727,0,0.0,0.0,12.0
4378-MYPGO,68,105.25,Two year,Bank transfer (automatic),Fiber optic,0,Yes,Yes,5,19,0.9,565.0,1,1.0,0.0,10.607843137254902
8651-ENBZX,60,106.0,One year,Electronic check,Fiber optic,1,No,No,4,18,0.125,302.5,2,0.5,32.27,12.333333333333334
4129-LYCOI,67,104.0,Two year,Electronic check,Fiber optic,0,No,Yes,4,13,0.3,426.3333333333333,1,0.0,20.59,8.37037037037037
7798-JVXYM,14,69.65,Month-to-month,Electronic check,DSL,0,No,No,3,13,0.08333333333333333,593.0,2,0.5,3.95,25.166666666666668
8647-SDTWQ,57,74.3,Month-to-month,Electronic check,Fiber optic,0,Yes,Yes,0,10,1.0,291.8,4,0.25,3.5033333333333334,0.0
2696-ECXKC,55,100.9,One year,Mailed check,Fiber optic,0,Yes,Yes,3,15,0.875,546.5714285714286,3,0.0,6.56,6.862068965517241
2081-KJSQF,1,20.25,Month-to-month,Mailed check,No,0,No,No,0,12,0.5,642.0,0,0.0,0.0,0.0
7623-TRNQN,1,49.9,Month-to-month,Mailed check,DSL,0,No,Yes,1,21,0.3125,241.8,0,0.0,0.0,8.5
3323-CPBWR,23,96.9,Month-to-month,Credit card (automatic),Fiber optic,0,No,No,3,15,0.6666666666666666,640.8333333333334,2,0.5,7.57,1.6451612903225807
9330-IJWIO,13,100.35,Month-to-month,Electronic check,Fiber optic,0,No,No,3,24,0.2631578947368421,398.2,2,0.0,25.78,2.5
3384-CTMSF,47,104.1,Month-to-month,Electronic check,Fiber optic,0,Yes,No,4,12,0.09090909090909091,223.0,5,0.8,21.46,3.04
0902-RFHOF,38,20.1,One year,Mailed check,No,0,No,No,0,16,0.7777777777777778,472.14285714285717,2,0.0,4.7,0.0
9286-DOJGF,38,74.95,Month-to-month,Bank transfer (automatic),Fiber optic,1,Yes,No,0,27,0.9285714285714286,772.4615384615385,4,0.5,34.08,0.0
6048-QBXKL,2,56.55,Month-to-month,Credit card (automatic),DSL,1,No,No,1,13,0.4444444444444444,276.0,2,0.0,12.540000000000001,4.0
9661-MHUMO,1,49.25,Month-to-month,Credit card (automatic),DSL,1,Yes,Yes,1,11,0.375,538.3333333333334,0,0.0,0.0,3.6
7718-RXDGG,15,68.6,Month-to-month,Bank transfer (automatic),Fiber optic,0,Yes,No,0,20,0.6666666666666666,385.125,5,0.0,12.504,0.0
1025-FALIX,26,69.05,Month-to-month,Credit card (automatic),Fiber optic,0,No,No,0,11,0.375,385.0,1,0.0,14.3,0.0
3451-VAWLI,35,19.7,Two year,Credit card (automatic),No,0,Yes,Yes,0,28,0.2727272727272727,346.1666666666667,2,0.0,10.969999999999999,0.0
3407-QGWLG,3,20.05,Month-to-month,Mailed check,No,0,No,Yes,0,17,0.21428571428571427,403.6666666666667,1,0.0,8.58,0.0
1842-EZJMK,50,103.7,Month-to-month,Electronic check,Fiber optic,0,Yes,Yes,4,16,0.3333333333333333,898.75,4,0.0,39.6475,2.9047619047619047
2347-WKKAE,42,94.4,Month-to-month,Electronic check,Fiber optic,0,Yes,No,3,30,0.36363636363636365,508.125,1,0.0,10.42,4.0
8735-DCXNF,10,54.95,Month-to-month,Credit card (automatic),DSL,0,Yes,No,2,16,1.6666666666666667,557.8,0,0.0,0.0,7.857142857142857
3214-IYUUQ,61,93.7,One year,Bank transfer (automatic),Fiber optic,0,Yes,No,4,10,0.42857142857142855,589.0,1,1.0,0.0,1.6129032258064515
1936-UAFEH,68,110.25,Two year,Credit card (automatic),Fiber optic,0,No,No,5,30,0.7647058823529411,708.6923076923077,2,0.0,20.415,18.483870967741936
3587-PMCOY,10,98.9,One year,Electronic check,Fiber optic,0,No,No,4,10,0.6666666666666666,205.75,1,0.0,11.94,3.5833333333333335
8079-XRJRS,65,89.75,One year,Electronic check,Fiber optic,0,Yes,No,3,21,1.3333333333333333,665.9166666666666,3,0.6666666666666666,36.83,3.473684210526316
1027-LKKQQ,72,80.45,Two year,Bank transfer (automatic),DSL,0,Yes,Yes,5,25,0.3888888888888889,290.42857142857144,0,0.0,0.0,3.857142857142857
7148-XZPHA,55,79.4,Month-to-month,Electronic check,Fiber optic,0,Yes,Yes,2,20,0.42857142857142855,692.3333333333334,0,0.0,0.0,5.818181818181818
8073-IJDCM,1,20.3,Month-to-month,Mailed check,No,0,No,No,0,26,0.7333333333333333,475.45454545454544,2,0.5,24.48,0.0
5309-TAIKL,7,62.8,Month-to-month,Bank transfer (automatic),DSL,0,No,No,3,11,0.2222222222222222,427.5,1,0.0,15.45,5.8125
6856-RAURS,2,74.9,Month-to-month,Mailed check,Fiber optic,0,No,No,0,24,0.3333333333333333,352.1666666666667,1,0.0,15.74,0.0
8778-LMWTJ,9,74.85,Month-to-month,Electronic check,Fiber optic,0,No,No,1,29,0.7058823529411765,395.5,5,0.2,35.9275,9.0
9717-IOAAF,27,25.85,Two year,Credit card (automatic),No,0,No,Yes,0,28,0.2727272727272727,505.5,3,0.0,2.046666666666667,0.0
8884-ADFVN,7,101.95,Month-to-month,Electronic check,Fiber optic,1,Yes,No,3,15,0.6666666666666666,358.3333333333333,3,0.3333333333333333,13.89,4.8
2845-KDHVX,64,68.3,Two year,Mailed check,DSL,0,Yes,No,4,25,0.7857142857142857,598.7272727272727,2,0.0,9.245,12.521739130434783
0848-SOMKO,70,48.4,Two year,Bank transfer (automatic),DSL,0,No,No,4,11,0.2222222222222222,349.5,1,1.0,0.0,2.225806451612903
2720-WGKHP,2,94.0,Month-to-month,Electronic check,Fiber optic,1,No,No,2,28,0.6470588235294118,565.4545454545455,3,1.0,0.0,1.9285714285714286
6734-FQAJX,67,105.05,Two year,Electronic check,Fiber optic,1,No,No,5,30,0.36363636363636365,410.625,1,0.0,14.33,3.0
2869-ADAWR,45,89.3,Month-to-month,Credit card (automatic),Fiber optic,0,No,No,2,12,3.0,419.77777777777777,1,0.0,40.82,5.0
1535-VTJOQ,24,25.15,Two year,Credit card (automatic),No,0,No,No,0,28,0.5555555555555556,593.0,0,0.0,0.0,0.0
6368-TZZDT,4,19.5,Two year,Credit card (automatic),No,0,Yes,Yes,0,16,0.45454545454545453,520.8,1,1.0,0.0,0.0
0943-ZQPXH,44,92.95,Month-to-month,Bank transfer (automatic),Fiber optic,0,Yes,Yes,3,19,0.1875,250.0,4,0.25,6.003333333333334,10.147058823529411
1293-BSEUN,72,20.7,Two year,Mailed check,No,0,Yes,Yes,0,11,0.375,401.0,1,1.0,0.0,0.0
9894-EZEWG,1,74.3,Month-to-month,Credit card (automatic),Fiber optic,0,No,No,1,13,1.1666666666666667,546.2857142857143,1,0.0,12.07,3.6666666666666665
1302-TPUBN,66,19.35,Two year,Bank transfer (automatic),No,0,No,No,0,18,0.38461538461538464,526.4,2,0.0,13.11,0.0
7851-FLGGQ,1,44.65,Month-to-month,Mailed check,DSL,0,No,No,3,22,0.8333333333333334,501.3,2,0.0,11.71,2.6666666666666665
0637-UBJRP,13,84.05,Month-to-month,Electronic check,Fiber optic,0,Yes,Yes,2,21,0.75,506.55555555555554,4,0.0,12.75,4.625
0940-OUQEC,10,80.7,Month-to-month,Bank transfer (automatic),Fiber optic,0,No,No,1,18,1.0,506.22222222222223,4,0.5,66.455,5.6
2378-VTKDH,65,104.35,Month-to-month,Electronic check,Fiber optic,1,Yes,No,4,25,0.6666666666666666,615.6,0,0.0,0.0,5.909090909090909
2079-FBMZK,6,69.25,Month-to-month,Mailed check,Fiber optic,0,No,No,0,24,0.4117647058823529,486.14285714285717,3,0.3333333333333333,7.300000000000001,0.0
0927-CNGRH,1,19.55,Month-to-month,Mailed check,No,0,No,Yes,0,18,1.0,404.3333333333333,1,1.0,0.0,0.0
8608-OZTLB,38,74.05,One year,Electronic check,DSL,0,Yes,Yes,5,19,0.5833333333333334,947.1428571428571,0,0.0,0.0,2.6222222222222222
2335-GSODA,23,40.1,Two year,Mailed check,DSL,0,No,Yes,3,19,0.46153846153846156,223.16666666666666,2,0.0,1.81,5.476190476190476
1952-DVVSW,10,20.1,One year,Mailed check,No,0,Yes,No,0,29,0.45,474.0,0,0.0,0.0,0.0
0702-PGIBZ,4,101.7,Month-to-month,Electronic check,Fiber optic,0,No,Yes,3,15,0.25,253.66666666666666,4,0.25,22.560000000000002,1.7058823529411764
6656-GULJQ,72,83.55,Two year,Credit card (automatic),DSL,0,Yes,Yes,5,22,1.0,334.8181818181818,1,0.0,4.19,7.782608695652174
9853-JFZDU,35,56.85,Month-to-month,Electronic check,DSL,0,Yes,No,2,14,0.16666666666666666,596.5,0,0.0,0.0,8.176470588235293
1963-VAUKV,1,20.4,Month-to-month,Mailed check,No,0,No,No,0,17,0.21428571428571427,685.3333333333334,1,1.0,0.0,0.0
3777-XROBG,58,19.55,Two year,Credit card (automatic),No,0,Yes,Yes,0,24,0.4117647058823529,547.8571428571429,0,0.0,0.0,0.0
6994-FGRHH,70,106.15,One year,Electronic check,Fiber optic,0,Yes,Yes,5,17,0.7,485.85714285714283,1,1.0,0.0,14.914893617021276
4000-VGMQP,38,78.95,One year,Credit card (automatic),DSL,0,Yes,Yes,4,12,0.2,366.0,3,0.3333333333333333,1.6400000000000001,7.59375
3999-WRNGR,60,49.75,Month-to-month,Electronic check,DSL,0,Yes,Yes,3,15,0.875,603.7142857142857,3,0.0,6.586666666666666,4.576923076923077
3466-RITXD,26,92.4,Month-to-month,Credit card (automatic),Fiber optic,0,No,No,3,13,0.18181818181818182,512.5,5,0.2,19.0325,4.071428571428571
2680-XKKNJ,8,58.2,One year,Bank transfer (automatic),DSL,0,No,No,3,16,0.3333333333333333,538.5,0,0.0,0.0,6.357142857142857
3058-HJCUY,41,102.6,One year,Electronic check,Fiber optic,0,Yes,Yes,4,15,0.5,656.8,1,0.0,15.46,4.0625
2974-GGUXS,36,91.95,Month-to-month,Credit card (automatic),Fiber optic,1,Yes,No,2,18,0.8,535.375,3,0.6666666666666666,7.55,3.5789473684210527
7994-XIRTR,54,65.25,One year,Bank transfer (automatic),DSL,1,No,No,3,21,0.5,539.5714285714286,1,0.0,3.55,10.548387096774194
3259-FDWOY,71,106.0,Two year,Bank transfer (automatic),Fiber optic,0,Yes,Yes,4,12,0.2,353.5,1,1.0,0.0,5.115384615384615
2101-RANCD,55,73.1,Month-to-month,Electronic check,Fiber optic,0,No,No,0,15,0.25,288.3333333333333,2,0.0,4.17,0.0
7921-BEPCI,72,59.75,Two year,Bank transfer (automatic),DSL,0,No,No,2,16,0.7777777777777778,411.2857142857143,2,0.0,2.835,9.833333333333334
0807-ZABDG,3,55.1,Month-to-month,Mailed check,DSL,0,No,Yes,2,20,1.0,580.5,1,1.0,0.0,6.0
8510-TMWYB,54,59.8,Two year,Bank transfer (automatic),DSL,0,Yes,Yes,2,24,0.6,448.77777777777777,2,0.5,8.86,6.684210526315789
3258-ZKPAI,72,116.6,Two year,Bank transfer (automatic),Fiber optic,0,Yes,Yes,6,28,0.47368421052631576,755.2222222222222,1,0.0,20.75,7.654545454545454
1428-IEDPR,52,109.3,Two year,Electronic check,Fiber optic,0,No,No,5,10,0.25,191.5,0,0.0,0.0,7.589743589743589
5298-GSTLM,60,101.4,One year,Bank transfer (automatic),Fiber optic,1,No,No,3,22,0.4666666666666667,590.8571428571429,3,0.0,29.31,8.694444444444445
4450-YOOHP,39,50.65,Month-to-month,Credit card (automatic),DSL,0,No,No,3,23,0.4375,348.7142857142857,4,0.0,16.9375,7.193548387096774
6728-CZFEI,15,56.15,One year,Mailed check,DSL,0,No,No,1,17,1.125,626.8888888888889,1,0.0,8.52,7.4
5748-RNCJT,69,106.5,Two year,Bank transfer (automatic),Fiber optic,0,No,No,4,21,0.4,359.1666666666667,5,0.6,117.485,5.72
3653-NCRDJ,43,19.2,One year,Mailed check,No,0,Yes,Yes,0,23,1.0909090909090908,615.75,0,0.0,0.0,0.0
6121-TNHBO,63,83.0,One year,Bank transfer (automatic),DSL,1,No,No,5,26,0.625,422.6,3,0.0,5.523333333333333,7.769230769230769
5119-NZPTV,2,70.1,Month-to-month,Electronic check,Fiber optic,1,Yes,No,0,24,0.4117647058823529,352.14285714285717,4,0.5,18.11,0.0
6519-ZHPXP,72,108.3,Two year,Bank transfer (automatic),Fiber optic,0,Yes,Yes,6,13,0.18181818181818182,402.0,1,1.0,0.0,7.708333333333333
7739-LAXOG,32,91.05,Month-to-month,Bank transfer (automatic),Fiber optic,0,Yes,Yes,2,21,0.75,580.1111111111111,1,0.0,21.8,4.0
3472-QPRCH,40,25.25,Two year,Credit card (automatic),No,0,Yes,Yes,0,26,0.3684210526315789,703.0,3,0.6666666666666666,7.92,0.0
8224-UAXBZ,58,45.35,One year,Electronic check,DSL,0,Yes,No,3,17,0.3076923076923077,609.5,1,0.0,22.1,3.25
9610-WCESF,67,43.9,Two year,Electronic check,DSL,0,No,No,3,29,0.9333333333333333,509.5,0,0.0,0.0,6.45
9776-CLUJA,51,77.5,Month-to-month,Electronic check,Fiber optic,1,Yes,No,1,26,1.1666666666666667,552.7142857142857,2,0.0,17.02,2.7777777777777777
2486-WYVVE,31,79.3,One year,Mailed check,DSL,0,Yes,No,4,17,0.21428571428571427,563.6666666666666,0,0.0,0.0,10.241379310344827
3865-ZYKAD,69,84.9,Month-to-month,Credit card (automatic),Fiber optic,1,Yes,No,2,30,0.36363636363636365,747.0,2,0.0,9.254999999999999,8.411764705882353
1422-DGUBX,32,79.25,One year,Electronic check,Fiber optic,0,Yes,No,1,15,0.36363636363636365,263.0,1,0.0,2.61,3.0
2999-AANRQ,21,71.05,Two year,Credit card (automatic),DSL,0,No,No,4,18,0.058823529411764705,313.0,1,1.0,0.0,10.206896551724139
8668-KNZTI,52,53.75,One year,Electronic check,DSL,0,No,No,2,24,0.2631578947368421,359.4,2,0.0,12.805,4.529411764705882
0480-KYJVA,72,24.25,Two year,Credit card (automatic),No,0,Yes,Yes,0,24,0.6,624.8888888888889,2,0.0,2.84,0.0
6034-ZRYCV,72,54.2,Two year,Electronic check,DSL,0,Yes,No,4,20,0.5384615384615384,315.42857142857144,4,0.75,9.56,1.619047619047619
9746-YKGXB,52,44.25,One year,Bank transfer (automatic),DSL,0,Yes,Yes,3,23,0.5333333333333333,666.25,2,0.0,13.025,4.08
3926-YZVVX,41,50.05,One year,Bank transfer (automatic),DSL,0,No,No,1,24,0.2,420.75,2,0.0,3.3449999999999998,5.166666666666667
6000-UKLWI,41,20.15,Two year,Mailed check,No,0,No,No,0,17,0.5454545454545454,363.8333333333333,0,0.0,0.0,0.0
6332-FBZRI,67,69.35,One year,Credit card (automatic),DSL,0,Yes,Yes,4,19,0.9,569.5555555555555,0,0.0,0.0,9.166666666666666
2096-XOTMO,16,19.35,Month-to-month,Mailed check,No,0,Yes,Yes,0,17,0.4166666666666667,326.0,1,0.0,2.65,0.0
3266-FTKHB,17,19.15,Two year,Mailed check,No,0,No,No,0,30,0.30434782608695654,219.85714285714286,0,0.0,0.0,0.0
8221-EQDGL,35,61.0,Month-to-month,Mailed check,DSL,0,Yes,No,3,10,0.6666666666666666,617.25,4,0.0,4.1075,6.333333333333333
2346-LOCWC,58,20.5,Two year,Credit card (automatic),No,0,Yes,Yes,0,24,0.4117647058823529,643.7142857142857,0,0.0,0.0,0.0
6608-QQLVK,1,50.5,Month-to-month,Electronic check,DSL,0,No,No,1,14,0.4,601.25,3,0.3333333333333333,29.485,1.6666666666666667
0298-XACET,52,50.2,Two year,Mailed check,DSL,0,Yes,Yes,4,18,0.5,698.1666666666666,1,1.0,0.0,4.25
7560-QJAVJ,70,79.6,Two year,Bank transfer (automatic),DSL,0,No,No,5,29,0.38095238095238093,405.125,0,0.0,0.0,3.4
2995-YWTCD,19,24.9,Two year,Bank transfer (automatic),No,0,Yes,Yes,0,17,0.8888888888888888,518.875,0,0.0,0.0,0.0
3551-HUAZH,1,74.4,Month-to-month,Electronic check,Fiber optic,1,No,No,0,21,0.3125,306.2,2,0.0,133.945,0.0
9137-UIYPG,35,106.9,Month-to-month,Electronic check,Fiber optic,0,Yes,Yes,5,12,0.3333333333333333,647.0,0,0.0,0.0,5.828571428571428
2809-ZMYOQ,32,101.35,Month-to-month,Electronic check,Fiber optic,0,No,No,3,23,0.4375,600.2857142857143,2,0.0,5.32,6.117647058823529
5084-OOVCJ,17,55.35,Month-to-month,Credit card (automatic),DSL,0,Yes,Yes,2,22,1.2,510.6666666666667,0,0.0,0.0,4.2
0254-WWRKD,67,50.55,One year,Credit card (automatic),DSL,0,Yes,Yes,1,22,0.4666666666666667,533.1428571428571,3,0.0,13.436666666666667,6.2727272727272725
7727-SHVZV,9,19.5,Month-to-month,Bank transfer (automatic),No,0,No,No,0,22,0.2222222222222222,416.25,1,0.0,10.95,0.0
6302-JGYRJ,31,79.45,One year,Mailed check,DSL,0,No,Yes,4,11,2.6666666666666665,516.25,2,0.5,5.38,12.5
5339-PXDVH,4,90.65,Month-to-month,Electronic check,Fiber optic,0,No,No,2,25,0.7857142857142857,756.5454545454545,4,0.25,9.726666666666667,6.117647058823529
2205-LPVGL,58,89.85,One year,Bank transfer (automatic),Fiber optic,1,Yes,Yes,3,24,0.7142857142857143,600.2,0,0.0,0.0,15.866666666666667
8782-NUUOL,60,79.0,One year,Mailed check,DSL,0,No,No,5,17,0.7,471.85714285714283,0,0.0,0.0,6.476190476190476
3685-YLCMQ,58,104.65,One year,Electronic check,Fiber optic,0,No,No,4,28,0.47368421052631576,554.0,0,0.0,0.0,2.217391304347826
7601-WFVZV,1,19.55,Month-to-month,Mailed check,No,0,No,No,0,30,0.2,413.2,2,0.0,10.27,0.0
4609-KNNWG,27,19.9,Two year,Mailed check,No,0,Yes,Yes,0,24,0.14285714285714285,239.0,0,0.0,0.0,0.0
4868-AADLV,66,116.25,One year,Electronic check,Fiber optic,1,Yes,Yes,6,18,0.8,533.25,0,0.0,0.0,10.90566037735849
9529-OFXHY,15,87.75,Month-to-month,Bank transfer (automatic),Fiber optic,0,No,No,2,19,0.9,686.0,1,1.0,0.0,3.3333333333333335
8634-MPHTR,47,100.05,Month-to-month,Electronic check,Fiber optic,1,Yes,No,3,16,1.2857142857142858,550.2222222222222,1,1.0,0.0,2.25
2669-QVCRG,41,81.3,Month-to-month,Credit card (automatic),Fiber optic,0,No,No,1,11,0.2222222222222222,483.5,4,0.0,7.6274999999999995,5.375
2478-EEWWM,59,44.3,Month-to-month,Electronic check,DSL,0,Yes,No,2,18,0.38461538461538464,255.8,4,0.0,8.5,2.4285714285714284
9174-IHETN,50,70.35,Two year,Credit card (automatic),Fiber optic,0,No,Yes,0,30,0.42857142857142855,760.6666666666666,5,0.2,17.245,0.0
2233-TXSIU,17,44.45,One year,Credit card (automatic),DSL,0,Yes,Yes,3,20,0.5384615384615384,392.2857142857143,4,0.75,8.94,3.107142857142857
9644-UMGQA,6,49.15,Month-to-month,Electronic check,DSL,0,Yes,Yes,1,24,0.4117647058823529,419.85714285714283,1,0.0,7.6,3.888888888888889
3256-EZDBI,51,29.45,Month-to-month,Credit card (automatic),DSL,1,Yes,No,1,14,1.0,378.2857142857143,5,0.0,4.478,3.125
8761-NSOBC,44,100.55,Month-to-month,Electronic check,Fiber optic,0,No,No,4,29,0.5263157894736842,328.5,3,0.6666666666666666,36.92,3.0357142857142856
0419-YAAPX,49,85.3,Month-to-month,Credit card (automatic),Fiber optic,0,Yes,No,2,20,0.42857142857142855,406.5,4,0.0,3.8099999999999996,5.25
8413-VONUO,2,95.65,Month-to-month,Electronic check,Fiber optic,0,No,No,3,15,0.36363636363636365,402.25,3,0.6666666666666666,33.55,3.9473684210526314
0872-CASZJ,59,69.1,One year,Mailed check,DSL,0,Yes,No,3,14,0.4,708.0,0,0.0,0.0,8.35
4726-DLWQN,50,70.35,Month-to-month,Bank transfer (automatic),DSL,1,No,No,3,30,0.5,610.8,3,0.3333333333333333,4.775,3.6666666666666665
8164-OCKUJ,59,20.6,Two year,Mailed check,No,0,Yes,Yes,0,29,0.16,441.0,1,0.0,7.06,0.0
3094-JOJAI,18,74.15,Month-to-month,Mailed check,Fiber optic,0,No,No,0,23,1.875,688.9333333333333,4,0.5,13.815,0.0
9494-MRNYX,10,75.05,Month-to-month,Electronic check,Fiber optic,0,No,No,0,15,0.875,369.85714285714283,4,0.25,22.996666666666666,0.0
2599-CZABP,14,44.6,One year,Electronic check,DSL,0,Yes,No,0,14,1.0,492.2857142857143,4,0.25,10.606666666666667,0.0
7945-PRBVF,35,21.45,Two year,Bank transfer (automatic),No,0,No,No,0,25,0.5625,501.44444444444446,1,0.0,8.84,0.0
4544-RXFMG,8,43.45,One year,Mailed check,DSL,0,Yes,Yes,0,24,0.6,360.44444444444446,2,0.0,11.3,0.0
0859-YGKFW,18,20.05,One year,Bank transfer (automatic),No,0,Yes,Yes,0,16,0.3333333333333333,433.25,2,0.0,11.56,0.0
1150-FTQGN,60,94.15,One year,Bank transfer (automatic),Fiber optic,0,Yes,Yes,3,24,0.7142857142857143,465.7,5,0.2,10.285,4.586206896551724
9223-UCPVT,1,94.4,Month-to-month,Electronic check,Fiber optic,0,No,No,3,14,0.2727272727272727,333.6666666666667,3,0.0,51.07,5.2272727272727275
7196-LIWRH,6,19.55,Two year,Mailed check,No,0,No,No,0,12,0.09090909090909091,477.0,3,0.0,38.57333333333333,0.0
5448-VWNAM,19,75.9,Month-to-month,Mailed check,DSL,0,No,Yes,4,22,0.5714285714285714,334.875,2,0.0,4.195,5.6
1177-XZBJL,53,64.15,One year,Bank transfer (automatic),DSL,0,Yes,Yes,3,11,0.8333333333333334,599.2,1,0.0,6.7,9.222222222222221
3518-FSTWG,72,109.55,Two year,Bank transfer (automatic),Fiber optic,1,Yes,No,5,16,0.06666666666666667,373.0,2,0.0,6.335,26.977777777777778
9330-VOFSZ,60,110.8,Two year,Credit card (automatic),Fiber optic,0,Yes,No,5,19,0.7272727272727273,506.625,1,0.0,5.04,3.375
4351-QLCSU,1,55.0,Month-to-month,Credit card (automatic),DSL,0,No,No,1,29,0.20833333333333334,243.8,5,0.0,7.3420000000000005,10.25
0939-EREMR,13,53.45,Month-to-month,Mailed check,DSL,0,No,Yes,2,25,0.3888888888888889,557.4285714285714,1,1.0,0.0,8.583333333333334
9389-ACWBI,5,69.95,Month-to-month,Credit card (automatic),Fiber optic,0,Yes,Yes,0,15,0.6666666666666666,377.1666666666667,3,0.0,13.383333333333333,0.0
5419-JPRRN,1,101.45,Month-to-month,Electronic check,Fiber optic,0,No,No,3,30,0.6666666666666666,334.25,4,0.75,11.34,1.4666666666666666
3644-QXEHN,13,97.0,Month-to-month,Electronic check,Fiber optic,0,Yes,Yes,3,19,1.1111111111111112,717.5,5,0.2,20.2675,6.0
2911-IJORQ,37,90.6,One year,Bank transfer (automatic),DSL,0,No,No,6,28,0.47368421052631576,285.55555555555554,1,1.0,0.0,4.592592592592593
5921-NGYRH,64,73.55,Month-to-month,Mailed check,Fiber optic,0,Yes,No,1,29,0.8125,383.84615384615387,0,0.0,0.0,3.9166666666666665
2100-BDNSN,5,67.95,Month-to-month,Bank transfer (automatic),DSL,0,Yes,No,3,22,1.4444444444444444,629.7692307692307,2,0.0,28.975,7.0
5998-DZLYR,61,94.35,Two year,Bank transfer (automatic),Fiber optic,0,Yes,No,3,14,0.4,783.75,1,0.0,30.5,10.923076923076923
0488-GSLFR,1,69.5,Month-to-month,Electronic check,Fiber optic,0,No,No,0,16,0.23076923076923078,430.3333333333333,2,0.0,22.155,0.0
9318-NKNFC,1,18.85,Month-to-month,Mailed check,No,0,No,No,0,28,0.2727272727272727,574.1666666666666,2,1.0,0.0,0.0
3985-HOYPM,26,19.4,One year,Mailed check,No,0,No,No,0,29,0.45,362.44444444444446,1,0.0,5.29,0.0
9728-FTTVZ,1,69.2,Month-to-month,Electronic check,Fiber optic,0,No,No,0,10,1.0,421.8,4,0.5,28.525,0.0
9548-LERKT,24,19.75,Two year,Mailed check,No,0,Yes,No,0,20,0.8181818181818182,711.5555555555555,3,0.6666666666666666,8.13,0.0
6576-FBXOJ,17,54.6,One year,Electronic check,DSL,0,Yes,No,4,12,0.3333333333333333,460.0,0,0.0,0.0,3.6216216216216215
4310-KEDTB,26,29.8,Month-to-month,Mailed check,DSL,0,No,Yes,1,29,0.5263157894736842,474.4,0,0.0,0.0,4.0
7254-IQWOZ,1,69.65,Month-to-month,Electronic check,Fiber optic,0,No,No,0,29,0.3181818181818182,336.42857142857144,1,1.0,0.0,0.0
2474-BRUCM,40,101.85,Month-to-month,Electronic check,Fiber optic,1,Yes,No,3,13,0.3,643.6666666666666,3,0.0,24.599999999999998,4.545454545454546
4062-HBMOS,52,103.05,Month-to-month,Electronic check,Fiber optic,0,No,No,4,10,0.42857142857142855,236.0,4,0.0,10.8225,4.027777777777778
0742-NXBGR,1,82.3,Month-to-month,Electronic check,Fiber optic,0,No,No,2,26,0.4444444444444444,551.25,4,0.25,13.160000000000002,3.7142857142857144
2676-ISHSF,1,20.3,Month-to-month,Mailed check,No,0,No,No,0,29,0.6111111111111112,393.0,2,0.0,15.225000000000001,0.0
9236-NDUCW,21,35.1,Two year,Mailed check,DSL,0,No,No,2,26,0.5294117647058824,423.77777777777777,0,0.0,0.0,7.7894736842105265
4753-PADAS,67,105.7,One year,Bank transfer (automatic),Fiber optic,0,Yes,No,4,13,0.4444444444444444,513.5,4,0.25,4.3133333333333335,5.333333333333333
6103-QCKFX,44,56.25,Month-to-month,Bank transfer (automatic),DSL,0,Yes,Yes,2,27,0.35,312.57142857142856,1,0.0,6.96,5.190476190476191
7781-EWARA,70,60.35,One year,Electronic check,DSL,0,Yes,Yes,5,28,0.4,351.0,2,0.0,10.54,9.804878048780488
6110-OHIHY,3,79.25,Month-to-month,Electronic check,Fiber optic,0,No,No,1,26,0.625,557.7,1,1.0,0.0,3.5
7018-FPXHH,56,59.8,Two year,Bank transfer (automatic),DSL,0,Yes,Yes,3,21,1.1,707.9090909090909,3,0.3333333333333333,11.455,3.4285714285714284
5889-LFOLL,13,84.6,Month-to-month,Electronic check,Fiber optic,0,No,No,1,15,0.36363636363636365,316.0,1,0.0,30.69,4.142857142857143
5708-EVONK,58,93.4,Month-to-month,Bank transfer (automatic),Fiber optic,0,Yes,Yes,3,10,0.25,433.5,3,0.0,11.049999999999999,2.272727272727273
8708-XPXHZ,42,94.2,Month-to-month,Electronic check,Fiber optic,0,Yes,Yes,2,27,0.42105263157894735,639.0,1,1.0,0.0,2.0
0616-ATFGB,1,25.05,Month-to-month,Electronic check,DSL,1,Yes,No,0,20,0.5384615384615384,659.7142857142857,2,0.5,62.2,0.0
0572-ZJKLT,46,99.65,Two year,Mailed check,Fiber optic,0,Yes,Yes,4,15,0.5,1033.4,2,0.0,4.62,6.081081081081081
5135-RDDQL,63,50.65,Two year,Bank transfer (automatic),DSL,0,Yes,Yes,1,12,1.4,586.4285714285714,3,0.6666666666666666,3.04,2.4
1353-LJWEM,11,60.9,Month-to-month,Electronic check,DSL,0,No,No,3,29,0.7058823529411765,550.8333333333334,1,0.0,27.75,10.5
1794-SWWKL,15,59.65,Month-to-month,Bank transfer (automatic),DSL,0,Yes,Yes,2,13,0.4444444444444444,674.75,0,0.0,0.0,15.3
6166-YIPFO,72,64.7,Two year,Electronic check,DSL,0,Yes,No,6,16,0.6,531.3333333333334,0,0.0,0.0,4.375
7016-BPGEU,29,25.1,Month-to-month,Credit card (automatic),DSL,0,No,No,0,23,0.4375,288.85714285714283,2,0.0,7.43,0.0
6876-ADESB,1,48.95,Month-to-month,Electronic check,DSL,0,No,Yes,1,17,1.125,484.3333333333333,3,0.3333333333333333,13.989999999999998,7.166666666666667
9332-GYWLO,6,54.85,Month-to-month,Electronic check,DSL,0,Yes,Yes,1,11,0.0,0.0,2,0.0,4.705,7.923076923076923
1963-SVUCV,1,45.3,Month-to-month,Electronic check,DSL,0,No,No,0,10,2.3333333333333335,432.0,2,0.0,13.265,0.0
4184-VODJZ,63,91.35,One year,Electronic check,Fiber optic,0,Yes,Yes,2,18,1.25,716.4,0,0.0,0.0,13.318181818181818
0220-EBGCE,2,85.85,Month-to-month,Electronic check,Fiber optic,0,No,No,2,13,0.4444444444444444,398.75,2,1.0,0.0,5.625
1092-WPIVQ,18,25.1,Two year,Mailed check,No,0,Yes,Yes,0,11,0.375,575.6666666666666,2,0.0,2.115,0.0
7233-IOQNP,43,34.0,Month-to-month,Bank transfer (automatic),DSL,0,Yes,No,2,12,0.3333333333333333,759.3333333333334,3,0.0,25.12,10.15
2834-JKOOW,15,45.9,One year,Mailed check,DSL,0,No,No,4,13,0.625,249.0,1,0.0,7.49,17.264705882352942
2754-VDLTR,10,95.2,Month-to-month,Electronic check,Fiber optic,0,No,Yes,2,21,0.10526315789473684,298.0,1,0.0,45.22,2.888888888888889
2400-FEQME,55,20.5,Two year,Mailed check,No,0,Yes,Yes,0,26,0.8571428571428571,547.3333333333334,3,0.0,12.030000000000001,0.0
3190-XFANI,49,100.6,One year,Bank transfer (automatic),Fiber optic,0,No,Yes,3,29,0.3181818181818182,412.2857142857143,1,1.0,0.0,4.0625
7551-DACSP,6,55.3,Month-to-month,Mailed check,DSL,0,Yes,Yes,2,24,0.5,647.75,2,1.0,0.0,3.0
4957-SREEC,70,20.35,Two year,Credit card (automatic),No,0,Yes,Yes,0,12,0.2,561.0,2,0.0,12.149999999999999,0.0
7235-NXZCP,2,74.85,Month-to-month,Mailed check,Fiber optic,1,No,No,0,19,0.35714285714285715,319.0,5,0.0,130.294,0.0
0230-UBYPQ,63,36.1,One year,Bank transfer (automatic),DSL,1,Yes,No,2,10,0.42857142857142855,629.3333333333334,1,0.0,4.57,9.533333333333333
4923-ADWXJ,25,65.8,Month-to-month,Bank transfer (automatic),DSL,0,No,No,3,10,0.42857142857142855,204.66666666666666,1,0.0,3.28,6.142857142857143
1763-KUAAW,18,20.35,One year,Bank transfer (automatic),No,1,No,No,0,11,0.375,501.6666666666667,2,0.5,5.21,0.0
1104-TNLZA,28,105.8,Month-to-month,Electronic check,Fiber optic,1,Yes,No,4,27,0.8,627.5833333333334,2,0.0,3.875,4.2
5195-KPUNQ,53,96.75,One year,Mailed check,Fiber optic,1,No,No,4,27,0.6875,543.7272727272727,2,1.0,0.0,6.928571428571429
0520-FDVVT,35,102.35,One year,Bank transfer (automatic),Fiber optic,0,No,No,4,11,0.2222222222222222,748.0,4,0.5,10.684999999999999,2.272727272727273
3439-GVUSX,1,24.4,Month-to-month,Mailed check,DSL,0,No,No,0,19,0.7272727272727273,323.625,2,0.5,5.87,0.0
1444-VVSGW,70,115.65,One year,Credit card (automatic),Fiber optic,0,Yes,No,6,13,0.8571428571428571,500.6666666666667,0,0.0,0.0,14.058823529411764
5712-PTIWW,2,79.85,Month-to-month,Electronic check,Fiber optic,0,No,No,2,15,0.6666666666666666,303.6666666666667,1,0.0,14.92,2.9
5949-HGVJL,26,73.05,Month-to-month,Electronic check,DSL,0,Yes,No,4,14,0.16666666666666666,428.0,0,0.0,0.0,11.707317073170731
5203-XEHAX,34,64.35,One year,Electronic check,DSL,0,No,No,3,13,0.625,417.0,1,0.0,14.7,6.454545454545454
1635-HDGFT,19,20.5,Two year,Mailed check,No,0,No,Yes,0,18,0.6363636363636364,659.1428571428571,1,0.0,9.98,0.0
3315-TOTBP,15,76.0,Month-to-month,Mailed check,Fiber optic,0,No,No,0,19,0.5833333333333334,569.1428571428571,4,0.5,16.285,0.0
8050-XGRVL,62,54.75,One year,Credit card (automatic),DSL,0,Yes,Yes,2,30,0.42857142857142855,703.1111111111111,4,0.0,8.75,4.363636363636363
6661-HBGWL,42,104.75,Month-to-month,Bank transfer (automatic),Fiber optic,1,No,No,4,23,0.2777777777777778,485.4,5,0.0,8.102,3.310344827586207
1518-VOWAV,9,74.65,Month-to-month,Electronic check,DSL,0,No,No,4,24,0.2631578947368421,346.8,3,0.6666666666666666,2.75,5.142857142857143
9828-QHFBK,24,51.15,Month-to-month,Electronic check,DSL,0,No,No,1,13,0.8571428571428571,767.5,2,0.0,4.0649999999999995,7.571428571428571
3908-MKIMJ,68,41.95,Two year,Electronic check,DSL,1,Yes,No,3,10,0.6666666666666666,883.0,4,0.0,12.610000000000001,7.68
5012-YSPJJ,31,54.35,Month-to-month,Mailed check,DSL,0,Yes,Yes,2,21,0.6153846153846154,366.375,1,0.0,13.61,6.428571428571429
5909-ECHUI,1,56.25,Month-to-month,Electronic check,DSL,0,No,No,1,25,0.3157894736842105,407.5,3,0.3333333333333333,21.25,5.0
1309-BXVOQ,21,106.1,Month-to-month,Electronic check,Fiber optic,0,Yes,No,4,29,0.6111111111111112,633.8181818181819,0,0.0,0.0,9.481481481481481
6728-VOIFY,63,96.0,One year,Electronic check,Fiber optic,0,Yes,No,3,15,0.25,568.6666666666666,4,0.0,1.8575,6.761904761904762
9317-WZPGV,2,79.75,Month-to-month,Bank transfer (automatic),Fiber optic,1,No,No,1,21,0.6153846153846154,554.5,5,0.4,16.416666666666668,2.3333333333333335
4891-NLUBA,61,61.45,Two year,Bank transfer (automatic),DSL,0,Yes,Yes,5,13,0.4444444444444444,484.5,0,0.0,0.0,8.0
2856-HYAPG,1,68.65,Month-to-month,Electronic check,Fiber optic,0,No,No,0,27,0.2857142857142857,465.0,1,0.0,23.68,0.0
8969-PRHFK,18,19.65,One year,Mailed check,No,0,No,No,0,24,0.4117647058823529,385.14285714285717,0,0.0,0.0,0.0
0661-KQHNK,6,19.0,One year,Credit card (automatic),No,0,Yes,Yes,0,18,0.38461538461538464,354.2,4,0.0,2.5525,0.0
8709-KRDVL,33,100.0,Month-to-month,Electronic check,Fiber optic,0,No,No,3,30,0.42857142857142855,621.3333333333334,1,0.0,7.92,6.925925925925926
4488-PSYCG,16,20.25,Month-to-month,Bank transfer (automatic),No,0,No,No,0,17,0.8888888888888888,489.5,2,0.0,14.565000000000001,0.0
1427-VERSM,56,98.7,Month-to-month,Electronic check,Fiber optic,0,Yes,No,4,28,0.5555555555555556,747.3,3,0.0,11.253333333333332,18.862068965517242
9801-NOSHQ,23,19.8,One year,Mailed check,No,0,No,Yes,0,26,0.625,573.3,0,0.0,0.0,0.0
6339-YPSAH,9,73.8,Month-to-month,Electronic check,Fiber optic,0,No,No,1,13,0.4444444444444444,741.5,2,0.0,9.885,6.333333333333333
3621-CEOVK,14,100.2,Month-to-month,Electronic check,Fiber optic,1,Yes,No,3,18,0.38461538461538464,318.2,3,0.3333333333333333,20.395,6.238095238095238
6906-ANDWJ,15,74.9,Month-to-month,Bank transfer (automatic),Fiber optic,0,Yes,Yes,0,26,0.7333333333333333,457.3636363636364,4,0.5,8.575,0.0
2159-TURXX,5,20.05,Month-to-month,Credit card (automatic),No,0,No,No,0,30,0.6666666666666666,537.0833333333334,2,0.5,9.52,0.0
1548-FEHVL,61,106.2,Month-to-month,Electronic check,Fiber optic,0,Yes,No,4,28,0.12,258.0,1,1.0,0.0,3.242424242424242
3795-CAWEX,70,116.55,Two year,Credit card (automatic),Fiber optic,0,Yes,Yes,6,18,0.5,800.0,1,0.0,13.03,8.565217391304348
6215-NQCPY,15,99.7,Month-to-month,Electronic check,Fiber optic,0,No,No,3,23,0.6428571428571429,366.3333333333333,1,0.0,11.8,13.619047619047619
5647-URDKA,8,19.7,Two year,Mailed check,No,0,Yes,Yes,0,10,1.5,322.1666666666667,2,0.0,21.195,0.0
2229-DPMBI,8,19.5,Two year,Mailed check,No,0,Yes,Yes,0,12,0.3333333333333333,490.3333333333333,0,0.0,0.0,0.0
9626-WEQRM,4,29.15,Month-to-month,Mailed check,DSL,0,No,No,1,28,0.6470588235294118,617.2727272727273,5,0.8,11.39,4.8
2188-SXWVT,34,55.0,One year,Mailed check,DSL,0,No,No,2,22,0.4666666666666667,445.85714285714283,5,0.2,10.02,9.545454545454545
6258-PVZWJ,68,90.8,Two year,Credit card (automatic),DSL,0,Yes,No,6,15,0.875,593.7142857142857,0,0.0,0.0,4.719298245614035
1094-BKOSX,45,51.0,One year,Bank transfer (automatic),DSL,0,Yes,Yes,4,27,0.5882352941176471,661.9,5,0.2,42.71,8.516129032258064
6969-MVBAI,9,90.1,Month-to-month,Electronic check,Fiber optic,1,No,No,2,15,0.5,600.4,1,1.0,0.0,5.857142857142857
2978-XXSOG,22,59.05,Month-to-month,Mailed check,DSL,0,No,No,2,28,0.6470588235294118,503.72727272727275,0,0.0,0.0,3.9130434782608696
2342-CKIAO,2,20.3,Month-to-month,Mailed check,No,0,No,No,0,12,0.5,683.5,0,0.0,0.0,0.0
6953-PBDIN,70,72.95,Two year,Bank transfer (automatic),DSL,0,Yes,No,4,28,0.2727272727272727,462.5,2,0.0,29.735,7.818181818181818
3898-BSJYF,10,73.55,One year,Credit card (automatic),DSL,0,No,Yes,4,15,0.25,760.0,0,0.0,0.0,8.282051282051283
3938-YFPXD,72,84.3,Two year,Credit card (automatic),DSL,0,No,No,5,14,0.4,553.0,4,0.0,11.6325,2.888888888888889
7696-AMHOD,49,78.0,One year,Credit card (automatic),DSL,0,Yes,Yes,4,22,0.4666666666666667,352.0,2,0.0,5.875,4.634146341463414
2453-SAFNS,54,72.1,One year,Mailed check,DSL,1,No,No,3,17,0.3076923076923077,356.75,0,0.0,0.0,2.35
9558-IHEZX,71,106.75,Two year,Credit card (automatic),Fiber optic,0,No,No,5,17,0.5454545454545454,631.3333333333334,5,0.2,9.455,3.8857142857142857
9617-UDPEU,22,19.25,One year,Mailed check,No,0,No,No,0,27,0.2857142857142857,278.5,0,0.0,0.0,0.0
6340-DACFT,50,20.55,Two year,Credit card (automatic),No,0,Yes,Yes,0,11,0.8333333333333334,625.4,2,0.0,5.41,0.0
4955-VCWBI,43,20.0,One year,Mailed check,No,0,Yes,Yes,0,11,1.2,601.1666666666666,0,0.0,0.0,0.0
6813-GZQCG,45,24.65,Two year,Credit card (automatic),No,0,Yes,Yes,0,24,0.7142857142857143,449.3,4,0.25,7.366666666666667,0.0
7426-GSWPO,64,103.5,Month-to-month,Bank transfer (automatic),Fiber optic,1,No,No,4,14,0.4,1009.75,5,0.2,9.432500000000001,10.307692307692308
3389-KTRXV,23,23.85,Two year,Mailed check,No,0,Yes,Yes,0,23,1.0909090909090908,667.25,4,0.25,24.75333333333333,0.0
3118-UHVVQ,68,25.8,Two year,Credit card (automatic),No,0,Yes,No,0,29,0.45,500.77777777777777,1,0.0,7.99,0.0
1031-IIDEO,1,70.85,Month-to-month,Electronic check,Fiber optic,0,No,No,0,27,0.5,393.44444444444446,5,0.4,19.273333333333333,0.0
5832-XKAES,2,69.8,Month-to-month,Credit card (automatic),Fiber optic,0,No,No,0,13,0.8571428571428571,392.8333333333333,1,0.0,92.18,0.0
3205-MXZRA,26,59.45,One year,Credit card (automatic),DSL,0,No,No,2,23,0.4375,585.1428571428571,0,0.0,0.0,5.052631578947368
4701-AHWMW,55,54.55,Month-to-month,Bank transfer (automatic),DSL,0,Yes,No,4,30,1.0,568.7333333333333,2,0.5,26.17,16.821428571428573
8317-BVKSO,14,20.05,Month-to-month,Electronic check,No,0,No,No,0,18,0.6363636363636364,512.8571428571429,2,0.5,27.25,0.0
5702-KVQRD,71,82.55,Two year,Electronic check,DSL,0,Yes,No,5,12,0.5,439.25,0,0.0,0.0,3.517857142857143
0083-PIVIK,64,81.25,One year,Electronic check,DSL,0,No,No,5,14,0.5555555555555556,722.2,1,0.0,6.21,2.6
9210-IAHGH,7,70.75,Month-to-month,Credit card (automatic),DSL,0,No,No,3,16,0.14285714285714285,247.5,1,0.0,19.98,3.5555555555555554
6169-PGNCD,57,74.3,Two year,Credit card (automatic),DSL,0,No,No,5,20,0.42857142857142855,701.3333333333334,0,0.0,0.0,3.235294117647059
0023-XUOPT,13,94.1,Month-to-month,Electronic check,Fiber optic,0,Yes,No,3,23,0.35294117647058826,445.6666666666667,3,0.6666666666666666,7.79,9.461538461538462
4592-IWTJI,3,29.7,Month-to-month,Credit card (automatic),DSL,0,Yes,Yes,1,12,0.7142857142857143,442.0,2,0.5,31.94,11.0
4909-JOUPP,72,109.7,Two year,Credit card (automatic),Fiber optic,1,Yes,No,5,12,0.3333333333333333,468.3333333333333,0,0.0,0.0,3.911111111111111
4657-FWVFY,40,96.35,Month-to-month,Credit card (automatic),Fiber optic,0,Yes,Yes,3,23,1.875,623.2,1,0.0,6.58,3.576923076923077
2257-BOVXD,14,66.6,Month-to-month,Credit card (automatic),DSL,0,Yes,No,2,16,0.45454545454545453,464.0,0,0.0,0.0,7.583333333333333
7729-JTEEC,2,44.5,Month-to-month,Electronic check,DSL,0,Yes,Yes,0,15,0.25,745.3333333333334,1,0.0,38.67,0.0
7632-MNYOY,66,110.9,One year,Credit card (automatic),Fiber optic,1,No,No,5,28,0.47368421052631576,383.3333333333333,0,0.0,0.0,2.433333333333333
6518-LGAOV,38,105.0,Month-to-month,Electronic check,Fiber optic,0,Yes,No,4,21,0.6153846153846154,585.5,0,0.0,0.0,4.5
7242-QZLXF,1,25.3,Month-to-month,Electronic check,DSL,0,No,Yes,0,24,0.043478260869565216,410.0,1,0.0,9.21,0.0
4576-CSAJH,22,55.15,One year,Credit card (automatic),DSL,0,No,No,2,29,0.9333333333333333,629.0,0,0.0,0.0,7.4
1000-AJSLD,1,20.1,Month-to-month,Mailed check,No,0,No,No,0,21,0.9090909090909091,534.1,2,0.5,7.82,0.0
9696-RMYBA,5,80.1,Month-to-month,Mailed check,Fiber optic,0,No,No,1,30,0.7647058823529411,521.9230769230769,3,1.0,0.0,2.7777777777777777
8690-UPCZI,29,69.05,One year,Bank transfer (automatic),DSL,0,Yes,Yes,3,11,0.1,180.0,4,0.0,11.692499999999999,16.545454545454547
1062-LHZOD,1,69.9,Month-to-month,Mailed check,Fiber optic,0,Yes,Yes,0,25,0.47058823529411764,421.875,1,1.0,0.0,0.0
9770-LXDBK,3,20.4,Month-to-month,Mailed check,No,0,No,No,0,11,0.5714285714285714,810.5,0,0.0,0.0,0.0
4086-WITJG,71,19.7,Two year,Credit card (automatic),No,0,Yes,Yes,0,29,0.8125,683.9230769230769,2,0.0,3.015,0.0
8344-WFMFH,9,50.1,Month-to-month,Electronic check,DSL,0,No,Yes,1,19,0.26666666666666666,543.25,0,0.0,0.0,7.8
9600-NAXZN,43,101.4,Month-to-month,Electronic check,Fiber optic,0,No,No,3,21,0.4,297.8333333333333,4,0.5,26.18,3.875
8822-KNBHV,48,83.45,One year,Credit card (automatic),DSL,0,No,No,5,16,0.7777777777777778,466.57142857142856,5,0.0,10.725999999999999,10.69767441860465
8404-FYDIB,26,86.65,Month-to-month,Credit card (automatic),Fiber optic,0,No,No,2,12,0.7142857142857143,645.2,4,0.25,13.533333333333331,2.3125
2791-SFVEW,9,20.15,Month-to-month,Bank transfer (automatic),No,0,No,No,0,12,0.2,654.5,3,0.0,7.46,0.0
6457-USBER,1,80.8,Month-to-month,Electronic check,Fiber optic,0,No,No,1,11,0.2222222222222222,1013.0,3,0.0,76.49666666666667,2.3333333333333335
6762-NSODU,46,19.4,Two year,Credit card (automatic),No,0,Yes,Yes,0,26,0.625,558.7,1,0.0,7.36,0.0
4662-EKDPQ,2,62.05,Month-to-month,Bank transfer (automatic),DSL,0,No,No,1,16,0.3333333333333333,504.25,1,0.0,6.23,2.625
9248-OJYKK,1,76.45,Month-to-month,Electronic check,Fiber optic,1,No,No,0,21,0.5,778.1428571428571,2,0.0,50.114999999999995,0.0
9888-ZCUMM,64,60.05,Two year,Bank transfer (automatic),DSL,0,Yes,Yes,5,23,0.5333333333333333,601.875,1,0.0,7.44,5.0
3398-FSHON,12,91.3,Month-to-month,Electronic check,Fiber optic,1,No,No,2,25,1.0833333333333333,418.61538461538464,2,0.0,24.265,2.9375
3319-DWOEP,6,95.75,Month-to-month,Electronic check,Fiber optic,1,Yes,No,3,18,0.6363636363636364,743.7142857142857,2,0.0,10.62,2.7777777777777777
1074-WVEVG,59,20.35,One year,Mailed check,No,0,Yes,No,0,25,0.5625,810.3333333333334,0,0.0,0.0,0.0
9979-RGMZT,7,94.05,One year,Mailed check,Fiber optic,0,No,No,3,13,0.4444444444444444,370.25,4,0.0,8.615,5.5625
6437-UDQJM,72,84.1,Two year,Credit card (automatic),DSL,1,Yes,No,5,21,0.5,584.1428571428571,5,0.6,18.685,4.8604651162790695
1226-IENZN,16,78.75,Month-to-month,Electronic check,Fiber optic,1,No,No,1,28,0.6470588235294118,505.3636363636364,0,0.0,0.0,3.7142857142857144
2108-GLPQB,25,55.55,Month-to-month,Credit card (automatic),DSL,0,Yes,No,1,29,0.5263157894736842,556.1,0,0.0,0.0,3.25
9259-PACGQ,34,62.65,Month-to-month,Electronic check,DSL,0,Yes,No,3,25,0.3157894736842105,321.0,2,0.0,29.61,4.105263157894737
4415-IJZTP,1,74.5,Month-to-month,Electronic check,Fiber optic,0,No,No,0,30,0.2,342.0,4,0.25,28.71666666666667,0.0
1465-VINDH,10,102.1,Month-to-month,Credit card (automatic),Fiber optic,0,Yes,Yes,4,28,0.21739130434782608,414.2,3,0.3333333333333333,28.85,6.6521739130434785
5474-LAMUQ,24,20.1,One year,Mailed check,No,0,Yes,No,0,14,0.2727272727272727,759.0,1,0.0,2.08,0.0
3468-DRVQJ,10,70.3,One year,Electronic check,DSL,0,Yes,Yes,3,17,0.3076923076923077,216.25,0,0.0,0.0,7.2631578947368425
1122-YJBCS,69,53.65,One year,Credit card (automatic),DSL,0,Yes,No,2,30,0.36363636363636365,724.625,2,0.0,3.295,7.611111111111111
4990-ALDGW,57,20.75,Two year,Mailed check,No,0,No,No,0,10,0.6666666666666666,640.25,0,0.0,0.0,0.0
4816-OKWNX,50,103.4,One year,Bank transfer (automatic),Fiber optic,0,Yes,Yes,5,28,0.5555555555555556,405.4,0,0.0,0.0,9.81081081081081
3315-IKYZQ,28,50.8,One year,Mailed check,DSL,0,Yes,Yes,4,13,1.1666666666666667,717.0,1,0.0,32.75,3.9696969696969697
2810-FTLEM,16,50.15,Month-to-month,Electronic check,DSL,0,No,No,1,24,0.4117647058823529,287.42857142857144,5,0.4,7.123333333333334,7.125
4747-LCAQL,25,79.0,Month-to-month,Mailed check,DSL,0,No,No,5,16,0.6,437.1666666666667,1,0.0,18.47,7.410256410256411
3411-WLRSQ,3,74.6,Month-to-month,Bank transfer (automatic),Fiber optic,1,Yes,No,1,24,0.3333333333333333,440.6666666666667,3,0.0,4.626666666666666,2.5454545454545454
0898-XCGTF,61,96.5,One year,Bank transfer (automatic),Fiber optic,0,Yes,No,2,27,0.8,726.8333333333334,3,0.0,6.44,3.5238095238095237
8006-PYCSW,2,20.1,Month-to-month,Mailed check,No,0,No,No,0,10,0.6666666666666666,946.0,1,0.0,50.09,0.0
8249-THVEC,51,19.4,One year,Mailed check,No,0,Yes,Yes,0,28,0.8666666666666667,506.61538461538464,0,0.0,0.0,0.0
8722-PRFDV,71,77.55,Two year,Credit card (automatic),DSL,0,Yes,Yes,4,17,0.5454545454545454,521.5,3,0.3333333333333333,31.865000000000002,9.166666666666666
2164-SOQXL,20,20.05,Month-to-month,Mailed check,No,0,Yes,Yes,0,20,0.5384615384615384,461.2857142857143,4,0.5,6.255,0.0
4020-KIUDI,6,19.85,Month-to-month,Credit card (automatic),No,0,Yes,Yes,0,22,1.0,487.90909090909093,0,0.0,0.0,0.0
5850-BDWCY,6,20.2,Month-to-month,Mailed check,No,0,No,No,0,27,0.35,435.57142857142856,1,0.0,4.44,0.0
2038-YSEZE,29,67.45,Month-to-month,Mailed check,DSL,0,No,No,3,17,1.4285714285714286,567.7,0,0.0,0.0,8.1
0827-ITJPH,36,18.55,Two year,Credit card (automatic),No,0,No,No,0,25,0.7857142857142857,525.9090909090909,2,0.5,14.87,0.0
8799-OXZMD,28,29.75,Month-to-month,Mailed check,DSL,0,No,No,1,21,0.6153846153846154,595.0,2,0.0,4.1899999999999995,5.363636363636363
1925-TIBLE,7,86.5,Month-to-month,Electronic check,Fiber optic,0,Yes,No,1,26,0.5294117647058824,467.0,2,0.5,33.72,3.6666666666666665
1705-GUHPV,63,24.2,Two year,Mailed check,No,0,No,No,0,10,0.25,915.0,3,0.3333333333333333,12.29,0.0
4779-ZGICK,48,23.55,Two year,Mailed check,No,0,Yes,Yes,0,27,0.5882352941176471,442.5,1,0.0,10.58,0.0
0048-PIHNL,49,20.45,One year,Bank transfer (automatic),No,0,Yes,No,0,11,0.375,394.6666666666667,1,0.0,17.01,0.0
0818-OCPZO,27,81.45,Month-to-month,Electronic check,Fiber optic,1,No,No,1,16,0.45454545454545453,307.8,2,0.0,8.64,4.5
3967-KXAPS,72,92.3,Two year,Credit card (automatic),DSL,0,Yes,No,6,12,1.0,329.8333333333333,1,0.0,18.74,5.254545454545455
1447-GIQMR,1,69.15,Month-to-month,Electronic check,Fiber optic,0,Yes,No,0,20,0.8181818181818182,398.3333333333333,3,0.3333333333333333,23.810000000000002,0.0
3704-IEAXF,72,53.65,Two year,Credit card (automatic),DSL,0,Yes,Yes,4,13,0.18181818181818182,377.0,2,0.5,16.42,5.1
6810-VCAEX,47,39.65,One year,Credit card (automatic),DSL,0,No,No,3,20,0.6666666666666666,443.0,0,0.0,0.0,8.73913043478261
0674-EYYZV,1,54.65,Month-to-month,Electronic check,DSL,0,No,No,1,19,0.26666666666666666,505.5,0,0.0,0.0,9.5
4480-MBMLB,36,104.8,One year,Bank transfer (automatic),Fiber optic,0,No,No,4,21,1.3333333333333333,584.9166666666666,0,0.0,0.0,3.7058823529411766
1395-OFUWC,43,29.3,Month-to-month,Credit card (automatic),DSL,0,Yes,Yes,1,16,0.6,393.6666666666667,0,0.0,0.0,6.6
0822-QGCXA,27,83.85,Month-to-month,Electronic check,DSL,1,Yes,No,5,29,0.2608695652173913,315.0,1,0.0,38.7,12.071428571428571
0872-NXJYS,9,79.55,Month-to-month,Electronic check,Fiber optic,0,No,No,1,17,0.4166666666666667,408.8,4,0.75,40.97,3.5714285714285716
2832-KJCRD,38,103.65,Month-to-month,Electronic check,Fiber optic,0,No,No,4,12,0.5,578.0,1,0.0,1.52,8.89655172413793
3588-WSTTJ,35,99.05,Month-to-month,Electronic check,Fiber optic,1,No,No,3,11,0.8333333333333334,478.0,4,0.25,24.639999999999997,7.4
4075-WKNIU,0,73.35,Two year,Mailed check,DSL,0,Yes,Yes,4,22,0.5714285714285714,581.0,0,0.0,0.0,3.625
5090-EMGTC,59,100.05,Two year,Mailed check,Fiber optic,0,Yes,No,4,17,0.21428571428571427,327.3333333333333,1,1.0,0.0,3.2903225806451615
2346-CZYIL,27,20.35,Two year,Credit card (automatic),No,0,No,No,0,27,0.5,456.3333333333333,2,0.0,3.085,0.0
3798-EPWRR,2,43.95,Month-to-month,Electronic check,DSL,1,No,No,0,27,0.42105263157894735,374.375,4,0.0,10.217500000000001,0.0
6258-NGCNG,7,23.5,Month-to-month,Mailed check,No,0,No,No,0,23,1.3,439.9230769230769,1,0.0,51.48,0.0
4186-ZBUEW,36,70.7,One year,Mailed check,DSL,0,No,No,3,19,0.1875,581.0,2,0.0,27.045,5.24
5274-XHAKY,41,94.3,Month-to-month,Bank transfer (automatic),Fiber optic,0,Yes,Yes,3,11,0.5714285714285714,579.5,3,0.0,4.923333333333334,2.3157894736842106
1442-BQPVU,13,29.15,Month-to-month,Electronic check,DSL,0,No,No,1,13,1.1666666666666667,819.0,0,0.0,0.0,3.1666666666666665
3978-YNKDD,19,20.85,Two year,Credit card (automatic),No,0,No,Yes,0,16,0.6,426.6666666666667,2,1.0,0.0,0.0
4940-KHCWD,60,37.7,Two year,Bank transfer (automatic),DSL,0,Yes,No,3,29,0.6111111111111112,662.4545454545455,1,0.0,31.15,5.290322580645161
9412-ARGBX,48,95.5,Two year,Mailed check,Fiber optic,0,No,Yes,4,14,0.4,546.75,1,0.0,70.24,5.774193548387097
1389-CXMLU,3,91.05,Month-to-month,Electronic check,Fiber optic,1,No,No,2,13,1.1666666666666667,405.14285714285717,1,0.0,17.35,2.9285714285714284
9589-ABEPT,69,92.45,Two year,Mailed check,Fiber optic,0,Yes,No,3,29,0.2608695652173913,563.3333333333334,0,0.0,0.0,7.333333333333333
9388-ZEYVT,43,44.15,One year,Electronic check,DSL,0,No,No,3,30,0.5789473684210527,557.9090909090909,2,1.0,0.0,6.384615384615385
0305-SQECB,11,36.05,One year,Mailed check,DSL,0,No,Yes,2,14,0.2727272727272727,171.33333333333334,0,0.0,0.0,5.15
7605-SNLQG,45,50.25,Month-to-month,Credit card (automatic),DSL,0,Yes,No,1,11,0.2222222222222222,362.5,1,0.0,5.75,6.25
4670-TABXH,72,109.75,Two year,Credit card (automatic),Fiber optic,0,Yes,No,5,24,0.4117647058823529,473.2857142857143,0,0.0,0.0,4.696428571428571
5561-NWEVX,2,79.2,Month-to-month,Electronic check,Fiber optic,1,Yes,No,1,15,0.6666666666666666,463.0,0,0.0,0.0,14.666666666666666
0064-SUDOG,12,20.3,Two year,Bank transfer (automatic),No,0,Yes,Yes,0,28,0.3333333333333333,300.57142857142856,0,0.0,0.0,0.0
8561-NMTBD,67,112.35,One year,Credit card (automatic),Fiber optic,0,Yes,Yes,5,20,0.5384615384615384,346.0,1,0.0,35.28,4.42
5161-XEUVX,37,94.3,Two year,Mailed check,Fiber optic,0,Yes,No,3,19,1.375,731.8181818181819,0,0.0,0.0,11.722222222222221
8292-FRFZQ,39,41.15,One year,Bank transfer (automatic),DSL,0,No,No,3,22,0.5714285714285714,388.75,1,1.0,0.0,9.5
8591-NXRCV,41,74.65,Month-to-month,Bank transfer (automatic),DSL,0,No,No,4,12,0.3333333333333333,618.0,0,0.0,0.0,4.948717948717949
7895-VONWT,25,48.25,Month-to-month,Electronic check,DSL,0,No,No,3,13,0.0,0.0,4,0.5,41.035,11.314285714285715
4526-RMTLL,8,76.15,Two year,Credit card (automatic),DSL,0,Yes,Yes,4,10,0.0,0.0,5,0.0,3.618,7.405405405405405
6253-GNHWH,71,71.1,Two year,Mailed check,DSL,0,Yes,Yes,4,11,0.5714285714285714,659.0,1,0.0,5.79,11.59375
4566-NECEV,5,96.55,Month-to-month,Electronic check,Fiber optic,0,No,No,3,25,0.6666666666666666,436.3,2,0.0,33.69,4.666666666666667
8080-POTJR,30,79.3,One year,Credit card (automatic),DSL,0,No,No,4,29,0.6111111111111112,570.7272727272727,2,0.0,26.46,5.27027027027027
6906-MPARY,40,89.6,One year,Credit card (automatic),Fiber optic,0,No,No,3,15,1.5,702.6666666666666,1,0.0,10.5,4.7272727272727275
3662-FXJFO,54,20.5,Two year,Mailed check,No,0,No,No,0,24,1.4,537.8571428571429,1,0.0,3.15,0.0
8107-RZLNV,72,106.3,Two year,Bank transfer (automatic),Fiber optic,0,Yes,No,4,30,0.36363636363636365,337.375,3,0.0,30.063333333333333,8.6
0516-OOHAR,28,100.35,One year,Bank transfer (automatic),Fiber optic,0,Yes,Yes,4,24,0.3333333333333333,472.8333333333333,0,0.0,0.0,5.379310344827586
2027-CWDNU,18,85.6,Month-to-month,Electronic check,Fiber optic,0,Yes,Yes,2,24,0.7142857142857143,324.7,0,0.0,0.0,18.5
2737-WFVYW,2,45.25,Month-to-month,Electronic check,DSL,0,No,No,2,16,0.3333333333333333,338.5,1,0.0,108.17,2.272727272727273
9912-OMZDS,59,106.15,One year,Electronic check,Fiber optic,0,Yes,Yes,4,11,0.375,422.3333333333333,3,0.0,11.06,3.8
3733-ZEECP,22,51.1,Month-to-month,Electronic check,DSL,0,Yes,Yes,1,13,1.6,590.625,0,0.0,0.0,11.444444444444445
7878-RTCZG,1,19.9,Month-to-month,Mailed check,No,0,No,No,0,19,0.5833333333333334,774.5714285714286,1,0.0,13.07,0.0
2452-MRMZF,72,25.7,Two year,Credit card (automatic),No,1,Yes,No,0,18,0.38461538461538464,646.6,2,0.0,5.89,0.0
2272-QAGFO,14,74.3,Month-to-month,Electronic check,Fiber optic,1,No,No,0,16,0.45454545454545453,481.6,1,1.0,0.0,0.0
7103-IPXPJ,50,99.4,One year,Electronic check,Fiber optic,0,Yes,No,3,21,0.4,490.1666666666667,1,1.0,0.0,4.333333333333333
4342-HFXWS,48,69.7,One year,Bank transfer (automatic),DSL,0,Yes,Yes,4,20,1.2222222222222223,526.1818181818181,0,0.0,0.0,7.041666666666667
3545-CNWRG,49,98.35,Month-to-month,Electronic check,Fiber optic,0,Yes,Yes,3,20,0.6666666666666666,440.125,1,0.0,10.48,9.478260869565217
1785-BPHTP,28,85.45,Month-to-month,Electronic check,Fiber optic,0,Yes,Yes,2,22,1.0,552.5454545454545,4,0.25,9.873333333333333,7.166666666666667
4989-LIXVT,68,95.9,Month-to-month,Electronic check,Fiber optic,1,No,No,3,17,0.4166666666666667,331.8,5,0.0,20.541999999999998,21.24
7315-WYOAW,13,100.75,Month-to-month,Electronic check,Fiber optic,0,No,No,3,18,0.8,579.75,1,0.0,2.96,6.185185185185185
1173-XZPYF,11,89.2,Month-to-month,Electronic check,Fiber optic,0,No,No,2,10,0.42857142857142855,509.0,4,0.0,7.8625,21.058823529411764
9850-OWRHQ,3,74.1,Month-to-month,Credit card (automatic),Fiber optic,0,Yes,No,0,25,0.5625,617.4444444444445,3,0.3333333333333333,20.97,0.0
3768-NLUBH,57,100.6,Month-to-month,Electronic check,Fiber optic,1,Yes,No,3,23,0.4375,405.57142857142856,3,0.0,14.44,6.533333333333333
8676-TRMJS,3,75.0,Month-to-month,Mailed check,Fiber optic,0,No,No,0,18,1.0,593.4444444444445,0,0.0,0.0,0.0
2509-TFPJU,72,25.75,Two year,Credit card (automatic),No,0,Yes,No,0,21,0.6153846153846154,597.25,2,0.0,4.08,0.0
9530-GRMJG,70,84.1,Two year,Electronic check,DSL,0,Yes,Yes,5,25,0.5625,591.0,0,0.0,0.0,6.425531914893617
6898-RBTLU,49,79.3,Two year,Bank transfer (automatic),DSL,0,Yes,Yes,4,14,0.75,547.6666666666666,3,0.0,21.823333333333334,3.5675675675675675
5481-NTDOH,67,107.05,One year,Credit card (automatic),Fiber optic,1,Yes,No,4,27,0.5,399.3333333333333,2,0.0,22.51,3.0256410256410255
2068-WWXQZ,46,20.05,Two year,Bank transfer (automatic),No,0,No,No,0,12,0.7142857142857143,700.2,2,0.5,2.76,0.0
7359-SSBJK,64,70.2,Two year,Credit card (automatic),DSL,1,No,No,4,14,0.2727272727272727,475.6666666666667,1,0.0,45.08,2.8
2061-VVFST,37,19.5,Month-to-month,Bank transfer (automatic),No,0,Yes,No,0,15,0.875,428.2857142857143,0,0.0,0.0,0.0
0685-MLYYM,2,70.75,Month-to-month,Electronic check,Fiber optic,1,No,No,0,23,0.4375,431.14285714285717,2,1.0,0.0,0.0
0749-IRGQE,13,45.3,Month-to-month,Electronic check,DSL,1,Yes,No,2,14,0.2727272727272727,824.0,0,0.0,0.0,3.1875
2380-DAMQP,72,115.15,Two year,Electronic check,Fiber optic,0,Yes,No,6,14,0.5555555555555556,576.2,1,1.0,0.0,8.486486486486486
2256-YLYLP,68,72.95,Two year,Bank transfer (automatic),DSL,0,Yes,Yes,4,11,0.5714285714285714,481.0,0,0.0,0.0,8.970588235294118
1272-ILHFG,15,19.65,One year,Mailed check,No,0,Yes,Yes,0,11,0.375,377.6666666666667,1,0.0,8.2,0.0
0164-XAIRP,24,19.55,Two year,Bank transfer (automatic),No,0,No,No,0,12,0.2,662.0,0,0.0,0.0,0.0
5666-CYCYZ,24,89.55,Month-to-month,Electronic check,Fiber optic,0,No,No,2,22,1.0,354.45454545454544,2,1.0,0.0,8.0
4011-ARPHK,27,50.35,Month-to-month,Mailed check,DSL,0,No,No,1,25,0.3888888888888889,566.5714285714286,4,0.0,7.68,4.333333333333333
8182-PNAGI,12,50.25,Month-to-month,Bank transfer (automatic),DSL,0,No,No,1,25,0.5625,253.55555555555554,1,0.0,13.92,5.375
6365-HITVU,71,87.25,Two year,Credit card (automatic),DSL,0,Yes,Yes,6,11,0.375,1127.6666666666667,1,0.0,12.18,5.897435897435898
7558-IMLMT,67,20.8,Two year,Mailed check,No,0,Yes,Yes,0,27,0.8,614.5833333333334,2,0.0,11.77,0.0
9488-FYQAU,63,109.25,Two year,Bank transfer (automatic),Fiber optic,0,Yes,No,5,19,0.7272727272727273,547.875,1,0.0,26.2,5.36
3590-TCXTB,1,20.35,Month-to-month,Mailed check,No,0,No,No,0,23,0.35294117647058826,538.0,2,0.5,10.27,0.0
6994-KERXL,4,55.9,Month-to-month,Electronic check,DSL,0,No,No,1,26,0.3684210526315789,659.2857142857143,2,0.0,3.7800000000000002,6.75
7957-RYHQD,40,79.2,Month-to-month,Credit card (automatic),Fiber optic,1,No,No,2,20,0.6666666666666666,603.875,5,0.4,11.923333333333334,2.8333333333333335
2180-DXNEG,12,96.0,Month-to-month,Electronic check,Fiber optic,0,No,No,3,23,0.5333333333333333,275.0,2,1.0,0.0,4.214285714285714
1960-UOTYM,52,79.2,Two year,Electronic check,DSL,0,Yes,Yes,5,25,0.5625,491.3333333333333,2,0.5,3.96,3.717948717948718
2740-JFBOK,10,24.0,Month-to-month,Electronic check,No,0,No,No,0,10,0.25,552.0,1,0.0,7.09,0.0
6500-JVEGC,68,101.35,One year,Bank transfer (automatic),Fiber optic,0,No,No,4,19,0.5833333333333334,637.8571428571429,2,0.0,40.455,9.944444444444445
5515-AKOAJ,54,100.1,Month-to-month,Electronic check,Fiber optic,0,No,No,3,12,1.0,658.8333333333334,1,0.0,24.58,5.6
8976-OQHGT,4,56.5,Month-to-month,Mailed check,DSL,0,Yes,Yes,2,17,0.5454545454545454,505.6666666666667,0,0.0,0.0,5.545454545454546
5245-VDBUR,52,35.45,One year,Mailed check,DSL,0,Yes,No,2,21,0.6153846153846154,593.125,5,0.2,6.742500000000001,2.8461538461538463
6230-BSUXY,1,85.0,Month-to-month,Electronic check,Fiber optic,1,No,No,2,26,0.625,298.8,4,0.25,6.913333333333333,6.538461538461538
8469-SNFFH,70,79.4,One year,Bank transfer (automatic),DSL,0,Yes,No,5,22,0.2222222222222222,403.25,3,1.0,0.0,10.22
2144-ESWKO,43,35.2,One year,Credit card (automatic),DSL,0,No,No,2,18,0.8,694.75,2,0.0,6.225,4.818181818181818
1241-FPMOF,52,19.65,Two year,Mailed check,No,0,No,No,0,27,0.2857142857142857,523.6666666666666,2,0.0,15.34,0.0
9928-BZVLZ,12,49.85,Two year,Mailed check,DSL,0,No,No,4,30,0.5,627.6,0,0.0,0.0,5.125
4114-QMKVN,56,68.75,One year,Bank transfer (automatic),DSL,0,Yes,Yes,3,21,0.75,436.6666666666667,5,0.6,4.485,7.846153846153846
2775-SEFEE,0,61.9,Two year,Bank transfer (automatic),DSL,0,No,Yes,3,10,0.42857142857142855,473.3333333333333,0,0.0,0.0,5.68
9003-CPATH,42,79.9,Month-to-month,Electronic check,Fiber optic,0,No,No,1,11,0.5714285714285714,433.25,4,0.0,2.395,4.5
1754-GKYPY,22,89.75,Month-to-month,Bank transfer (automatic),Fiber optic,1,Yes,No,2,24,0.5,702.875,4,0.5,3.27,17.57894736842105
5294-CDGWY,51,59.3,One year,Electronic check,DSL,0,Yes,Yes,5,22,1.0,598.7272727272727,0,0.0,0.0,4.323529411764706
7956-XQWGU,27,19.4,Month-to-month,Credit card (automatic),No,0,No,No,0,22,1.0,558.4545454545455,3,0.0,9.103333333333333,0.0
1591-MQJTP,51,93.65,One year,Bank transfer (automatic),Fiber optic,1,Yes,No,3,12,0.3333333333333333,616.0,0,0.0,0.0,6.565217391304348
5295-PCJOO,4,49.4,Month-to-month,Electronic check,DSL,0,No,Yes,1,19,0.5833333333333334,582.1428571428571,3,0.0,17.18,4.555555555555555
2369-FEVNO,1,19.9,Month-to-month,Mailed check,No,0,No,No,0,22,0.4666666666666667,470.57142857142856,1,0.0,7.34,0.0
9863-JZAIC,35,55.0,Month-to-month,Mailed check,DSL,0,No,No,1,18,0.5,525.5,4,0.0,21.947499999999998,5.75
7471-MQPOS,71,72.9,One year,Bank transfer (automatic),DSL,1,Yes,Yes,4,15,0.875,555.2857142857143,2,0.5,5.07,8.225806451612904
7660-HDPJV,1,69.2,Month-to-month,Electronic check,Fiber optic,0,No,No,0,27,0.5882352941176471,580.8,2,0.0,6.8500000000000005,0.0
5115-SQAAU,69,25.6,Two year,Bank transfer (automatic),No,0,Yes,Yes,0,28,0.4,395.125,0,0.0,0.0,0.0
9845-QOMAD,14,19.75,One year,Mailed check,No,0,Yes,Yes,0,21,0.6153846153846154,582.5,2,0.0,4.845,0.0
7672-VFMXZ,57,55.7,Month-to-month,Electronic check,DSL,0,Yes,No,2,21,0.6153846153846154,419.0,1,0.0,10.7,7.0
9739-JLPQJ,72,117.5,Two year,Credit card (automatic),Fiber optic,0,Yes,Yes,6,20,0.25,278.5,0,0.0,0.0,10.235294117647058
9916-AYHTC,48,19.85,Two year,Credit card (automatic),No,0,No,No,0,30,0.5,530.7,2,0.0,3.86,0.0
3855-ONCAR,4,78.9,Month-to-month,Mailed check,Fiber optic,0,Yes,Yes,1,23,0.15,325.3333333333333,2,0.0,8.75,7.166666666666667
1488-SYSFC,31,20.65,Month-to-month,Electronic check,No,0,Yes,Yes,0,23,1.0909090909090908,533.9166666666666,1,0.0,8.59,0.0
7931-PXHFC,38,62.3,One year,Mailed check,DSL,0,No,No,3,24,0.6,458.6666666666667,2,0.5,92.03,2.4210526315789473
3990-QYKBE,37,92.5,Month-to-month,Electronic check,Fiber optic,1,Yes,No,2,12,1.0,515.0,2,0.0,13.204999999999998,4.25
0970-QXPXW,1,19.65,Month-to-month,Mailed check,No,0,No,No,0,28,0.3333333333333333,313.85714285714283,0,0.0,0.0,0.0
3259-KNMRR,57,79.75,Two year,Bank transfer (automatic),DSL,1,No,No,4,26,0.625,325.2,3,0.0,8.263333333333334,8.521739130434783
6120-RJKLU,62,79.95,Two year,Credit card (automatic),DSL,1,Yes,No,5,14,0.4,354.75,2,0.0,3.4000000000000004,3.3157894736842106
9572-WUKSB,3,29.9,Month-to-month,Electronic check,DSL,0,Yes,No,1,23,0.4375,723.8571428571429,2,0.5,5.6,4.166666666666667
5893-KCLGT,72,19.75,Two year,Mailed check,No,0,No,Yes,0,10,0.25,247.0,1,0.0,27.05,0.0
0076-LVEPS,29,45.0,Month-to-month,Mailed check,DSL,0,No,Yes,4,20,0.25,610.75,2,1.0,0.0,8.875
3640-JQGJG,13,44.8,Month-to-month,Bank transfer (automatic),DSL,0,Yes,Yes,0,25,0.47058823529411764,296.25,0,0.0,0.0,0.0
4919-MOAVT,3,69.65,Month-to-month,Electronic check,Fiber optic,0,No,Yes,0,29,0.9333333333333333,364.7142857142857,5,0.0,77.572,0.0
1596-OQSPS,11,51.1,Month-to-month,Electronic check,DSL,0,No,No,1,21,0.3125,907.4,3,0.3333333333333333,2.365,4.7
9867-XOBQA,21,53.15,Two year,Mailed check,DSL,0,No,Yes,5,19,0.7272727272727273,589.5,3,0.3333333333333333,3.05,6.8108108108108105
9546-KDTRB,19,24.7,Month-to-month,Bank transfer (automatic),No,0,No,No,0,26,0.625,569.1,4,0.0,6.0375,0.0
3090-HAWSU,61,111.6,Two year,Credit card (automatic),Fiber optic,0,No,No,5,20,0.25,241.5,2,0.5,5.39,3.3548387096774195
9820-RMCQV,11,48.55,Month-to-month,Credit card (automatic),DSL,0,No,No,1,10,1.5,559.6666666666666,0,0.0,0.0,3.0
3174-RKMOW,35,109.95,Month-to-month,Electronic check,Fiber optic,0,Yes,Yes,5,23,0.2777777777777778,620.8,2,0.0,8.725,10.294117647058824
1760-CAZHT,25,20.8,Month-to-month,Mailed check,No,0,No,Yes,0,29,0.5263157894736842,373.4,1,0.0,13.28,0.0
7839-QRKXN,1,20.2,Month-to-month,Mailed check,No,0,No,No,0,12,0.3333333333333333,514.3333333333334,0,0.0,0.0,0.0
8441-SHIPE,67,25.6,Two year,Bank transfer (automatic),No,0,No,No,0,26,0.625,530.3,2,0.5,2.07,0.0
5204-QZXPU,19,39.65,Month-to-month,Electronic check,DSL,0,No,No,2,12,1.0,287.6666666666667,3,0.3333333333333333,42.88,4.153846153846154
4597-ELFTS,56,24.9,One year,Electronic check,No,0,No,No,0,10,0.25,578.5,2,0.5,39.04,0.0
1320-GVNHT,72,108.4,Two year,Credit card (automatic),Fiber optic,0,Yes,Yes,5,16,0.23076923076923078,690.6666666666666,4,0.0,2.1925,3.795918367346939
1047-RNXZV,43,19.55,Two year,Mailed check,No,0,No,No,0,11,0.8333333333333334,310.2,2,0.5,13.05,0.0
3541-ZNUHK,55,85.1,Month-to-month,Electronic check,Fiber optic,0,Yes,Yes,2,13,0.625,309.2,1,0.0,12.98,8.285714285714286
8450-JOVAH,2,56.7,Month-to-month,Mailed check,DSL,0,Yes,Yes,1,17,0.7,398.7142857142857,5,0.4,23.44,2.7777777777777777
8725-JEDFD,27,69.05,Month-to-month,Mailed check,Fiber optic,0,No,No,0,20,1.0,530.7,3,0.0,5.053333333333334,0.0
7562-UXTPG,13,70.15,Month-to-month,Mailed check,Fiber optic,0,No,No,0,30,0.6666666666666666,505.6666666666667,1,0.0,37.84,0.0
8071-SBTRN,70,111.15,Two year,Mailed check,Fiber optic,0,No,No,5,26,0.4444444444444444,900.75,0,0.0,0.0,4.764705882352941
1113-IUJYX,14,105.95,One year,Mailed check,Fiber optic,0,Yes,No,5,27,0.8,683.0,0,0.0,0.0,4.269230769230769
6668-CNMFP,19,89.35,One year,Bank transfer (automatic),Fiber optic,0,Yes,Yes,2,26,1.1666666666666667,553.6428571428571,1,0.0,54.08,5.863636363636363
5626-MGTUK,20,89.1,Month-to-month,Bank transfer (automatic),Fiber optic,0,No,No,2,30,0.2,476.4,3,0.0,7.4366666666666665,5.583333333333333
5681-LLOEI,43,91.25,One year,Credit card (automatic),Fiber optic,0,Yes,Yes,3,11,0.375,301.3333333333333,2,0.0,2.465,5.346153846153846
8212-DJRCH,5,90.35,Month-to-month,Mailed check,Fiber optic,0,Yes,Yes,3,20,0.42857142857142855,448.1666666666667,0,0.0,0.0,8.5
4323-OHFOW,70,105.55,One year,Bank transfer (automatic),Fiber optic,1,Yes,No,4,26,0.3684210526315789,453.2857142857143,1,1.0,0.0,5.548387096774194
4933-BSAIP,40,19.1,Two year,Mailed check,No,0,Yes,No,0,20,0.8181818181818182,484.0,1,0.0,2.1,0.0
2030-BTZRO,6,20.4,Two year,Credit card (automatic),No,0,Yes,Yes,0,26,0.3684210526315789,231.28571428571428,0,0.0,0.0,0.0
1116-DXXDF,39,100.45,Two year,Electronic check,Fiber optic,0,No,No,4,25,0.3888888888888889,396.57142857142856,1,0.0,7.22,3.2222222222222223
9274-CNFMO,4,74.95,Month-to-month,Electronic check,Fiber optic,1,Yes,No,0,25,0.19047619047619047,384.0,3,1.0,0.0,0.0
7758-XKCBS,15,29.7,Month-to-month,Electronic check,DSL,0,No,No,1,18,0.2857142857142857,781.75,1,0.0,19.94,1.5
8992-JQYUN,1,50.35,Month-to-month,Electronic check,DSL,0,Yes,No,3,14,0.16666666666666666,707.5,5,0.4,17.636666666666667,3.2916666666666665
6563-VNPMN,45,85.7,Month-to-month,Bank transfer (automatic),Fiber optic,1,No,No,3,25,0.47058823529411764,490.25,2,0.0,12.665,5.354838709677419
0617-AQNWT,64,47.85,Two year,Electronic check,DSL,0,Yes,No,4,21,0.4,339.6666666666667,0,0.0,0.0,2.967741935483871
2267-WTPYD,57,94.0,Month-to-month,Credit card (automatic),Fiber optic,1,Yes,No,3,26,0.625,447.4,3,0.3333333333333333,53.459999999999994,9.541666666666666
0270-THENM,72,69.85,Two year,Bank transfer (automatic),DSL,0,Yes,Yes,4,22,0.375,662.5,3,0.0,4.930000000000001,5.375
2446-PLQVO,1,70.3,Month-to-month,Electronic check,Fiber optic,0,No,No,0,22,0.2222222222222222,385.5,4,0.75,21.98,0.0
4707-MAXGU,72,25.85,Two year,Credit card (automatic),No,0,Yes,No,0,15,0.25,448.0,1,0.0,27.56,0.0
2710-WYVXG,3,71.1,Two year,Mailed check,DSL,0,No,No,4,28,0.21739130434782608,514.8,1,0.0,23.38,5.296296296296297
3005-NFMTA,55,98.8,Month-to-month,Electronic check,Fiber optic,1,No,No,3,27,1.0769230769230769,575.1428571428571,3,0.0,11.143333333333333,7.5
6300-BWMJX,59,93.35,Month-to-month,Electronic check,Fiber optic,0,Yes,No,3,21,0.75,719.4444444444445,0,0.0,0.0,7.333333333333333
8784-CGILN,18,99.85,Month-to-month,Bank transfer (automatic),Fiber optic,0,No,No,3,21,0.6153846153846154,857.0,1,1.0,0.0,4.1
5389-FFVKB,32,80.3,Month-to-month,Credit card (automatic),Fiber optic,1,Yes,No,1,22,0.4666666666666667,586.4285714285714,1,1.0,0.0,1.4285714285714286
7009-LGECI,4,50.55,Month-to-month,Bank transfer (automatic),DSL,0,No,No,1,30,0.42857142857142855,734.7777777777778,1,0.0,2.14,10.181818181818182
8444-WRIDW,66,80.45,Month-to-month,Credit card (automatic),Fiber optic,1,No,No,1,18,0.8,514.125,5,0.4,5.906666666666666,3.4
5022-KVDQT,27,81.3,Month-to-month,Electronic check,Fiber optic,0,No,No,1,30,1.1428571428571428,525.25,0,0.0,0.0,9.2
7976-CICYS,4,20.7,Month-to-month,Credit card (automatic),No,0,No,No,0,24,0.5,671.125,2,0.0,3.27,0.0
1036-GUDCL,60,79.05,Month-to-month,Credit card (automatic),DSL,0,Yes,Yes,5,17,0.3076923076923077,360.5,3,0.0,6.169999999999999,6.388888888888889
2005-DWQZJ,8,19.05,Two year,Mailed check,No,0,Yes,Yes,0,26,0.7333333333333333,485.1818181818182,2,0.5,3.68,0.0
8148-WOCMK,8,19.6,Two year,Credit card (automatic),No,0,Yes,Yes,0,22,0.29411764705882354,748.6,0,0.0,0.0,0.0
7815-PDTHL,35,20.2,Two year,Mailed check,No,0,No,No,0,20,0.42857142857142855,401.6666666666667,2,0.0,5.154999999999999,0.0
9451-LPGOO,7,86.8,Month-to-month,Electronic check,Fiber optic,0,No,No,1,11,1.2,318.5,1,0.0,11.82,5.4
9173-IVZVP,53,20.9,Two year,Mailed check,No,0,Yes,Yes,0,21,0.9090909090909091,545.1,2,0.0,31.12,0.0
9129-UXERG,18,103.6,Month-to-month,Credit card (automatic),Fiber optic,1,No,No,4,13,0.625,244.6,1,0.0,2.23,4.896551724137931
3635-JBPSG,15,38.8,Two year,Mailed check,DSL,0,No,No,2,17,0.21428571428571427,603.0,3,0.3333333333333333,10.66,9.0
7964-ZRKKG,67,88.4,One year,Bank transfer (automatic),Fiber optic,0,Yes,No,2,22,0.375,333.5,3,0.0,7.1866666666666665,12.6875
5868-YWPDW,6,84.2,Month-to-month,Electronic check,Fiber optic,1,Yes,No,2,11,1.2,389.3333333333333,2,1.0,0.0,2.0
6229-LSCKB,6,79.7,Month-to-month,Electronic check,Fiber optic,1,No,No,1,17,0.4166666666666667,523.2,4,0.0,11.5125,12.0
2025-JKFWI,13,99.0,Month-to-month,Mailed check,Fiber optic,0,No,No,3,27,0.2857142857142857,400.5,2,0.5,15.92,2.7222222222222223
4078-SAYYN,11,100.75,Month-to-month,Electronic check,Fiber optic,0,No,No,3,18,0.38461538461538464,376.6,4,0.5,10.555,4.1875
1724-IQWNM,1,19.3,Month-to-month,Mailed check,No,0,No,Yes,0,17,0.3076923076923077,612.0,1,0.0,9.49,0.0
8217-QYOHV,5,55.75,Month-to-month,Mailed check,DSL,0,No,No,2,23,0.21052631578947367,521.25,2,0.0,19.895,3.933333333333333
5546-QUERU,13,19.95,One year,Mailed check,No,0,No,No,0,16,0.3333333333333333,333.75,0,0.0,0.0,0.0
9940-HPQPG,9,91.75,Month-to-month,Bank transfer (automatic),Fiber optic,0,Yes,No,3,24,0.4117647058823529,608.2857142857143,5,0.6,10.004999999999999,5.166666666666667
6897-UUBNU,29,89.65,Month-to-month,Mailed check,Fiber optic,0,No,No,3,19,0.46153846153846156,611.5,0,0.0,0.0,7.25
6127-IYJOZ,1,45.85,Month-to-month,Mailed check,DSL,1,No,No,0,21,0.23529411764705882,407.75,2,0.0,1.99,0.0
6618-RYATB,1,79.55,Month-to-month,Mailed check,Fiber optic,0,No,No,1,24,0.4117647058823529,349.57142857142856,2,0.5,5.95,8.0
8930-XOTDP,18,55.95,Month-to-month,Mailed check,DSL,0,Yes,Yes,1,22,0.5714285714285714,609.5,4,0.25,4.17,5.75
5916-QEWPT,2,69.0,Month-to-month,Credit card (automatic),DSL,0,Yes,No,3,23,0.4375,321.85714285714283,5,0.0,9.152000000000001,16.964285714285715
5060-TQUQN,30,83.55,Month-to-month,Bank transfer (automatic),Fiber optic,0,Yes,Yes,2,14,0.2727272727272727,481.0,0,0.0,0.0,10.823529411764707
0531-XBKMM,66,65.7,Two year,Bank transfer (automatic),DSL,0,No,Yes,3,18,0.8,570.5,1,0.0,15.7,18.107142857142858
8465-SBRXP,38,94.9,Two year,Bank transfer (automatic),Fiber optic,0,Yes,Yes,3,10,0.42857142857142855,761.0,2,0.0,15.215,3.0
2408-PSJVE,44,61.9,Month-to-month,Mailed check,DSL,0,Yes,Yes,3,19,0.9,456.44444444444446,1,0.0,4.67,5.645161290322581
9079-YEXQJ,54,111.1,Month-to-month,Electronic check,Fiber optic,0,No,No,5,15,0.15384615384615385,364.0,1,0.0,18.88,2.088235294117647
9700-ZCLOT,2,20.0,Month-to-month,Mailed check,No,0,No,No,0,26,0.4444444444444444,476.5,1,0.0,44.61,0.0
8738-JOKAR,42,67.7,One year,Mailed check,DSL,0,No,No,4,11,1.2,488.5,2,0.0,6.365,3.03125
4534-WGCIR,58,25.15,Two year,Credit card (automatic),No,0,Yes,Yes,0,22,1.2,773.5,0,0.0,0.0,0.0
1930-WNXSB,58,92.85,Month-to-month,Electronic check,Fiber optic,0,Yes,Yes,3,19,0.35714285714285715,435.0,0,0.0,0.0,10.419354838709678
2685-SREOM,25,89.1,Month-to-month,Electronic check,Fiber optic,0,Yes,Yes,2,24,0.8461538461538461,498.54545454545456,1,0.0,29.46,8.666666666666666
3508-CFVZL,71,111.3,Two year,Mailed check,Fiber optic,0,No,No,6,12,1.4,452.2857142857143,0,0.0,0.0,4.204081632653061
0402-CQAJN,37,101.9,Month-to-month,Bank transfer (automatic),Fiber optic,0,No,No,4,13,0.625,325.0,2,0.0,22.23,3.9615384615384617
6692-UDPJC,14,91.65,Month-to-month,Electronic check,Fiber optic,0,Yes,Yes,2,13,0.3,564.0,0,0.0,0.0,5.642857142857143
1273-MTETI,4,88.85,Month-to-month,Electronic check,Fiber optic,1,No,No,2,27,1.0769230769230769,568.7857142857143,1,0.0,21.86,2.8125
0657-DOGUM,48,60.6,One year,Bank transfer (automatic),DSL,0,Yes,No,2,17,0.5454545454545454,715.1666666666666,3,0.6666666666666666,7.15,12.2
5480-HPRRX,3,25.3,Month-to-month,Electronic check,DSL,1,No,No,0,10,0.6666666666666666,528.5,4,0.5,46.905,0.0
8792-AOROI,8,65.5,Two year,Mailed check,DSL,0,Yes,No,3,15,0.6666666666666666,405.6666666666667,2,0.5,25.08,4.16
0295-PPHDO,1,95.45,Month-to-month,Electronic check,Fiber optic,0,No,No,2,10,1.0,803.6,3,0.3333333333333333,12.375,9.545454545454545
5146-YYFRZ,67,19.95,Two year,Bank transfer (automatic),No,0,No,No,0,30,0.42857142857142855,401.6666666666667,1,0.0,4.13,0.0
1195-OIYEJ,13,91.1,Month-to-month,Electronic check,Fiber optic,0,No,No,2,27,0.42105263157894735,428.0,3,0.6666666666666666,31.87,3.3333333333333335
5906-CVLHP,45,54.15,One year,Credit card (automatic),DSL,0,Yes,Yes,2,19,0.1875,563.6666666666666,2,0.0,11.7,5.066666666666666
3452-SRFEG,49,74.6,Month-to-month,Bank transfer (automatic),Fiber optic,0,No,No,0,17,0.3076923076923077,197.5,4,0.25,10.196666666666667,0.0
4070-OKWVH,52,94.6,Month-to-month,Bank transfer (automatic),Fiber optic,0,Yes,No,3,23,0.5333333333333333,493.75,3,0.0,5.53,9.384615384615385
5297-MDOIR,63,81.15,One year,Credit card (automatic),Fiber optic,0,Yes,No,2,10,0.6666666666666666,489.0,1,0.0,14.53,5.375
6369-MCAKO,68,89.05,Two year,Bank transfer (automatic),DSL,0,Yes,Yes,6,28,0.5555555555555556,348.5,0,0.0,0.0,6.34
4926-UMJZD,31,49.2,Month-to-month,Mailed check,DSL,0,Yes,No,1,27,0.6875,447.0,0,0.0,0.0,3.5
6848-HJTXY,64,19.45,Two year,Credit card (automatic),No,0,Yes,No,0,10,0.6666666666666666,461.75,2,0.0,17.56,0.0
6341-AEVKX,62,104.3,One year,Electronic check,Fiber optic,0,Yes,No,5,19,0.9,549.0,3,0.3333333333333333,18.884999999999998,3.558139534883721
4501-EQDRN,1,69.7,Month-to-month,Bank transfer (automatic),Fiber optic,0,No,No,0,28,0.2727272727272727,366.3333333333333,2,0.0,8.995000000000001,0.0
2990-HWIML,6,89.5,Month-to-month,Electronic check,Fiber optic,0,No,No,2,19,0.5833333333333334,609.7142857142857,1,1.0,0.0,6.625
0682-USIXD,21,86.05,Month-to-month,Electronic check,Fiber optic,0,Yes,No,2,10,0.25,473.0,1,0.0,7.74,2.888888888888889
6976-BWGLQ,72,25.2,Two year,Bank transfer (automatic),No,0,Yes,Yes,0,18,0.6363636363636364,522.2857142857143,0,0.0,0.0,0.0
7078-NVFAM,32,35.15,Month-to-month,Electronic check,DSL,0,Yes,Yes,2,14,0.75,726.0,5,0.4,3.783333333333333,4.523809523809524
8065-QBYTO,71,99.65,One year,Credit card (automatic),Fiber optic,1,No,No,4,27,0.6875,513.1818181818181,1,1.0,0.0,12.588235294117647
2133-TSRRM,34,105.35,Month-to-month,Bank transfer (automatic),Fiber optic,0,No,Yes,5,30,0.5789473684210527,552.3636363636364,2,1.0,0.0,8.326530612244898
7384-GHBPI,3,35.15,Month-to-month,Electronic check,DSL,0,Yes,No,1,21,0.5,781.5714285714286,2,0.5,9.07,5.666666666666667
7603-USHJS,12,73.75,Month-to-month,Credit card (automatic),Fiber optic,0,No,Yes,0,25,0.6666666666666666,368.7,4,0.0,20.875,0.0
7234-FECYN,8,101.35,Month-to-month,Electronic check,Fiber optic,1,No,No,3,11,0.1,373.0,2,0.0,12.54,4.0476190476190474
2511-ALLCS,35,24.3,Two year,Bank transfer (automatic),No,0,Yes,Yes,0,17,0.3076923076923077,625.75,0,0.0,0.0,0.0
3191-CSNMG,3,80.7,Month-to-month,Electronic check,Fiber optic,0,Yes,Yes,1,28,0.6470588235294118,387.72727272727275,2,0.0,2.785,3.0
7952-OBOYL,3,89.85,Month-to-month,Mailed check,Fiber optic,0,No,No,3,11,0.8333333333333334,467.6,0,0.0,0.0,9.5
7470-DYNOE,53,61.1,One year,Electronic check,DSL,0,No,No,2,29,0.8125,432.7692307692308,0,0.0,0.0,5.2727272727272725
7853-OETYL,4,29.05,Month-to-month,Electronic check,DSL,0,Yes,No,1,12,0.2,1007.0,5,0.2,7.9075,8.75
1545-ACTAS,48,99.7,One year,Bank transfer (automatic),Fiber optic,0,Yes,Yes,4,30,0.5,711.1,4,1.0,0.0,3.259259259259259
5876-HZVZM,6,55.9,Month-to-month,Credit card (automatic),DSL,0,Yes,Yes,2,15,0.5,526.8,4,0.5,18.345,6.7272727272727275
1400-MMYXY,3,105.9,Month-to-month,Electronic check,Fiber optic,1,Yes,No,4,19,0.1875,410.6666666666667,3,0.3333333333333333,27.11,2.72
5126-RCXYW,54,46.0,Two year,Credit card (automatic),DSL,0,Yes,Yes,3,13,0.3,380.6666666666667,3,0.3333333333333333,13.85,12.26086956521739
3085-QUOZK,1,43.95,Month-to-month,Mailed check,DSL,0,No,No,0,26,0.625,550.6,2,0.5,15.47,0.0
2363-BJLSL,62,80.4,Month-to-month,Bank transfer (automatic),DSL,0,No,No,5,21,0.23529411764705882,576.5,1,0.0,7.95,3.4444444444444446
1956-YIFGE,22,100.05,One year,Mailed check,Fiber optic,0,Yes,Yes,4,26,0.8571428571428571,357.3333333333333,5,0.2,11.2225,11.178571428571429
3926-CUQZX,1,45.1,Month-to-month,Bank transfer (automatic),DSL,0,No,No,0,10,2.3333333333333335,574.0,3,0.3333333333333333,13.055,0.0
7921-LMDFQ,51,94.0,One year,Bank transfer (automatic),Fiber optic,1,No,No,3,28,0.5555555555555556,635.4,4,0.25,27.906666666666666,7.172413793103448
2925-MXLSX,30,68.95,One year,Credit card (automatic),DSL,0,No,No,3,15,0.36363636363636365,305.5,3,0.0,31.746666666666666,6.9655172413793105
5820-PTRYM,56,68.45,One year,Credit card (automatic),DSL,1,Yes,No,4,13,0.625,457.4,1,0.0,3.65,7.868421052631579
9609-BENEA,35,69.0,One year,Electronic check,DSL,0,Yes,No,3,13,0.18181818181818182,295.5,3,0.0,19.233333333333334,6.75
6211-WHMYA,64,43.85,Month-to-month,Electronic check,DSL,1,No,No,3,18,0.2857142857142857,684.5,1,0.0,8.48,8.05
4459-BBGHE,30,44.5,Month-to-month,Electronic check,DSL,0,No,Yes,2,16,0.14285714285714285,365.0,1,0.0,2.01,10.588235294117647
9945-PSVIP,25,18.7,Two year,Mailed check,No,0,Yes,Yes,0,19,0.46153846153846156,440.6666666666667,1,1.0,0.0,0.0
1041-RXHRA,41,70.25,Month-to-month,Bank transfer (automatic),Fiber optic,0,No,No,0,24,0.5,559.375,3,0.3333333333333333,67.43,0.0
1750-CSKKM,9,55.35,Month-to-month,Electronic check,DSL,0,No,Yes,1,17,0.5454545454545454,575.5,1,1.0,0.0,7.0
9108-EJFJP,1,53.55,Month-to-month,Mailed check,DSL,0,Yes,No,2,13,0.18181818181818182,1036.0,4,0.5,4.155,5.75
0530-IJVDB,70,114.6,Two year,Electronic check,Fiber optic,0,No,Yes,6,13,0.18181818181818182,408.5,0,0.0,0.0,5.282051282051282
0508-SQWPL,57,20.1,Two year,Bank transfer (automatic),No,0,Yes,Yes,0,17,0.13333333333333333,290.5,1,0.0,4.92,0.0
2215-ZAFGX,9,85.5,Month-to-month,Electronic check,Fiber optic,0,No,No,1,17,1.125,392.8888888888889,3,0.3333333333333333,9.47,14.833333333333334
8213-TAZPM,69,108.75,One year,Bank transfer (automatic),Fiber optic,0,Yes,Yes,5,23,0.7692307692307693,653.1,0,0.0,0.0,7.425531914893617
7142-HVGBG,43,103.0,Month-to-month,Electronic check,Fiber optic,1,Yes,No,4,30,0.2,993.4,5,0.4,17.470000000000002,3.9565217391304346
1304-SEGFY,72,97.85,Two year,Electronic check,Fiber optic,0,Yes,No,3,25,0.5625,536.8888888888889,1,1.0,0.0,2.533333333333333
7242-EDTYC,44,19.55,Two year,Bank transfer (automatic),No,0,No,Yes,0,18,0.6363636363636364,517.2857142857143,2,0.5,5.86,0.0
2904-GGUAZ,72,84.05,Two year,Bank transfer (automatic),Fiber optic,0,Yes,No,2,21,0.75,624.3333333333334,2,0.5,3.65,9.875
8267-ZNYVZ,33,103.75,One year,Electronic check,Fiber optic,0,Yes,No,5,30,0.36363636363636365,393.875,3,1.0,0.0,4.115384615384615
5136-GFPMB,54,89.4,Month-to-month,Credit card (automatic),Fiber optic,0,No,No,2,29,0.8125,473.84615384615387,3,0.0,11.413333333333334,7.888888888888889
2595-KIWPV,27,19.7,Two year,Credit card (automatic),No,0,No,Yes,0,13,0.3,335.3333333333333,0,0.0,0.0,0.0
5243-SAOTC,54,79.85,Month-to-month,Bank transfer (automatic),Fiber optic,0,No,No,1,30,0.6666666666666666,715.0833333333334,4,0.25,4.843333333333334,2.5
9398-MMQTO,3,74.45,Month-to-month,Credit card (automatic),Fiber optic,0,No,No,1,22,0.5714285714285714,420.5,2,0.0,21.435000000000002,11.0
7619-PLRLP,53,74.1,One year,Bank transfer (automatic),DSL,0,Yes,No,4,18,0.5,565.0,2,0.0,10.27,5.130434782608695
6457-GIRWB,1,69.35,Month-to-month,Electronic check,Fiber optic,0,No,No,0,25,0.47058823529411764,526.0,0,0.0,0.0,0.0
6508-NJYRO,15,18.8,One year,Mailed check,No,0,Yes,No,0,13,0.3,620.6666666666666,0,0.0,0.0,0.0
1450-SKCVI,56,73.85,Month-to-month,Electronic check,Fiber optic,0,No,No,1,14,0.75,365.5,2,0.0,16.425,2.7142857142857144
4710-NKCAW,5,64.4,Month-to-month,Credit card (automatic),DSL,0,Yes,Yes,3,12,0.7142857142857143,558.0,3,0.0,74.97333333333333,8.4
5306-BVTKJ,48,55.8,One year,Credit card (automatic),DSL,0,Yes,Yes,2,22,0.375,633.6666666666666,4,0.5,21.060000000000002,8.0
0357-NVCRI,25,20.05,Month-to-month,Credit card (automatic),No,0,No,Yes,0,27,0.5882352941176471,614.9,2,0.5,8.84,0.0
5570-PTWEH,3,75.15,Month-to-month,Credit card (automatic),Fiber optic,0,Yes,No,0,14,0.75,683.5,4,1.0,0.0,0.0
2371-KFUOG,58,99.15,One year,Bank transfer (automatic),Fiber optic,0,No,No,4,23,0.5333333333333333,416.625,4,0.0,9.1,6.382352941176471
0463-ZSDNT,10,56.75,Month-to-month,Bank transfer (automatic),DSL,0,No,No,1,25,0.3157894736842105,321.1666666666667,1,0.0,4.29,5.25
6502-MJQAE,1,69.6,Month-to-month,Electronic check,Fiber optic,0,No,No,0,19,0.5833333333333334,456.7142857142857,3,0.3333333333333333,10.455,0.0
6257-DTAYD,71,104.15,Two year,Credit card (automatic),Fiber optic,0,Yes,No,4,18,0.8,494.125,0,0.0,0.0,6.2105263157894735
4616-ULAOA,65,110.8,Two year,Credit card (automatic),Fiber optic,0,Yes,Yes,5,18,0.2857142857142857,585.75,0,0.0,0.0,4.957446808510638
7693-LCKZL,5,80.15,Month-to-month,Electronic check,Fiber optic,0,Yes,Yes,1,14,1.3333333333333333,463.0,3,1.0,0.0,5.5
7746-AWNQW,28,35.75,Month-to-month,Mailed check,DSL,0,No,No,2,22,0.5714285714285714,543.0,1,0.0,1.25,6.8
5996-EBTKM,67,69.9,Two year,Bank transfer (automatic),DSL,0,Yes,Yes,3,26,1.0,527.6923076923077,4,0.25,11.196666666666667,4.185185185185185
2758-RNWXS,35,89.2,One year,Electronic check,Fiber optic,0,No,No,3,15,0.6666666666666666,623.3333333333334,1,0.0,11.91,3.608695652173913
2314-TNDJQ,72,55.65,Two year,Credit card (automatic),DSL,0,Yes,Yes,5,29,0.20833333333333334,273.8,0,0.0,0.0,4.844444444444444
2405-LBMUW,61,50.7,One year,Bank transfer (automatic),DSL,0,Yes,Yes,4,13,0.3,669.0,0,0.0,0.0,6.571428571428571
3454-JFUBC,68,20.0,Two year,Credit card (automatic),No,1,No,No,0,10,0.25,273.5,0,0.0,0.0,0.0
0032-PGELS,1,30.5,Month-to-month,Bank transfer (automatic),DSL,0,Yes,Yes,1,27,0.5,633.3333333333334,2,1.0,0.0,2.125
9039-ZVJDC,3,19.1,Month-to-month,Mailed check,No,0,No,No,0,28,0.47368421052631576,503.22222222222223,5,0.2,11.477500000000001,0.0
6797-LNAQX,70,98.3,Two year,Bank transfer (automatic),Fiber optic,0,Yes,Yes,3,27,0.35,455.7142857142857,3,1.0,0.0,6.2
9013-AQORL,48,45.55,Month-to-month,Credit card (automatic),DSL,0,No,Yes,3,17,0.3076923076923077,518.0,0,0.0,0.0,14.25
2898-MRKPI,68,101.05,One year,Credit card (automatic),Fiber optic,0,Yes,Yes,3,13,0.3,420.0,2,0.5,39.54,11.0
2750-BJLSB,47,103.7,One year,Electronic check,Fiber optic,0,No,No,5,30,0.36363636363636365,366.125,2,0.0,4.855,5.0
3648-GZPHF,32,36.25,One year,Mailed check,DSL,0,Yes,Yes,2,23,0.5333333333333333,499.875,0,0.0,0.0,8.0
2075-RMJIK,5,49.4,Month-to-month,Mailed check,DSL,0,Yes,Yes,1,16,0.6,549.6666666666666,2,0.0,17.75,4.777777777777778
9588-YRFHY,49,19.9,Two year,Credit card (automatic),No,0,No,No,0,29,0.38095238095238093,407.25,0,0.0,0.0,0.0
6394-MFYNG,48,107.4,Month-to-month,Bank transfer (automatic),Fiber optic,0,No,No,4,27,0.35,174.0,2,0.0,68.205,7.884615384615385
1564-NTYXF,13,82.0,Month-to-month,Electronic check,Fiber optic,1,No,No,1,12,1.0,630.3333333333334,4,0.5,9.44,4.4
9364-YKUVW,15,19.8,Month-to-month,Mailed check,No,0,No,No,0,29,0.20833333333333334,514.4,2,0.0,4.890000000000001,0.0
5392-AKEMH,12,45.05,Month-to-month,Electronic check,DSL,0,No,No,0,12,0.2,554.0,0,0.0,0.0,0.0
2451-YMUXS,67,64.55,Two year,Bank transfer (automatic),DSL,1,No,No,3,19,0.46153846153846156,659.8333333333334,1,0.0,1.2,2.9
3914-FDRHP,9,86.25,Month-to-month,Electronic check,Fiber optic,0,No,No,2,12,0.7142857142857143,367.8,3,0.0,16.2,3.7333333333333334
3078-ZKNTS,13,19.75,Two year,Bank transfer (automatic),No,0,Yes,Yes,0,28,0.3333333333333333,475.42857142857144,1,0.0,18.44,0.0
1024-KPRBB,38,89.1,One year,Mailed check,Fiber optic,0,No,No,2,28,0.6470588235294118,404.45454545454544,0,0.0,0.0,6.5
4690-PKDQG,42,95.55,Month-to-month,Electronic check,Fiber optic,1,Yes,No,3,29,0.20833333333333334,428.4,1,0.0,2.57,7.566666666666666
8155-IBNHG,24,75.4,Month-to-month,Credit card (automatic),Fiber optic,0,Yes,No,0,12,0.3333333333333333,695.0,3,0.3333333333333333,6.15,0.0
0886-QGENL,27,101.25,Month-to-month,Electronic check,Fiber optic,1,Yes,No,4,20,0.6666666666666666,607.25,3,0.0,28.566666666666663,7.842105263157895
9547-ITEFG,9,102.6,Month-to-month,Credit card (automatic),Fiber optic,0,Yes,Yes,4,24,1.0,435.8333333333333,2,0.0,13.28,6.444444444444445
1264-FUHCX,49,56.3,One year,Credit card (automatic),DSL,0,Yes,No,4,14,0.5555555555555556,793.6,2,0.0,7.25,3.948717948717949
7789-CRUVC,61,94.2,Month-to-month,Credit card (automatic),Fiber optic,1,Yes,No,4,15,0.5,535.4,1,0.0,4.21,11.303030303030303
6598-KELSS,50,43.05,One year,Bank transfer (automatic),DSL,0,No,Yes,3,30,0.42857142857142855,375.22222222222223,5,0.0,8.64,5.114285714285714
8739-WWKDU,25,89.5,Month-to-month,Electronic check,Fiber optic,1,No,No,2,25,0.5625,527.1111111111111,4,0.25,5.69,4.785714285714286
8685-WHQPW,22,74.4,Month-to-month,Bank transfer (automatic),Fiber optic,1,No,No,0,23,0.09523809523809523,276.0,3,0.0,31.646666666666665,0.0
4745-LSPLO,1,20.5,Month-to-month,Mailed check,No,0,No,No,0,17,0.3076923076923077,611.5,2,0.0,99.035,0.0
8083-YTZES,4,74.35,Month-to-month,Electronic check,Fiber optic,0,No,No,0,11,0.5714285714285714,369.5,1,0.0,39.07,0.0
7240-FQLHE,18,99.75,Month-to-month,Bank transfer (automatic),Fiber optic,1,Yes,No,3,30,0.5789473684210527,590.8181818181819,0,0.0,0.0,2.7222222222222223
6664-FPDAC,56,111.95,One year,Electronic check,Fiber optic,1,No,No,5,27,0.42105263157894735,316.375,2,0.0,9.06,1.625
9972-VAFJJ,53,94.0,One year,Electronic check,Fiber optic,1,Yes,No,4,27,0.8,577.4166666666666,0,0.0,0.0,4.451612903225806
0422-UXFAP,51,98.85,One year,Electronic check,Fiber optic,0,Yes,No,3,22,0.5714285714285714,534.875,1,0.0,16.59,7.44
1904-WAJAA,24,64.35,Two year,Electronic check,DSL,0,Yes,Yes,3,23,0.5333333333333333,674.5,4,0.0,13.657499999999999,6.321428571428571
5130-YPIRV,62,72.0,Two year,Credit card (automatic),DSL,0,Yes,No,4,15,0.25,507.0,3,0.0,6.243333333333333,4.551724137931035
2843-CQMEG,24,49.7,Month-to-month,Mailed check,DSL,0,No,No,1,26,0.5294117647058824,295.1111111111111,3,0.3333333333333333,9.125,3.875
6439-PKTRR,70,80.7,Two year,Electronic check,DSL,0,Yes,Yes,5,24,0.2,228.25,1,1.0,0.0,5.194444444444445
5351-QESIO,1,24.2,Month-to-month,Mailed check,DSL,0,No,Yes,0,15,0.36363636363636365,442.25,2,0.0,1.575,0.0
0786-VSSUD,16,39.0,Month-to-month,Mailed check,DSL,1,No,No,2,12,0.5,977.0,2,0.5,32.01,2.4615384615384617
5568-DMXZS,8,65.45,Month-to-month,Electronic check,DSL,0,No,No,3,14,0.4,368.75,0,0.0,0.0,2.4705882352941178
8468-FZTOE,72,74.35,Two year,Electronic check,DSL,0,Yes,Yes,5,26,0.23809523809523808,832.0,1,0.0,3.09,4.9423076923076925
6633-SYEUS,23,83.2,Month-to-month,Bank transfer (automatic),Fiber optic,0,No,No,3,21,1.1,439.45454545454544,1,0.0,18.49,15.147058823529411
6447-GORXK,31,25.0,Month-to-month,Credit card (automatic),DSL,0,No,Yes,0,25,0.19047619047619047,365.25,0,0.0,0.0,0.0
6967-PEJLL,37,40.2,One year,Electronic check,DSL,0,Yes,Yes,3,24,0.2,268.5,0,0.0,0.0,2.878787878787879
3976-BWUCK,30,94.1,Month-to-month,Credit card (automatic),Fiber optic,0,Yes,No,3,23,0.5333333333333333,404.25,2,0.0,10.49,2.75
5981-ZVXOT,35,108.35,One year,Electronic check,Fiber optic,1,No,No,5,16,0.45454545454545453,352.2,5,0.0,2.752,4.425
1684-FLBGS,23,69.5,Month-to-month,Credit card (automatic),DSL,0,Yes,Yes,3,30,0.25,311.1666666666667,0,0.0,0.0,3.074074074074074
1389-WNUIB,20,76.0,One year,Bank transfer (automatic),DSL,0,Yes,Yes,3,26,0.3,573.8333333333334,4,0.75,7.64,11.894736842105264
0376-OIWME,36,93.6,Month-to-month,Electronic check,Fiber optic,0,Yes,No,3,16,0.23076923076923078,476.6666666666667,5,0.0,9.870000000000001,8.357142857142858
3585-ISXZP,8,95.65,Month-to-month,Bank transfer (automatic),Fiber optic,0,No,No,2,11,0.5714285714285714,562.75,2,0.0,4.64,4.111111111111111
0218-QNVAS,71,100.55,One year,Bank transfer (automatic),Fiber optic,0,Yes,Yes,3,16,0.6,585.8333333333334,1,0.0,9.72,6.64
6583-QGCSI,50,88.05,Month-to-month,Electronic check,Fiber optic,1,Yes,No,2,16,0.45454545454545453,629.8,3,0.6666666666666666,26.61,7.3076923076923075
0804-YGEQV,43,24.45,One year,Bank transfer (automatic),No,0,Yes,Yes,0,13,0.3,695.0,1,0.0,28.43,0.0
7164-BPTUT,57,89.55,Two year,Mailed check,DSL,0,No,Yes,6,28,0.3333333333333333,852.2857142857143,3,0.0,3.543333333333333,9.279069767441861
4174-LPGTI,41,66.5,One year,Bank transfer (automatic),DSL,0,Yes,Yes,3,21,0.16666666666666666,468.6666666666667,1,0.0,10.62,3.05
2523-EWWZL,27,76.1,Month-to-month,Electronic check,Fiber optic,0,Yes,No,1,10,0.6666666666666666,424.5,2,0.0,4.975,13.833333333333334
0928-XUTSN,13,80.5,Month-to-month,Electronic check,Fiber optic,0,No,No,1,14,0.5555555555555556,466.2,4,0.0,6.0125,8.75
2108-XWMPY,3,35.45,Month-to-month,Mailed check,DSL,0,No,No,2,30,0.5,510.6,3,0.0,13.07,2.090909090909091
0052-YNYOT,67,20.55,One year,Electronic check,No,0,No,No,0,29,0.6111111111111112,532.5454545454545,0,0.0,0.0,0.0
6304-IJFSQ,3,49.9,Month-to-month,Mailed check,DSL,0,No,No,1,14,0.4,502.75,2,0.5,11.19,3.25
9586-JGQKH,64,105.4,Two year,Bank transfer (automatic),Fiber optic,0,Yes,No,4,15,0.36363636363636365,296.25,1,0.0,39.13,3.814814814814815
4501-VCPFK,26,35.75,Month-to-month,Electronic check,DSL,0,No,No,2,23,0.21052631578947367,556.75,1,1.0,0.0,3.04
6075-SLNIL,38,95.1,Month-to-month,Credit card (automatic),Fiber optic,0,No,No,3,21,1.1,456.6363636363636,1,0.0,20.49,5.28125
9347-AERRL,23,19.3,One year,Credit card (automatic),No,0,Yes,No,0,30,0.5789473684210527,503.6363636363636,4,0.0,5.86,0.0
0093-XWZFY,40,104.5,Month-to-month,Credit card (automatic),Fiber optic,0,No,No,4,20,1.8571428571428572,254.46153846153845,3,0.6666666666666666,26.73,2.1481481481481484
2274-XUATA,72,63.1,Two year,Bank transfer (automatic),DSL,1,Yes,No,6,15,1.1428571428571428,646.0,2,0.0,10.355,10.625
1980-KXVPM,3,75.05,Month-to-month,Credit card (automatic),Fiber optic,1,No,No,0,28,0.6470588235294118,751.6363636363636,4,0.25,11.543333333333335,0.0
7703-ZEKEF,23,81.0,Month-to-month,Electronic check,Fiber optic,0,No,No,1,12,0.2,274.0,4,0.75,37.86,5.0
0723-DRCLG,1,74.45,Month-to-month,Electronic check,Fiber optic,1,Yes,No,0,12,0.3333333333333333,547.3333333333334,2,0.5,19.45,0.0
5482-NUPNA,4,60.4,Month-to-month,Mailed check,DSL,0,No,No,3,10,0.6666666666666666,876.5,2,1.0,0.0,3.0
6691-CCIHA,62,84.95,Two year,Electronic check,DSL,0,Yes,No,5,28,0.21739130434782608,460.2,2,0.0,4.07,4.482142857142857
1685-BQULA,40,93.4,Month-to-month,Bank transfer (automatic),Fiber optic,0,No,No,3,30,0.30434782608695654,475.2857142857143,1,0.0,7.38,5.5
9053-EJUNL,41,89.2,Month-to-month,Electronic check,Fiber optic,0,No,No,2,30,0.42857142857142855,358.44444444444446,4,0.0,1.62,13.5
0666-UXTJO,34,85.2,Month-to-month,Credit card (automatic),Fiber optic,1,Yes,No,2,24,0.8461538461538461,677.6363636363636,3,0.3333333333333333,3.6449999999999996,15.45
1471-GIQKQ,1,49.95,Month-to-month,Electronic check,DSL,0,No,No,1,15,0.875,664.7142857142857,3,0.0,4.876666666666666,5.714285714285714
4807-IZYOZ,51,20.65,Two year,Bank transfer (automatic),No,0,No,No,0,16,0.7777777777777778,448.57142857142856,2,0.5,3.61,0.0
1122-JWTJW,1,70.65,Month-to-month,Mailed check,Fiber optic,0,Yes,Yes,0,15,0.5,628.6,4,0.0,16.5625,0.0
9710-NJERN,39,20.15,Two year,Mailed check,No,0,No,No,0,11,0.375,456.3333333333333,3,0.0,21.816666666666663,0.0
9837-FWLCH,12,19.2,Month-to-month,Electronic check,No,0,Yes,Yes,0,16,0.6,445.5,0,0.0,0.0,0.0
1699-HPSBG,12,59.8,One year,Electronic check,DSL,0,No,No,2,26,0.7333333333333333,456.54545454545456,2,0.0,26.11,7.4
7203-OYKCT,72,104.95,One year,Electronic check,Fiber optic,0,No,No,4,14,0.4,714.0,2,0.5,13.09,3.0476190476190474
1035-IPQPU,63,103.5,Month-to-month,Electronic check,Fiber optic,1,Yes,No,4,23,0.5333333333333333,416.375,2,0.5,7.83,15.35
7398-LXGYX,44,84.8,Month-to-month,Credit card (automatic),Fiber optic,0,Yes,No,2,29,0.3181818181818182,465.57142857142856,2,0.0,8.76,6.947368421052632
2823-LKABH,18,95.05,Month-to-month,Bank transfer (automatic),Fiber optic,0,No,No,3,25,0.19047619047619047,478.75,3,0.0,6.609999999999999,5.15
8775-CEBBJ,9,44.2,Month-to-month,Bank transfer (automatic),DSL,0,No,No,0,23,0.5333333333333333,729.75,3,0.0,18.026666666666667,0.0
0550-DCXLH,13,73.35,Month-to-month,Mailed check,DSL,0,No,No,4,25,0.5625,410.77777777777777,2,0.0,6.04,4.764705882352941
9281-CEDRU,68,64.1,Two year,Bank transfer (automatic),DSL,0,Yes,No,3,13,0.4444444444444444,245.25,1,0.0,12.55,6.758620689655173
2235-DWLJU,6,44.4,Month-to-month,Electronic check,DSL,1,No,No,2,23,0.21052631578947367,266.5,4,0.0,8.39,5.380952380952381
0871-OPBXW,2,20.05,Month-to-month,Mailed check,No,0,No,No,0,25,0.3888888888888889,287.2857142857143,0,0.0,0.0,0.0
3605-JISKB,55,60.0,One year,Credit card (automatic),DSL,1,Yes,No,2,30,0.7647058823529411,601.3076923076923,5,0.0,9.378,5.913043478260869
6894-LFHLY,1,75.75,Month-to-month,Electronic check,Fiber optic,1,No,No,0,20,0.5384615384615384,773.7142857142857,1,0.0,27.87,0.0
9767-FFLEM,38,69.5,Month-to-month,Credit card (automatic),Fiber optic,0,No,No,0,23,0.6428571428571429,561.2222222222222,5,0.4,23.92,0.0
0639-TSIQW,67,102.95,Month-to-month,Credit card (automatic),Fiber optic,0,No,No,4,22,0.29411764705882354,437.2,5,0.8,75.42,6.185185185185185
8456-QDAVC,19,78.7,Month-to-month,Bank transfer (automatic),Fiber optic,0,No,No,1,17,0.13333333333333333,370.0,4,0.0,18.56,7.6
7750-EYXWZ,12,60.65,One year,Electronic check,DSL,0,No,No,5,17,0.7,716.7142857142857,1,0.0,7.95,12.86046511627907
2569-WGERO,72,21.15,Two year,Bank transfer (automatic),No,0,No,No,0,14,0.2727272727272727,501.6666666666667,1,1.0,0.0,0.0
6840-RESVB,24,84.8,One year,Mailed check,DSL,0,Yes,Yes,5,16,0.7777777777777778,697.7142857142857,1,0.0,10.85,6.543478260869565
2234-XADUH,72,103.2,One year,Credit card (automatic),Fiber optic,0,Yes,Yes,4,20,0.5384615384615384,583.1428571428571,5,0.6,31.385,9.487179487179487
4801-JZAZL,11,29.6,Month-to-month,Electronic check,DSL,0,Yes,Yes,1,13,1.1666666666666667,591.7142857142857,2,0.5,2.47,3.0
8361-LTMKD,4,74.4,Month-to-month,Mailed check,Fiber optic,1,Yes,No,0,20,0.3333333333333333,456.6,1,0.0,19.15,0.0
3186-AJIEK,66,105.65,Two year,Bank transfer (automatic),Fiber optic,0,No,No,5,24,0.7142857142857143,553.4,0,0.0,0.0,3.1142857142857143
