customer_id,timestamp,category,resolved,resolution_time_hours
0002-ORFBO,2024-05-07 15:35:53,Account,True,5.87
0003-MKNFE,2024-06-05 00:15:03,General Inquiry,True,7.88
0004-TLHLJ,2024-06-14 01:48:58,Billing,True,35.28
0011-IGKFF,2024-04-04 11:12:15,Service Outage,False,
0011-IGKFF,2024-05-24 04:48:53,General Inquiry,False,
0011-IGKFF,2024-06-04 04:57:43,Technical,False,
0013-EXCHZ,2024-05-11 05:05:43,Billing,True,13.81
0013-MHZWF,2024-06-10 01:08:35,Service Outage,True,1.44
0013-MHZWF,2024-06-25 18:32:40,Billing,True,6.14
0013-SMEOE,2024-06-12 04:18:42,Account,True,1.31
0015-UOCOJ,2024-04-13 18:12:41,Service Outage,False,
0015-UOCOJ,2024-05-13 13:29:28,Billing,True,2.52
0016-QLJIS,2024-05-10 12:07:30,General Inquiry,True,2.94
0017-DINOC,2024-06-25 21:59:13,General Inquiry,True,1.78
0017-IUDMW,2024-05-10 13:09:23,Service Outage,True,5.26
0017-IUDMW,2024-05-17 17:45:58,Service Outage,True,11.22
0017-IUDMW,2024-05-28 05:50:20,General Inquiry,True,7.92
0018-NYROU,2024-06-12 05:29:42,General Inquiry,True,2.64
0019-EFAEP,2024-05-05 00:46:15,General Inquiry,True,2.85
0019-EFAEP,2024-05-17 16:39:29,Service Outage,False,
0019-EFAEP,2024-06-07 02:43:09,Technical,True,7.48
0019-EFAEP,2024-06-20 12:30:38,Billing,True,5.44
0019-GFNTW,2024-04-16 11:57:33,Technical,True,9.83
0019-GFNTW,2024-05-01 15:50:01,Billing,True,7.41
0019-GFNTW,2024-05-20 22:20:59,Service Outage,True,3.41
0020-INWCK,2024-04-04 16:32:47,Account,True,8.77
0020-INWCK,2024-04-20 08:17:34,Account,True,4.95
0020-INWCK,2024-04-23 18:00:19,Billing,True,2.61
0020-INWCK,2024-05-11 03:12:40,General Inquiry,True,3.5
0020-INWCK,2024-05-29 15:22:55,Technical,True,3.85
0020-JDNXP,2024-05-29 15:15:09,Technical,True,8.02
0020-JDNXP,2024-06-28 09:15:55,General Inquiry,True,7.91
0021-IKXGC,2024-05-06 14:01:25,Account,True,6.31
0022-TCJCI,2024-05-02 15:46:25,Service Outage,False,
0023-HGHWL,2024-05-04 08:45:34,Billing,True,30.95
0023-UYUPN,2024-06-06 17:38:10,Service Outage,True,5.0
0023-XUOPT,2024-05-21 04:20:26,General Inquiry,False,
0023-XUOPT,2024-06-14 07:04:20,Account,True,17.35
0023-XUOPT,2024-06-20 17:26:28,Technical,False,
0027-KWYKW,2024-05-07 12:13:59,Billing,True,19.88
0027-KWYKW,2024-05-08 09:57:36,Billing,True,2.02
0027-KWYKW,2024-05-27 10:15:12,General Inquiry,True,10.31
0027-KWYKW,2024-05-29 21:47:50,Service Outage,True,3.08
0030-FNXPP,2024-04-14 15:26:39,General Inquiry,False,
0030-FNXPP,2024-04-24 07:53:12,Billing,True,10.01
0031-PVLZI,2024-04-30 18:41:02,General Inquiry,True,30.81
0031-PVLZI,2024-05-26 05:31:52,Billing,True,32.2
0031-PVLZI,2024-06-02 15:25:13,Service Outage,True,7.26
0036-IHMOT,2024-05-21 01:01:51,Billing,True,7.9
0036-IHMOT,2024-05-23 04:10:26,Account,True,4.8
0040-HALCW,2024-05-19 21:33:13,General Inquiry,True,7.27
0042-JVWOJ,2024-06-23 15:52:37,General Inquiry,True,5.96
0042-RLHYP,2024-06-30 00:04:42,Technical,True,5.22
0048-PIHNL,2024-04-07 16:04:48,Technical,False,
0048-PIHNL,2024-04-16 16:19:07,General Inquiry,True,10.55
0048-PIHNL,2024-05-17 11:28:29,Account,True,4.1
0048-PIHNL,2024-05-26 12:44:18,Service Outage,True,2.34
0052-DCKON,2024-04-21 15:32:00,Technical,True,1.46
0052-DCKON,2024-06-30 06:34:26,Technical,True,9.94
0052-YNYOT,2024-06-11 10:34:07,Account,True,7.55
0052-YNYOT,2024-06-13 22:55:02,Billing,True,14.29
0056-EPFBG,2024-06-18 17:38:07,Service Outage,True,11.76
0058-EVZWM,2024-04-18 08:03:49,Technical,True,5.32
0058-EVZWM,2024-05-04 16:26:09,Service Outage,True,5.63
0064-SUDOG,2024-06-03 21:48:00,Technical,True,23.2
0064-YIJGF,2024-06-15 18:37:54,Technical,True,7.8
0067-DKWBL,2024-04-15 01:30:27,Account,True,14.98
0067-DKWBL,2024-05-30 10:00:16,Billing,True,41.56
0067-DKWBL,2024-06-04 18:46:00,General Inquiry,True,5.43
0067-DKWBL,2024-06-08 21:42:36,Technical,True,18.66
0067-DKWBL,2024-06-18 02:19:14,Technical,False,
0071-NDAFP,2024-05-30 12:55:55,General Inquiry,True,7.67
0076-LVEPS,2024-04-12 19:46:34,Account,True,14.74
0076-LVEPS,2024-05-30 11:42:45,Billing,False,
0076-LVEPS,2024-06-11 14:03:32,Billing,True,12.2
0080-EMYVY,2024-04-06 16:56:06,Billing,True,15.04
0080-EMYVY,2024-06-24 15:00:27,Billing,True,7.81
0080-EMYVY,2024-06-26 17:17:52,General Inquiry,True,2.73
0080-OROZO,2024-04-11 17:29:21,General Inquiry,False,
0080-OROZO,2024-05-11 02:05:31,Technical,False,
0080-OROZO,2024-06-23 23:23:40,Billing,True,4.34
0082-LDZUE,2024-05-25 14:55:25,General Inquiry,True,5.69
0082-OQIQY,2024-04-03 23:22:34,Service Outage,True,8.85
0082-OQIQY,2024-04-30 02:36:27,Service Outage,True,5.06
0089-IIQKO,2024-05-09 19:41:07,Technical,True,17.22
0089-IIQKO,2024-05-16 19:14:43,Account,True,1.93
0093-EXYQL,2024-06-07 06:22:15,Technical,True,10.97
0093-XWZFY,2024-04-05 17:07:21,General Inquiry,True,27.79
0093-XWZFY,2024-04-22 16:44:40,Technical,True,9.35
0093-XWZFY,2024-04-22 23:39:37,Technical,True,29.74
0093-XWZFY,2024-05-19 08:27:53,Technical,False,
0094-OIFMO,2024-05-07 01:20:15,General Inquiry,True,29.97
0096-BXERS,2024-05-15 04:55:36,Service Outage,True,4.19
0096-FCPUF,2024-05-27 12:30:33,General Inquiry,True,10.47
0096-FCPUF,2024-05-28 18:29:47,Billing,False,
0096-FCPUF,2024-05-31 16:27:03,Billing,True,3.39
0096-FCPUF,2024-05-31 21:11:31,Technical,True,9.56
0098-BOWSO,2024-04-23 13:59:54,General Inquiry,True,0.93
0100-DUVFC,2024-04-21 09:01:07,Billing,True,4.97
0100-DUVFC,2024-06-19 02:54:05,Service Outage,True,11.77
0100-DUVFC,2024-06-20 00:17:56,Technical,True,11.62
0104-PPXDV,2024-05-05 01:20:05,Billing,True,5.38
0106-GHRQR,2024-05-13 16:16:55,General Inquiry,True,5.42
0106-GHRQR,2024-06-25 17:45:14,Billing,True,6.31
0106-UGRDO,2024-05-20 05:08:22,Service Outage,True,6.1
0107-WESLM,2024-04-06 15:20:49,Service Outage,False,
0107-WESLM,2024-04-18 05:32:52,Billing,False,
0107-YHINA,2024-05-28 13:57:26,Technical,False,
0107-YHINA,2024-06-26 14:39:00,Technical,False,
0111-KLBQG,2024-04-28 21:55:29,Service Outage,True,13.67
0111-KLBQG,2024-05-14 13:08:50,Technical,False,
0112-QAWRZ,2024-04-11 08:11:28,General Inquiry,False,
0112-QAWRZ,2024-05-08 09:46:14,Account,True,10.68
0112-QAWRZ,2024-06-03 14:09:58,Technical,True,3.0
0112-QAWRZ,2024-06-17 14:21:12,Account,True,6.52
0112-QWPNC,2024-05-07 23:15:00,Technical,False,
0114-IGABW,2024-04-20 21:01:39,Billing,False,
0114-IGABW,2024-05-31 22:16:58,Billing,True,3.63
0114-PEGZZ,2024-05-28 13:51:12,Billing,True,1.67
0114-PEGZZ,2024-05-30 15:57:24,Service Outage,True,3.21
0114-PEGZZ,2024-06-15 19:48:48,Service Outage,True,5.1
0114-PEGZZ,2024-06-28 20:17:36,Billing,True,8.64
0114-RSRRW,2024-05-07 23:31:05,Account,True,2.36
0114-RSRRW,2024-05-21 20:52:40,Billing,True,5.89
0115-TFERT,2024-04-03 01:39:17,General Inquiry,False,
0115-TFERT,2024-05-11 03:18:21,Technical,False,
0115-TFERT,2024-06-07 23:48:41,Account,True,41.08
0117-LFRMW,2024-04-19 15:50:11,Billing,False,
0117-LFRMW,2024-05-12 18:43:15,Service Outage,False,
0117-LFRMW,2024-06-12 02:35:47,Account,False,
0118-JPNOY,2024-05-27 07:46:44,General Inquiry,True,13.78
0118-JPNOY,2024-06-02 23:03:38,General Inquiry,True,2.97
0118-JPNOY,2024-06-24 07:16:59,Service Outage,True,4.76
0121-SNYRK,2024-04-26 11:08:01,Billing,False,
0121-SNYRK,2024-04-28 14:29:32,Billing,True,3.66
0121-SNYRK,2024-06-15 10:31:28,Technical,True,4.51
0122-OAHPZ,2024-04-29 21:12:41,Billing,True,14.91
0122-OAHPZ,2024-05-13 16:38:30,General Inquiry,False,
0129-KPTWJ,2024-04-25 09:19:11,Billing,True,6.79
0129-QMPDR,2024-05-13 04:44:40,Account,True,9.96
0130-SXOUN,2024-06-18 00:26:19,Account,True,5.71
0133-BMFZO,2024-05-06 21:40:57,General Inquiry,False,
0133-BMFZO,2024-05-22 07:09:01,Technical,False,
0133-BMFZO,2024-05-22 09:55:12,Billing,True,12.9
0133-BMFZO,2024-06-20 08:43:01,Billing,True,21.84
0134-XWXCE,2024-05-02 16:55:30,Account,True,4.99
0135-NMXAP,2024-04-14 16:24:12,General Inquiry,False,
0135-NMXAP,2024-04-28 18:51:22,General Inquiry,False,
0135-NMXAP,2024-05-13 02:30:41,Technical,True,32.12
0135-NMXAP,2024-05-30 09:56:12,General Inquiry,True,59.37
0135-NMXAP,2024-06-02 11:13:37,General Inquiry,False,
0136-IFMYD,2024-04-11 00:31:38,Account,True,5.68
0137-OCGAB,2024-04-02 10:54:10,Account,True,59.96
0137-OCGAB,2024-04-19 09:18:06,General Inquiry,False,
0137-OCGAB,2024-04-28 03:22:41,Service Outage,False,
0137-OCGAB,2024-06-09 03:01:26,Technical,False,
0137-UDEUO,2024-04-14 23:36:09,General Inquiry,True,20.46
0141-YEAYS,2024-04-05 02:00:28,Technical,False,
0141-YEAYS,2024-05-10 01:55:37,General Inquiry,True,5.5
0147-ESWWR,2024-06-30 17:10:58,General Inquiry,True,7.5
0148-DCDOS,2024-04-26 10:53:20,Billing,True,20.46
0151-ONTOV,2024-06-26 06:08:36,General Inquiry,False,
0164-APGRB,2024-04-20 23:51:32,Billing,False,
0164-APGRB,2024-05-13 22:19:17,General Inquiry,True,14.25
0164-APGRB,2024-06-15 12:19:13,Service Outage,True,1.85
0164-APGRB,2024-06-24 00:18:15,General Inquiry,True,12.16
0164-XAIRP,2024-06-26 01:47:35,Account,True,17.79
0164-XAIRP,2024-06-30 23:27:53,Account,True,5.98
0168-XZKBB,2024-04-07 07:10:24,Account,True,3.77
0177-PXBAT,2024-06-26 04:12:58,General Inquiry,True,4.37
0178-CIIKR,2024-05-15 01:34:34,Billing,True,4.7
0178-CIIKR,2024-05-16 05:46:06,General Inquiry,True,3.55
0178-CIIKR,2024-05-29 22:34:11,General Inquiry,True,7.79
0178-CIIKR,2024-06-08 01:15:34,General Inquiry,True,3.86
0178-SZBHO,2024-04-09 21:06:37,Billing,True,9.86
0178-SZBHO,2024-05-25 17:28:16,Billing,True,2.65
0178-SZBHO,2024-06-20 15:33:51,Billing,True,9.77
0186-CAERR,2024-06-07 17:49:52,Technical,False,
0187-QSXOE,2024-05-03 00:33:09,Service Outage,True,13.38
0187-QSXOE,2024-06-29 07:45:33,General Inquiry,True,5.6
0187-WZNAB,2024-04-02 03:05:01,General Inquiry,True,6.0
0187-WZNAB,2024-06-03 23:39:11,General Inquiry,False,
0188-GWFLE,2024-05-06 21:12:44,Technical,True,4.15
0188-GWFLE,2024-05-24 02:55:56,Billing,True,3.84
0191-ZHSKZ,2024-04-14 10:09:42,Billing,True,13.39
0191-ZHSKZ,2024-04-23 06:55:26,Technical,True,10.93
0193-ESZXP,2024-04-09 07:54:01,General Inquiry,False,
0193-ESZXP,2024-05-08 11:31:07,Service Outage,False,
0193-ESZXP,2024-05-17 15:27:44,Account,True,15.48
0193-ESZXP,2024-05-30 01:31:11,Billing,True,48.3
0193-ESZXP,2024-06-16 02:31:36,Billing,True,10.65
0195-IESCP,2024-05-09 07:25:24,Service Outage,True,24.05
0195-IESCP,2024-06-03 06:43:09,Billing,False,
0196-JTUQI,2024-05-10 05:52:20,General Inquiry,True,7.94
0196-JTUQI,2024-05-16 13:44:01,Account,True,2.35
0196-JTUQI,2024-05-24 00:45:07,General Inquiry,True,6.67
0196-JTUQI,2024-05-29 09:51:42,Technical,True,11.91
0196-VULGZ,2024-05-21 16:17:36,General Inquiry,True,18.99
0197-PNKNK,2024-05-11 23:40:46,Billing,True,4.67
0197-PNKNK,2024-06-12 16:20:05,Billing,True,3.23
0201-MIBOL,2024-04-29 00:58:13,Technical,True,6.77
0201-MIBOL,2024-05-28 01:28:46,Billing,True,1.95
0201-MIBOL,2024-05-31 11:27:07,Technical,True,6.0
0201-MIBOL,2024-06-16 17:20:40,Billing,False,
0206-OYVOC,2024-04-11 05:47:01,Technical,True,3.69
0206-OYVOC,2024-06-06 10:36:47,Billing,True,9.77
0206-OYVOC,2024-06-12 17:32:31,Service Outage,True,7.49
0206-TBWLC,2024-04-22 23:13:07,Technical,True,3.35
0207-MDKNV,2024-05-09 09:38:10,Technical,True,26.4
0207-MDKNV,2024-05-13 10:25:43,General Inquiry,False,
0208-BPQEJ,2024-04-16 14:29:36,Service Outage,True,7.04
0208-BPQEJ,2024-05-07 08:33:23,Technical,True,7.82
0212-ISBBF,2024-05-13 06:19:54,Billing,True,3.23
0212-ISBBF,2024-06-21 01:17:55,Technical,True,15.93
0214-JHPFW,2024-06-25 16:31:41,Billing,True,5.22
0215-BQKGS,2024-04-07 22:05:33,Account,True,2.48
0215-BQKGS,2024-05-27 00:59:13,General Inquiry,True,5.6
0218-QNVAS,2024-04-28 19:22:00,Billing,True,10.41
0218-QNVAS,2024-05-22 06:35:29,General Inquiry,True,3.42
0218-QNVAS,2024-05-23 18:13:32,General Inquiry,True,3.19
0218-QNVAS,2024-05-27 17:20:40,Billing,True,5.2
0218-QNVAS,2024-06-24 12:12:13,General Inquiry,True,13.43
0219-YTZUE,2024-04-30 10:21:26,Account,False,
0220-EBGCE,2024-05-08 05:48:15,Technical,True,17.01
0220-EBGCE,2024-06-25 00:04:51,Technical,True,11.67
0221-NAUXK,2024-05-04 15:38:33,General Inquiry,True,14.16
0221-NAUXK,2024-06-05 08:55:37,General Inquiry,False,
0222-CNVPT,2024-04-04 07:26:10,Account,True,7.23
0222-CNVPT,2024-05-26 12:22:43,Technical,True,7.73
0222-CNVPT,2024-06-04 03:35:07,Billing,True,2.06
0224-HJAPT,2024-06-11 04:44:05,Billing,True,5.89
0224-RLWWD,2024-04-05 07:18:21,Service Outage,False,
0224-RLWWD,2024-04-08 01:39:52,Technical,True,3.71
0224-RLWWD,2024-05-17 07:22:11,Account,True,5.97
0224-RLWWD,2024-06-02 10:54:37,Technical,True,10.82
0224-RLWWD,2024-06-15 07:16:27,Billing,True,7.73
0225-ZORZP,2024-05-12 15:47:41,Technical,True,6.1
0225-ZORZP,2024-05-25 15:40:15,Service Outage,True,8.82
0228-MAUWC,2024-06-10 23:21:37,Account,True,5.64
0229-LFJAF,2024-05-01 06:44:35,Technical,True,7.42
0229-LFJAF,2024-05-12 10:29:52,General Inquiry,True,4.22
0230-UBYPQ,2024-04-18 14:37:07,Account,True,7.12
0230-WEQUW,2024-06-07 05:41:56,Billing,False,
0231-LXVAP,2024-04-20 18:34:09,Account,True,8.23
0231-LXVAP,2024-06-08 22:39:07,Billing,True,62.16
0233-FTHAV,2024-04-06 23:41:46,Account,True,6.64
0233-FTHAV,2024-05-02 16:57:36,Technical,True,8.6
0233-FTHAV,2024-05-30 06:16:35,Service Outage,True,5.77
0234-TEVTT,2024-05-04 22:27:39,Service Outage,True,6.23
0234-TEVTT,2024-05-12 19:35:20,Billing,True,14.25
0235-KGSLC,2024-04-02 06:34:35,Technical,True,40.48
0235-KGSLC,2024-04-12 13:31:59,Technical,True,19.1
0235-KGSLC,2024-04-13 03:00:30,Billing,True,13.56
0235-KGSLC,2024-04-26 14:12:36,General Inquiry,True,10.54
0235-KGSLC,2024-05-01 22:15:39,General Inquiry,True,15.19
0236-HFWSV,2024-04-06 22:08:32,Technical,True,18.07
0236-HFWSV,2024-04-11 04:29:28,Service Outage,False,
0236-HFWSV,2024-04-17 23:15:29,Service Outage,True,39.36
0237-YFUTL,2024-04-25 08:08:07,General Inquiry,True,12.39
0237-YFUTL,2024-06-19 23:33:35,Account,True,1.64
0238-WHBIQ,2024-05-22 10:05:21,Account,True,7.12
0238-WHBIQ,2024-06-21 12:54:25,Service Outage,False,
0239-OXEXL,2024-04-15 08:01:31,Account,True,5.23
0239-OXEXL,2024-05-04 02:20:22,Account,True,3.18
0239-OXEXL,2024-06-21 22:34:00,Billing,True,5.41
0247-SLUJI,2024-05-13 20:50:09,Billing,True,3.29
0247-SLUJI,2024-05-15 16:52:51,Billing,True,6.93
0247-SLUJI,2024-06-15 19:41:33,Account,False,
0247-SLUJI,2024-06-22 04:42:34,General Inquiry,True,15.63
0247-SLUJI,2024-06-29 23:16:50,Billing,False,
0248-IPDFW,2024-05-13 09:53:02,Service Outage,True,7.25
0248-IPDFW,2024-06-08 23:51:44,General Inquiry,False,
0248-PGHBZ,2024-06-16 21:10:51,General Inquiry,True,3.49
0254-FNMCI,2024-04-28 10:57:48,General Inquiry,True,4.8
0254-FNMCI,2024-06-28 00:48:43,Technical,True,5.08
0254-WWRKD,2024-04-21 02:48:28,Service Outage,True,0.66
0256-LTHVJ,2024-04-03 04:52:07,General Inquiry,True,13.65
0256-LTHVJ,2024-04-10 08:10:23,Technical,True,17.57
0256-LTHVJ,2024-05-31 11:29:49,Service Outage,False,
0256-LTHVJ,2024-06-12 23:25:51,Technical,False,
0258-NOKBL,2024-04-04 22:53:43,Billing,True,5.6
0258-NOKBL,2024-04-21 05:38:45,Service Outage,False,
0258-NOKBL,2024-06-13 10:19:59,General Inquiry,True,2.24
0259-GBZSH,2024-04-11 13:18:15,Technical,False,
0259-GBZSH,2024-04-18 10:01:16,Account,True,23.63
0259-GBZSH,2024-05-25 13:49:29,Billing,True,54.89
0259-GBZSH,2024-05-26 23:25:05,General Inquiry,True,9.21
0259-GBZSH,2024-06-20 02:49:34,Account,False,
0263-FJTQO,2024-04-09 13:15:29,Technical,True,2.22
0263-FJTQO,2024-04-30 08:07:22,Account,True,4.45
0263-FJTQO,2024-05-26 00:46:07,General Inquiry,True,4.72
0263-FJTQO,2024-05-29 16:06:33,Technical,True,5.54
0265-PSUAE,2024-05-03 16:53:03,Billing,True,5.42
0265-PSUAE,2024-06-17 13:57:11,Service Outage,True,5.61
0265-PSUAE,2024-06-27 08:01:34,Technical,True,15.39
0265-PSUAE,2024-06-28 03:29:50,General Inquiry,True,4.87
0266-CLZKZ,2024-04-14 10:09:39,Account,True,11.02
0266-CLZKZ,2024-04-17 05:05:59,General Inquiry,True,5.3
0266-GMEAO,2024-06-05 18:37:31,Billing,True,6.41
0268-QKIWO,2024-04-13 17:08:10,Technical,False,
0268-QKIWO,2024-05-31 22:03:46,Technical,False,
0277-BKSQP,2024-04-08 04:30:21,Billing,True,7.02
0277-BKSQP,2024-06-07 10:49:26,Billing,True,6.88
0277-BKSQP,2024-06-27 19:08:16,Billing,True,15.91
0277-ORXQS,2024-04-06 01:18:25,Service Outage,True,7.46
0277-ORXQS,2024-04-06 07:11:27,Service Outage,True,5.12
0277-ORXQS,2024-04-06 22:37:25,Technical,False,
0277-ORXQS,2024-06-14 07:28:51,Billing,True,4.81
0278-YXOOG,2024-06-30 00:00:29,Billing,True,50.26
0280-XJGEX,2024-05-16 23:24:08,General Inquiry,True,6.74
0280-XJGEX,2024-06-04 19:43:56,General Inquiry,True,50.39
0281-CNTZX,2024-05-19 01:12:50,Service Outage,True,23.62
0281-CNTZX,2024-05-19 09:23:36,Service Outage,True,23.17
0285-INHLN,2024-04-07 06:28:11,General Inquiry,True,2.08
0285-INHLN,2024-06-22 09:34:21,Billing,True,15.08
0285-INHLN,2024-06-24 12:37:14,Technical,True,2.5
0289-IVARM,2024-04-02 09:39:51,Service Outage,True,9.13
0292-WEGCH,2024-05-29 15:55:38,General Inquiry,True,2.73
0292-WEGCH,2024-06-21 15:15:18,General Inquiry,True,5.41
0295-PPHDO,2024-04-08 00:01:38,General Inquiry,False,
0295-PPHDO,2024-04-16 18:54:48,Service Outage,True,24.72
0295-PPHDO,2024-04-25 21:17:55,Service Outage,True,18.81
0295-PPHDO,2024-05-14 09:05:09,General Inquiry,False,
0295-PPHDO,2024-06-12 07:28:41,Technical,False,
0295-QVKPB,2024-05-18 06:34:14,Service Outage,True,2.16
0295-QVKPB,2024-05-22 02:34:16,Account,False,
0297-RBCSG,2024-05-20 23:38:24,Billing,True,3.48
0297-RBCSG,2024-05-23 20:05:49,Billing,True,1.67
0298-XACET,2024-05-21 22:11:43,Billing,True,2.88
0301-FIDRB,2024-05-16 22:08:48,Account,True,8.36
0301-FIDRB,2024-06-12 00:43:20,Account,True,7.74
0301-KOBTQ,2024-04-29 05:58:06,Account,True,3.69
0301-KOBTQ,2024-06-07 18:10:08,General Inquiry,True,5.62
0302-JOIVN,2024-05-20 04:29:15,Account,True,27.06
0302-JOIVN,2024-05-25 11:20:02,Billing,False,
0302-JOIVN,2024-06-06 01:11:28,General Inquiry,False,
0303-UNCIP,2024-05-15 01:59:55,General Inquiry,True,5.93
0303-WMMRN,2024-05-10 05:16:34,Billing,True,2.78
0305-SQECB,2024-05-01 21:12:27,Billing,True,11.09
0305-SQECB,2024-05-20 18:03:24,Account,True,8.36
0305-SQECB,2024-06-25 17:41:16,General Inquiry,True,7.84
0306-JAELE,2024-05-13 23:35:39,Service Outage,True,18.72
0307-BCOPK,2024-04-25 18:35:23,Account,True,4.34
0307-BCOPK,2024-06-18 17:29:32,Technical,True,4.69
0308-GIQJT,2024-05-21 10:11:45,General Inquiry,True,3.45
0308-IVGOK,2024-06-06 09:10:20,General Inquiry,True,6.24
0310-MVLET,2024-04-21 19:03:51,Service Outage,True,40.21
0310-MVLET,2024-05-03 05:21:59,Service Outage,True,55.2
0310-VQXAM,2024-05-15 08:51:19,Service Outage,True,1.71
0311-QYWSS,2024-04-11 13:21:49,Technical,True,2.13
0311-QYWSS,2024-05-15 00:08:47,General Inquiry,True,20.83
0311-QYWSS,2024-06-14 06:03:40,Billing,True,5.87
0311-UNPFF,2024-04-02 12:07:18,Account,False,
0311-UNPFF,2024-05-05 07:25:18,Billing,True,45.84
0311-UNPFF,2024-05-05 16:07:06,Account,False,
0311-UNPFF,2024-06-20 21:49:26,General Inquiry,False,
0311-UNPFF,2024-06-27 12:24:23,Technical,False,
0314-TKOSI,2024-05-17 13:18:19,General Inquiry,True,5.46
0314-TKOSI,2024-06-21 11:23:13,Technical,True,4.91
0315-LVCRK,2024-04-03 07:11:53,Service Outage,True,18.93
0315-LVCRK,2024-05-26 21:39:45,General Inquiry,True,3.17
0318-QUUOB,2024-04-15 03:04:47,Technical,True,12.59
0318-QUUOB,2024-04-15 04:24:53,Service Outage,True,30.49
0319-QZTCO,2024-04-13 13:45:39,General Inquiry,True,7.02
0319-QZTCO,2024-05-08 01:24:23,Account,False,
0319-QZTCO,2024-05-31 17:56:15,Service Outage,True,3.44
0319-QZTCO,2024-06-11 10:50:30,Billing,True,14.03
0319-QZTCO,2024-06-11 17:27:20,Technical,True,6.78
0320-DWVTU,2024-06-05 20:08:09,General Inquiry,True,5.14
0320-JDNQG,2024-05-31 22:41:04,General Inquiry,True,40.84
0322-YINQP,2024-04-17 15:24:33,Account,False,
0322-YINQP,2024-05-15 10:45:38,Account,False,
0322-YINQP,2024-06-27 08:32:05,Billing,True,20.43
0323-XWWTN,2024-04-13 18:40:57,Technical,True,4.9
0323-XWWTN,2024-05-09 05:45:32,Technical,True,4.11
0323-XWWTN,2024-05-14 07:33:42,Service Outage,False,
0324-BRPCJ,2024-04-28 16:59:46,Service Outage,False,
0324-BRPCJ,2024-05-02 06:42:24,Account,False,
0324-BRPCJ,2024-05-17 02:21:17,Account,False,
0325-XBFAC,2024-04-30 12:43:07,Billing,True,40.63
0325-XBFAC,2024-06-30 18:11:02,General Inquiry,True,29.63
0326-VDYXE,2024-04-25 12:56:19,Account,True,2.58
0326-VDYXE,2024-05-17 09:44:41,Account,True,2.15
0327-WFZSY,2024-04-07 00:58:18,Service Outage,True,6.68
0327-WFZSY,2024-04-09 09:19:24,General Inquiry,True,2.98
0328-GRPMV,2024-06-15 00:14:56,Service Outage,False,
0329-GTIAJ,2024-04-09 23:43:07,General Inquiry,True,30.55
0329-GTIAJ,2024-05-30 09:30:21,General Inquiry,True,32.92
0330-BGYZE,2024-04-21 16:55:03,Billing,True,6.45
0330-BGYZE,2024-06-10 19:49:01,Service Outage,True,6.26
0334-GDDSO,2024-04-14 07:17:46,Billing,True,14.13
0334-GDDSO,2024-04-16 12:40:06,Service Outage,True,41.41
0334-GDDSO,2024-05-08 01:36:43,Account,False,
0336-KXKFK,2024-04-02 18:36:07,Account,True,6.65
0336-KXKFK,2024-06-11 00:47:51,Billing,True,7.0
0336-PIKEI,2024-04-06 14:44:21,Account,True,6.3
0336-PIKEI,2024-05-04 12:34:07,Service Outage,True,7.37
0343-QLUZP,2024-05-06 21:12:01,Service Outage,True,5.9
0343-QLUZP,2024-06-29 16:11:46,Technical,True,3.57
0345-HKJVM,2024-05-30 03:16:30,General Inquiry,False,
0348-SDKOL,2024-04-12 16:23:46,Technical,False,
0348-SDKOL,2024-05-19 21:59:30,Billing,False,
0348-SDKOL,2024-06-19 14:40:21,General Inquiry,False,
0354-WYROK,2024-04-14 16:09:18,General Inquiry,True,22.23
0356-OBMAC,2024-04-27 14:04:17,Billing,True,17.31
0357-NVCRI,2024-04-03 17:08:35,Service Outage,True,5.13
0357-NVCRI,2024-06-05 01:02:16,Technical,True,9.6
0361-HJRDX,2024-06-10 11:09:27,Billing,True,10.05
0362-RAOQO,2024-04-15 05:49:55,General Inquiry,True,6.49
0362-ZBZWJ,2024-04-27 09:17:36,Service Outage,False,
0362-ZBZWJ,2024-05-15 20:16:16,Service Outage,False,
0363-QJVFX,2024-04-23 23:28:41,Technical,True,19.26
0365-BZUWY,2024-04-23 02:10:21,Billing,True,9.49
0365-BZUWY,2024-04-23 08:13:18,Service Outage,True,9.55
0365-BZUWY,2024-04-28 02:34:41,Technical,False,
0365-BZUWY,2024-05-22 21:43:08,Service Outage,True,12.09
0365-GXEZS,2024-05-20 17:24:31,General Inquiry,True,8.04
0365-GXEZS,2024-06-03 14:30:14,Account,True,4.8
0365-TRTPY,2024-05-02 01:06:36,Service Outage,True,6.56
0365-TRTPY,2024-06-01 20:52:59,Technical,True,4.36
0365-TRTPY,2024-06-12 20:39:54,Billing,True,5.83
0369-ZGOVK,2024-05-04 14:25:29,General Inquiry,True,1.68
0369-ZGOVK,2024-05-20 13:26:47,Billing,True,4.14
0373-AIVNJ,2024-06-29 02:07:16,Service Outage,True,7.05
0374-AACSZ,2024-04-27 16:40:23,Technical,True,6.57
0374-AACSZ,2024-06-01 18:27:57,Billing,True,18.35
0374-AACSZ,2024-06-06 23:30:45,Billing,True,0.9
0374-AACSZ,2024-06-21 14:27:29,Service Outage,True,2.31
0374-AACSZ,2024-06-26 07:30:54,General Inquiry,True,5.62
0374-FIUCA,2024-06-07 18:32:53,Service Outage,True,4.16
0374-FIUCA,2024-06-20 13:05:49,Billing,True,3.86
0374-IOEGQ,2024-04-28 04:15:30,General Inquiry,True,5.38
0374-IOEGQ,2024-05-22 14:38:10,Billing,True,11.38
0374-IOEGQ,2024-06-24 07:33:54,Service Outage,True,9.24
0375-HVGXO,2024-05-19 06:53:03,General Inquiry,True,31.43
0375-HVGXO,2024-06-13 11:59:14,Technical,True,41.26
0375-HVGXO,2024-06-21 18:34:52,Service Outage,True,52.58
0375-HVGXO,2024-06-25 20:22:36,Billing,True,21.12
0375-HVGXO,2024-06-30 13:34:52,Billing,False,
0376-OIWME,2024-04-16 04:07:18,Billing,True,15.32
0376-OIWME,2024-06-11 13:51:35,General Inquiry,True,1.29
0376-OIWME,2024-06-28 18:25:28,Technical,True,4.79
0376-YMCJC,2024-05-24 07:56:53,Account,False,
0377-JBKKT,2024-05-26 08:51:38,Service Outage,True,3.47
0378-CJKPV,2024-05-02 16:34:25,Service Outage,True,2.74
0378-CJKPV,2024-05-22 15:36:18,General Inquiry,True,6.59
0378-CJKPV,2024-05-27 12:49:37,Service Outage,True,6.29
0378-NHQXU,2024-04-20 08:35:48,General Inquiry,False,
0378-NHQXU,2024-04-24 07:43:23,Service Outage,False,
0378-NHQXU,2024-04-30 13:50:27,Service Outage,True,5.58
0378-NHQXU,2024-06-16 04:02:55,General Inquiry,True,51.2
0378-NHQXU,2024-06-16 22:38:10,Billing,True,29.47
0378-TOVMS,2024-05-09 09:48:30,Technical,False,
0378-XSZPU,2024-04-08 12:12:45,Billing,False,
0379-DJQHR,2024-05-02 03:06:13,General Inquiry,True,10.37
0379-DJQHR,2024-06-12 02:59:41,Technical,True,26.97
0380-NEAVX,2024-05-20 00:55:54,Service Outage,True,4.4
0380-NEAVX,2024-05-20 11:56:16,Account,True,10.12
0380-NEAVX,2024-06-13 21:35:08,General Inquiry,True,4.45
0383-CLDDA,2024-06-14 07:42:17,General Inquiry,True,3.71
0384-RVBPI,2024-06-02 06:44:29,Service Outage,True,5.72
0384-RVBPI,2024-06-26 01:30:57,Service Outage,True,6.41
0384-RVBPI,2024-06-28 07:47:32,General Inquiry,True,6.54
0388-EOPEX,2024-04-11 19:06:09,Technical,False,
0388-EOPEX,2024-05-26 21:20:19,Billing,False,
0388-EOPEX,2024-05-30 09:15:17,Service Outage,False,
0388-EOPEX,2024-05-30 20:13:29,Service Outage,True,39.42
0390-DCFDQ,2024-04-27 13:40:52,Account,True,13.34
0390-DCFDQ,2024-06-23 13:30:32,Service Outage,True,52.1
0392-BZIUW,2024-04-21 04:41:29,Account,True,5.6
0392-BZIUW,2024-04-29 23:00:29,Billing,True,6.39
0392-BZIUW,2024-05-19 06:08:32,Service Outage,False,
0394-YONDK,2024-04-03 04:13:47,General Inquiry,True,6.21
0394-YONDK,2024-05-12 01:41:14,Billing,True,8.45
0394-YONDK,2024-05-24 14:08:31,General Inquiry,True,15.22
0396-HUJBP,2024-05-15 03:15:50,General Inquiry,True,12.5
0396-HUJBP,2024-06-01 02:45:25,Technical,True,15.07
0396-YCHWO,2024-05-19 14:30:09,Technical,True,8.18
0396-YCHWO,2024-06-11 20:19:15,General Inquiry,True,5.63
0397-GZBBC,2024-04-06 16:35:14,Technical,False,
0397-GZBBC,2024-04-25 13:54:00,Technical,False,
0397-GZBBC,2024-05-14 15:56:37,Technical,True,18.81
0397-GZBBC,2024-05-15 10:56:47,General Inquiry,False,
0401-WDBXM,2024-04-11 18:06:16,Account,True,8.65
0401-WDBXM,2024-04-28 18:20:49,Service Outage,True,4.36
0402-CQAJN,2024-05-15 20:53:24,Service Outage,False,
0402-OAMEN,2024-05-06 02:04:28,Technical,True,9.45
0404-AHASP,2024-04-17 18:37:35,Technical,True,4.5
0404-AHASP,2024-04-30 09:53:03,Billing,True,13.93
0404-AHASP,2024-06-01 16:21:23,Technical,True,6.08
0404-SWRVG,2024-04-04 06:44:50,Service Outage,False,
0404-SWRVG,2024-04-16 10:59:54,Account,True,15.44
0404-SWRVG,2024-05-23 05:57:08,Technical,True,10.43
0406-BPDVR,2024-05-17 05:18:05,Account,True,39.42
0407-BDJKB,2024-05-11 17:34:29,Service Outage,False,
0407-BDJKB,2024-05-13 20:38:51,Technical,False,
0407-BDJKB,2024-05-30 01:36:46,Billing,True,29.3
0407-BDJKB,2024-05-30 16:52:30,Account,True,15.46
0409-WTMPL,2024-04-06 13:35:00,General Inquiry,True,9.07
0409-WTMPL,2024-04-19 16:37:59,Billing,True,2.39
0409-WTMPL,2024-05-24 12:23:58,Service Outage,True,3.27
0410-IPFTY,2024-04-03 20:26:17,Account,True,5.03
0410-IPFTY,2024-04-16 02:32:50,Technical,True,1.64
0411-EZJZE,2024-04-09 02:13:24,Billing,False,
0412-UCCNP,2024-05-28 17:11:25,Account,True,3.56
0415-MOSGF,2024-04-07 16:19:39,Account,True,15.3
0415-MOSGF,2024-04-19 22:38:56,Billing,True,10.3
0415-MOSGF,2024-06-01 16:39:33,Service Outage,False,
0415-MOSGF,2024-06-03 00:03:52,Account,False,
0415-MOSGF,2024-06-16 22:07:54,Billing,True,4.69
0419-YAAPX,2024-06-17 18:28:23,Service Outage,True,5.96
0420-BWTPW,2024-04-02 16:33:28,Technical,False,
0420-HLGXF,2024-05-01 09:04:14,Billing,True,13.81
0420-HLGXF,2024-06-09 00:47:56,Billing,True,9.43
0420-TXVSG,2024-05-04 16:26:57,General Inquiry,True,5.0
0420-TXVSG,2024-05-27 07:49:07,General Inquiry,True,6.84
0420-TXVSG,2024-06-21 11:27:05,General Inquiry,True,7.43
0422-OHQHQ,2024-04-10 14:36:42,Service Outage,True,14.03
0422-OHQHQ,2024-06-03 02:36:01,Billing,False,
0422-OHQHQ,2024-06-07 03:45:36,Technical,True,3.79
0422-UXFAP,2024-04-02 16:43:33,Service Outage,True,10.46
0422-UXFAP,2024-04-14 22:27:51,Service Outage,False,
0426-TIRNE,2024-04-22 09:06:42,General Inquiry,True,21.52
0428-AXXLJ,2024-04-02 22:31:43,General Inquiry,True,3.78
0430-IHCDJ,2024-05-25 10:03:03,Service Outage,True,12.83
0431-APWVY,2024-04-12 13:27:00,General Inquiry,False,
0431-APWVY,2024-04-30 20:48:17,Billing,True,21.52
0431-APWVY,2024-05-02 12:22:05,Technical,True,27.03
0431-APWVY,2024-06-06 23:49:04,Service Outage,False,
0432-CAJZV,2024-04-26 15:46:22,Service Outage,True,8.5
0434-CSFON,2024-04-03 12:45:09,Technical,True,3.0
0434-CSFON,2024-06-20 08:24:27,Billing,True,20.52
0436-TWFFZ,2024-04-21 20:35:41,Technical,True,8.51
0439-IFYUN,2024-04-06 09:51:42,Billing,True,4.64
0439-IFYUN,2024-04-30 01:35:44,Billing,True,5.22
0440-MOGPM,2024-04-03 01:28:03,General Inquiry,True,4.26
0440-MOGPM,2024-05-04 12:19:49,Account,True,15.53
0440-QEXBZ,2024-05-08 22:15:28,General Inquiry,False,
0440-UEDAI,2024-05-21 01:06:20,Account,True,12.8
0440-UEDAI,2024-06-07 05:03:10,Technical,True,9.45
0442-TDYUO,2024-06-01 03:19:13,Billing,True,6.36
0442-ZXKVS,2024-05-17 03:25:37,Billing,True,4.7
0447-BEMNG,2024-05-26 19:13:02,Billing,True,7.51
0447-BEMNG,2024-06-05 10:43:17,General Inquiry,False,
0447-BEMNG,2024-06-24 02:01:49,Technical,False,
0447-RXSGD,2024-04-21 14:02:07,Service Outage,True,1.93
0447-RXSGD,2024-05-17 21:42:00,Account,True,5.18
0447-RXSGD,2024-06-02 05:09:24,Account,True,10.86
0447-RXSGD,2024-06-13 05:57:28,Service Outage,True,5.87
0447-RXSGD,2024-06-24 11:32:04,Technical,True,2.84
0455-ENTCR,2024-04-26 05:05:45,General Inquiry,True,8.84
0455-XFASS,2024-04-13 00:28:13,Account,True,4.45
0455-XFASS,2024-05-07 09:09:25,Technical,True,4.51
0455-XFASS,2024-06-17 11:32:15,Technical,True,6.43
0455-XFASS,2024-06-21 08:47:05,Technical,False,
0455-XFASS,2024-06-28 20:33:31,General Inquiry,True,2.22
0458-HEUZG,2024-04-28 11:52:36,Service Outage,True,5.11
0458-HEUZG,2024-05-25 14:38:59,Account,True,6.52
0459-SPZHJ,2024-04-16 02:01:48,Service Outage,True,4.93
0459-SPZHJ,2024-04-29 19:37:43,Technical,True,4.34
0459-SPZHJ,2024-05-06 18:13:24,Billing,True,4.4
0459-SPZHJ,2024-06-07 17:59:23,Service Outage,True,4.49
0461-CVKMU,2024-05-07 04:32:55,Billing,False,
0461-CVKMU,2024-05-28 18:49:49,Billing,True,34.23
0463-WZZKO,2024-04-26 20:49:09,General Inquiry,True,7.74
0463-WZZKO,2024-05-01 15:25:14,Account,False,
0463-ZSDNT,2024-05-08 03:40:27,General Inquiry,True,10.11
0463-ZSDNT,2024-05-29 20:54:43,Service Outage,False,
0463-ZSDNT,2024-06-10 15:44:39,Account,True,4.73
0463-ZSDNT,2024-06-19 01:58:58,Technical,True,19.06
0464-WJTKO,2024-04-27 01:06:30,Service Outage,True,6.12
0464-WJTKO,2024-05-04 00:40:17,Technical,True,2.72
0468-YRPXN,2024-06-04 10:19:14,General Inquiry,True,4.77
0471-ARVMX,2024-04-05 14:44:32,Service Outage,True,5.26
0471-ARVMX,2024-04-30 13:54:47,General Inquiry,True,10.08
0471-ARVMX,2024-06-02 01:01:30,Account,True,7.26
0471-LVHGK,2024-04-19 06:49:45,Account,True,17.67
0471-LVHGK,2024-05-06 20:27:12,Billing,True,42.81
0471-LVHGK,2024-05-25 02:32:26,Service Outage,True,15.09
0475-RIJEP,2024-04-09 15:59:38,Billing,True,49.16
0475-RIJEP,2024-04-25 14:40:25,General Inquiry,False,
0475-RIJEP,2024-05-06 11:36:21,General Inquiry,True,19.08
0475-RIJEP,2024-05-09 03:34:23,Account,True,39.11
0479-HMSWA,2024-04-30 00:38:58,General Inquiry,True,8.49
0480-KYJVA,2024-04-23 02:11:08,Account,True,7.45
0480-KYJVA,2024-06-27 20:37:04,Technical,True,4.97
0481-SUMCB,2024-06-23 22:32:31,Billing,True,5.24
0484-FFVBJ,2024-05-09 21:11:40,Billing,True,2.39
0484-FFVBJ,2024-05-15 16:37:47,Technical,True,23.24
0484-FFVBJ,2024-06-19 02:29:26,Account,True,7.61
0484-FFVBJ,2024-06-20 19:47:23,General Inquiry,True,9.13
0485-ZBSLN,2024-05-19 12:33:15,General Inquiry,True,3.34
0485-ZBSLN,2024-06-24 10:59:12,Service Outage,True,2.39
0486-LGCCH,2024-04-02 06:22:48,Technical,True,16.48
0486-LGCCH,2024-04-28 15:32:20,General Inquiry,True,2.76
0486-LGCCH,2024-05-19 12:33:53,General Inquiry,True,7.02
0486-LGCCH,2024-06-22 13:15:29,Technical,False,
0487-CRLZF,2024-05-07 01:13:00,Billing,True,4.25
0487-CRLZF,2024-06-02 02:44:01,Technical,True,14.37
0487-CRLZF,2024-06-21 07:06:12,Technical,True,4.34
0487-CRLZF,2024-06-27 06:55:07,Service Outage,True,6.47
0487-RPVUM,2024-04-17 16:48:21,Billing,True,4.5
0487-RPVUM,2024-05-28 03:48:29,Billing,True,9.86
0487-RPVUM,2024-05-31 02:17:10,General Inquiry,True,3.99
0487-VVUVK,2024-05-10 07:57:44,Account,True,3.61
0488-GSLFR,2024-04-18 01:37:38,Technical,False,
0488-GSLFR,2024-05-05 02:20:31,General Inquiry,True,19.27
0488-GSLFR,2024-05-15 22:42:48,Service Outage,True,29.34
0489-WMEMG,2024-05-21 00:00:46,General Inquiry,True,9.8
0489-WMEMG,2024-06-30 02:11:12,Account,True,3.69
0491-KAPQG,2024-04-25 08:14:46,Account,True,6.11
0495-RVCBF,2024-04-19 18:49:58,General Inquiry,True,11.55
0495-RVCBF,2024-04-28 23:03:49,Technical,True,11.37
0495-RVCBF,2024-05-17 23:29:57,Technical,False,
0495-RVCBF,2024-05-21 07:46:19,Service Outage,True,81.7
0495-ZBNGW,2024-04-22 00:17:17,Billing,False,
0495-ZBNGW,2024-05-03 02:09:58,General Inquiry,False,
0495-ZBNGW,2024-05-03 05:24:49,Service Outage,False,
0496-AHOOK,2024-04-16 17:41:07,Account,True,5.02
0496-AHOOK,2024-06-12 17:56:35,Service Outage,True,2.53
0504-HHAPI,2024-06-06 07:41:10,General Inquiry,True,106.82
0504-HHAPI,2024-06-24 01:24:02,Billing,True,8.2
0506-LVNGN,2024-04-27 19:58:36,Technical,True,15.48
0506-LVNGN,2024-05-06 15:38:52,General Inquiry,True,13.07
0506-LVNGN,2024-05-31 07:18:40,Billing,True,217.21
0506-YLVKJ,2024-04-21 00:19:42,General Inquiry,True,6.03
0506-YLVKJ,2024-05-05 03:54:03,Technical,True,11.42
0506-YLVKJ,2024-05-13 18:46:55,Technical,False,
0508-OOLTO,2024-04-24 17:12:57,Technical,True,1.82
0508-OOLTO,2024-06-13 14:15:57,Account,False,
0508-SQWPL,2024-04-04 14:45:06,Technical,True,6.69
0511-JTEOY,2024-04-21 00:54:45,Service Outage,False,
0511-JTEOY,2024-05-05 13:59:40,Billing,False,
0511-JTEOY,2024-06-27 01:08:15,Technical,True,12.51
0512-FLFDW,2024-04-02 09:04:21,Account,True,10.7
0512-FLFDW,2024-05-15 01:16:24,Technical,True,3.26
0513-RBGPE,2024-06-19 10:03:39,Billing,True,3.54
0515-YPMCW,2024-06-29 07:29:55,Account,False,
0516-OOHAR,2024-04-12 17:20:15,Technical,True,8.07
0516-OOHAR,2024-04-22 15:44:14,Account,True,14.99
0516-OOHAR,2024-05-11 07:25:56,General Inquiry,True,12.86
0516-QREYC,2024-05-14 20:42:31,Billing,True,13.11
0516-QREYC,2024-06-11 12:40:58,Account,True,5.51
0516-UXRMT,2024-04-24 01:15:30,General Inquiry,True,4.81
0516-UXRMT,2024-06-18 23:37:59,Billing,True,7.57
0516-WJVXC,2024-04-24 05:08:59,Service Outage,False,
0516-WJVXC,2024-05-21 01:13:48,Account,True,17.15
0516-WJVXC,2024-06-04 23:01:21,Account,True,19.36
0519-DRGTI,2024-04-27 21:34:24,General Inquiry,True,4.43
0519-XUZJU,2024-04-07 20:40:41,Technical,True,56.26
0519-XUZJU,2024-06-26 05:02:17,Account,False,
0520-FDVVT,2024-04-23 05:51:18,Account,True,14.45
0524-IAVZO,2024-04-08 01:24:49,Account,False,
0524-IAVZO,2024-05-09 15:10:17,Service Outage,True,46.36
0524-IAVZO,2024-06-01 09:18:36,General Inquiry,True,43.49
0524-IAVZO,2024-06-16 22:42:41,General Inquiry,False,
0524-IAVZO,2024-06-19 04:58:48,Service Outage,True,16.23
0526-SXDJP,2024-05-23 06:48:52,Account,False,
0526-SXDJP,2024-06-21 15:40:16,Account,True,4.85
0529-ONKER,2024-04-18 09:28:42,General Inquiry,False,
0530-IJVDB,2024-04-03 07:40:02,Technical,True,4.27
0531-ZZJWQ,2024-05-30 15:45:16,Service Outage,True,4.31
0531-ZZJWQ,2024-06-08 06:45:08,General Inquiry,True,44.08
0533-BNWKF,2024-04-10 11:14:46,Billing,True,94.92
0533-BNWKF,2024-05-18 16:27:37,Account,True,16.53
0533-BNWKF,2024-06-14 11:23:01,Billing,True,49.76
0533-UCAAU,2024-04-03 13:26:06,Service Outage,False,
0533-UCAAU,2024-04-15 09:20:26,General Inquiry,True,4.59
0533-UCAAU,2024-04-22 23:33:38,Account,False,
0533-UCAAU,2024-05-06 09:53:21,Technical,True,12.49
0533-UCAAU,2024-06-24 10:22:54,Service Outage,True,4.8
0536-ACXIP,2024-05-23 06:24:18,Technical,True,5.64
0536-BGFMZ,2024-06-01 15:39:18,Service Outage,False,
0536-ESJEP,2024-06-22 00:54:56,General Inquiry,True,2.59
0537-QYZZN,2024-06-29 12:53:56,Account,True,19.4
0541-FITGH,2024-05-16 09:35:17,Account,True,4.8
0541-FITGH,2024-06-23 12:14:05,Account,True,31.79
0549-CYCQN,2024-05-24 08:05:36,General Inquiry,True,3.31
0549-CYCQN,2024-05-24 19:24:32,General Inquiry,True,8.27
0550-DCXLH,2024-04-27 00:46:13,Account,True,2.16
0550-DCXLH,2024-05-11 07:47:39,General Inquiry,True,8.08
0550-DCXLH,2024-05-15 19:08:14,General Inquiry,True,11.78
0550-DCXLH,2024-06-05 21:47:07,Service Outage,True,3.5
0556-FJEGU,2024-06-13 07:21:15,Technical,True,6.99
0559-CKHUS,2024-06-30 08:22:33,Service Outage,True,10.9
0562-FGDCR,2024-04-18 11:59:34,Billing,True,3.61
0564-JJHGS,2024-04-21 11:54:54,Service Outage,True,44.13
0564-JJHGS,2024-04-25 18:17:06,Account,False,
0564-JJHGS,2024-06-15 05:48:43,Account,False,
0564-MUUQK,2024-04-07 00:30:08,Billing,True,6.3
0567-GGCAC,2024-04-17 08:46:24,Billing,True,3.37
0567-GGCAC,2024-06-21 21:59:56,Billing,True,4.5
0567-XRHCU,2024-04-27 11:57:21,Service Outage,True,9.49
0567-XRHCU,2024-05-30 04:13:11,Technical,True,4.45
0567-XRHCU,2024-06-23 19:32:00,Service Outage,False,
0568-ONFPC,2024-04-19 03:11:00,General Inquiry,True,38.06
0570-BFQHT,2024-04-21 09:08:52,Billing,True,6.83
0570-BFQHT,2024-05-28 16:10:10,General Inquiry,True,6.62
0575-CUQOV,2024-04-06 11:34:44,Billing,True,3.17
0575-CUQOV,2024-05-12 09:15:08,Service Outage,True,5.25
0575-CUQOV,2024-06-13 14:19:48,Billing,True,3.29
0576-WNXXC,2024-05-04 07:33:34,Technical,False,
0576-WNXXC,2024-06-28 07:19:47,Account,False,
0578-SKVMF,2024-05-08 15:27:33,Billing,False,
0578-SKVMF,2024-05-23 11:19:58,Service Outage,False,
0580-PIQHM,2024-04-26 14:24:03,Technical,False,
0580-PIQHM,2024-04-29 14:09:47,Account,True,14.03
0580-PIQHM,2024-05-10 04:03:31,Technical,True,4.0
0580-PIQHM,2024-05-16 23:09:54,Billing,True,4.73
0581-BXBUB,2024-04-04 04:14:54,Service Outage,True,5.68
0581-BXBUB,2024-05-07 10:54:47,Billing,True,3.94
0581-BXBUB,2024-05-09 16:04:28,Technical,True,10.05
0581-MDMPW,2024-06-14 19:44:44,Billing,True,7.95
0582-AVCLN,2024-04-21 02:18:59,General Inquiry,True,9.53
0585-EGDDA,2024-04-05 09:13:31,Account,True,6.86
0585-EGDDA,2024-04-18 17:57:09,General Inquiry,True,4.06
0585-EGDDA,2024-05-06 02:53:38,Account,True,3.77
0585-EGDDA,2024-05-20 03:28:08,Account,True,6.38
0585-EGDDA,2024-06-23 17:16:01,Service Outage,True,6.55
0587-DMGBH,2024-04-11 11:25:52,General Inquiry,True,11.51
0594-UFTUL,2024-04-21 14:09:49,General Inquiry,True,7.89
0595-ITUDF,2024-04-02 23:38:57,Billing,False,
0595-ITUDF,2024-04-23 06:03:21,Service Outage,True,9.13
0595-ITUDF,2024-05-03 03:31:41,Service Outage,True,2.57
0595-ITUDF,2024-06-19 19:13:08,Technical,False,
0596-BQCEQ,2024-04-10 13:35:42,General Inquiry,False,
0596-BQCEQ,2024-05-10 23:05:52,Account,True,47.07
0599-XNYDO,2024-04-16 23:54:49,Service Outage,True,4.95
0599-XNYDO,2024-04-28 15:21:19,Technical,True,6.01
0601-WZHJF,2024-04-14 21:21:33,General Inquiry,False,
0601-WZHJF,2024-05-30 16:26:42,General Inquiry,True,5.85
0601-WZHJF,2024-06-06 11:45:59,Service Outage,False,
0601-WZHJF,2024-06-08 17:12:30,Service Outage,False,
0601-WZHJF,2024-06-27 07:23:03,Billing,False,
0602-DDUML,2024-04-05 12:19:58,Technical,True,6.44
0603-OLQDC,2024-04-13 17:39:38,Account,True,7.51
0603-OLQDC,2024-05-28 08:14:13,Billing,True,3.52
0603-TPMIB,2024-04-16 06:55:53,General Inquiry,True,16.93
0603-TPMIB,2024-04-19 19:57:53,Service Outage,True,14.84
0603-TPMIB,2024-05-15 20:11:42,General Inquiry,True,5.76
0603-TPMIB,2024-05-29 10:24:17,Account,True,6.29
0604-THJFP,2024-05-16 07:48:53,Account,True,2.04
0607-DAAHE,2024-05-29 10:33:03,General Inquiry,True,15.79
0607-MVMGC,2024-04-12 08:59:39,Technical,True,3.02
0607-MVMGC,2024-04-30 04:54:01,Service Outage,True,3.55
0608-JDVEC,2024-04-23 20:18:16,General Inquiry,False,
0612-RTZZA,2024-04-08 01:12:31,Technical,False,
0612-RTZZA,2024-05-02 14:43:00,Billing,False,
0612-RTZZA,2024-05-07 03:55:42,Billing,False,
0612-RTZZA,2024-06-26 09:31:21,Account,True,34.64
0613-WUXUM,2024-05-14 15:20:59,Account,True,8.75
0613-WUXUM,2024-06-20 09:10:11,Service Outage,True,3.63
0616-ATFGB,2024-04-14 12:51:24,Technical,True,21.89
0616-ATFGB,2024-04-24 06:10:24,Billing,False,
0616-ATFGB,2024-05-07 15:00:37,General Inquiry,False,
0616-ATFGB,2024-05-19 03:11:07,Account,True,8.39
0616-ATFGB,2024-06-07 12:54:16,Service Outage,True,25.78
0617-FHSGK,2024-04-30 12:51:03,Billing,True,26.05
0617-FHSGK,2024-04-30 19:00:47,Billing,True,41.2
0617-FHSGK,2024-06-11 22:42:23,Technical,True,38.16
0618-XWMSS,2024-05-09 17:49:06,Billing,False,
0619-OLYUR,2024-06-23 22:17:06,Account,True,8.05
0620-DLSLK,2024-04-08 04:53:34,Service Outage,True,3.57
0620-DLSLK,2024-04-11 13:43:49,Account,True,3.33
0620-DLSLK,2024-05-18 04:22:44,Billing,True,11.07
0621-CXBKL,2024-05-26 15:42:25,Account,True,8.08
0621-HJWXJ,2024-04-26 13:01:55,Technical,True,10.92
0621-JFHOL,2024-05-31 15:53:41,General Inquiry,True,11.13
0621-TWIEM,2024-04-12 23:56:22,Billing,True,36.45
0621-TWIEM,2024-04-23 18:46:02,General Inquiry,True,39.12
0621-TWIEM,2024-05-07 00:14:28,Billing,True,10.8
0621-TWIEM,2024-05-12 19:00:00,Billing,True,32.09
0621-TWIEM,2024-06-10 19:04:45,Technical,True,20.31
0623-EJQEG,2024-05-30 14:55:26,Technical,True,5.19
0623-EJQEG,2024-06-18 03:39:56,Account,True,2.82
0623-GDISB,2024-06-15 06:51:18,General Inquiry,True,4.02
0623-GDISB,2024-06-29 23:37:22,General Inquiry,False,
0625-AFOHS,2024-05-16 16:17:22,Technical,True,6.4
0628-CNQRM,2024-04-13 17:11:10,General Inquiry,True,10.63
0628-CNQRM,2024-04-14 09:28:57,Service Outage,True,17.29
0628-CNQRM,2024-05-08 10:51:21,Account,False,
0634-SZPQA,2024-04-23 12:34:02,Billing,True,24.27
0635-WKOLD,2024-05-17 09:49:34,General Inquiry,True,4.57
0635-WKOLD,2024-05-21 03:13:31,Account,True,10.28
0637-KVDLV,2024-04-02 12:28:00,Technical,True,36.85
0637-KVDLV,2024-06-12 06:15:45,General Inquiry,False,
0637-KVDLV,2024-06-13 07:16:20,Service Outage,True,33.09
0637-UBJRP,2024-05-02 09:37:23,Account,True,33.43
0637-UBJRP,2024-06-28 01:17:39,Service Outage,True,21.04
0637-YLETY,2024-04-29 03:01:56,Billing,False,
0637-YLETY,2024-06-03 07:42:40,Technical,False,
0637-YLETY,2024-06-06 04:42:10,Account,False,
0637-YLETY,2024-06-16 01:29:12,Billing,True,8.87
0637-YLETY,2024-06-22 07:19:32,Account,False,
0639-TSIQW,2024-04-04 03:06:57,General Inquiry,False,
0639-TSIQW,2024-05-07 16:30:04,General Inquiry,True,31.47
0639-TSIQW,2024-06-17 02:21:08,General Inquiry,True,28.45
0640-YJTPY,2024-04-20 02:52:55,Service Outage,True,5.13
0640-YJTPY,2024-05-19 11:40:57,Technical,True,4.16
0641-EVBOJ,2024-04-24 23:06:22,Billing,False,
0641-EVBOJ,2024-04-26 02:29:51,General Inquiry,True,4.99
0641-EVBOJ,2024-05-01 22:40:04,Technical,True,8.48
0641-EVBOJ,2024-05-07 22:03:08,Service Outage,True,6.86
0643-OKLRP,2024-04-19 09:44:07,Service Outage,True,38.32
0643-OKLRP,2024-04-22 03:51:20,Billing,True,12.25
0643-OKLRP,2024-04-27 21:58:54,Billing,False,
0643-OKLRP,2024-05-11 07:42:28,Billing,True,7.58
0643-OKLRP,2024-06-06 00:24:56,Service Outage,True,10.78
0644-OQMDK,2024-05-05 06:00:05,Billing,True,13.55
0644-OQMDK,2024-05-19 09:45:57,Account,True,15.62
0644-OQMDK,2024-06-14 22:37:03,General Inquiry,False,
0654-PQKDW,2024-04-06 20:55:18,Technical,True,3.51
0655-RBDUG,2024-04-04 00:18:58,Technical,False,
0655-RBDUG,2024-04-30 16:40:00,Technical,False,
0655-RBDUG,2024-06-13 12:52:52,General Inquiry,False,
0655-YDGFJ,2024-04-06 08:09:25,Account,True,2.37
0655-YDGFJ,2024-06-04 12:15:26,Account,True,7.27
0657-DOGUM,2024-04-25 19:19:26,Technical,True,3.42
0657-DOGUM,2024-06-20 09:27:30,Account,True,12.21
0661-KBKPA,2024-04-11 23:40:59,Account,True,5.05
0661-KQHNK,2024-05-24 00:53:35,Account,True,2.75
0661-XEYAN,2024-04-18 17:18:00,General Inquiry,True,54.8
0661-XEYAN,2024-05-27 02:47:59,Service Outage,True,65.19
0661-XEYAN,2024-06-05 02:47:59,Billing,True,22.62
0661-XEYAN,2024-06-07 10:00:16,Technical,False,
0665-XHDJU,2024-06-06 10:41:26,Account,True,4.69
0665-XHDJU,2024-06-13 07:47:28,General Inquiry,False,
0665-XHDJU,2024-06-24 03:46:12,Billing,True,18.13
0665-XHDJU,2024-06-25 00:41:05,Service Outage,True,5.9
0667-NSRGI,2024-04-22 02:20:47,General Inquiry,False,
0667-NSRGI,2024-04-30 17:37:22,Billing,True,8.35
0668-OGMHD,2024-04-02 11:29:16,Technical,True,26.25
0668-OGMHD,2024-04-22 03:14:57,Billing,True,24.0
0668-OGMHD,2024-05-13 19:20:45,General Inquiry,True,5.15
0668-OGMHD,2024-06-02 17:01:18,Account,True,6.24
0673-IGUQO,2024-04-16 23:41:09,Technical,True,6.41
0673-IGUQO,2024-04-29 11:59:11,Account,True,4.97
0673-IGUQO,2024-05-20 04:17:58,Account,True,2.75
0673-IGUQO,2024-05-27 16:04:02,General Inquiry,True,7.65
0673-IGUQO,2024-06-18 07:45:52,Billing,True,5.08
0674-DGMAQ,2024-04-25 23:46:43,Account,True,3.62
0674-DGMAQ,2024-05-27 19:15:57,Billing,True,7.76
0674-DGMAQ,2024-06-12 18:38:48,General Inquiry,True,10.49
0674-DGMAQ,2024-06-21 00:59:18,Account,False,
0674-EYYZV,2024-04-24 05:28:24,General Inquiry,True,5.38
0674-EYYZV,2024-05-03 07:47:10,Service Outage,False,
0674-EYYZV,2024-05-30 03:31:08,Billing,True,10.17
0674-EYYZV,2024-06-02 01:25:25,Account,True,16.45
0674-GCDXG,2024-04-20 16:00:28,Account,True,4.88
0674-GCDXG,2024-05-12 03:41:18,General Inquiry,True,16.57
0674-GCDXG,2024-06-08 06:50:00,Technical,True,5.33
0675-NCDYU,2024-04-04 22:52:15,General Inquiry,True,8.04
0675-NCDYU,2024-05-11 00:00:59,Technical,True,4.91
0678-RLHVP,2024-04-27 21:15:12,General Inquiry,True,4.33
0678-RLHVP,2024-04-29 08:40:42,Billing,True,11.8
0678-RLHVP,2024-06-24 11:21:49,Billing,True,17.04
0679-IDSTG,2024-04-03 08:37:47,Billing,True,18.61
0679-IDSTG,2024-05-01 15:12:58,General Inquiry,True,38.96
0679-IDSTG,2024-05-02 19:58:55,Service Outage,True,13.72
0679-IDSTG,2024-05-24 16:26:20,Technical,True,41.32
0680-DFNNY,2024-04-27 21:29:14,Service Outage,False,
0680-DFNNY,2024-06-01 23:56:54,General Inquiry,False,
0680-DFNNY,2024-06-03 13:27:28,Service Outage,True,37.66
0680-DFNNY,2024-06-15 07:24:15,Account,False,
0682-USIXD,2024-04-26 23:49:11,Account,True,19.72
0682-USIXD,2024-05-27 05:49:08,Account,True,9.48
0684-AOSIH,2024-05-16 05:36:31,Service Outage,False,
0685-MLYYM,2024-04-27 07:13:28,Billing,True,36.83
0685-MLYYM,2024-05-04 20:14:34,Account,True,17.17
0685-MLYYM,2024-06-20 12:14:42,Account,True,24.71
0687-ZVTHB,2024-06-12 14:37:17,General Inquiry,True,41.46
0689-NKYLF,2024-04-06 17:05:14,Technical,False,
0689-NKYLF,2024-05-22 14:38:28,Billing,True,26.34
0689-NKYLF,2024-05-29 14:59:21,Technical,True,25.63
0690-SRQID,2024-04-18 20:06:32,Technical,True,9.45
0690-SRQID,2024-05-17 03:49:24,General Inquiry,True,4.49
0690-SRQID,2024-06-04 01:04:16,Technical,True,6.53
0691-IFBQW,2024-05-30 13:35:56,Service Outage,False,
0691-JVSYA,2024-06-12 10:31:34,Billing,False,
0691-NIKRI,2024-04-05 11:02:42,Account,True,25.79
0696-UKTOX,2024-04-12 17:13:39,Technical,True,3.49
0696-UKTOX,2024-05-20 11:47:18,General Inquiry,True,4.13
0697-ZMSWS,2024-04-27 20:29:38,Service Outage,False,
0699-NDKJM,2024-05-10 02:44:11,Service Outage,True,27.04
0699-NDKJM,2024-06-27 21:06:53,General Inquiry,True,5.07
0701-RFGFI,2024-04-21 17:33:51,Account,True,7.9
0702-PGIBZ,2024-04-22 05:44:07,Billing,True,40.62
0702-PGIBZ,2024-04-30 16:56:15,General Inquiry,True,12.68
0704-VCUMB,2024-05-15 01:11:40,Account,True,2.16
0704-VCUMB,2024-05-23 01:35:46,Account,True,6.13
0707-HOVVN,2024-04-18 11:53:44,Technical,False,
0707-HOVVN,2024-05-16 00:22:25,General Inquiry,True,4.13
0708-LGSMF,2024-04-03 01:08:28,Technical,True,16.81
0708-LGSMF,2024-05-29 18:30:06,Service Outage,True,1.95
0708-SJDIS,2024-05-29 00:57:46,Account,False,
0709-TVGUR,2024-04-08 22:10:35,General Inquiry,False,
0709-TVGUR,2024-05-21 01:31:22,Technical,True,27.11
0709-TVGUR,2024-06-04 12:32:20,General Inquiry,True,10.96
0719-SYFRB,2024-05-04 14:40:04,Billing,True,24.74
0719-SYFRB,2024-05-17 04:34:12,Account,True,22.61
0722-SVSFK,2024-04-22 10:10:20,Technical,True,3.95
0722-SVSFK,2024-04-23 08:01:25,Billing,True,2.97
0722-TROQR,2024-04-29 16:49:29,Technical,False,
0723-FDLAY,2024-04-14 08:28:37,General Inquiry,True,3.25
0723-FDLAY,2024-05-12 00:46:34,Billing,True,2.77
0723-VSOBE,2024-04-22 11:10:13,Technical,True,1.42
0725-CXOTM,2024-04-22 04:24:08,General Inquiry,True,2.98
0725-CXOTM,2024-06-22 16:23:28,Account,True,3.78
0727-BMPLR,2024-05-11 05:36:33,General Inquiry,False,
0727-BNRLG,2024-06-21 07:52:27,Account,True,6.92
0727-IWKVK,2024-04-02 15:12:12,Technical,True,23.28
0727-IWKVK,2024-04-18 22:50:58,Service Outage,True,28.36
0727-IWKVK,2024-05-25 10:42:05,Account,False,
0730-BGQGF,2024-05-10 19:13:35,Account,True,6.21
0730-KOAVE,2024-05-18 22:16:26,Technical,True,3.31
0730-KOAVE,2024-05-30 17:24:09,Technical,True,9.18
0733-VUNUW,2024-04-20 20:38:47,Account,True,32.6
0733-VUNUW,2024-04-22 23:10:39,General Inquiry,False,
0733-VUNUW,2024-05-04 21:51:50,Account,False,
0733-VUNUW,2024-06-14 14:50:36,Service Outage,True,8.63
0733-VUNUW,2024-06-30 09:02:33,Service Outage,True,16.97
0734-OXWBT,2024-06-16 07:15:46,General Inquiry,True,5.84
0739-UUAJR,2024-05-18 19:28:19,Service Outage,True,4.97
0742-LAFQK,2024-04-19 06:34:31,Service Outage,True,5.14
0742-LAFQK,2024-04-23 12:29:59,Account,True,7.17
0742-MOABM,2024-06-17 06:31:54,Service Outage,True,8.91
0742-NXBGR,2024-05-04 03:57:49,Technical,True,43.07
0743-HNPFG,2024-04-18 01:03:08,Billing,True,2.86
0743-HNPFG,2024-06-12 12:48:43,General Inquiry,True,6.18
0743-HRVFF,2024-05-14 07:31:44,Technical,True,3.37
0743-HRVFF,2024-06-04 23:00:17,Technical,True,2.26
0743-HRVFF,2024-06-13 14:56:41,General Inquiry,True,6.55
0743-HRVFF,2024-06-21 04:03:18,Billing,True,5.21
0744-GKNGE,2024-04-27 03:52:23,Service Outage,True,5.83
0744-GKNGE,2024-06-12 11:35:52,Account,True,13.94
0746-JTRFU,2024-04-06 21:30:09,Billing,True,4.53
0746-JTRFU,2024-04-28 23:29:14,Billing,True,70.4
0746-JTRFU,2024-05-14 17:31:50,Service Outage,True,38.63
0746-JTRFU,2024-05-19 13:15:37,General Inquiry,True,44.35
0746-JTRFU,2024-05-24 16:25:39,General Inquiry,True,16.16
0748-RDGGM,2024-04-27 14:59:47,Service Outage,True,36.12
0748-RDGGM,2024-05-14 01:59:26,General Inquiry,True,14.06
0748-RDGGM,2024-05-18 00:29:28,Account,True,26.38
0750-EBAIU,2024-06-14 03:06:25,Service Outage,True,7.76
0750-EBAIU,2024-06-28 12:01:41,Account,True,5.32
0750-EBAIU,2024-06-29 21:09:21,General Inquiry,True,5.04
0750-EKNGL,2024-05-26 15:12:23,Technical,True,6.55
0750-EKNGL,2024-06-05 08:17:36,General Inquiry,True,3.48
0754-UKWQP,2024-04-06 03:32:03,Technical,True,12.42
0754-UKWQP,2024-05-11 01:37:14,Service Outage,False,
0757-WCUUZ,2024-06-01 15:06:30,Billing,True,7.23
0771-CHWSK,2024-05-03 01:20:36,General Inquiry,True,3.03
0771-CHWSK,2024-05-04 13:45:41,General Inquiry,False,
0771-WLCLA,2024-06-19 07:09:09,Billing,True,5.99
0772-GYEQQ,2024-05-16 07:05:35,Technical,True,16.23
0774-IFUVM,2024-05-12 03:02:28,Account,True,8.41
0774-IFUVM,2024-05-13 21:56:12,Billing,True,4.85
0774-IFUVM,2024-06-02 22:39:34,General Inquiry,False,
0774-RMNUW,2024-05-21 02:34:05,Billing,True,4.79
0774-RMNUW,2024-06-13 02:07:26,Technical,True,11.51
0778-NELLA,2024-05-22 15:18:20,Billing,False,
0778-NELLA,2024-06-29 06:57:15,Technical,True,12.47
0780-XNZFN,2024-04-06 08:52:19,Technical,True,5.18
0781-LKXBR,2024-04-07 19:12:20,Service Outage,False,
0781-LKXBR,2024-05-08 14:19:07,Technical,True,43.5
0784-GTUUK,2024-05-18 13:37:14,General Inquiry,True,8.79
0784-GTUUK,2024-06-19 22:16:33,Technical,True,5.31
0784-ZQJZX,2024-04-04 05:02:49,Billing,True,6.53
0784-ZQJZX,2024-04-08 15:44:16,General Inquiry,False,
0784-ZQJZX,2024-04-18 18:38:21,Billing,True,2.26
0784-ZQJZX,2024-05-23 16:43:20,Billing,True,10.7
0786-IVLAW,2024-04-03 07:29:09,Service Outage,False,
0786-IVLAW,2024-04-07 07:24:44,Technical,True,6.13
0786-IVLAW,2024-04-09 10:55:35,Account,True,1.74
0786-VSSUD,2024-04-29 12:10:40,Billing,True,71.96
0786-VSSUD,2024-06-28 10:40:33,Technical,False,
0787-LHDYT,2024-04-25 14:44:16,Billing,True,5.06
0788-DXBFY,2024-04-07 03:18:00,General Inquiry,False,
0788-DXBFY,2024-04-27 20:45:15,General Inquiry,True,7.4
0793-TWELN,2024-06-07 20:04:49,Billing,True,17.39
0795-GMVQO,2024-04-09 12:44:01,Technical,True,1.09
0795-GMVQO,2024-04-17 12:21:11,Account,True,6.11
0795-GMVQO,2024-04-26 00:33:33,Service Outage,True,3.84
0795-GMVQO,2024-05-28 22:16:12,General Inquiry,True,14.42
0795-LAFGP,2024-05-17 11:50:52,Billing,True,5.45
0795-LAFGP,2024-05-28 11:24:08,Billing,True,2.81
0795-LAFGP,2024-06-17 23:48:57,General Inquiry,False,
0799-DDIHE,2024-05-12 08:36:34,Technical,True,4.64
0799-DDIHE,2024-06-22 19:11:09,Service Outage,True,7.45
0804-XBFBV,2024-04-02 05:36:55,Billing,True,6.78
0804-XBFBV,2024-04-09 12:52:49,Billing,True,5.98
0804-XBFBV,2024-06-10 03:13:07,General Inquiry,True,5.12
0804-XBFBV,2024-06-17 18:53:57,General Inquiry,True,5.72
0804-YGEQV,2024-04-23 18:21:52,Service Outage,True,6.54
0804-YGEQV,2024-05-21 15:30:44,General Inquiry,True,8.84
0807-ZABDG,2024-06-15 01:07:59,Technical,False,
0810-BDHAW,2024-05-12 07:25:04,Billing,True,3.82
0810-BDHAW,2024-05-29 08:30:24,General Inquiry,True,41.83
0810-BDHAW,2024-06-17 04:18:08,Technical,True,10.36
0810-DHDBD,2024-04-10 09:13:36,Billing,True,7.79
0811-GSDTP,2024-05-10 05:04:49,Service Outage,True,8.8
0811-GSDTP,2024-05-17 04:11:46,General Inquiry,True,4.88
0811-GSDTP,2024-06-15 22:26:03,Service Outage,True,11.21
0811-GSDTP,2024-06-30 12:23:44,Technical,True,2.87
0812-WUPTB,2024-05-11 00:42:36,Technical,False,
0812-WUPTB,2024-05-14 01:42:19,Technical,True,26.23
0812-WUPTB,2024-05-26 17:32:04,Service Outage,True,16.65
0813-TAXXS,2024-04-22 17:54:58,Account,True,6.33
0813-TAXXS,2024-06-08 02:21:26,Account,True,4.72
0813-TAXXS,2024-06-17 09:20:31,Technical,False,
0815-MFZGM,2024-04-25 01:09:11,Account,True,4.04
0816-TSPHQ,2024-04-09 19:44:49,Service Outage,True,5.98
0816-TSPHQ,2024-04-12 20:14:05,General Inquiry,True,5.49
0816-TSPHQ,2024-04-19 07:05:32,Account,True,5.38
0816-TSPHQ,2024-04-28 16:21:04,Account,True,6.76
0816-TSPHQ,2024-06-28 03:51:18,General Inquiry,True,5.5
0817-HSUSE,2024-05-06 15:32:23,Technical,True,6.48
0817-HSUSE,2024-05-12 08:43:36,Billing,True,8.36
0818-OCPZO,2024-04-07 05:55:25,Account,False,
0818-OCPZO,2024-04-27 18:45:55,Account,True,16.99
0818-OCPZO,2024-05-20 04:53:35,Account,False,
0818-OCPZO,2024-06-10 15:49:18,Billing,True,49.26
0822-GAVAP,2024-04-16 13:35:18,General Inquiry,True,13.45
0822-GAVAP,2024-05-08 05:03:02,Billing,False,
0822-GAVAP,2024-05-20 00:27:48,Service Outage,False,
0822-GAVAP,2024-06-16 07:52:10,Billing,False,
0822-GAVAP,2024-06-27 10:08:26,Billing,True,54.97
0822-QGCXA,2024-06-25 01:31:51,Technical,True,14.57
0823-HSCDJ,2024-06-02 23:15:15,Account,True,13.88
0823-HSCDJ,2024-06-30 21:08:38,Technical,True,13.67
0824-VWDPO,2024-05-02 23:07:32,General Inquiry,True,12.27
0824-VWDPO,2024-06-05 19:40:20,Service Outage,True,2.52
0827-ITJPH,2024-04-03 17:56:32,Billing,True,0.9
0829-DDVLK,2024-05-02 17:44:06,General Inquiry,True,3.73
0829-XXPLX,2024-05-13 06:54:49,Account,True,12.28
0829-XXPLX,2024-05-15 12:10:54,Account,True,6.06
0829-XXPLX,2024-06-23 17:08:52,Technical,False,
0829-XXPLX,2024-06-27 03:52:57,Service Outage,True,4.89
0829-XXPLX,2024-06-28 12:36:16,General Inquiry,True,6.28
0831-JNISG,2024-05-07 10:55:38,Service Outage,True,15.12
0831-JNISG,2024-05-16 21:14:29,Technical,True,9.7
0835-DUUIQ,2024-04-30 23:38:32,Technical,True,2.3
0835-JKADZ,2024-05-21 11:51:42,Account,True,19.52
0835-JKADZ,2024-06-30 06:14:28,Technical,True,4.27
0836-SEYLU,2024-04-17 03:46:48,Account,True,26.74
0836-SEYLU,2024-04-28 13:58:11,Technical,True,64.57
0839-JTCUD,2024-04-04 16:19:07,Account,True,6.96
0839-JTCUD,2024-05-22 18:16:49,Account,True,2.62
0839-JTCUD,2024-05-25 20:04:21,Account,True,3.38
0839-QNXME,2024-05-18 01:05:11,General Inquiry,False,
0840-DCNZE,2024-04-14 06:52:39,Billing,True,9.13
0840-DCNZE,2024-04-23 18:40:35,Billing,True,15.14
0841-NULXI,2024-04-21 19:03:23,Billing,True,50.29
0841-NULXI,2024-05-09 20:59:37,Account,False,
0841-NULXI,2024-05-10 04:43:10,Account,False,
0841-NULXI,2024-05-29 11:02:33,Account,False,
0842-IWYCP,2024-04-14 17:56:16,Service Outage,True,4.97
0843-WTBXE,2024-04-15 07:48:54,Billing,False,
0843-WTBXE,2024-04-17 09:31:50,Technical,True,29.06
0843-WTBXE,2024-04-23 14:38:56,Billing,False,
0847-HGRML,2024-05-13 21:59:35,General Inquiry,True,10.48
0847-HGRML,2024-06-10 23:50:03,General Inquiry,True,3.34
0848-SOMKO,2024-05-30 07:17:29,Technical,False,
0848-SOMKO,2024-06-05 02:29:29,Service Outage,True,4.5
0848-ZGQIJ,2024-05-04 14:12:19,Account,True,9.85
0848-ZGQIJ,2024-05-10 07:36:17,Billing,True,1.95
0848-ZGQIJ,2024-06-05 04:39:18,General Inquiry,True,2.47
0851-DFJKB,2024-05-10 09:11:40,Service Outage,True,2.12
0851-DFJKB,2024-06-11 03:13:32,General Inquiry,True,11.16
0853-NWIFK,2024-04-15 16:31:54,Account,True,4.15
0853-NWIFK,2024-04-17 02:02:02,Service Outage,True,7.54
0853-TWRVK,2024-05-19 17:13:15,Service Outage,True,5.84
0854-UYHZD,2024-05-11 04:58:48,General Inquiry,True,7.3
0856-NAOES,2024-04-20 12:35:01,Technical,False,
0856-NAOES,2024-05-18 11:32:10,General Inquiry,True,2.5
0866-QLSIR,2024-04-12 16:14:20,Service Outage,True,15.52
0866-QLSIR,2024-04-19 19:38:16,General Inquiry,True,41.15
0866-QLSIR,2024-05-12 19:06:06,General Inquiry,False,
0866-QLSIR,2024-06-29 16:26:52,General Inquiry,False,
0866-QLSIR,2024-06-30 09:24:15,Billing,True,16.57
0867-LDTTC,2024-04-03 01:53:26,General Inquiry,False,
0867-LDTTC,2024-06-30 20:30:16,Billing,True,8.81
0867-MKZVY,2024-04-17 07:00:30,Billing,False,
0867-MKZVY,2024-05-12 06:57:01,Service Outage,True,7.72
0867-MKZVY,2024-05-27 02:25:39,Service Outage,False,
0868-VJRDR,2024-04-25 04:30:44,Service Outage,True,6.59
0868-VJRDR,2024-06-24 07:37:43,Billing,True,6.05
0869-PAPRP,2024-04-05 18:18:31,Account,True,3.09
0869-PAPRP,2024-04-08 11:09:11,Technical,True,10.97
0869-PAPRP,2024-05-10 04:13:16,Technical,True,2.95
0869-PAPRP,2024-05-23 07:53:45,Billing,True,12.94
0869-PAPRP,2024-06-03 20:06:49,Technical,True,17.27
0871-URUWO,2024-04-07 21:06:17,Technical,False,
0871-URUWO,2024-05-10 09:19:10,General Inquiry,True,19.8
0871-URUWO,2024-06-11 11:48:25,Billing,False,
0871-URUWO,2024-06-13 03:47:00,Billing,True,11.95
0872-JCPIB,2024-04-18 21:08:19,Billing,True,6.71
0872-JCPIB,2024-06-01 13:55:15,Account,True,7.62
0872-JCPIB,2024-06-03 06:44:52,General Inquiry,True,4.96
0872-JCPIB,2024-06-13 13:17:55,Account,False,
0872-NXJYS,2024-04-11 14:30:29,Technical,False,
0872-NXJYS,2024-05-13 18:32:14,General Inquiry,False,
0872-NXJYS,2024-06-22 16:38:54,Technical,False,
0875-CABNR,2024-04-24 17:34:43,General Inquiry,False,
0875-CABNR,2024-04-27 22:19:17,Service Outage,True,18.38
0875-CABNR,2024-05-21 12:44:58,Billing,True,24.74
0877-SDMBN,2024-04-27 18:08:10,General Inquiry,False,
0877-SDMBN,2024-05-03 05:09:05,General Inquiry,True,7.57
0877-SDMBN,2024-05-14 01:54:44,Technical,True,30.18
0877-SDMBN,2024-05-22 00:56:58,Service Outage,True,25.31
0877-SDMBN,2024-06-13 22:05:12,Billing,True,14.15
0880-FVFWF,2024-05-05 16:51:49,Billing,True,3.08
0880-FVFWF,2024-06-06 01:17:07,Billing,False,
0880-FVFWF,2024-06-14 02:46:15,Billing,True,4.41
0880-FVFWF,2024-06-23 16:30:37,Account,True,5.48
0880-FVFWF,2024-06-26 13:58:13,Technical,True,7.96
0880-TKATG,2024-06-20 05:45:07,Service Outage,False,
0883-EIBTI,2024-05-09 12:00:22,Service Outage,False,
0883-EIBTI,2024-05-29 16:31:12,Billing,True,55.2
0883-EIBTI,2024-06-09 14:22:20,Billing,True,9.87
0885-HMGPY,2024-04-12 18:24:09,General Inquiry,True,11.32
0886-QGENL,2024-06-14 15:55:45,Service Outage,True,38.3
0887-HJGAR,2024-04-24 14:59:19,General Inquiry,False,
0887-HJGAR,2024-05-02 03:39:22,General Inquiry,True,22.18
0887-HJGAR,2024-06-01 00:23:05,Account,True,24.72
0887-HJGAR,2024-06-03 01:45:47,Account,False,
0887-HJGAR,2024-06-29 01:53:19,Technical,False,
0887-WBJVH,2024-04-14 02:11:27,Service Outage,True,13.66
0887-WBJVH,2024-04-24 19:40:23,Account,False,
0887-WBJVH,2024-06-10 16:54:32,Account,True,3.28
0895-DQHEW,2024-05-05 09:26:48,Billing,True,15.45
0895-LMRSF,2024-04-14 03:43:25,General Inquiry,True,3.21
0895-LMRSF,2024-05-06 07:51:59,Technical,True,6.73
0895-LMRSF,2024-05-25 18:27:59,Technical,True,3.71
0895-LMRSF,2024-06-06 19:56:46,General Inquiry,True,6.08
0895-LMRSF,2024-06-09 08:42:06,Billing,False,
0895-UADGO,2024-04-21 00:24:59,Service Outage,True,1.47
0895-UADGO,2024-04-27 04:16:48,General Inquiry,True,3.91
0895-UADGO,2024-06-19 20:00:44,Service Outage,True,7.48
0898-XCGTF,2024-04-06 13:27:07,Service Outage,True,5.43
0898-XCGTF,2024-04-10 17:51:26,Billing,True,2.94
0898-XCGTF,2024-04-20 00:14:19,Service Outage,True,5.99
0902-RFHOF,2024-04-02 21:14:33,Service Outage,True,3.51
0902-RFHOF,2024-05-24 22:56:07,Technical,True,5.48
0906-QVPMS,2024-05-16 19:58:02,General Inquiry,True,2.72
0907-HQNTS,2024-05-10 06:43:40,Technical,True,4.62
0907-HQNTS,2024-06-18 11:48:47,General Inquiry,True,6.41
0909-SDHNU,2024-05-26 17:37:29,Account,True,4.31
0909-SELIE,2024-04-19 12:15:36,Service Outage,True,6.09
0913-XWSCN,2024-04-19 19:14:40,Service Outage,False,
0916-KNFAJ,2024-05-16 14:09:35,Service Outage,True,11.78
0916-KNFAJ,2024-05-21 17:08:19,Billing,False,
0916-KNFAJ,2024-05-30 22:41:19,Billing,True,4.0
0916-KNFAJ,2024-06-20 01:00:35,Account,False,
0916-QOFDP,2024-04-12 09:41:59,Service Outage,True,5.11
0917-EZOLA,2024-04-20 13:51:26,Account,False,
0917-EZOLA,2024-04-22 01:45:55,General Inquiry,True,6.5
0917-EZOLA,2024-06-19 00:26:43,Technical,False,
0921-OHLVP,2024-05-06 02:12:10,General Inquiry,True,6.54
0921-OHLVP,2024-05-23 14:56:40,Account,True,9.56
0923-PNFUB,2024-04-25 16:07:52,Service Outage,True,10.25
0923-PNFUB,2024-05-19 01:42:56,Account,False,
0923-PNFUB,2024-05-26 02:46:48,General Inquiry,True,34.6
0923-PNFUB,2024-05-26 20:14:14,Account,True,6.47
0923-PNFUB,2024-06-29 15:44:31,Service Outage,True,28.29
0924-BJCRC,2024-05-05 02:06:48,General Inquiry,True,9.32
0924-BJCRC,2024-06-04 23:16:13,Account,True,3.66
0925-VYDLG,2024-05-28 22:31:48,Service Outage,False,
0927-CNGRH,2024-05-03 06:43:08,General Inquiry,True,1.77
0927-LCSMG,2024-04-07 17:45:09,General Inquiry,False,
0928-JMXNP,2024-05-13 22:12:54,Billing,True,6.16
0928-XUTSN,2024-05-19 17:52:23,Billing,True,2.49
0928-XUTSN,2024-05-26 07:11:07,Technical,True,5.82
0928-XUTSN,2024-06-28 02:41:37,General Inquiry,True,3.55
0929-PECLO,2024-04-22 19:42:06,Account,True,17.87
0929-PECLO,2024-06-03 11:34:25,Technical,True,9.26
0929-PECLO,2024-06-28 18:30:44,Billing,True,9.57
0930-EHUZA,2024-06-08 09:01:41,Technical,True,1.96
0931-MHTEM,2024-04-29 13:05:29,Technical,True,3.05
0931-MHTEM,2024-05-26 03:42:00,General Inquiry,True,8.7
0931-MHTEM,2024-06-18 18:05:18,Technical,True,5.69
0932-YIXYU,2024-06-05 06:14:43,Account,True,5.29
0936-NQLJU,2024-04-26 07:42:12,General Inquiry,True,5.22
0936-NQLJU,2024-04-26 22:53:08,Billing,True,9.92
0936-NQLJU,2024-06-16 03:40:02,Service Outage,True,6.0
0939-EREMR,2024-04-30 02:45:57,Billing,True,5.64
0939-EREMR,2024-06-09 21:59:31,Account,True,7.93
0939-YAPAF,2024-06-17 20:51:12,General Inquiry,True,21.7
0940-OUQEC,2024-04-29 08:29:24,Service Outage,False,
0940-OUQEC,2024-06-10 07:08:16,General Inquiry,False,
0942-KOWSM,2024-04-06 14:51:17,Technical,True,4.05
0942-KOWSM,2024-06-02 22:18:09,Account,True,6.53
0943-ZQPXH,2024-04-29 14:11:33,Billing,True,6.88
0943-ZQPXH,2024-06-16 19:35:30,General Inquiry,True,8.54
0945-TSONX,2024-04-15 00:02:52,Service Outage,True,32.07
0945-TSONX,2024-05-28 13:02:08,General Inquiry,True,5.5
0945-TSONX,2024-06-15 06:40:19,Technical,True,4.64
0946-CLJTI,2024-04-11 21:03:45,Service Outage,False,
0946-CLJTI,2024-04-24 22:56:19,Service Outage,False,
0946-CLJTI,2024-05-11 17:36:18,Technical,False,
0946-CLJTI,2024-06-29 15:05:20,Account,True,30.09
0946-FKYTX,2024-05-05 12:27:37,Technical,True,4.82
0946-FKYTX,2024-05-25 02:42:24,Billing,True,3.93
0946-FKYTX,2024-05-31 04:05:26,Service Outage,True,6.16
0946-FKYTX,2024-06-10 13:29:23,Billing,True,6.76
0947-IDHRQ,2024-04-14 18:52:32,Billing,False,
0947-IDHRQ,2024-05-19 21:54:13,Account,True,17.59
0947-IDHRQ,2024-05-23 05:10:56,Billing,False,
0947-IDHRQ,2024-06-22 17:53:54,Service Outage,True,30.45
0947-IDHRQ,2024-06-26 11:21:10,General Inquiry,True,16.78
0947-MUGVO,2024-04-28 20:45:39,Technical,False,
0947-MUGVO,2024-05-13 22:24:24,Account,False,
0947-MUGVO,2024-06-05 11:00:06,Technical,True,49.87
0952-KMEEH,2024-05-02 03:18:12,General Inquiry,False,
0952-KMEEH,2024-06-06 10:36:06,Account,False,
0952-KMEEH,2024-06-23 04:04:29,Account,True,38.3
0956-ACVZC,2024-04-02 17:37:07,Technical,True,7.49
0958-YHXGP,2024-05-20 21:41:52,Service Outage,True,3.1
0958-YHXGP,2024-06-30 01:02:51,General Inquiry,True,3.21
0959-WHOKV,2024-05-28 04:04:15,Service Outage,True,9.04
0960-HUWBM,2024-04-02 01:35:22,Billing,True,6.8
0961-ZWLVI,2024-05-18 13:10:54,Service Outage,True,2.48
0961-ZWLVI,2024-06-26 04:29:05,Account,True,3.54
0963-ZBDRN,2024-05-17 02:11:15,Billing,False,
0967-BMLBD,2024-06-15 15:05:08,Service Outage,True,3.18
0968-GSIKN,2024-04-15 21:18:12,Billing,True,40.54
0968-GSIKN,2024-06-15 19:09:47,Account,True,19.01
0970-ETWGE,2024-04-06 22:52:28,General Inquiry,True,74.22
0970-ETWGE,2024-05-12 18:22:09,Service Outage,True,18.11
0970-ETWGE,2024-06-10 12:16:42,General Inquiry,True,113.51
0970-QXPXW,2024-04-09 03:00:00,General Inquiry,True,7.22
0971-QIFJK,2024-06-03 18:41:16,Account,True,16.3
0975-UYDTX,2024-04-14 19:35:57,Technical,True,3.92
0975-VOOVL,2024-06-02 15:33:17,Billing,True,4.95
0979-MOZQI,2024-06-23 13:57:36,Service Outage,False,
0979-PHULV,2024-05-14 15:46:17,Technical,True,72.02
0980-FEXWF,2024-04-08 22:57:44,Service Outage,False,
0980-FEXWF,2024-06-18 17:06:51,Service Outage,True,5.22
0980-PVMRC,2024-04-15 03:03:52,General Inquiry,True,12.14
0980-PVMRC,2024-04-16 20:23:18,Billing,True,2.66
0988-AADSA,2024-04-13 00:35:59,Service Outage,True,9.47
0988-JRWWP,2024-05-31 03:32:51,Billing,True,12.4
0991-BRRFB,2024-04-03 21:46:32,General Inquiry,False,
0991-BRRFB,2024-05-10 07:30:13,General Inquiry,True,20.14
0993-OSGPT,2024-05-16 22:42:07,General Inquiry,True,4.62
0997-YTLNY,2024-06-27 05:44:42,Billing,True,10.67
0999-QXNSA,2024-04-11 05:56:24,Billing,True,8.12
0999-QXNSA,2024-04-14 01:17:28,Service Outage,True,6.41
0999-QXNSA,2024-04-14 04:35:20,Service Outage,True,7.62
0999-QXNSA,2024-06-02 07:13:46,Billing,True,2.14
0999-QXNSA,2024-06-25 04:46:25,Service Outage,True,5.57
1004-NOZNR,2024-04-16 08:27:28,Account,False,
1009-IRMNA,2024-06-05 08:35:44,General Inquiry,True,26.24
1010-DIAUQ,2024-04-04 17:42:54,Service Outage,True,51.03
1010-DIAUQ,2024-05-29 09:01:55,Service Outage,True,38.79
1010-DIAUQ,2024-06-26 13:43:05,Billing,True,13.89
1015-JPFYW,2024-04-16 03:45:34,Account,True,17.92
1015-JPFYW,2024-06-21 00:17:44,Technical,True,3.54
1015-OWJKI,2024-04-12 06:59:50,Account,True,2.62
1015-OWJKI,2024-06-13 07:54:10,General Inquiry,True,3.53
1016-DJTSV,2024-06-24 04:49:44,Billing,True,7.59
1017-FBQMM,2024-06-12 16:30:24,Service Outage,True,7.18
1020-JPQOW,2024-04-04 02:00:44,General Inquiry,True,15.29
1020-JPQOW,2024-05-08 00:16:49,Account,True,3.74
1020-JPQOW,2024-06-22 04:27:41,General Inquiry,False,
1023-BQXZE,2024-06-04 21:50:26,General Inquiry,True,10.49
1023-BQXZE,2024-06-13 06:20:48,Account,True,7.39
1024-GUALD,2024-05-08 05:52:29,Billing,True,52.04
1024-KPRBB,2024-04-10 22:02:34,Account,True,1.8
1024-KPRBB,2024-04-21 14:22:28,Billing,True,6.84
1024-KPRBB,2024-05-24 17:23:17,Technical,True,4.59
1024-KPRBB,2024-05-31 12:32:51,General Inquiry,True,32.14
1024-VRZHF,2024-04-05 13:46:40,Billing,False,
1024-VRZHF,2024-05-06 09:34:41,Technical,False,
1025-FALIX,2024-04-20 08:19:08,Account,True,2.01
1025-FALIX,2024-04-23 01:00:06,Technical,True,6.31
1025-FALIX,2024-05-13 10:31:21,General Inquiry,True,4.15
1025-FALIX,2024-06-28 02:13:02,Service Outage,True,6.61
1029-QFBEN,2024-05-04 07:56:04,Service Outage,False,
1031-IIDEO,2024-04-24 11:06:11,Account,True,25.2
1031-IIDEO,2024-05-28 02:58:36,Account,False,
1031-IIDEO,2024-06-17 07:32:28,General Inquiry,False,
1032-MAELW,2024-04-04 07:50:59,Technical,True,4.86
1032-MAELW,2024-04-07 17:26:17,Service Outage,True,4.3
1032-MAELW,2024-05-13 06:17:30,Billing,True,12.43
1035-IPQPU,2024-05-31 14:25:54,Technical,True,2.18
1035-IPQPU,2024-06-29 11:01:08,Billing,True,3.01
1036-GUDCL,2024-04-24 12:11:24,General Inquiry,True,7.93
1038-RQOST,2024-05-25 12:15:08,Service Outage,True,4.02
1038-RQOST,2024-05-28 06:42:13,General Inquiry,True,4.12
1038-RQOST,2024-06-20 17:03:40,Billing,True,7.35
1041-RXHRA,2024-04-16 21:44:00,Service Outage,False,
1041-RXHRA,2024-04-26 03:17:33,Account,True,18.47
1041-RXHRA,2024-05-14 07:58:43,Technical,False,
1042-HFUCW,2024-05-29 02:06:30,General Inquiry,True,3.91
1042-HFUCW,2024-06-10 18:35:43,General Inquiry,True,4.64
1043-YCUTE,2024-05-22 23:20:55,General Inquiry,True,15.02
1043-YCUTE,2024-05-25 02:58:06,Billing,False,
1045-LTCYT,2024-05-14 13:52:47,Technical,True,7.59
1045-LTCYT,2024-05-30 21:48:39,Account,True,3.72
1047-NNCBF,2024-05-24 22:17:39,Account,True,8.42
1047-NNCBF,2024-06-11 16:54:47,Account,True,2.96
1047-RNXZV,2024-05-06 06:40:02,Technical,True,6.84
1049-FYSYG,2024-04-23 09:35:01,Billing,True,8.62
1049-FYSYG,2024-05-09 19:05:38,Account,True,5.75
1049-FYSYG,2024-06-04 00:57:55,Technical,False,
1051-EQPZR,2024-04-23 06:30:08,Billing,True,5.78
1051-GEJLJ,2024-04-02 05:35:20,General Inquiry,False,
1051-GEJLJ,2024-04-04 12:11:48,Technical,True,11.04
1052-QJIBV,2024-04-08 04:16:12,Service Outage,True,5.41
1052-QJIBV,2024-06-14 02:53:26,General Inquiry,True,5.28
1052-QJIBV,2024-06-16 07:48:35,Billing,True,7.01
1057-FOGLZ,2024-05-31 13:49:45,Service Outage,True,11.01
1060-ENTOF,2024-05-22 05:56:18,General Inquiry,True,13.66
1060-ENTOF,2024-05-28 03:34:50,Technical,True,15.34
1062-LHZOD,2024-04-24 01:44:07,Service Outage,True,40.56
1062-LHZOD,2024-05-14 00:31:57,General Inquiry,True,25.35
1063-DHQJF,2024-06-23 21:41:12,Account,True,2.91
1064-FBXNK,2024-06-17 05:34:27,Account,True,4.35
1064-FBXNK,2024-06-22 01:39:47,Billing,True,2.94
1066-JKSGK,2024-04-06 09:59:29,Billing,True,17.93
1069-QJOEE,2024-04-23 18:40:56,Technical,True,7.07
1069-XAIEM,2024-04-07 19:52:15,Service Outage,True,25.42
1069-XAIEM,2024-05-13 03:50:45,General Inquiry,False,
1069-XAIEM,2024-05-23 07:26:16,Technical,True,24.5
1073-XXCZD,2024-06-24 22:45:42,General Inquiry,True,4.7
1075-BGWOH,2024-04-25 12:30:00,Service Outage,True,52.17
1075-BGWOH,2024-06-22 07:37:21,Account,False,
1075-BGWOH,2024-06-28 07:33:34,Account,True,8.08
1077-HUUJM,2024-05-19 08:53:16,Billing,False,
1077-HUUJM,2024-06-30 09:57:42,Technical,True,8.05
1078-TDCRN,2024-04-16 14:45:51,General Inquiry,True,4.36
1078-TDCRN,2024-04-24 23:31:07,Technical,False,
1078-TDCRN,2024-05-29 15:01:04,General Inquiry,True,6.0
1080-BWSYE,2024-06-25 01:25:42,Account,True,8.99
1084-MNSMJ,2024-06-28 18:53:40,Service Outage,True,6.79
1084-UQCHV,2024-05-01 05:44:43,General Inquiry,False,
1084-UQCHV,2024-05-03 03:50:30,Account,False,
1085-LDWAM,2024-04-22 21:02:31,Technical,True,7.87
1085-LDWAM,2024-06-05 18:23:00,Account,True,12.35
1086-LXKFY,2024-04-17 22:33:09,Technical,True,40.95
1086-LXKFY,2024-06-07 13:52:43,Service Outage,False,
1087-GRUYI,2024-04-15 20:42:44,Account,True,4.3
1087-GRUYI,2024-06-05 08:57:48,Billing,True,2.4
1087-GRUYI,2024-06-14 22:59:58,General Inquiry,True,2.77
1087-UDSIH,2024-04-02 16:19:11,Technical,True,61.31
1087-UDSIH,2024-04-06 07:55:58,Billing,False,
1087-UDSIH,2024-04-28 02:31:47,Billing,True,10.97
1088-AUUZZ,2024-05-05 13:40:38,Billing,True,8.15
1088-AUUZZ,2024-06-30 11:03:20,General Inquiry,True,10.5
1088-CNNKB,2024-04-26 12:14:46,Account,True,12.27
1088-CNNKB,2024-06-21 20:36:14,Service Outage,True,24.77
1089-HDMKP,2024-04-09 23:28:28,Service Outage,True,2.99
1089-XZWHH,2024-04-28 08:51:15,Account,True,5.87
1090-ESELR,2024-05-04 08:07:55,Service Outage,True,9.29
1090-ESELR,2024-05-15 00:58:28,Service Outage,True,6.06
1090-ESELR,2024-05-28 18:06:37,Service Outage,True,3.14
1090-ESELR,2024-06-28 20:33:33,Billing,False,
1091-SOZGA,2024-05-18 13:59:05,General Inquiry,True,5.51
1091-SOZGA,2024-06-12 23:14:38,Account,False,
1091-SOZGA,2024-06-17 13:26:37,General Inquiry,True,3.93
1092-GANHU,2024-04-05 01:21:51,Account,True,13.91
1092-GANHU,2024-04-16 20:50:13,Service Outage,False,
1092-GANHU,2024-06-07 07:24:39,Account,True,59.36
1092-WPIVQ,2024-06-22 08:57:45,General Inquiry,False,
1092-WPIVQ,2024-06-30 12:06:23,Billing,True,7.39
1093-YSWCA,2024-04-16 21:30:44,General Inquiry,True,7.21
1093-YSWCA,2024-05-24 20:52:09,Service Outage,True,5.54
1093-YSWCA,2024-05-27 04:15:16,Billing,True,3.27
1093-YSWCA,2024-06-29 10:05:40,Technical,True,2.14
1095-JUDTC,2024-04-02 21:28:10,Billing,False,
1095-JUDTC,2024-05-28 23:49:34,Billing,False,
1095-JUDTC,2024-06-19 02:34:28,Service Outage,False,
1095-WGNGG,2024-04-03 02:41:35,Technical,True,10.85
1095-WGNGG,2024-06-30 10:53:07,Technical,True,3.4
1096-ADRUX,2024-05-06 07:26:05,Account,False,
1096-ADRUX,2024-05-09 14:22:28,General Inquiry,True,9.03
1096-ADRUX,2024-06-26 12:39:38,Account,True,5.28
1098-KFQEC,2024-05-19 15:33:42,Service Outage,True,7.94
1098-TDVUQ,2024-05-26 09:13:18,Service Outage,True,4.77
1098-TDVUQ,2024-06-28 20:33:20,General Inquiry,True,2.74
1099-BTKWT,2024-05-23 21:00:14,Technical,True,3.4
1099-BTKWT,2024-06-23 21:37:57,Technical,True,4.35
1099-BTKWT,2024-06-27 02:33:00,Account,True,3.9
1099-GODLO,2024-04-11 06:17:29,Account,True,6.63
1100-DDVRV,2024-04-05 22:51:37,Service Outage,True,7.34
1100-DDVRV,2024-04-07 12:44:16,Account,True,2.48
1100-DDVRV,2024-06-03 23:10:44,Service Outage,False,
1101-SSWAG,2024-04-14 13:26:38,Billing,True,7.64
1101-SSWAG,2024-04-14 19:45:20,Account,True,6.8
1101-SSWAG,2024-04-17 03:14:00,Service Outage,False,
1104-FEJAM,2024-04-17 18:56:02,General Inquiry,True,9.45
1104-FEJAM,2024-04-27 21:30:29,Technical,True,5.62
1104-FEJAM,2024-06-24 10:38:47,Technical,True,17.6
1104-TNLZA,2024-05-30 15:12:36,Technical,True,13.82
1104-TNLZA,2024-06-18 12:52:53,Billing,True,9.53
1106-HRLKZ,2024-04-24 05:00:58,Service Outage,False,
1106-HRLKZ,2024-05-12 03:42:38,Technical,True,12.25
1110-KYLGQ,2024-04-03 05:10:13,Billing,True,3.41
1112-CUNAO,2024-04-24 06:23:10,Account,True,21.01
1112-CUNAO,2024-06-03 16:18:54,General Inquiry,False,
1112-CUNAO,2024-06-03 23:38:14,Technical,True,12.85
1113-IUJYX,2024-05-05 11:25:23,General Inquiry,False,
1113-IUJYX,2024-06-06 23:39:15,General Inquiry,True,7.63
1113-IUJYX,2024-06-14 16:40:57,Service Outage,False,
1114-CENIM,2024-05-22 01:05:00,Technical,True,30.88
1114-CENIM,2024-06-29 01:20:51,Billing,True,32.58
1116-DXXDF,2024-05-20 22:36:53,General Inquiry,True,10.95
1116-FRYVH,2024-06-18 23:40:27,General Inquiry,False,
1120-BMWUB,2024-04-11 06:49:43,Service Outage,False,
1121-QSIVB,2024-05-01 23:44:45,Billing,True,3.52
1122-JWTJW,2024-05-24 22:36:51,Billing,False,
1122-JWTJW,2024-05-29 23:40:09,Service Outage,True,17.3
1122-YJBCS,2024-04-16 10:54:05,Service Outage,True,10.3
1122-YJBCS,2024-04-18 07:26:10,Technical,True,5.39
1122-YJBCS,2024-04-27 22:15:10,General Inquiry,True,2.85
1122-YJBCS,2024-05-23 05:13:59,Technical,False,
1122-YJBCS,2024-06-06 07:48:05,Service Outage,True,13.67
1125-SNVCK,2024-05-27 16:17:24,Technical,True,4.91
1125-SNVCK,2024-06-01 17:02:16,Technical,True,16.64
1125-SNVCK,2024-06-19 05:28:41,Technical,True,10.2
1125-SNVCK,2024-06-21 07:51:30,Service Outage,True,2.35
1131-ALZWV,2024-05-10 23:24:45,Account,True,3.43
1131-QQZEB,2024-04-29 18:24:21,Account,True,14.6
1131-QQZEB,2024-05-14 12:56:40,Technical,True,4.94
1133-KXCGE,2024-05-31 16:35:46,Billing,True,4.31
1135-HIORI,2024-06-01 16:30:02,Account,True,5.34
1135-LMECX,2024-05-23 07:46:23,Technical,True,8.17
1135-LMECX,2024-06-19 15:42:33,Technical,True,4.01
1136-XGEQU,2024-05-08 21:05:38,Technical,True,8.11
1137-DGOWI,2024-05-01 02:54:38,Technical,False,
1137-DGOWI,2024-05-07 17:10:57,Account,True,6.47
1139-WUOAH,2024-05-07 03:15:15,General Inquiry,True,10.42
1142-WACZW,2024-06-28 17:55:35,Technical,True,28.36
1143-NMNQJ,2024-04-25 17:50:33,Billing,True,10.42
1143-NMNQJ,2024-05-10 10:16:37,Technical,False,
1143-NMNQJ,2024-05-17 08:29:03,Billing,True,47.23
1150-FTQGN,2024-05-08 14:41:42,General Inquiry,False,
1150-FTQGN,2024-06-12 08:04:59,Billing,False,
1150-FTQGN,2024-06-14 22:10:02,General Inquiry,True,3.26
1150-WFARN,2024-04-20 07:04:08,Account,True,32.75
1153-GNOLC,2024-06-11 03:55:43,Service Outage,True,7.01
1154-HYWWO,2024-06-29 03:12:50,Service Outage,True,4.7
1157-BQCUW,2024-04-12 08:19:51,General Inquiry,False,
1157-BQCUW,2024-05-23 04:55:28,Technical,False,
1157-BQCUW,2024-06-03 22:41:43,General Inquiry,False,
1157-BQCUW,2024-06-17 17:36:15,General Inquiry,True,5.02
1162-ECVII,2024-04-28 12:44:08,Service Outage,True,2.32
1163-ONYEY,2024-04-07 00:12:46,Account,True,10.46
1163-ONYEY,2024-05-28 00:03:58,Technical,True,6.37
1163-VIPRI,2024-06-20 11:09:04,General Inquiry,True,9.15
1170-SASML,2024-04-07 11:02:09,General Inquiry,True,7.49
1170-SASML,2024-04-18 11:56:03,Account,False,
1170-SASML,2024-05-31 08:58:59,Service Outage,True,7.24
1171-TYKUR,2024-04-30 03:38:36,General Inquiry,True,8.5
1172-VIYBP,2024-05-24 21:02:15,Billing,True,9.2
1172-VIYBP,2024-06-05 04:01:27,Billing,True,2.96
1172-VIYBP,2024-06-12 09:36:30,Service Outage,False,
1172-VIYBP,2024-06-18 20:12:20,Account,True,4.49
1172-VIYBP,2024-06-29 17:49:48,Billing,True,4.24
1173-NOEYG,2024-05-11 16:28:09,Account,True,5.32
1173-NOEYG,2024-05-12 05:06:50,Service Outage,True,8.2
1173-NOEYG,2024-06-17 16:18:47,Service Outage,True,4.47
1177-XZBJL,2024-05-16 01:08:01,Billing,True,1.35
1177-XZBJL,2024-05-19 00:51:07,Account,True,7.27
1177-XZBJL,2024-06-13 11:54:15,Billing,True,2.46
1178-PZGAB,2024-04-13 21:39:53,Technical,True,16.7
1178-PZGAB,2024-04-22 15:10:12,General Inquiry,True,2.7
1179-INLAT,2024-04-12 00:11:29,Technical,True,5.44
1184-PJVDB,2024-04-15 20:35:55,Account,False,
1184-PJVDB,2024-04-27 03:45:09,Billing,False,
1184-PJVDB,2024-05-24 14:59:45,Technical,True,15.17
1184-PJVDB,2024-06-09 18:47:00,Service Outage,True,21.38
1184-PJVDB,2024-06-17 09:39:48,Billing,False,
1187-WILMM,2024-04-26 06:34:41,Technical,True,6.98
1187-WILMM,2024-04-30 18:28:55,Billing,True,2.58
1187-WILMM,2024-05-23 17:35:35,Account,True,8.0
1193-RTSLK,2024-05-23 06:33:37,General Inquiry,True,49.79
1193-RTSLK,2024-06-30 19:24:19,Service Outage,True,6.8
1194-BHJYC,2024-06-29 00:55:45,Account,True,5.61
1194-HVAIF,2024-06-03 11:43:45,Billing,False,
1194-SPVSP,2024-05-13 02:17:54,Account,True,4.83
1195-OIYEJ,2024-04-15 02:14:00,Technical,False,
1195-OIYEJ,2024-05-12 13:13:17,Account,False,
1195-OIYEJ,2024-06-14 02:09:09,Account,False,
1200-TUZHR,2024-05-24 14:09:22,Billing,True,7.59
1200-TUZHR,2024-06-15 21:50:50,Technical,True,3.19
1206-EHBDD,2024-04-28 00:40:08,General Inquiry,True,13.89
1206-EHBDD,2024-05-03 17:38:07,Account,True,1.75
1206-EHBDD,2024-06-19 11:47:56,General Inquiry,True,13.72
1207-BLKSA,2024-05-12 01:09:00,Service Outage,True,8.72
1208-DNHLN,2024-04-10 11:25:42,Account,True,48.02
1208-DNHLN,2024-05-06 00:17:21,General Inquiry,True,27.07
1208-NBVFH,2024-05-22 03:10:26,Billing,False,
1208-NBVFH,2024-06-19 01:28:37,Account,True,1.98
1208-NBVFH,2024-06-28 08:30:02,Service Outage,True,5.06
1209-VFFOC,2024-04-02 19:56:34,Billing,True,6.37
1212-GLHMD,2024-06-13 04:57:38,Service Outage,False,
1213-NGCUN,2024-06-08 00:10:53,Billing,False,
1213-NGCUN,2024-06-10 05:55:14,Service Outage,True,37.64
1215-FIGMP,2024-05-14 13:54:41,Technical,True,22.2
1215-FIGMP,2024-05-21 17:49:41,Account,True,3.91
1215-FIGMP,2024-05-28 20:48:46,Technical,True,6.37
1215-VFYVK,2024-05-23 11:40:19,General Inquiry,False,
1215-VFYVK,2024-06-23 10:10:40,Service Outage,False,
1216-BGTSP,2024-05-16 19:22:21,Technical,True,6.1
1216-JWVUX,2024-04-28 21:21:27,Billing,True,13.33
1217-VASWC,2024-05-10 12:23:49,Service Outage,True,3.76
1218-VKFPE,2024-06-06 16:25:11,Billing,True,27.54
1218-VKFPE,2024-06-22 20:30:09,Account,False,
1219-NNDDO,2024-05-31 12:10:00,General Inquiry,True,5.47
1219-NNDDO,2024-06-18 03:10:09,Account,True,3.03
1219-NNDDO,2024-06-27 13:37:57,Technical,True,3.94
1221-GHZEP,2024-05-10 12:49:13,Billing,True,6.72
1222-KJNZD,2024-04-18 03:38:12,Account,True,7.97
1222-KJNZD,2024-06-09 09:42:00,Service Outage,True,4.54
1223-UNPKS,2024-06-18 21:47:46,Account,True,5.87
1226-IENZN,2024-05-10 01:48:59,Service Outage,True,4.11
1226-IENZN,2024-05-16 02:14:13,Service Outage,True,2.49
1226-IENZN,2024-05-29 07:28:06,General Inquiry,True,14.69
1226-JZNKR,2024-06-09 05:22:41,Billing,True,2.02
1226-UDFZR,2024-04-05 02:56:20,Billing,False,
1226-UDFZR,2024-06-02 19:41:26,Account,False,
1227-UDMZR,2024-05-23 10:11:00,Technical,True,2.41
1228-FZFRV,2024-04-24 15:22:06,Service Outage,False,
1228-FZFRV,2024-06-13 07:10:15,General Inquiry,False,
1228-FZFRV,2024-06-17 00:26:46,Billing,True,7.45
1228-ZLNBX,2024-05-13 05:54:56,Technical,True,2.31
1229-RCALF,2024-04-10 15:17:11,General Inquiry,False,
1230-QAJDW,2024-04-14 00:43:12,Technical,True,3.89
1230-QAJDW,2024-04-14 04:50:26,Technical,True,1.98
1231-YNDEK,2024-05-13 00:50:21,Service Outage,True,10.0
1236-WFCDV,2024-05-01 08:31:29,Service Outage,True,37.76
1236-WFCDV,2024-06-25 17:53:31,General Inquiry,False,
1237-WIYYZ,2024-04-11 21:11:04,Technical,True,7.65
1241-EZFMJ,2024-04-08 09:43:59,Account,True,16.85
1241-FPMOF,2024-04-09 10:58:51,General Inquiry,True,2.78
1241-FPMOF,2024-04-10 23:54:08,Technical,False,
1241-FPMOF,2024-05-25 20:09:21,Service Outage,True,5.96
1247-QBVSH,2024-04-03 14:29:39,Service Outage,True,6.21
1247-QBVSH,2024-04-24 11:11:15,Account,True,3.21
1247-QBVSH,2024-05-31 01:59:42,General Inquiry,True,4.22
1247-QBVSH,2024-06-08 03:58:35,Account,True,16.47
1247-QBVSH,2024-06-11 19:38:11,Technical,False,
1248-DYXUB,2024-05-14 11:12:39,Service Outage,True,2.38
1248-DYXUB,2024-06-12 23:56:06,Account,True,6.26
1251-KRREG,2024-04-02 23:15:05,General Inquiry,True,32.97
1251-KRREG,2024-05-15 11:05:35,Technical,True,29.0
1251-KRREG,2024-06-25 06:38:04,Technical,False,
1251-STYSZ,2024-04-09 04:57:21,Billing,False,
1251-STYSZ,2024-05-16 11:03:56,Account,True,5.08
1251-STYSZ,2024-05-25 15:25:56,Account,True,4.29
1251-STYSZ,2024-06-05 11:38:55,Technical,True,2.0
1251-STYSZ,2024-06-20 18:53:45,Technical,True,4.88
1254-IZEYF,2024-06-14 09:28:54,Account,True,11.2
1254-IZEYF,2024-06-14 21:31:40,Technical,False,
1258-YMZNM,2024-04-06 12:22:14,Account,True,2.43
1258-YMZNM,2024-06-03 04:15:53,Technical,True,8.67
1260-TTRXI,2024-04-20 20:23:14,Account,False,
1260-TTRXI,2024-05-23 10:03:01,Technical,True,43.98
1260-TTRXI,2024-06-25 04:21:22,Technical,False,
1261-FWTTE,2024-06-09 21:52:23,Account,True,12.41
1262-OPMFY,2024-05-08 06:47:43,Technical,False,
1262-OPMFY,2024-05-09 15:49:57,Technical,True,57.07
1264-BYWMS,2024-06-30 18:15:34,Service Outage,True,9.97
1264-FUHCX,2024-06-10 17:04:17,Billing,True,7.85
1264-FUHCX,2024-06-13 15:40:49,General Inquiry,True,21.43
1265-BCFEO,2024-06-17 13:22:57,Service Outage,True,14.02
1265-HVPZB,2024-05-25 07:21:42,Account,True,7.45
1265-HVPZB,2024-06-07 01:01:15,Service Outage,True,42.6
1265-HVPZB,2024-06-25 19:42:40,Billing,True,5.38
1265-XTECC,2024-05-03 06:45:29,Technical,True,18.92
1265-XTECC,2024-06-18 01:00:56,Service Outage,False,
1265-XTECC,2024-06-21 23:24:03,Billing,False,
1268-ASBGA,2024-04-13 06:06:21,Account,True,12.94
1269-FOYWN,2024-05-10 16:46:42,Billing,True,2.08
1269-FOYWN,2024-06-26 01:24:02,General Inquiry,True,4.44
1271-SJBGZ,2024-04-12 23:09:11,General Inquiry,False,
1271-SJBGZ,2024-04-25 17:53:20,Technical,True,27.22
1271-SJBGZ,2024-06-26 07:31:48,Account,True,13.84
1272-ILHFG,2024-04-21 01:14:47,Billing,True,4.63
1272-ILHFG,2024-05-10 22:11:50,Technical,True,8.08
1273-MTETI,2024-05-31 10:17:58,Account,True,26.49
1273-MTETI,2024-06-30 09:35:46,General Inquiry,True,50.29
1282-IHQAC,2024-04-06 13:50:21,Billing,True,2.94
1282-IHQAC,2024-04-11 20:43:23,Billing,False,
1282-IHQAC,2024-05-01 18:02:35,Service Outage,True,20.12
1282-IHQAC,2024-05-13 02:15:30,Billing,True,8.19
1282-IHQAC,2024-06-17 14:21:40,General Inquiry,True,6.34
1285-OKIPP,2024-04-04 22:02:59,Service Outage,True,35.08
1285-OKIPP,2024-05-22 22:14:22,General Inquiry,False,
1291-CUOCY,2024-04-15 11:15:58,Technical,True,5.58
1291-CUOCY,2024-04-15 21:25:51,Technical,True,3.48
1291-CUOCY,2024-05-08 05:07:49,Service Outage,True,10.78
1291-CUOCY,2024-06-30 22:15:49,General Inquiry,True,7.73
1293-BSEUN,2024-06-14 08:13:21,Billing,True,1.22
1293-HHSHJ,2024-04-27 19:09:20,Service Outage,True,4.44
1297-VQDRP,2024-04-14 01:32:23,General Inquiry,True,23.33
1297-VQDRP,2024-06-21 19:17:13,General Inquiry,True,4.53
1298-PHBTI,2024-05-19 09:06:51,General Inquiry,False,
1299-AURJA,2024-05-15 23:09:06,Technical,True,5.47
1302-UHBDD,2024-05-09 15:32:24,Account,True,4.19
1303-SRDOK,2024-04-23 14:03:52,Billing,True,3.76
1303-SRDOK,2024-06-24 06:39:55,General Inquiry,True,3.6
1304-BCCFO,2024-04-25 15:24:42,Technical,True,8.77
1304-BCCFO,2024-05-30 22:00:45,Technical,True,3.16
1304-BCCFO,2024-06-06 05:06:29,Billing,True,1.86
1304-NECVQ,2024-04-25 01:50:39,Account,False,
1304-NECVQ,2024-05-13 20:34:56,Service Outage,False,
1304-SEGFY,2024-04-03 10:11:14,Technical,True,13.36
1304-SEGFY,2024-04-09 04:16:56,General Inquiry,True,12.24
1304-SEGFY,2024-04-10 12:34:44,Billing,True,6.14
1304-SEGFY,2024-06-12 04:06:20,Account,True,9.49
1307-TVUFB,2024-06-18 05:33:45,General Inquiry,True,2.8
1307-TVUFB,2024-06-25 06:05:47,Service Outage,True,13.49
1309-XGFSN,2024-04-27 01:21:50,Technical,True,2.5
1309-XGFSN,2024-05-07 05:01:25,Account,True,8.89
1310-QRITU,2024-04-09 08:26:43,Service Outage,False,
1310-QRITU,2024-06-27 13:02:05,Account,True,5.47
1319-YLZJG,2024-04-29 16:00:53,Billing,True,2.9
1319-YLZJG,2024-06-01 16:02:09,General Inquiry,True,1.97
1320-GVNHT,2024-04-10 01:45:05,General Inquiry,False,
1320-GVNHT,2024-04-21 06:15:07,General Inquiry,True,10.43
1320-GVNHT,2024-05-01 19:59:25,Billing,True,3.55
1320-GVNHT,2024-05-27 21:08:33,Service Outage,True,7.93
1320-GVNHT,2024-06-12 21:55:59,Account,False,
1320-REHCS,2024-05-23 17:33:37,Technical,True,3.33
1322-AGOQM,2024-06-04 15:08:21,Account,True,40.94
1323-OOEPC,2024-04-13 13:44:05,Account,False,
1323-OOEPC,2024-05-06 04:13:24,Billing,False,
1323-OOEPC,2024-06-13 10:11:05,Service Outage,True,24.21
1324-NLTJE,2024-05-15 17:54:12,General Inquiry,False,
1324-NLTJE,2024-05-29 06:53:22,Billing,False,
1325-USMEC,2024-05-26 11:31:48,Billing,True,13.5
1325-USMEC,2024-06-30 20:58:07,Account,True,12.39
1328-EUZHC,2024-04-12 19:58:25,General Inquiry,True,1.63
1328-EUZHC,2024-05-09 03:13:19,General Inquiry,False,
1328-EUZHC,2024-05-10 08:19:10,Billing,True,5.84
1328-EUZHC,2024-05-14 12:02:09,General Inquiry,False,
1328-EUZHC,2024-05-26 22:52:58,General Inquiry,True,1.82
1329-VHWNP,2024-04-09 07:09:00,Billing,False,
1329-VHWNP,2024-05-27 01:58:04,Service Outage,True,3.57
1329-VHWNP,2024-05-28 22:54:39,Billing,True,6.47
1329-VHWNP,2024-06-03 13:03:46,Billing,True,5.8
1329-VHWNP,2024-06-26 06:43:29,Technical,True,6.24
1333-PBMXB,2024-05-11 18:15:58,Service Outage,True,1.62
1334-FJSVR,2024-04-23 01:20:16,Account,False,
1334-FJSVR,2024-05-27 13:21:44,Technical,True,29.0
1334-PDUKM,2024-04-08 00:41:55,Billing,True,5.03
1334-PDUKM,2024-05-17 09:26:54,Account,True,8.04
1335-HQMKX,2024-05-13 13:09:54,Technical,True,8.01
1335-HQMKX,2024-06-06 08:02:56,Service Outage,True,13.49
1335-HQMKX,2024-06-26 09:11:10,Technical,True,3.41
1335-HQMKX,2024-06-27 21:17:35,Service Outage,True,6.78
1335-MXCSE,2024-04-23 19:43:39,Account,False,
1335-NTIUC,2024-06-03 12:49:29,Technical,False,
1335-NTIUC,2024-06-08 06:07:25,Account,False,
1337-BOZWO,2024-04-05 11:53:30,Technical,True,14.07
1337-BOZWO,2024-04-23 13:10:30,Technical,True,5.94
1337-BOZWO,2024-05-29 15:36:40,Service Outage,False,
1338-CECEE,2024-04-08 14:07:51,Billing,True,8.83
1342-JPNKI,2024-04-03 16:14:42,Technical,False,
1342-JPNKI,2024-04-12 05:34:34,Technical,True,46.21
1342-JPNKI,2024-04-21 10:45:21,Billing,False,
1343-EHPYB,2024-04-04 20:03:07,General Inquiry,True,23.16
1343-EHPYB,2024-06-28 00:14:38,Service Outage,True,15.55
1345-GKDZZ,2024-05-15 14:06:46,Service Outage,True,4.68
1345-ZUKID,2024-05-11 09:03:44,Billing,True,5.0
1346-PJWTK,2024-04-25 03:22:26,Service Outage,True,3.14
1346-UFHAX,2024-04-02 19:15:10,Technical,True,6.59
1346-UFHAX,2024-04-07 07:09:54,Account,True,7.78
1346-UFHAX,2024-04-25 07:50:59,Technical,True,10.59
1346-UFHAX,2024-05-29 05:45:39,Technical,True,8.65
1346-UFHAX,2024-06-28 08:46:26,Account,False,
1347-KTTTA,2024-04-09 20:31:03,General Inquiry,True,4.89
1349-WXNGG,2024-05-11 00:29:09,Service Outage,False,
1352-HNSAW,2024-05-30 21:11:02,Billing,False,
1352-HNSAW,2024-06-17 15:14:45,Billing,True,7.25
1352-VHKAJ,2024-06-09 22:40:33,Billing,True,4.32
1353-GHZOS,2024-05-07 16:27:48,General Inquiry,True,2.8
1353-GHZOS,2024-06-20 11:41:43,Technical,True,11.21
1353-GHZOS,2024-06-22 16:07:18,Account,True,4.07
1353-GHZOS,2024-06-29 01:45:25,Account,True,4.21
1355-KUSBG,2024-05-23 06:24:40,Billing,True,4.63
1355-KUSBG,2024-05-29 19:06:59,General Inquiry,True,22.87
1355-KUSBG,2024-06-03 10:54:57,Billing,True,10.57
1355-KUSBG,2024-06-05 05:29:52,Billing,True,3.31
1355-KUSBG,2024-06-21 07:46:56,General Inquiry,True,1.19
1357-BIJKI,2024-04-23 19:14:22,Technical,True,4.89
1357-BIJKI,2024-05-16 17:39:31,Service Outage,True,0.62
1357-BIJKI,2024-05-26 01:23:23,Service Outage,True,16.85
1357-BIJKI,2024-06-04 06:57:51,Technical,True,1.42
1357-BIJKI,2024-06-06 15:50:24,Account,True,6.15
1357-MVDOZ,2024-04-06 11:54:52,Billing,False,
1357-MVDOZ,2024-06-07 16:11:58,General Inquiry,False,
1357-MVDOZ,2024-06-23 11:31:09,Service Outage,True,7.09
1360-RCYRT,2024-04-05 10:46:50,Service Outage,True,9.82
1360-RCYRT,2024-04-11 18:40:38,Technical,False,
1360-RCYRT,2024-04-30 21:13:36,Technical,True,4.54
1360-XFJMR,2024-04-22 12:40:26,Service Outage,True,8.47
1363-TXLSL,2024-04-07 05:12:31,Technical,True,44.15
1363-TXLSL,2024-04-14 20:28:29,Technical,False,
1363-TXLSL,2024-05-03 09:14:04,Service Outage,False,
1363-TXLSL,2024-05-30 07:05:27,General Inquiry,False,
1363-TXLSL,2024-06-07 22:14:02,Service Outage,False,
1370-GGAWX,2024-06-01 04:25:59,General Inquiry,True,12.17
1371-DWPAZ,2024-04-02 17:28:27,Billing,True,2.07
1371-DWPAZ,2024-04-27 05:29:30,Billing,True,16.31
1371-DWPAZ,2024-06-05 04:44:38,Technical,True,7.55
1371-DWPAZ,2024-06-10 16:48:09,Account,True,6.31
1371-DWPAZ,2024-06-13 16:32:01,Service Outage,True,10.7
1371-OJCEK,2024-05-03 23:27:28,General Inquiry,True,3.32
1371-WEPDS,2024-05-03 05:11:52,General Inquiry,True,11.44
1371-WEPDS,2024-06-01 06:28:33,Account,True,4.75
1371-WEPDS,2024-06-26 20:18:39,General Inquiry,True,2.89
1374-DMZUI,2024-04-16 13:59:15,Billing,True,23.16
1374-DMZUI,2024-06-06 03:50:11,Billing,True,37.21
1376-HHBDV,2024-04-26 05:02:27,Billing,True,9.02
1379-FRVEB,2024-05-16 08:17:42,Technical,True,3.45
1383-EZRWL,2024-06-01 19:40:36,General Inquiry,True,142.28
1383-EZRWL,2024-06-04 06:01:13,Technical,False,
1384-RCUXW,2024-04-24 11:32:37,Technical,True,40.6
1384-RCUXW,2024-05-05 05:40:12,Technical,True,6.81
1384-RCUXW,2024-05-31 19:33:34,Account,True,8.03
1384-RCUXW,2024-06-22 03:00:44,Technical,True,4.14
1385-TQOZW,2024-06-27 07:20:30,Service Outage,True,3.82
1386-ZIKUV,2024-04-15 04:54:16,Service Outage,True,13.04
1386-ZIKUV,2024-04-26 19:55:24,Service Outage,True,3.32
1389-CXMLU,2024-04-13 23:07:38,General Inquiry,False,
1389-WNUIB,2024-05-22 00:06:47,Billing,True,6.07
1391-UBDAR,2024-04-14 00:57:51,Billing,True,33.05
1391-UBDAR,2024-04-25 19:24:06,General Inquiry,False,
1391-UBDAR,2024-05-13 03:17:06,General Inquiry,True,2.3
1391-UBDAR,2024-06-06 19:34:28,Service Outage,True,5.49
1391-UBDAR,2024-06-09 23:49:54,Technical,True,6.41
1393-IMKZG,2024-04-18 14:50:03,Account,False,
1395-OFUWC,2024-05-09 07:21:56,Service Outage,True,4.7
1395-OFUWC,2024-05-21 04:59:29,Technical,True,10.68
1395-WSWXR,2024-06-03 16:21:23,Billing,True,0.9
1396-QWFBJ,2024-04-14 06:12:03,Technical,True,26.05
1396-QWFBJ,2024-05-12 03:24:45,General Inquiry,True,20.33
1396-QWFBJ,2024-06-01 06:31:25,General Inquiry,True,8.57
1399-UBQIU,2024-06-14 21:42:47,General Inquiry,True,2.8
1400-MMYXY,2024-05-19 08:57:25,Billing,False,
1400-MMYXY,2024-05-30 20:33:58,Technical,False,
1400-MMYXY,2024-06-25 04:14:43,Account,True,18.38
1400-WIVLL,2024-04-02 18:27:52,Account,True,34.76
1400-WIVLL,2024-04-12 05:19:07,General Inquiry,True,0.96
1400-WIVLL,2024-04-30 06:03:42,General Inquiry,True,3.61
1402-PTHGN,2024-04-24 16:53:34,Service Outage,True,10.91
1402-PTHGN,2024-04-26 05:15:09,Service Outage,True,11.06
1402-PTHGN,2024-05-11 05:01:52,Account,True,17.45
1403-LKLIK,2024-04-07 22:05:27,Service Outage,True,6.3
1403-LKLIK,2024-05-25 15:31:04,General Inquiry,True,4.18
1406-PUQVY,2024-05-04 08:27:48,Service Outage,True,8.55
1406-PUQVY,2024-06-18 02:05:19,Service Outage,True,6.21
1407-DIGZV,2024-06-15 15:17:58,General Inquiry,True,5.77
1409-PHXTF,2024-04-07 01:31:58,Billing,True,1.65
1410-RSCMR,2024-06-14 14:04:23,General Inquiry,True,4.54
1415-YFWLT,2024-05-21 14:30:55,Account,True,77.01
1415-YFWLT,2024-05-27 15:14:54,Account,False,
1415-YFWLT,2024-05-30 22:42:49,Technical,True,31.68
1421-HCERK,2024-05-04 14:07:20,Billing,True,4.74
1421-HCERK,2024-05-19 17:08:12,Billing,True,6.45
1422-DGUBX,2024-04-22 12:22:14,Billing,True,16.98
1427-VERSM,2024-04-03 17:24:14,Account,True,10.5
1428-GTBJJ,2024-04-10 22:25:38,General Inquiry,True,34.33
1428-IEDPR,2024-06-07 05:24:44,Service Outage,False,
1428-IEDPR,2024-06-10 15:48:22,Billing,False,
1428-IEDPR,2024-06-22 22:40:10,General Inquiry,True,10.59
1430-SFQSA,2024-05-24 21:21:35,Service Outage,True,6.7
1431-AIDJQ,2024-05-17 07:58:58,Service Outage,True,5.3
1431-CYWMH,2024-05-11 21:52:51,Account,True,12.11
1432-FPAXX,2024-04-15 22:47:15,General Inquiry,True,32.23
1432-FPAXX,2024-06-26 19:12:01,Service Outage,False,
1436-ZMJAN,2024-05-13 08:51:18,Service Outage,True,14.05
1439-LCGVL,2024-04-12 17:29:03,Service Outage,True,5.2
1442-BQPVU,2024-05-04 18:15:54,Technical,True,10.99
1442-BQPVU,2024-05-21 09:58:18,Account,True,13.06
1442-BQPVU,2024-06-02 14:04:21,Account,True,9.23
1442-BQPVU,2024-06-24 13:33:43,Billing,True,4.75
1442-BQPVU,2024-06-30 04:28:33,Account,True,13.71
1442-OKRJE,2024-06-15 21:48:02,Service Outage,True,4.88
1444-VVSGW,2024-04-06 16:58:39,Account,True,25.96
1447-GIQMR,2024-05-17 20:28:05,Account,True,13.38
1447-GIQMR,2024-05-27 01:07:59,Technical,False,
1447-PJGGA,2024-04-09 00:59:21,Billing,False,
1448-CYWKC,2024-05-09 01:40:30,Service Outage,True,6.38
1448-CYWKC,2024-06-10 10:17:39,General Inquiry,True,3.61
1448-CYWKC,2024-06-19 17:46:34,Service Outage,True,2.75
1448-PWKYE,2024-04-22 11:10:44,General Inquiry,False,
1449-XQEMT,2024-05-01 17:41:01,General Inquiry,False,
1449-XQEMT,2024-06-17 12:55:31,Account,False,
1449-XQEMT,2024-06-23 09:56:09,Technical,False,
1450-GALXR,2024-05-09 02:55:09,Service Outage,True,26.5
1450-SKCVI,2024-04-07 23:54:45,General Inquiry,True,29.34
1450-SKCVI,2024-04-17 10:00:53,General Inquiry,True,22.02
1450-SKCVI,2024-05-27 19:33:27,Service Outage,True,36.87
1450-SKCVI,2024-06-02 16:35:13,Billing,False,
1452-KIOVK,2024-04-22 07:19:28,Account,True,8.36
1452-KIOVK,2024-05-13 22:52:18,General Inquiry,True,23.57
1452-KIOVK,2024-06-01 06:33:38,Account,True,5.51
1452-UZOSF,2024-04-24 12:13:00,Technical,True,6.52
1452-VOQCH,2024-05-04 21:45:12,Billing,True,5.61
1452-XRSJV,2024-06-18 21:03:53,Service Outage,True,12.9
1453-RZFON,2024-04-20 12:33:11,Billing,True,3.94
1453-RZFON,2024-04-21 01:10:02,General Inquiry,True,7.2
1453-RZFON,2024-05-27 23:10:35,Billing,False,
1453-RZFON,2024-06-26 23:13:20,General Inquiry,True,2.28
1455-ESIQH,2024-04-25 08:45:21,Account,True,10.22
1455-ESIQH,2024-05-30 21:19:31,Account,False,
1455-ESIQH,2024-06-14 22:09:08,Billing,False,
1455-HFBXA,2024-04-18 20:01:03,Technical,True,6.2
1455-HFBXA,2024-05-22 19:14:13,Service Outage,False,
1455-UGQVH,2024-04-04 04:35:57,Account,True,14.63
1455-UGQVH,2024-04-21 18:59:40,Billing,True,40.26
1455-UGQVH,2024-06-07 23:58:44,Account,False,
1455-UGQVH,2024-06-09 18:46:29,Billing,False,
1455-UGQVH,2024-06-17 04:39:07,Billing,True,15.33
1456-TWCGB,2024-06-17 07:13:25,General Inquiry,True,3.56
1459-QNFQT,2024-04-21 13:20:03,Billing,True,6.25
1459-QNFQT,2024-05-03 21:13:20,Billing,True,2.17
1459-QNFQT,2024-05-26 12:22:06,Account,True,10.27
1460-UZPRJ,2024-06-22 03:12:04,Account,True,11.98
1465-LNTLJ,2024-06-04 02:09:43,Service Outage,True,4.75
1465-LNTLJ,2024-06-08 18:25:20,Service Outage,False,
1465-VINDH,2024-06-01 18:44:18,Account,True,77.4
1465-VINDH,2024-06-13 08:47:33,Technical,True,51.04
1465-WCZVT,2024-04-19 04:00:45,Service Outage,False,
1465-WCZVT,2024-05-14 05:11:50,Billing,True,3.24
1465-WCZVT,2024-05-19 23:01:45,Account,True,5.22
1465-WCZVT,2024-06-21 11:30:52,Technical,True,21.11
1468-DEFNC,2024-05-06 06:41:09,Technical,True,2.91
1468-DEFNC,2024-06-22 21:48:14,Billing,True,9.74
1468-DEFNC,2024-06-27 09:32:12,Technical,True,16.98
1468-DEFNC,2024-06-29 19:17:50,Service Outage,True,25.54
1469-LBJQJ,2024-06-28 14:29:35,Account,False,
1470-PSXNM,2024-05-14 13:45:15,Billing,True,4.88
1471-GIQKQ,2024-04-15 05:50:44,Service Outage,False,
1471-GIQKQ,2024-04-21 01:06:01,Service Outage,True,21.37
1471-GIQKQ,2024-06-12 16:45:19,Billing,True,6.58
1474-JUWSM,2024-06-09 14:35:07,Service Outage,True,4.23
1474-JUWSM,2024-06-20 06:59:32,General Inquiry,True,3.53
1478-VPOAD,2024-04-15 10:37:12,Service Outage,False,
1478-VPOAD,2024-04-19 22:24:44,Service Outage,True,13.2
1478-VPOAD,2024-05-16 18:38:57,Billing,True,4.69
1480-BKXGA,2024-04-16 04:59:42,Billing,True,3.11
1480-IVEVR,2024-05-20 00:49:21,Billing,True,9.12
1481-ZUWZA,2024-05-19 00:41:17,Billing,False,
1481-ZUWZA,2024-06-29 00:01:45,Account,False,
1482-OXZSY,2024-04-04 13:28:38,Service Outage,False,
1482-OXZSY,2024-04-04 17:09:47,Account,True,2.21
1482-OXZSY,2024-05-14 05:17:34,Service Outage,True,9.42
1485-YDHMM,2024-06-04 16:50:17,Technical,True,5.18
1485-YDHMM,2024-06-15 14:15:49,General Inquiry,False,
1488-PBLJN,2024-06-15 14:58:16,Technical,True,4.79
1494-EJZDW,2024-04-09 18:23:22,Technical,False,
1498-DQNRX,2024-05-04 09:16:33,Billing,True,7.62
1498-DQNRX,2024-06-12 08:10:53,Billing,True,10.42
1498-NHTLT,2024-04-16 21:02:38,Service Outage,True,24.81
1498-NHTLT,2024-04-23 02:18:33,Technical,True,5.32
1498-NHTLT,2024-06-04 07:33:46,Service Outage,True,3.06
1501-SGHBW,2024-04-21 08:58:42,Service Outage,True,24.99
1501-SGHBW,2024-05-04 07:35:58,Service Outage,False,
1501-SGHBW,2024-06-02 03:53:20,Service Outage,False,
1502-XFCVR,2024-04-12 19:04:14,Account,True,40.27
1502-XFCVR,2024-05-02 09:36:29,Billing,False,
1502-XFCVR,2024-05-07 02:24:24,Billing,False,
1502-XFCVR,2024-06-06 21:00:40,Service Outage,False,
1506-YJTYT,2024-06-01 19:50:36,Account,True,4.7
1508-DFXCU,2024-04-04 21:35:16,Billing,True,10.05
1513-XNPPH,2024-06-19 01:22:36,Technical,False,
1518-OMDIK,2024-05-08 18:21:55,Account,True,3.97
1518-OMDIK,2024-06-12 00:40:27,Account,True,1.35
1518-VOWAV,2024-04-13 02:46:33,Billing,True,64.26
1522-VVDMG,2024-06-17 13:08:30,Service Outage,True,30.19
1527-SXDPN,2024-05-09 05:26:55,Technical,False,
1527-SXDPN,2024-05-16 07:47:59,General Inquiry,False,
1527-SXDPN,2024-06-16 22:14:03,Account,False,
1530-ZTDOZ,2024-04-22 14:43:46,Account,True,10.87
1530-ZTDOZ,2024-04-28 11:40:19,Technical,True,1.21
1530-ZTDOZ,2024-05-24 20:08:26,Billing,True,5.19
1534-OULXE,2024-04-12 04:27:55,Technical,True,8.03
1534-OULXE,2024-04-21 17:03:10,Account,True,8.28
1534-OULXE,2024-04-29 16:33:13,Account,True,5.99
1534-OULXE,2024-05-12 07:15:21,General Inquiry,True,7.7
1534-OULXE,2024-05-28 10:40:03,Technical,True,2.01
1535-VTJOQ,2024-06-01 17:21:38,Technical,True,10.04
1536-HBSWP,2024-04-13 08:50:32,Billing,True,8.27
1536-HBSWP,2024-04-26 23:33:43,Technical,True,3.09
1536-HBSWP,2024-04-29 06:18:01,Service Outage,True,7.17
1536-YHDOE,2024-05-04 01:38:23,Service Outage,True,2.0
1536-YHDOE,2024-05-09 03:46:21,Service Outage,True,5.42
1536-YHDOE,2024-05-14 04:17:06,General Inquiry,True,5.31
1536-YHDOE,2024-06-08 06:50:31,General Inquiry,True,5.39
1544-JJMYL,2024-06-17 11:42:16,Billing,False,
1545-ACTAS,2024-05-11 12:45:45,Service Outage,True,7.02
1545-ACTAS,2024-05-14 18:39:10,General Inquiry,True,4.58
1545-ACTAS,2024-05-29 07:53:19,Service Outage,True,8.29
1545-ACTAS,2024-06-08 03:58:06,Account,True,4.09
1545-JFUML,2024-04-17 15:11:56,Service Outage,True,11.09
1545-JFUML,2024-04-22 18:02:00,Technical,True,1.76
1545-JFUML,2024-06-05 20:44:00,Account,True,4.48
1545-JFUML,2024-06-06 07:05:50,Technical,True,6.67
1548-ARAGG,2024-04-30 04:32:52,Technical,True,11.2
1548-ARAGG,2024-06-30 07:22:35,Technical,True,10.71
1548-FEHVL,2024-04-06 02:28:40,Billing,True,14.28
1548-FEHVL,2024-04-06 02:33:13,Technical,True,4.88
1548-FEHVL,2024-05-29 11:53:45,Service Outage,True,5.38
1550-EENBN,2024-06-22 01:12:29,Account,True,6.68
1550-LOAHA,2024-04-12 23:27:56,Billing,False,
1552-AAGRX,2024-04-17 18:32:10,Service Outage,True,2.1
1552-AAGRX,2024-06-04 03:40:38,Technical,True,3.8
1552-TKMXS,2024-04-20 01:21:53,Account,True,3.23
1555-DJEQW,2024-05-05 10:43:23,Billing,True,117.32
1555-DJEQW,2024-05-21 02:54:27,Account,True,37.78
1555-HAPSU,2024-04-30 07:15:28,Account,True,6.24
1555-HAPSU,2024-06-25 12:40:18,General Inquiry,False,
1557-EMYVT,2024-04-25 13:28:37,General Inquiry,True,5.46
1557-EMYVT,2024-06-14 13:29:39,Service Outage,False,
1557-EMYVT,2024-06-30 19:25:41,Billing,True,3.17
1559-DTODC,2024-04-07 01:44:54,Account,True,15.12
1559-DTODC,2024-04-23 13:24:57,Service Outage,True,11.34
1559-DTODC,2024-05-29 13:54:52,General Inquiry,True,6.0
1561-BWHIN,2024-04-09 00:11:30,Billing,True,5.24
1561-BWHIN,2024-05-24 01:27:09,General Inquiry,True,9.46
1561-BWHIN,2024-05-26 14:38:32,Service Outage,True,7.16
1564-HJUVY,2024-04-05 16:21:40,General Inquiry,True,3.47
1564-HJUVY,2024-04-17 07:22:28,Technical,True,12.77
1564-NTYXF,2024-04-20 10:55:51,Account,False,
1564-NTYXF,2024-05-14 19:01:14,General Inquiry,False,
1565-RHDJD,2024-05-20 07:24:32,Service Outage,True,34.96
1567-DSCIC,2024-04-25 02:08:20,General Inquiry,False,
1567-DSCIC,2024-04-28 03:25:26,Service Outage,True,63.88
1567-DSCIC,2024-05-30 12:50:39,Technical,True,39.82
1567-DSCIC,2024-06-16 18:00:39,Account,False,
1567-DSCIC,2024-06-25 09:19:39,Billing,True,20.63
1568-LJSZU,2024-04-18 11:19:56,Technical,True,7.9
1568-LJSZU,2024-04-21 19:56:57,Account,False,
1568-LJSZU,2024-06-21 18:56:49,Billing,False,
1569-TTNYJ,2024-06-09 01:02:35,Account,True,15.82
1571-SAVHK,2024-04-23 14:30:22,Account,True,23.58
1571-SAVHK,2024-06-19 06:26:33,Account,True,15.24
1573-LGXBA,2024-05-07 12:18:18,Account,False,
1573-LGXBA,2024-05-22 17:09:32,Service Outage,False,
1574-DYCWE,2024-05-15 11:47:25,Technical,True,4.72
1575-KRZZE,2024-04-18 18:25:44,Service Outage,True,4.45
1575-KRZZE,2024-04-24 12:14:44,Service Outage,True,8.59
1575-KRZZE,2024-04-28 01:52:00,Account,True,5.26
1575-KRZZE,2024-05-24 19:25:13,Billing,True,5.53
1575-KRZZE,2024-06-10 20:59:39,Service Outage,True,4.84
1576-PFZIW,2024-04-28 05:57:16,Technical,True,28.64
1576-PFZIW,2024-05-11 11:32:00,Technical,True,10.73
1576-PFZIW,2024-05-26 13:43:36,Account,True,8.63
1579-KLYDT,2024-04-18 04:34:44,Billing,False,
1579-KLYDT,2024-05-02 18:14:07,Service Outage,True,16.45
1579-KLYDT,2024-05-26 02:32:46,General Inquiry,True,12.05
1580-BMCMR,2024-04-29 22:33:44,General Inquiry,True,2.54
1580-BMCMR,2024-06-10 11:08:04,Technical,False,
1582-RAFML,2024-04-30 02:06:18,Technical,False,
1582-RAFML,2024-05-04 07:50:13,Billing,False,
1583-IHQZE,2024-04-16 15:50:32,Service Outage,True,14.25
1587-FKLZB,2024-05-16 10:36:08,Account,True,32.84
1589-AGTLK,2024-05-24 17:09:44,Service Outage,False,
1591-MQJTP,2024-04-24 10:13:36,General Inquiry,True,11.55
1591-MQJTP,2024-05-15 18:36:48,Billing,True,15.57
1591-NFNLQ,2024-04-05 01:48:25,General Inquiry,False,
1591-XWLGB,2024-06-19 17:00:28,Billing,True,8.7
1596-BBVTG,2024-04-22 21:37:31,Billing,False,
1596-BBVTG,2024-06-15 18:52:48,Technical,True,23.11
1596-OQSPS,2024-04-30 22:32:10,General Inquiry,False,
1596-OQSPS,2024-06-01 02:31:44,Service Outage,True,8.68
1597-LHYNC,2024-04-08 13:14:15,General Inquiry,False,
1597-LHYNC,2024-06-09 18:07:25,Service Outage,True,41.9
1599-EAHXY,2024-04-16 19:07:02,Account,True,1.89
1599-MMYRQ,2024-04-14 15:38:22,Technical,True,15.2
1600-DILPE,2024-04-18 13:25:57,General Inquiry,True,3.57
1600-DILPE,2024-05-27 19:03:17,Service Outage,False,
1600-DILPE,2024-05-30 00:51:01,Service Outage,True,8.75
1602-IJQQE,2024-05-05 05:27:12,Service Outage,True,28.58
1602-IJQQE,2024-05-22 02:47:37,Technical,True,20.1
1602-IJQQE,2024-05-30 07:40:08,Technical,True,5.55
1602-IJQQE,2024-06-12 16:19:59,Technical,False,
1602-IJQQE,2024-06-18 15:46:24,Account,False,
1608-GMEWB,2024-06-12 09:49:16,Billing,True,3.55
1608-GMEWB,2024-06-16 03:58:47,Account,True,6.8
1612-EOHDH,2024-04-05 04:30:34,Billing,False,
1612-EOHDH,2024-04-06 16:34:30,General Inquiry,True,36.18
1612-EOHDH,2024-05-07 11:26:03,Billing,False,
1612-EOHDH,2024-06-16 14:00:20,Billing,True,14.39
1614-JBEBI,2024-06-22 01:49:13,General Inquiry,True,6.17
1618-CFHME,2024-05-03 18:11:59,Technical,False,
1618-CFHME,2024-05-23 21:55:17,Service Outage,True,15.13
1618-CFHME,2024-05-26 02:19:01,Technical,False,
1618-CFHME,2024-06-12 18:45:56,General Inquiry,False,
1618-CFHME,2024-06-22 04:01:35,Technical,True,38.85
1619-YWUBB,2024-04-05 13:29:11,Account,True,6.83
1622-HSHSF,2024-06-08 22:03:49,Service Outage,True,12.66
1623-NLDOT,2024-06-30 15:38:43,General Inquiry,True,19.91
1624-NALOJ,2024-04-18 15:37:45,General Inquiry,True,8.48
1624-NALOJ,2024-05-09 11:51:25,Billing,True,14.31
1624-NALOJ,2024-05-21 00:30:07,General Inquiry,False,
1624-WOIWJ,2024-05-19 10:58:04,Billing,False,
1624-WOIWJ,2024-06-18 12:59:46,General Inquiry,False,
1624-WOIWJ,2024-06-25 07:06:42,Technical,False,
1625-JAIIY,2024-05-03 20:03:23,General Inquiry,True,16.0
1625-JAIIY,2024-05-05 19:11:33,General Inquiry,True,24.01
1625-JAIIY,2024-05-25 04:22:32,Billing,True,17.59
1625-JAIIY,2024-06-06 04:29:55,Technical,False,
1626-ERCMM,2024-04-23 05:28:53,Service Outage,True,17.22
1626-ERCMM,2024-06-11 05:07:45,Service Outage,False,
1627-AFWVJ,2024-05-20 02:40:58,Billing,False,
1627-AFWVJ,2024-06-29 14:42:36,Technical,True,1.78
1628-BIZYP,2024-04-05 14:18:34,Technical,True,4.76
1628-BIZYP,2024-04-20 18:47:11,Billing,True,10.25
1628-BIZYP,2024-05-05 22:50:17,Technical,True,4.11
1628-BIZYP,2024-05-08 15:04:57,Service Outage,True,9.76
1629-DQQVB,2024-04-22 12:23:09,Technical,True,6.23
1629-DQQVB,2024-05-04 20:55:37,Service Outage,False,
1635-FJFCC,2024-04-20 14:52:42,Billing,True,7.79
1635-HDGFT,2024-06-04 01:25:07,Account,True,4.76
1635-NZATJ,2024-05-29 00:51:43,Service Outage,True,4.37
1636-NTNCO,2024-04-19 18:16:59,Service Outage,True,3.3
1636-NTNCO,2024-06-09 11:02:01,Technical,True,5.76
1640-PLFMP,2024-04-12 05:33:41,Technical,False,
1640-PLFMP,2024-04-16 07:34:21,Account,False,
1641-BYBTK,2024-04-17 01:24:31,Technical,True,9.96
1641-RQDAY,2024-04-17 02:10:26,General Inquiry,True,3.05
1641-RQDAY,2024-05-06 08:24:38,Service Outage,True,6.42
1641-RQDAY,2024-05-31 15:52:18,Service Outage,True,10.64
1642-HMARX,2024-06-25 20:03:55,Technical,True,6.45
1642-HMARX,2024-06-27 16:35:31,Account,True,3.46
1644-IRKSF,2024-04-16 21:21:06,Service Outage,True,102.17
1657-DYMBM,2024-04-10 21:59:25,General Inquiry,True,2.96
1657-DYMBM,2024-05-07 03:22:17,Technical,True,2.83
1658-BYGOY,2024-04-07 13:55:07,Billing,True,30.91
1658-BYGOY,2024-04-09 16:13:07,Technical,False,
1658-BYGOY,2024-06-16 22:57:08,Service Outage,True,25.24
1658-TJVOA,2024-04-14 01:01:20,Account,True,3.71
1658-TJVOA,2024-04-17 10:07:16,Technical,True,3.09
1658-TJVOA,2024-05-11 13:36:26,Technical,True,5.29
1658-TJVOA,2024-05-12 10:13:02,Service Outage,True,4.9
1658-TJVOA,2024-05-22 22:25:36,Service Outage,True,6.8
1660-HSOOQ,2024-04-02 20:26:57,Billing,True,18.53
1660-HSOOQ,2024-05-27 00:19:12,Account,True,9.02
1660-HSOOQ,2024-05-31 07:12:30,Service Outage,False,
1660-HSOOQ,2024-06-09 11:40:54,Service Outage,True,9.19
1661-CZBAU,2024-05-20 07:50:19,Billing,True,6.07
1661-CZBAU,2024-05-20 19:56:33,Billing,True,6.67
1663-MHLHE,2024-04-05 00:39:10,Technical,True,7.47
1666-JXLKU,2024-05-26 15:01:15,General Inquiry,True,13.52
1666-JXLKU,2024-06-03 16:57:43,Billing,True,6.04
1666-JZPZT,2024-04-10 08:01:55,Service Outage,True,8.51
1666-JZPZT,2024-06-06 09:41:09,Account,True,14.72
1666-JZPZT,2024-06-07 19:02:37,Technical,True,3.35
1666-JZPZT,2024-06-16 05:08:30,Account,True,3.07
1670-SVOWZ,2024-04-03 23:22:09,Service Outage,True,31.7
1670-SVOWZ,2024-05-23 08:33:30,General Inquiry,True,27.55
1676-MQAOA,2024-04-23 02:09:56,Billing,False,
1678-FYZOW,2024-04-13 00:26:18,Service Outage,False,
1679-JRFBR,2024-05-02 17:44:26,Technical,True,6.31
1679-JRFBR,2024-05-03 06:01:18,Billing,False,
1679-JRFBR,2024-06-17 22:20:32,Account,True,6.31
1680-VDCWW,2024-04-19 05:07:48,Technical,True,2.9
1680-VDCWW,2024-04-30 06:00:29,Service Outage,True,7.81
1680-VDCWW,2024-06-26 10:13:13,Service Outage,True,8.31
1682-VCOIO,2024-04-19 16:53:21,Billing,True,6.23
1684-FLBGS,2024-04-12 01:53:06,General Inquiry,True,12.78
1684-FLBGS,2024-05-24 14:24:49,Service Outage,True,6.12
1684-FLBGS,2024-06-01 04:02:57,General Inquiry,True,5.7
1685-BQULA,2024-04-21 09:58:03,Technical,True,3.4
1685-BQULA,2024-04-26 02:32:55,Billing,True,3.48
1685-BQULA,2024-05-05 14:07:07,Account,True,2.8
1685-VAYJF,2024-06-27 14:37:38,Technical,True,9.99
1686-STUHN,2024-05-09 10:08:06,Account,True,52.18
1689-MRZQR,2024-04-09 03:13:34,Service Outage,False,
1689-MRZQR,2024-04-18 01:19:57,Account,True,14.18
1689-MRZQR,2024-06-06 00:54:52,Account,True,30.73
1689-MRZQR,2024-06-22 13:30:10,Account,True,39.87
1689-YQBYY,2024-06-15 03:13:35,Technical,True,2.13
1696-HXOWK,2024-04-07 10:32:35,Account,True,9.69
1696-HXOWK,2024-06-07 23:34:46,Service Outage,True,4.25
1696-MZVAU,2024-06-03 22:53:45,General Inquiry,True,14.35
1696-MZVAU,2024-06-22 21:46:30,Technical,True,9.79
1697-BCSHV,2024-05-22 22:25:55,Account,True,9.71
1697-BCSHV,2024-05-29 22:02:53,General Inquiry,True,6.55
1697-BCSHV,2024-05-31 23:03:00,Billing,True,4.19
1697-BCSHV,2024-06-01 13:01:17,Account,True,7.44
1697-LYYYX,2024-04-10 07:37:37,Account,True,18.84
1697-LYYYX,2024-04-25 14:45:36,Technical,True,3.08
1697-LYYYX,2024-06-10 12:57:11,Billing,True,13.69
1697-NVVGY,2024-05-04 05:56:42,Service Outage,True,7.76
1698-XFZCI,2024-04-29 06:02:01,Billing,True,28.81
1698-XFZCI,2024-06-03 20:51:50,Account,True,6.3
1699-HPSBG,2024-04-25 04:16:56,Service Outage,True,32.66
1699-HPSBG,2024-06-24 14:37:53,General Inquiry,False,
1699-TLDLZ,2024-04-07 19:26:03,Service Outage,True,9.67
1699-TLDLZ,2024-04-30 15:22:10,Technical,True,8.36
1699-TLDLZ,2024-05-03 18:01:18,Service Outage,True,13.11
1699-UOTXU,2024-05-24 08:31:48,Technical,True,5.46
1702-CCFNJ,2024-04-21 14:53:22,General Inquiry,True,25.13
1702-CCFNJ,2024-04-28 08:29:38,General Inquiry,False,
1703-MGIAB,2024-04-02 03:26:36,General Inquiry,True,4.21
1703-MGIAB,2024-04-25 05:16:26,Billing,True,12.95
1704-NRWYE,2024-04-05 12:54:49,Technical,False,
1704-NRWYE,2024-04-09 12:10:08,Account,True,27.54
1704-NRWYE,2024-04-21 12:26:50,Technical,False,
1705-GUHPV,2024-04-12 07:44:25,Service Outage,True,14.02
1705-GUHPV,2024-04-14 17:19:47,Technical,True,8.94
1707-HABPF,2024-04-16 05:48:32,Billing,True,4.91
1707-HABPF,2024-04-30 18:14:49,Technical,True,5.21
1707-HABPF,2024-05-02 02:37:00,General Inquiry,True,9.62
1707-HABPF,2024-05-31 16:14:58,Service Outage,True,2.34
1708-PBBOA,2024-05-25 17:44:22,Technical,True,30.78
1709-EJDOX,2024-05-23 19:47:21,Service Outage,True,8.36
1710-RCXUS,2024-04-12 14:47:07,Technical,True,3.56
1710-RCXUS,2024-05-07 13:45:25,Account,True,4.93
1710-RCXUS,2024-05-10 04:34:09,Account,True,7.88
1710-RCXUS,2024-05-27 06:34:40,Technical,True,12.32
1710-RCXUS,2024-06-05 08:08:20,Service Outage,True,3.72
1716-LSAMB,2024-05-06 15:19:42,Billing,False,
1722-LDZJS,2024-05-15 22:16:31,Billing,True,7.86
1723-HKXJQ,2024-04-22 00:31:40,Service Outage,False,
1723-HKXJQ,2024-05-05 01:41:10,General Inquiry,True,63.69
1723-HKXJQ,2024-05-17 00:01:01,General Inquiry,False,
1723-HKXJQ,2024-05-20 13:32:07,Account,False,
1724-BQUHA,2024-05-17 18:49:54,Account,True,30.81
1724-IQWNM,2024-06-03 02:23:24,Technical,True,4.56
1725-IQNIY,2024-05-26 00:59:27,Account,True,39.49
1725-MIMXW,2024-06-01 21:46:20,Technical,True,17.9
1728-BQDMA,2024-04-20 00:36:05,Account,True,3.57
1728-BQDMA,2024-06-05 12:03:30,General Inquiry,True,8.54
1728-BQDMA,2024-06-08 14:28:40,Account,False,
1728-CXQBE,2024-04-03 20:09:39,Billing,True,5.73
1728-CXQBE,2024-04-29 14:46:34,Account,True,7.38
1728-CXQBE,2024-05-17 03:38:41,Billing,True,6.33
1730-VFMWO,2024-06-14 01:35:29,General Inquiry,True,4.17
1730-ZMAME,2024-05-01 20:50:57,Billing,True,3.96
1730-ZMAME,2024-06-07 10:19:36,Billing,False,
1731-TVIUK,2024-05-28 06:07:12,Account,True,84.61
1732-FEKLD,2024-04-27 16:55:28,Billing,True,17.08
1732-FEKLD,2024-06-24 14:26:05,Service Outage,True,7.48
1732-VHUBQ,2024-04-08 08:56:24,Billing,True,46.35
1735-XMJVH,2024-05-14 14:41:50,Billing,True,5.98
1740-CSDJP,2024-04-06 14:23:21,Technical,True,21.05
1740-CSDJP,2024-04-07 17:40:51,Service Outage,False,
1740-CSDJP,2024-05-22 00:07:27,General Inquiry,False,
1740-CSDJP,2024-06-14 19:57:44,Account,True,41.89
1744-JHKYS,2024-05-05 17:02:40,General Inquiry,True,12.63
1746-TGTWV,2024-06-12 09:35:41,General Inquiry,True,5.6
1746-TGTWV,2024-06-27 22:29:22,Technical,True,10.29
1752-OZXFY,2024-05-15 21:09:32,Billing,True,6.05
1752-OZXFY,2024-05-21 17:45:40,Service Outage,True,4.31
1752-OZXFY,2024-05-30 20:10:17,Account,True,16.5
1754-GKYPY,2024-06-03 02:59:03,Billing,True,5.64
1755-FZQEC,2024-05-27 09:19:02,Billing,True,6.01
1755-RMCXH,2024-06-06 13:41:40,Service Outage,True,3.16
1760-CAZHT,2024-06-04 08:33:23,General Inquiry,True,11.23
1761-AEZZR,2024-06-05 10:34:24,Technical,True,8.15
1761-AEZZR,2024-06-28 07:27:58,General Inquiry,True,49.54
1763-KUAAW,2024-04-08 15:18:01,General Inquiry,True,9.41
1764-VUUMT,2024-06-11 03:48:57,Billing,False,
1764-VUUMT,2024-06-18 05:35:13,Service Outage,True,9.56
1766-GKNMI,2024-04-14 00:08:12,General Inquiry,True,6.66
1766-GKNMI,2024-05-03 20:09:41,Account,True,3.13
1766-GKNMI,2024-05-13 04:15:54,Billing,True,4.56
1766-GKNMI,2024-06-03 04:52:02,Technical,True,5.46
1766-GKNMI,2024-06-09 15:52:42,Account,True,3.73
1767-CJKBA,2024-05-12 02:48:27,Technical,True,1.02
1767-TGTKO,2024-05-11 19:59:35,General Inquiry,True,5.23
1767-TGTKO,2024-06-30 07:50:07,General Inquiry,True,8.84
1768-HNVGJ,2024-04-13 10:50:55,Account,True,7.77
1768-ZAIFU,2024-05-08 09:27:07,Account,True,21.3
1769-GRUIK,2024-06-29 20:22:46,Technical,True,6.17
1771-OADNZ,2024-05-08 18:11:42,Service Outage,False,
1771-OADNZ,2024-05-12 05:35:38,Technical,True,65.37
1771-OADNZ,2024-05-21 23:20:46,Technical,False,
1771-OADNZ,2024-06-03 04:33:10,Billing,False,
1776-SPBWV,2024-04-06 02:52:44,Technical,True,5.17
1776-SPBWV,2024-05-19 06:05:50,Technical,True,4.76
1777-JYQPJ,2024-04-23 17:55:48,General Inquiry,True,1.45
1779-PWPMG,2024-04-02 10:31:02,General Inquiry,False,
1779-PWPMG,2024-06-14 19:35:10,Billing,True,5.19
1784-BXEFA,2024-05-21 06:15:48,General Inquiry,True,4.04
1784-EZDKJ,2024-04-18 19:25:12,Service Outage,True,2.45
1784-EZDKJ,2024-04-18 23:13:43,Billing,True,10.91
1784-EZDKJ,2024-06-02 12:05:45,Service Outage,False,
1785-BPHTP,2024-04-25 14:51:04,Service Outage,False,
1785-BPHTP,2024-05-13 20:16:49,Technical,False,
1790-NESIO,2024-06-09 22:50:41,Billing,True,11.6
1791-PQHBB,2024-05-13 06:38:26,Service Outage,True,8.96
1791-PQHBB,2024-05-25 09:20:44,General Inquiry,True,5.05
1791-PQHBB,2024-05-31 12:43:15,Account,True,8.72
1792-UXAFY,2024-04-02 23:58:43,Service Outage,False,
1792-UXAFY,2024-04-24 19:57:57,Billing,False,
1792-UXAFY,2024-06-06 02:35:40,General Inquiry,True,61.63
1792-UXAFY,2024-06-10 06:04:56,Technical,True,15.48
1792-UXAFY,2024-06-14 18:46:02,Account,False,
1796-JANOW,2024-06-22 23:53:39,General Inquiry,True,1.92
1803-BGNBD,2024-04-18 16:59:38,General Inquiry,True,9.07
1809-DMJHQ,2024-05-25 19:48:47,Technical,True,95.58
1809-DMJHQ,2024-05-29 11:05:30,Billing,True,69.52
1810-BOHSY,2024-04-21 01:37:43,Account,True,4.99
1810-MVMAI,2024-04-18 12:32:43,Service Outage,True,5.83
1813-JLKWR,2024-04-24 15:12:43,Account,True,5.08
1813-JLKWR,2024-04-29 21:03:16,Technical,True,5.49
1813-JLKWR,2024-05-23 04:32:10,Technical,True,5.89
1813-JLKWR,2024-05-24 04:15:04,General Inquiry,True,5.74
1813-JLKWR,2024-06-13 03:31:09,Service Outage,True,16.43
1813-JYWTO,2024-04-30 20:37:59,Account,True,5.73
1813-JYWTO,2024-05-11 08:26:22,Technical,True,4.37
1813-JYWTO,2024-05-13 05:26:21,General Inquiry,True,2.79
1813-JYWTO,2024-05-24 12:12:31,Service Outage,False,
1814-DKOLC,2024-04-25 03:02:52,General Inquiry,True,2.31
1814-WFGVS,2024-05-15 20:46:30,General Inquiry,True,6.39
1814-WFGVS,2024-06-13 08:57:15,Billing,True,3.47
1820-DJFPH,2024-05-26 10:04:57,Technical,True,3.2
1820-DJFPH,2024-06-11 11:50:00,Account,True,6.98
1820-DJFPH,2024-06-30 03:24:33,Service Outage,True,8.27
1820-TQVEV,2024-04-19 06:29:56,Technical,True,37.22
1820-TQVEV,2024-05-29 19:20:44,General Inquiry,True,13.5
1830-IPXVJ,2024-04-17 18:06:28,General Inquiry,False,
1830-IPXVJ,2024-04-22 10:02:11,Billing,True,9.51
1830-IPXVJ,2024-06-08 08:26:05,Billing,True,3.23
1830-IPXVJ,2024-06-14 19:25:11,Billing,True,6.22
1830-IPXVJ,2024-06-29 07:07:14,Billing,True,8.25
1833-TCXKK,2024-04-10 05:02:06,Account,True,3.99
1833-TCXKK,2024-06-22 23:56:15,Service Outage,True,2.21
1833-VGRUM,2024-04-08 06:37:54,Technical,False,
1834-ABKHQ,2024-06-21 09:17:15,Account,True,8.77
1834-WULEG,2024-05-18 23:13:11,General Inquiry,True,1.63
1834-WULEG,2024-06-13 12:13:13,Technical,True,6.78
1837-YQUCE,2024-04-02 16:22:31,Service Outage,False,
1837-YQUCE,2024-06-12 00:38:59,Service Outage,False,
1837-YQUCE,2024-06-28 22:38:16,Account,False,
1839-FBNFR,2024-04-25 22:38:24,Service Outage,True,7.07
1840-BIUOG,2024-05-09 05:03:50,Service Outage,True,25.34
1840-BIUOG,2024-06-20 14:14:35,Billing,True,5.22
1841-YSJGV,2024-05-07 21:35:04,Technical,True,5.05
1841-YSJGV,2024-06-01 19:08:59,Account,True,4.75
1842-EZJMK,2024-04-03 01:06:51,Account,True,41.8
1845-CSBRZ,2024-06-26 10:54:34,Account,True,13.76
1845-ZLLIG,2024-04-11 21:30:10,General Inquiry,True,4.57
1845-ZLLIG,2024-05-09 19:43:04,General Inquiry,True,2.2
1846-XWOQN,2024-05-01 00:22:11,Service Outage,False,
1846-XWOQN,2024-05-02 18:18:55,Service Outage,True,7.27
1846-XWOQN,2024-05-30 02:57:50,Technical,False,
1846-XWOQN,2024-06-28 12:35:59,General Inquiry,True,58.84
1848-LBZHY,2024-04-18 03:51:28,Account,True,10.5
1848-LBZHY,2024-06-05 09:49:53,Billing,True,4.3
1849-RJYIG,2024-05-23 13:32:43,Billing,True,7.83
1849-RJYIG,2024-06-13 20:10:58,Service Outage,True,6.26
1849-RJYIG,2024-06-22 01:57:49,Billing,True,25.02
1850-AKQEP,2024-05-07 20:17:19,Service Outage,True,6.06
1850-AKQEP,2024-06-15 04:41:50,Account,True,6.91
1852-XEMDW,2024-04-18 08:52:32,General Inquiry,True,13.35
1852-XEMDW,2024-04-29 04:16:18,General Inquiry,True,4.12
1852-XEMDW,2024-05-02 17:11:19,Account,True,6.02
1852-XEMDW,2024-05-14 02:05:33,Technical,False,
1852-XEMDW,2024-06-07 14:29:10,General Inquiry,True,3.24
1853-ARAAQ,2024-04-04 23:25:02,General Inquiry,True,8.8
1853-UDXBW,2024-04-12 09:46:08,Billing,True,34.08
1853-UDXBW,2024-04-17 18:11:33,Technical,True,26.76
1853-UDXBW,2024-05-14 04:57:17,General Inquiry,True,83.77
1853-UDXBW,2024-06-05 22:47:43,Billing,True,9.27
1853-UDXBW,2024-06-26 04:25:21,Account,False,
1855-AGAWH,2024-04-11 14:13:20,Billing,False,
1855-AGAWH,2024-04-20 11:26:58,Account,True,7.91
1855-CFULU,2024-06-25 05:49:35,Account,True,10.15
1862-QRWPE,2024-05-07 18:52:25,Technical,True,3.18
1862-QRWPE,2024-06-01 03:50:31,Account,True,9.1
1862-SKORY,2024-04-07 05:51:44,Technical,False,
1862-SKORY,2024-05-22 23:25:37,Billing,False,
1862-SKORY,2024-06-10 01:26:16,Account,True,33.51
1866-DIOQZ,2024-04-09 09:47:46,Service Outage,False,
1866-DIOQZ,2024-05-02 17:36:06,Technical,True,1.89
1866-DIOQZ,2024-05-15 05:38:58,Account,True,8.94
1866-DIOQZ,2024-05-27 03:28:02,General Inquiry,True,8.96
1866-NXPSP,2024-05-30 12:35:54,Service Outage,True,1.39
1866-OBPNR,2024-04-23 00:50:35,Service Outage,True,9.19
1866-OBPNR,2024-06-12 18:16:01,Account,True,4.11
1866-RZZQS,2024-04-06 16:37:23,Account,True,19.26
1866-RZZQS,2024-05-06 08:07:17,Technical,False,
1866-RZZQS,2024-06-18 22:13:16,Billing,False,
1866-RZZQS,2024-06-24 01:09:53,General Inquiry,True,63.38
1866-ZSLJM,2024-05-02 04:28:44,General Inquiry,True,7.34
1867-BDVFH,2024-05-01 17:46:22,General Inquiry,False,
1867-BDVFH,2024-06-06 23:39:08,Account,False,
1867-BDVFH,2024-06-14 00:14:41,Account,True,31.58
1867-TJHTS,2024-05-05 18:41:32,Technical,True,4.85
1867-TJHTS,2024-05-31 01:37:54,Billing,True,12.09
1871-MOWRM,2024-05-06 17:19:54,General Inquiry,True,31.77
1871-MOWRM,2024-06-29 11:38:58,Billing,False,
1875-QIVME,2024-04-27 03:25:34,General Inquiry,False,
1875-QIVME,2024-05-03 12:14:56,General Inquiry,False,
1877-HKBQX,2024-04-18 21:42:10,General Inquiry,True,14.01
1891-FZYSA,2024-04-10 02:51:31,Billing,False,
1891-FZYSA,2024-06-06 12:19:55,Billing,False,
1891-QRQSA,2024-04-18 22:00:06,Billing,False,
1891-QRQSA,2024-06-11 21:13:57,Technical,True,9.81
1891-UAWWU,2024-04-11 21:03:09,Billing,True,15.99
1891-UAWWU,2024-06-01 04:23:45,Billing,True,19.84
1894-IGFSG,2024-04-05 22:00:30,Technical,True,10.74
1894-IGFSG,2024-05-15 10:16:47,Account,True,31.49
1895-QTKDO,2024-04-17 17:10:03,Billing,True,4.87
1895-QTKDO,2024-04-17 20:31:03,Technical,False,
1897-OKVMW,2024-05-18 23:51:03,General Inquiry,True,2.47
1897-RCFUM,2024-05-09 00:34:31,Billing,True,22.41
1898-JSNDC,2024-05-22 10:13:21,Account,True,3.93
1898-JSNDC,2024-05-26 05:09:14,Technical,True,8.72
1898-JSNDC,2024-06-05 03:25:55,Account,False,
1898-JSNDC,2024-06-23 11:08:57,Account,True,6.96
1899-VXWXM,2024-04-02 08:52:05,Account,True,58.03
1899-VXWXM,2024-04-29 19:29:52,Account,False,
1899-VXWXM,2024-05-07 17:24:27,Service Outage,True,45.3
1899-VXWXM,2024-05-31 21:02:46,Account,True,27.66
1904-WAJAA,2024-05-30 11:40:30,Account,True,3.21
1905-OEILC,2024-04-12 09:44:04,Account,True,6.14
1905-OEILC,2024-05-14 13:30:40,General Inquiry,False,
1905-OEILC,2024-05-15 22:43:08,Technical,True,3.57
1905-OEILC,2024-06-09 18:47:58,Technical,True,11.74
1907-UBQFC,2024-05-20 10:52:37,Account,False,
1907-UBQFC,2024-06-10 13:26:28,Technical,False,
1907-UBQFC,2024-06-19 12:24:30,General Inquiry,False,
1907-YLNYW,2024-05-10 11:28:14,Account,True,2.68
1910-FMXJM,2024-04-07 08:36:52,Technical,True,5.2
1910-FMXJM,2024-06-08 19:44:19,Account,True,10.9
1910-FMXJM,2024-06-18 19:28:24,General Inquiry,False,
1910-FMXJM,2024-06-19 20:57:53,General Inquiry,True,8.39
1910-FMXJM,2024-06-21 23:11:01,Account,True,4.56
1915-IOFGU,2024-04-23 23:40:46,Service Outage,True,11.43
1915-IOFGU,2024-06-17 01:22:15,Service Outage,True,37.18
1915-IOFGU,2024-06-20 16:26:34,Account,True,32.65
1915-IOFGU,2024-06-25 05:15:36,Service Outage,True,76.26
1915-OAKWD,2024-05-22 12:23:56,Billing,True,1.75
1919-RTPQD,2024-05-23 10:40:03,Account,False,
1919-RTPQD,2024-06-18 00:27:06,Account,True,3.91
1925-GMVBW,2024-06-04 18:33:23,General Inquiry,True,4.76
1925-LFCZZ,2024-04-03 15:03:22,General Inquiry,True,4.89
1925-LFCZZ,2024-04-20 13:18:25,Account,True,12.03
1925-LFCZZ,2024-05-03 18:36:08,Billing,True,4.28
1926-QUZNN,2024-06-16 18:14:21,Billing,True,17.33
1926-QUZNN,2024-06-20 19:24:46,Account,False,
1927-QEWMY,2024-05-12 21:39:56,Service Outage,False,
1929-ZCBHE,2024-04-16 03:58:58,General Inquiry,True,6.34
1929-ZCBHE,2024-04-23 11:30:21,Billing,True,5.96
1930-QPBVZ,2024-05-03 14:21:07,Service Outage,True,8.15
1930-WNXSB,2024-06-27 03:03:51,General Inquiry,True,3.44
1932-UEDCX,2024-04-02 09:16:44,Technical,True,6.7
1932-UEDCX,2024-06-18 00:39:59,Billing,True,2.83
1935-IMVBB,2024-04-20 08:31:49,Service Outage,True,2.56
1935-IMVBB,2024-06-22 02:34:34,Service Outage,True,13.43
1936-UAFEH,2024-04-23 14:45:05,Account,True,5.51
1936-UAFEH,2024-05-06 17:03:42,Billing,True,2.94
1937-OTUKY,2024-04-13 14:33:32,General Inquiry,True,2.34
1937-OTUKY,2024-04-17 14:15:42,Service Outage,True,7.22
1937-OTUKY,2024-06-29 21:52:07,Account,False,
1941-HOSAM,2024-05-02 21:19:13,Billing,True,5.47
1945-XISKS,2024-04-24 12:53:32,Account,True,12.35
1945-XISKS,2024-06-24 03:21:14,Technical,True,13.9
1950-KSVVJ,2024-06-15 11:40:54,General Inquiry,True,14.62
1952-DVVSW,2024-05-25 23:13:56,Account,False,
1955-IBMMB,2024-05-12 06:08:24,Billing,True,2.9
1955-IBMMB,2024-06-28 03:34:57,General Inquiry,True,8.49
1956-YIFGE,2024-06-17 05:50:26,Technical,True,2.24
1958-RNRKS,2024-04-03 04:08:04,General Inquiry,True,14.56
1958-RNRKS,2024-04-23 03:17:55,Billing,True,3.9
1958-RNRKS,2024-04-27 10:15:47,Technical,True,3.48
1958-RNRKS,2024-06-14 23:10:11,Service Outage,True,2.61
1960-UOTYM,2024-06-18 18:56:34,Account,True,5.0
1963-SVUCV,2024-06-18 21:36:31,Billing,False,
1964-SVLEA,2024-05-11 05:31:30,Technical,True,3.83
1964-SVLEA,2024-06-22 16:04:26,Technical,True,4.92
1965-AKTSX,2024-04-12 16:58:53,Service Outage,True,6.15
1965-AKTSX,2024-06-12 02:09:49,Billing,False,
1965-AKTSX,2024-06-15 09:52:11,Service Outage,False,
1970-KKFWL,2024-06-01 10:59:09,Account,True,6.91
1976-AZZPJ,2024-05-25 09:36:28,Billing,True,2.22
1976-CFOCS,2024-05-08 11:34:51,Service Outage,False,
1976-CFOCS,2024-06-09 19:05:41,Service Outage,True,33.45
1977-STDKI,2024-04-06 21:05:41,General Inquiry,False,
1977-STDKI,2024-04-27 16:25:40,Technical,True,13.33
1977-STDKI,2024-06-13 09:43:00,Billing,False,
1977-STDKI,2024-06-19 18:18:22,Account,False,
1980-KXVPM,2024-04-24 02:09:19,Billing,False,
1980-KXVPM,2024-06-15 08:36:30,Technical,True,13.35
1981-INRFU,2024-04-08 16:59:42,Technical,False,
1981-INRFU,2024-04-13 20:09:02,Billing,True,14.35
1981-INRFU,2024-04-22 14:05:20,Service Outage,False,
1984-GPTEH,2024-04-05 23:05:51,Billing,True,11.03
1984-GPTEH,2024-04-11 22:53:16,Service Outage,True,6.14
1984-GPTEH,2024-04-26 12:16:31,Billing,True,6.11
1984-GPTEH,2024-05-01 00:52:07,Service Outage,True,8.17
1984-GPTEH,2024-06-27 16:33:21,Service Outage,True,7.72
1985-MBRYP,2024-04-06 14:05:11,Billing,True,4.03
1985-MBRYP,2024-05-19 10:30:50,Account,False,
1985-MBRYP,2024-06-22 08:27:15,General Inquiry,True,4.83
1985-MBRYP,2024-06-27 03:54:19,Billing,True,2.08
1986-PHGZF,2024-06-25 03:21:13,Technical,True,3.34
1986-PHGZF,2024-06-26 02:06:45,Technical,True,5.8
1987-AUELQ,2024-05-14 21:23:17,Service Outage,True,5.57
1989-PRJHP,2024-05-12 08:49:00,Billing,True,23.82
1991-VOPLL,2024-06-28 00:41:22,Billing,True,3.03
2000-DHJUY,2024-06-25 01:45:52,Account,False,
2000-MPKCA,2024-04-13 00:32:10,Service Outage,False,
2000-MPKCA,2024-04-14 00:19:48,Service Outage,False,
2000-MPKCA,2024-06-27 01:19:37,Technical,True,7.52
2001-EWBQU,2024-04-27 18:32:18,Technical,True,4.17
2001-EWBQU,2024-05-12 10:32:45,Billing,True,11.71
2001-EWBQU,2024-05-23 19:19:34,Billing,True,6.96
2001-EWBQU,2024-06-21 15:20:40,Account,True,2.45
2001-MCUUW,2024-06-03 17:49:04,Billing,False,
2003-CKLOR,2024-05-22 02:43:11,Billing,True,15.98
2003-CKLOR,2024-06-20 01:12:33,General Inquiry,True,36.16
2004-OCQXK,2024-04-10 23:51:30,General Inquiry,True,12.44
2005-DWQZJ,2024-04-26 19:31:03,General Inquiry,True,9.97
2005-DWQZJ,2024-05-31 16:34:50,Technical,True,4.23
2007-QVGAW,2024-04-26 20:57:03,Service Outage,True,3.42
2011-TRQYE,2024-04-19 06:06:27,Technical,True,26.46
2011-TRQYE,2024-05-28 08:49:44,Account,False,
2011-TRQYE,2024-06-09 18:24:57,Billing,True,46.54
2011-TRQYE,2024-06-10 01:09:53,Service Outage,False,
2012-NWRPA,2024-04-04 10:21:05,Technical,False,
2012-NWRPA,2024-06-14 15:55:41,Billing,False,
2013-SGDXK,2024-04-30 21:31:10,Billing,False,
2013-SGDXK,2024-05-04 19:19:25,Technical,True,25.94
2013-SGDXK,2024-05-11 10:25:18,General Inquiry,True,33.99
2014-MKGMH,2024-04-16 19:39:33,Technical,True,2.16
2014-MKGMH,2024-05-07 14:10:13,Service Outage,True,4.18
2014-MKGMH,2024-06-04 20:44:05,Service Outage,True,2.79
2014-MKGMH,2024-06-07 16:17:42,Technical,False,
2017-CCBLH,2024-04-26 12:04:13,Account,True,7.03
2018-QKYGT,2024-04-18 13:15:19,General Inquiry,True,1.81
2018-QKYGT,2024-05-16 07:24:18,General Inquiry,True,4.43
2018-QKYGT,2024-06-26 01:12:34,Billing,True,10.33
2019-HDCZY,2024-04-16 09:38:08,Technical,True,4.41
2019-HDCZY,2024-04-26 00:44:03,General Inquiry,True,8.52
2019-HDCZY,2024-05-25 04:11:58,Account,True,4.15
2023-VQFDL,2024-04-23 03:31:22,Technical,True,3.94
2024-BASKD,2024-04-16 15:06:33,General Inquiry,True,8.25
2024-BASKD,2024-05-13 06:07:25,General Inquiry,False,
2025-JKFWI,2024-04-07 12:47:26,Billing,False,
2025-JKFWI,2024-06-07 05:56:29,Service Outage,True,14.01
2025-JKFWI,2024-06-18 17:41:39,Technical,True,24.91
2026-TGDHM,2024-04-27 07:57:58,Service Outage,True,12.14
2026-TGDHM,2024-05-04 18:12:42,Service Outage,True,16.92
2026-TGDHM,2024-05-19 12:01:04,Service Outage,False,
2026-TGDHM,2024-06-15 18:45:14,Technical,True,17.97
2027-CWDNU,2024-05-25 08:08:01,General Inquiry,True,6.62
2027-DNKIV,2024-05-25 11:03:32,General Inquiry,True,3.15
2027-FECZV,2024-05-15 22:27:01,Technical,False,
2027-FECZV,2024-06-03 16:39:50,Billing,True,41.0
2027-OAQQC,2024-04-08 20:03:51,Account,False,
2027-OAQQC,2024-04-11 02:53:06,Technical,False,
2027-OAQQC,2024-04-27 10:38:22,General Inquiry,True,52.83
2027-OAQQC,2024-06-08 08:27:10,General Inquiry,True,12.53
2027-OAQQC,2024-06-10 23:40:49,Technical,True,43.24
2027-WKXMW,2024-04-07 08:18:24,Technical,True,7.61
2027-WKXMW,2024-06-17 23:48:43,Technical,True,4.97
2030-BTZRO,2024-04-28 05:05:31,General Inquiry,True,15.62
2034-CGRHZ,2024-06-23 06:54:25,Billing,True,35.97
2034-GDRCN,2024-04-25 15:50:42,Account,True,21.67
2034-GDRCN,2024-05-04 03:17:31,Billing,True,69.94
2034-GDRCN,2024-06-14 01:27:30,General Inquiry,False,
2037-SGXHH,2024-05-01 09:30:38,Account,False,
2037-SGXHH,2024-05-09 00:47:20,Billing,True,50.07
2037-XJFUP,2024-04-11 23:25:55,Billing,False,
2037-XJFUP,2024-04-20 09:21:54,Billing,False,
2037-XJFUP,2024-06-05 19:07:16,Account,True,12.45
2037-XJFUP,2024-06-12 18:12:20,Technical,True,19.2
2038-LLMLM,2024-05-20 15:09:19,Service Outage,True,11.1
2038-OEQZH,2024-04-24 11:15:21,General Inquiry,True,3.35
2038-YSEZE,2024-06-15 06:18:10,Billing,True,7.9
2038-YSEZE,2024-06-22 16:19:54,General Inquiry,False,
2039-JONDJ,2024-04-16 00:36:30,Technical,True,14.51
2039-JONDJ,2024-05-07 17:33:19,Account,True,8.02
2040-VZIKE,2024-04-24 19:00:07,General Inquiry,True,2.73
2040-VZIKE,2024-04-28 11:31:46,Billing,True,3.27
2040-XBAVJ,2024-04-20 22:14:14,Technical,True,15.03
2040-XBAVJ,2024-04-28 10:33:24,Account,True,16.01
2040-XBAVJ,2024-05-02 02:20:29,Account,False,
2041-JIJCI,2024-04-02 07:08:24,Service Outage,False,
2041-JIJCI,2024-06-08 20:34:54,Account,True,14.47
2043-WVTQJ,2024-06-01 04:17:54,Technical,True,4.23
2043-WVTQJ,2024-06-02 12:28:09,Account,True,9.41
2045-BMBTJ,2024-06-12 04:01:14,Service Outage,True,5.68
2049-BAFNW,2024-06-11 01:17:21,General Inquiry,True,5.83
2050-ONYDQ,2024-04-25 10:26:11,Technical,True,4.8
2050-ONYDQ,2024-05-15 03:01:03,Account,True,2.54
2050-ONYDQ,2024-05-26 21:22:29,General Inquiry,True,7.44
2050-ONYDQ,2024-06-24 07:38:33,Service Outage,True,4.98
2055-BFOCC,2024-04-14 17:43:46,Technical,True,14.91
2055-PDADH,2024-04-10 06:33:15,Billing,False,
2055-PDADH,2024-05-08 07:48:47,Service Outage,False,
2055-PDADH,2024-05-31 00:30:26,Billing,True,16.43
2055-SIFSS,2024-04-22 09:26:49,General Inquiry,False,
2055-SIFSS,2024-05-24 18:23:21,Technical,True,2.08
2055-SIFSS,2024-05-30 21:41:35,Technical,True,11.13
2055-SIFSS,2024-06-18 10:04:26,Technical,True,6.96
2056-EVGZL,2024-05-09 15:22:54,Billing,True,2.79
2056-EVGZL,2024-06-24 01:45:00,Billing,True,9.02
2057-BOYKM,2024-06-26 20:29:55,Technical,True,2.84
2057-ZBLPD,2024-04-03 18:56:18,Technical,False,
2057-ZBLPD,2024-05-16 01:07:04,Technical,False,
2057-ZBLPD,2024-06-10 11:31:48,Technical,True,28.26
2058-DCJBE,2024-05-05 20:59:05,General Inquiry,False,
2065-MMKGR,2024-05-14 17:34:02,Account,True,5.08
2065-MMKGR,2024-06-06 10:36:48,Account,True,3.67
2065-MMKGR,2024-06-26 17:28:42,Service Outage,False,
2068-WWXQZ,2024-05-10 06:40:36,General Inquiry,True,3.92
2070-FNEXE,2024-05-04 14:56:46,Technical,False,
2070-FNEXE,2024-05-06 22:15:54,General Inquiry,False,
2070-XYMFH,2024-05-09 13:55:21,Account,True,6.35
2070-XYMFH,2024-05-25 20:50:35,Technical,True,10.64
2070-XYMFH,2024-06-05 00:07:37,Billing,True,12.35
2073-QBVBI,2024-05-19 01:52:52,Service Outage,True,28.72
2073-QBVBI,2024-06-02 17:42:21,Billing,True,5.11
2073-QBVBI,2024-06-05 05:15:16,Service Outage,True,1.72
2073-QBVBI,2024-06-30 05:05:16,Technical,True,3.59
2074-GKOWZ,2024-05-10 21:42:11,General Inquiry,True,21.53
2074-GKOWZ,2024-06-25 03:22:24,Technical,True,10.24
2074-GUHPQ,2024-06-02 19:45:18,Service Outage,True,3.12
2074-GUHPQ,2024-06-27 06:09:58,Technical,True,6.87
2075-PUEPR,2024-06-04 09:53:19,Technical,True,5.58
2075-PUEPR,2024-06-30 19:48:18,General Inquiry,False,
2075-RMJIK,2024-04-27 10:42:08,Service Outage,True,5.5
2075-RMJIK,2024-05-01 11:53:35,Billing,True,7.09
2075-RMJIK,2024-05-14 22:11:59,Account,False,
2077-DDHJK,2024-06-07 22:11:02,Technical,False,
2077-MPJQO,2024-05-11 05:26:21,Technical,True,3.4
2077-MPJQO,2024-06-23 07:09:50,Account,True,6.69
2079-FBMZK,2024-04-06 13:37:05,Service Outage,True,9.63
2079-FBMZK,2024-04-08 17:24:20,Billing,False,
2079-FBMZK,2024-04-20 05:35:27,Service Outage,False,
2079-FBMZK,2024-06-06 21:24:07,Technical,True,22.77
2080-CAZNM,2024-05-25 00:26:54,Account,True,8.19
2080-GKCWQ,2024-04-06 12:52:43,General Inquiry,True,3.71
2080-GKCWQ,2024-04-09 14:44:47,Service Outage,True,3.88
2080-GKCWQ,2024-04-16 06:09:11,Service Outage,False,
2080-GKCWQ,2024-05-16 15:59:17,Billing,True,4.59
2080-GKCWQ,2024-06-06 02:34:28,General Inquiry,True,2.13
2081-KJSQF,2024-06-28 14:37:29,Account,True,3.89
2081-VEYEH,2024-05-11 03:31:48,Billing,True,2.33
2082-CEFLT,2024-05-29 04:32:35,Account,False,
2082-CEFLT,2024-06-26 18:52:10,Account,False,
2082-OJVTK,2024-04-19 02:42:02,Billing,True,74.56
2082-OJVTK,2024-04-29 23:59:05,Technical,False,
2082-OJVTK,2024-06-07 06:34:21,Technical,True,21.64
2085-BOJKI,2024-04-23 03:47:55,Account,True,6.87
2085-JVGAD,2024-05-05 02:22:13,Technical,True,5.82
2085-JVGAD,2024-05-20 22:51:33,Technical,True,4.52
2085-JVGAD,2024-05-26 20:06:43,Service Outage,True,3.86
2087-QAREY,2024-04-02 18:24:58,Service Outage,True,4.05
2087-QAREY,2024-04-16 15:03:34,Billing,True,6.8
2087-QAREY,2024-05-18 08:16:35,General Inquiry,True,12.4
2087-QAREY,2024-06-27 18:42:09,General Inquiry,True,3.31
2091-GPPIQ,2024-05-26 08:19:03,General Inquiry,True,4.04
2091-GPPIQ,2024-06-30 01:36:25,Account,True,4.09
2091-RFFBA,2024-05-19 13:35:36,General Inquiry,False,
2091-RFFBA,2024-06-17 23:02:19,Billing,True,20.69
2096-XOTMO,2024-05-17 02:25:54,Technical,True,5.91
2096-XOTMO,2024-05-27 14:49:03,Account,True,8.6
2097-YVPKN,2024-04-29 14:56:48,Billing,True,6.25
2097-YVPKN,2024-05-17 12:24:06,Technical,True,6.66
2100-BDNSN,2024-05-19 09:50:32,Technical,True,24.87
2100-BDNSN,2024-05-20 10:12:13,Account,True,15.44
2101-RANCD,2024-05-16 08:05:53,General Inquiry,False,
2101-RANCD,2024-06-27 01:17:58,Technical,False,
2101-RANCD,2024-06-27 04:26:44,Billing,True,1.84
2101-RANCD,2024-06-29 05:33:28,General Inquiry,True,9.54
2103-ZRXFN,2024-04-28 09:25:03,Billing,True,10.94
2103-ZRXFN,2024-05-02 13:17:48,Account,True,5.32
2103-ZRXFN,2024-05-25 11:08:02,Service Outage,True,13.81
2103-ZRXFN,2024-06-27 13:53:27,Service Outage,True,4.82
2105-PHWON,2024-04-08 17:35:13,General Inquiry,True,20.71
2105-PHWON,2024-04-25 20:23:10,Service Outage,True,3.34
2105-PHWON,2024-06-10 05:06:13,Billing,True,6.29
2105-PHWON,2024-06-15 23:28:35,General Inquiry,True,4.95
2107-FBPTK,2024-04-09 18:49:23,Account,True,3.54
2107-FBPTK,2024-04-26 17:06:29,General Inquiry,True,11.63
2107-FBPTK,2024-05-02 02:04:04,General Inquiry,True,5.81
2107-FBPTK,2024-06-07 02:03:30,Service Outage,True,5.61
2107-FBPTK,2024-06-23 21:35:26,General Inquiry,True,5.74
2108-XWMPY,2024-04-11 11:11:43,Account,False,
2108-XWMPY,2024-04-28 10:21:26,Service Outage,False,
2108-XWMPY,2024-05-14 11:53:27,Account,True,42.66
2108-XWMPY,2024-05-20 15:22:29,General Inquiry,True,14.5
2108-XWMPY,2024-06-23 09:32:13,Technical,True,29.79
2108-YKQTY,2024-05-11 09:30:50,Technical,False,
2108-YKQTY,2024-05-11 16:19:41,Technical,True,15.81
2108-YKQTY,2024-06-12 23:15:47,Service Outage,True,36.06
2115-BFTIW,2024-04-28 01:57:19,Billing,True,24.54
2115-BFTIW,2024-06-26 19:58:55,General Inquiry,True,40.72
2115-BFTIW,2024-06-30 19:16:08,Service Outage,True,11.28
2120-SMPEX,2024-04-28 07:59:34,General Inquiry,True,3.22
2120-SMPEX,2024-05-18 13:39:08,Technical,True,5.69
2120-SMPEX,2024-05-31 23:18:39,General Inquiry,True,2.45
2120-SMPEX,2024-06-12 12:41:15,Service Outage,True,4.53
2121-JAFOM,2024-04-14 14:35:29,Account,True,7.35
2121-JAFOM,2024-06-23 10:56:35,General Inquiry,False,
2122-SZZZD,2024-04-10 16:52:56,General Inquiry,True,2.67
2122-YWVYA,2024-04-05 13:59:52,Billing,True,2.39
2122-YWVYA,2024-04-28 16:52:24,General Inquiry,True,12.29
2122-YWVYA,2024-05-02 10:46:21,Service Outage,True,6.26
2122-YWVYA,2024-05-26 11:42:45,General Inquiry,True,23.61
2122-YWVYA,2024-05-30 10:46:54,Service Outage,True,3.7
2123-AGEEN,2024-04-14 00:59:09,General Inquiry,True,4.14
2123-AGEEN,2024-05-01 08:00:26,Billing,True,11.67
2123-VSCOT,2024-06-13 07:03:38,Account,True,1.95
2123-VSCOT,2024-06-24 19:40:26,Billing,True,7.4
2126-GSEGL,2024-04-10 20:00:18,Account,True,10.38
2126-GSEGL,2024-05-15 09:13:53,Billing,False,
2126-GSEGL,2024-05-20 17:27:54,Service Outage,True,5.47
2129-ALKBS,2024-04-25 11:51:38,General Inquiry,True,6.34
2129-ALKBS,2024-05-29 21:47:58,Service Outage,True,5.41
2129-ALKBS,2024-06-28 13:12:16,Technical,True,5.75
2133-TSRRM,2024-04-08 04:04:07,Billing,True,3.35
2133-TSRRM,2024-04-12 00:00:43,Account,True,2.53
2133-TSRRM,2024-05-11 22:01:30,Technical,True,7.34
2133-TSRRM,2024-05-13 23:50:36,General Inquiry,True,29.56
2133-TSRRM,2024-05-28 09:55:37,General Inquiry,True,3.72
2135-DQWAQ,2024-04-04 16:26:50,General Inquiry,True,4.81
2135-RXIHG,2024-05-15 19:49:33,Account,False,
2135-RXIHG,2024-05-19 20:49:50,Service Outage,True,21.45
2135-RXIHG,2024-06-14 13:57:12,General Inquiry,True,29.47
2135-RXIHG,2024-06-22 12:25:09,Account,False,
2137-DQMEV,2024-04-17 14:04:38,Service Outage,True,4.32
2139-FQHLM,2024-06-12 20:08:36,Billing,False,
2141-RRYGO,2024-06-25 12:58:46,Service Outage,False,
2143-LJULT,2024-06-11 16:25:33,Billing,True,14.31
2144-BFDSO,2024-04-29 00:07:40,General Inquiry,False,
2144-BFDSO,2024-06-25 21:20:07,Technical,True,8.78
2144-ESWKO,2024-04-08 20:33:02,Billing,True,9.1
2144-ESWKO,2024-05-19 21:59:59,Technical,True,4.95
2144-ESWKO,2024-05-22 00:28:53,General Inquiry,True,6.86
2144-ESWKO,2024-06-05 10:15:06,Account,True,11.0
2144-ESWKO,2024-06-07 02:07:33,Technical,True,6.13
2146-EGVDT,2024-06-08 00:53:19,General Inquiry,True,4.25
2150-OEGBV,2024-04-29 19:44:37,Billing,True,3.47
2150-OEGBV,2024-05-08 10:15:34,Technical,True,4.32
2150-UWTFY,2024-04-12 09:56:07,Technical,True,43.71
2150-WLKUW,2024-04-07 23:23:09,Account,True,15.61
2150-WLKUW,2024-04-09 19:40:39,Account,True,4.11
2150-WLKUW,2024-05-26 10:24:49,General Inquiry,True,5.02
2150-WLKUW,2024-06-02 04:40:53,Technical,True,2.2
2153-MREFK,2024-05-05 09:29:02,Service Outage,True,19.93
2154-KVJFF,2024-04-25 08:28:15,General Inquiry,False,
2154-KVJFF,2024-05-07 01:08:24,Service Outage,True,12.74
2154-KVJFF,2024-05-26 03:41:10,General Inquiry,True,35.07
2154-KVJFF,2024-05-31 06:51:23,Service Outage,True,43.57
2154-KVJFF,2024-06-03 21:41:40,Technical,True,24.75
2155-AMQRX,2024-06-29 18:16:43,Account,True,4.34
2155-AMQRX,2024-06-30 04:38:57,Technical,True,15.5
2159-TURXX,2024-04-10 10:57:42,Account,True,5.43
2160-GPFXD,2024-04-02 12:14:54,Service Outage,True,2.27
2162-FRZAA,2024-04-15 00:11:37,Technical,True,7.29
2164-SOQXL,2024-05-03 23:54:38,Service Outage,True,28.01
2164-SOQXL,2024-06-18 10:39:00,Billing,True,10.5
2165-VOEGB,2024-05-25 15:20:42,Technical,True,15.49
2165-VOEGB,2024-05-30 15:01:22,Account,True,27.94
2167-FQSTQ,2024-05-18 02:38:06,Billing,True,7.85
2167-FQSTQ,2024-05-30 13:37:35,Account,True,6.2
2169-RRLFW,2024-06-05 09:16:12,Service Outage,True,10.59
2176-LVPNX,2024-05-03 04:53:51,Billing,True,4.34
2176-LVPNX,2024-06-27 18:49:14,General Inquiry,True,10.16
2176-OSJUV,2024-05-30 13:34:52,Billing,True,9.15
2178-PMGCJ,2024-05-01 17:28:00,Service Outage,False,
2178-PMGCJ,2024-05-09 18:52:50,Technical,True,20.77
2178-PMGCJ,2024-05-25 03:47:10,Service Outage,False,
2180-DXNEG,2024-05-05 11:21:49,Account,True,39.35
2180-DXNEG,2024-05-08 15:52:18,General Inquiry,False,
2180-DXNEG,2024-05-17 16:55:45,Billing,False,
2180-DXNEG,2024-06-04 17:54:04,Account,True,35.66
2180-DXNEG,2024-06-04 21:36:39,Technical,False,
2181-TIDSV,2024-05-04 02:10:31,General Inquiry,True,5.35
2181-UAESM,2024-04-21 10:49:24,Account,True,5.52
2186-QZEYA,2024-06-21 16:39:50,Account,False,
2187-LZGPL,2024-05-11 14:13:45,Account,False,
2187-LZGPL,2024-05-19 00:10:24,Billing,True,21.19
2187-LZGPL,2024-05-26 11:08:15,Technical,True,12.36
2187-PKZAY,2024-04-26 02:06:56,Account,True,3.77
2187-PKZAY,2024-06-20 20:14:09,Account,True,3.22
2188-SXWVT,2024-04-20 01:25:12,Technical,True,7.16
2188-SXWVT,2024-04-29 05:42:01,General Inquiry,True,5.06
2188-SXWVT,2024-05-20 02:58:46,Account,True,2.91
2189-UXTKY,2024-05-20 11:56:46,Service Outage,True,89.6
2189-WWOEW,2024-04-05 17:53:53,Account,True,19.1
2189-WWOEW,2024-05-02 20:14:28,Account,False,
2189-WWOEW,2024-05-06 23:29:55,Billing,False,
2189-WWOEW,2024-05-30 12:05:40,Billing,False,
2189-WWOEW,2024-06-21 09:42:19,General Inquiry,False,
2190-BCXEC,2024-04-22 04:36:34,General Inquiry,True,3.93
2190-BCXEC,2024-06-23 06:49:12,General Inquiry,False,
2190-PHBHR,2024-05-04 08:59:26,Account,True,7.27
2190-PHBHR,2024-06-08 09:52:46,Account,True,3.07
2192-CKRLV,2024-05-19 20:07:56,Service Outage,False,
2192-CKRLV,2024-06-10 06:27:11,Technical,True,5.31
2192-OZITF,2024-05-05 20:41:00,Technical,True,3.53
2193-SFWQW,2024-04-02 17:52:49,Account,True,9.29
2195-ZRVAX,2024-06-10 20:57:13,Account,False,
2197-OMWGI,2024-04-14 15:51:05,Account,True,6.12
2197-OMWGI,2024-05-08 05:29:16,General Inquiry,True,6.27
2197-OMWGI,2024-06-04 21:13:37,General Inquiry,True,3.11
2200-DSAAL,2024-04-03 16:42:13,Technical,True,2.4
2200-DSAAL,2024-04-11 09:20:24,Service Outage,True,5.92
2200-DSAAL,2024-04-19 07:51:09,Account,True,3.18
2200-DSAAL,2024-05-15 10:52:23,Service Outage,False,
2200-DSAAL,2024-05-29 09:31:11,Account,True,6.55
2202-CUYXZ,2024-04-21 05:58:16,Account,False,
2202-CUYXZ,2024-05-26 09:52:35,Technical,False,
2202-CUYXZ,2024-05-27 22:51:28,General Inquiry,True,11.06
2202-CUYXZ,2024-06-02 07:56:59,Service Outage,False,
2202-OUTMO,2024-04-15 23:52:35,Billing,True,4.77
2202-OUTMO,2024-04-20 09:22:56,Billing,True,12.77
2202-OUTMO,2024-05-28 21:01:08,Technical,True,9.68
2202-OUTMO,2024-06-28 19:00:37,Billing,True,4.12
2203-GHNWN,2024-05-17 01:39:50,General Inquiry,True,5.09
2207-NHRJK,2024-04-23 06:10:40,Technical,True,25.24
2207-NHRJK,2024-05-11 01:27:28,Technical,True,14.23
2207-NHRJK,2024-06-07 04:43:26,Billing,False,
2207-NHRJK,2024-06-22 22:02:49,Technical,False,
2207-OBZNX,2024-06-10 01:36:53,Technical,True,17.95
2207-QPJED,2024-04-27 07:38:09,Technical,True,6.5
2207-RYYRL,2024-05-09 09:07:55,Service Outage,True,6.21
2208-MPXIO,2024-05-10 07:15:09,Billing,True,3.42
2208-MPXIO,2024-05-25 17:21:22,Billing,True,10.87
2208-NKVVH,2024-05-26 00:16:48,Service Outage,True,8.01
2208-NQBCT,2024-04-04 15:51:47,General Inquiry,True,2.33
2208-NQBCT,2024-04-16 02:12:12,Billing,False,
2208-NQBCT,2024-04-19 11:06:52,Account,True,9.91
2208-NQBCT,2024-06-21 00:43:32,Billing,True,7.3
2208-NQBCT,2024-06-30 21:40:41,General Inquiry,True,3.65
2208-UGTGR,2024-05-26 06:14:02,Technical,True,13.93
2209-XADXF,2024-05-28 15:51:26,Technical,False,
2209-XADXF,2024-05-30 10:03:29,Technical,True,8.14
2212-LYASK,2024-05-26 00:43:37,General Inquiry,True,12.15
2215-ZAFGX,2024-04-20 00:37:54,Account,True,8.36
2215-ZAFGX,2024-05-20 20:22:29,Service Outage,True,5.2
2215-ZAFGX,2024-05-29 23:12:30,Billing,True,24.96
2219-MVUSO,2024-04-28 14:17:40,General Inquiry,True,22.75
2219-MVUSO,2024-06-03 20:36:11,Billing,True,9.32
2220-IAHLS,2024-06-26 23:28:43,Technical,True,7.58
2223-GDSHL,2024-04-06 22:09:11,Billing,False,
2223-GDSHL,2024-06-06 00:58:41,Billing,True,14.2
2225-ZRGSG,2024-04-09 21:23:50,Technical,True,11.35
2225-ZRGSG,2024-05-01 08:01:09,Billing,True,42.39
2226-ICFDO,2024-05-15 13:37:53,Account,True,8.6
2226-ICFDO,2024-06-18 22:22:48,Service Outage,True,10.54
2226-ICFDO,2024-06-28 09:47:21,Billing,True,4.9
2228-BZDEE,2024-05-29 09:39:30,General Inquiry,True,3.67
2228-BZDEE,2024-06-15 16:39:33,Technical,True,4.37
2229-DPMBI,2024-05-15 06:39:30,General Inquiry,False,
2229-VWQJH,2024-05-06 13:09:10,Service Outage,True,27.02
2229-VWQJH,2024-05-22 04:30:57,Account,True,3.82
2229-VWQJH,2024-06-26 21:25:10,Service Outage,True,10.67
2230-XTUWL,2024-06-19 17:14:22,Technical,True,5.77
2230-XTUWL,2024-06-21 03:12:48,Billing,True,5.59
2232-DMLXU,2024-05-07 07:30:35,Technical,True,14.11
2232-DMLXU,2024-05-27 05:35:14,Account,False,
2233-TXSIU,2024-04-28 22:46:54,Account,True,4.88
2233-TXSIU,2024-05-16 07:40:33,Service Outage,True,10.98
2233-TXSIU,2024-05-25 10:13:00,General Inquiry,True,7.63
2234-EOFPT,2024-05-19 04:33:42,Billing,True,14.09
2234-XADUH,2024-04-03 08:15:34,Service Outage,True,6.69
2234-XADUH,2024-05-03 18:37:45,Service Outage,True,3.4
2234-XADUH,2024-05-26 19:22:57,Service Outage,True,8.92
2234-XADUH,2024-06-15 03:52:37,General Inquiry,False,
2234-XADUH,2024-06-16 13:27:52,Technical,True,4.4
2235-DWLJU,2024-04-07 00:52:17,Account,True,4.71
2235-DWLJU,2024-04-11 15:32:01,Account,True,5.74
2235-DWLJU,2024-06-25 21:21:26,Technical,True,2.23
2235-EZAIK,2024-06-15 20:17:20,Service Outage,True,9.59
2235-ZGKPT,2024-05-07 15:15:18,Technical,True,35.69
2236-HILPA,2024-06-08 02:58:31,Billing,True,10.67
2237-ZFSMY,2024-04-02 22:37:34,Billing,False,
2237-ZFSMY,2024-06-22 21:43:44,Billing,True,76.85
2239-CGBUZ,2024-04-30 23:17:29,General Inquiry,True,4.89
2239-JALAW,2024-05-11 11:01:01,Service Outage,False,
2239-JALAW,2024-05-21 06:13:00,Account,False,
2239-JALAW,2024-05-28 13:48:52,General Inquiry,False,
2239-JALAW,2024-06-23 20:53:45,Service Outage,False,
2240-HSJQD,2024-04-24 07:35:42,Billing,True,5.72
2240-HSJQD,2024-04-26 04:26:31,Service Outage,True,8.72
2240-HSJQD,2024-05-30 06:50:11,Account,True,7.8
2240-HSJQD,2024-06-01 16:09:22,General Inquiry,True,2.28
2240-HSJQD,2024-06-28 19:23:33,Account,True,11.22
2242-MFOTG,2024-05-18 13:32:31,Technical,True,3.12
2242-MFOTG,2024-05-22 12:27:18,General Inquiry,True,8.16
2243-FNMMI,2024-04-16 23:06:41,Technical,True,14.2
2245-ADZFJ,2024-04-27 17:44:07,Technical,True,22.04
2249-YPRNG,2024-04-08 01:06:21,Service Outage,False,
2249-YPRNG,2024-05-17 08:50:16,Technical,True,32.03
2250-IVBWA,2024-05-22 13:58:50,Account,True,17.85
2251-PYLPB,2024-04-14 07:36:55,Billing,True,5.13
2251-PYLPB,2024-05-10 11:09:21,Account,True,17.21
2252-ISRNH,2024-04-28 08:10:08,Service Outage,True,9.28
2252-JHJGE,2024-05-09 10:06:21,Account,True,1.78
2252-JHJGE,2024-05-14 18:58:52,Service Outage,True,6.42
2252-JHJGE,2024-06-05 18:34:51,Account,True,2.12
2252-JHJGE,2024-06-05 23:56:27,Technical,True,13.02
2254-DLXRI,2024-04-09 00:16:48,General Inquiry,True,11.05
2254-DLXRI,2024-05-18 05:25:38,Billing,True,7.72
2254-DLXRI,2024-05-26 09:59:01,Account,True,5.54
2254-DLXRI,2024-06-02 18:16:46,General Inquiry,True,4.91
2256-YLYLP,2024-06-24 17:15:01,Service Outage,True,9.04
2256-YLYLP,2024-06-24 17:51:43,Billing,True,6.53
2257-BOVXD,2024-05-24 02:24:25,Billing,True,4.29
2257-BOVXD,2024-05-29 01:05:32,Technical,True,3.47
2259-OUUSZ,2024-04-03 16:39:45,General Inquiry,True,9.08
2259-OUUSZ,2024-05-10 01:09:14,Technical,False,
2259-OUUSZ,2024-06-25 23:15:09,Service Outage,False,
2260-USTRB,2024-04-11 22:36:50,Account,True,22.42
2260-USTRB,2024-04-14 16:45:00,General Inquiry,False,
2260-USTRB,2024-04-19 00:11:29,Billing,True,20.14
2260-USTRB,2024-06-26 15:21:58,Service Outage,True,24.23
2262-SLNVK,2024-04-19 20:16:55,Billing,True,7.76
2262-SLNVK,2024-05-06 20:23:58,Technical,True,1.45
2262-SLNVK,2024-05-08 23:56:45,Billing,True,8.46
2262-SLNVK,2024-05-18 10:59:13,Technical,True,4.63
2262-SLNVK,2024-06-25 00:10:37,Billing,True,7.04
2263-SFSQZ,2024-04-04 04:00:23,Account,True,4.18
2263-SFSQZ,2024-04-15 15:55:15,General Inquiry,False,
2265-CYWIV,2024-04-30 14:21:35,General Inquiry,True,53.77
2265-CYWIV,2024-06-07 20:07:28,Service Outage,False,
2265-CYWIV,2024-06-08 16:34:06,Technical,True,21.51
2265-CYWIV,2024-06-14 20:41:51,Service Outage,True,7.94
2266-FUBDZ,2024-05-12 19:19:27,Billing,True,6.82
2266-FUBDZ,2024-06-18 23:11:16,General Inquiry,True,3.01
2267-FPIMA,2024-04-09 15:25:44,Account,True,5.49
2267-FPIMA,2024-04-22 08:04:10,Account,True,17.0
2267-FPIMA,2024-05-19 18:15:00,Technical,True,8.3
2267-FPIMA,2024-05-19 22:04:11,Billing,True,3.4
2267-WTPYD,2024-04-05 22:02:33,Account,True,4.87
2270-CHBFN,2024-04-13 04:19:51,Service Outage,True,6.75
2270-CHBFN,2024-05-04 22:25:13,Technical,True,6.65
2270-CHBFN,2024-05-24 02:55:17,General Inquiry,True,9.2
2272-JKMSI,2024-05-20 00:14:06,Account,True,2.32
2272-JKMSI,2024-06-17 18:38:03,Service Outage,True,4.4
2272-QAGFO,2024-06-26 04:46:10,Service Outage,True,18.46
2272-WUSPA,2024-06-03 09:06:11,General Inquiry,False,
2273-QCKXA,2024-04-21 02:32:58,Account,True,4.9
2273-QCKXA,2024-05-08 10:24:09,Account,True,4.62
2273-QCKXA,2024-05-08 14:03:03,Technical,True,8.33
2274-XUATA,2024-05-01 10:43:29,Account,True,13.67
2274-XUATA,2024-06-04 01:45:14,Service Outage,True,8.61
2275-RBYQS,2024-06-05 03:52:27,Service Outage,True,3.92
2275-RBYQS,2024-06-10 18:12:32,Account,True,14.9
2275-RBYQS,2024-06-11 16:38:15,Technical,True,5.59
2276-YDAVZ,2024-04-30 04:57:11,General Inquiry,False,
2277-AXSDC,2024-05-07 21:04:58,Technical,True,5.12
2277-BKJKN,2024-04-13 17:25:56,Technical,True,4.37
2277-VWCNI,2024-05-07 14:49:16,Technical,True,2.83
2277-VWCNI,2024-05-24 06:19:01,Technical,True,4.32
2277-VWCNI,2024-06-02 02:53:41,Service Outage,True,9.43
2277-VWCNI,2024-06-24 16:34:43,General Inquiry,False,
2277-VWCNI,2024-06-27 09:26:52,Account,True,4.0
2279-AXJJK,2024-04-09 21:10:34,Account,True,34.35
2279-AXJJK,2024-04-13 12:26:51,Billing,True,5.88
2279-AXJJK,2024-06-23 12:48:38,Service Outage,True,6.63
2282-YGNOR,2024-06-05 11:53:56,Billing,True,2.28
2282-YGNOR,2024-06-20 11:01:23,Billing,True,4.56
2284-VFLKH,2024-04-13 08:02:11,Billing,True,7.41
2284-VFLKH,2024-05-06 11:28:50,General Inquiry,True,16.47
2284-VFLKH,2024-05-18 05:20:46,Technical,True,6.85
2284-VFLKH,2024-05-24 22:17:38,Service Outage,True,4.58
2293-IJWPS,2024-04-07 12:24:40,Billing,True,4.98
2293-IJWPS,2024-04-07 22:39:25,Technical,False,
2293-IJWPS,2024-04-08 07:10:22,Service Outage,True,9.38
2293-IJWPS,2024-06-09 07:33:40,Technical,True,4.63
2294-DMMUS,2024-04-07 14:02:29,Account,True,6.08
2296-DKZFP,2024-06-02 20:11:22,Technical,False,
2296-DKZFP,2024-06-12 02:24:06,Billing,True,13.19
2300-RQGOI,2024-06-12 14:19:45,Account,True,1.52
2303-PJYHN,2024-04-11 17:45:43,Technical,True,12.66
2308-STERM,2024-04-28 01:32:26,Service Outage,True,6.51
2308-STERM,2024-05-27 06:16:14,Billing,False,
2309-OSFEU,2024-05-30 08:13:47,Technical,True,22.37
2311-QYMUQ,2024-04-22 05:31:55,General Inquiry,True,35.44
2311-QYMUQ,2024-05-20 02:07:19,Billing,False,
2311-QYMUQ,2024-06-01 18:10:06,Account,False,
2314-TNDJQ,2024-04-29 08:43:01,Account,True,8.29
2314-TNDJQ,2024-05-12 01:15:44,Account,True,3.08
2316-ESMLS,2024-05-12 23:17:31,General Inquiry,True,4.56
2320-JRSDE,2024-05-30 09:11:54,Account,False,
2320-SLKMB,2024-05-02 03:50:32,Billing,True,3.74
2320-TZRRH,2024-05-03 13:21:19,Technical,True,4.08
2320-YKQBO,2024-06-17 04:32:59,Technical,True,2.66
2322-VCZHZ,2024-04-15 23:55:44,Technical,True,7.88
2322-VCZHZ,2024-04-16 14:35:28,General Inquiry,False,
2324-EFHVG,2024-04-04 00:20:31,General Inquiry,True,9.87
2324-EFHVG,2024-05-19 22:24:06,Account,True,45.71
2325-NBPZG,2024-05-26 18:09:58,Billing,False,
2325-WINES,2024-05-02 01:04:36,General Inquiry,True,4.65
2325-WINES,2024-05-10 01:42:21,Service Outage,True,2.99
2325-ZUSFD,2024-04-09 15:35:21,Account,True,11.63
2325-ZUSFD,2024-04-16 11:40:41,Technical,True,26.93
2325-ZUSFD,2024-05-01 21:15:02,Technical,True,29.45
2325-ZUSFD,2024-05-24 02:35:11,Account,True,57.18
2325-ZUSFD,2024-06-10 12:02:03,General Inquiry,True,8.88
2332-EFBJY,2024-04-15 03:09:30,Technical,False,
2332-EFBJY,2024-05-20 05:53:30,Billing,True,27.31
2332-EFBJY,2024-06-23 09:59:06,Technical,False,
2332-TODQS,2024-05-02 05:36:48,Technical,True,3.46
2332-TODQS,2024-05-13 08:21:34,Account,True,12.62
2332-TODQS,2024-06-29 08:40:22,Account,True,2.17
2333-KWEWW,2024-04-22 06:36:57,General Inquiry,True,6.49
2335-GSODA,2024-06-18 13:52:40,Service Outage,True,12.65
2342-CKIAO,2024-04-27 13:35:56,Account,True,3.02
2346-CZYIL,2024-04-15 17:36:27,Billing,True,6.09
2346-DJQTB,2024-05-01 20:34:29,Billing,True,8.59
2346-DJQTB,2024-05-03 18:43:33,Technical,False,
2346-DJQTB,2024-05-21 07:03:37,Technical,True,10.75
2346-LOCWC,2024-04-22 02:29:38,Technical,True,3.74
2346-LOCWC,2024-04-26 06:07:44,Billing,True,11.37
2346-LOCWC,2024-06-01 20:11:12,Account,True,4.0
2347-WKKAE,2024-04-18 07:53:47,Account,True,1.13
2347-WKKAE,2024-05-18 00:19:30,Technical,True,2.3
2347-WKKAE,2024-06-04 17:49:23,Account,True,5.42
2348-KCJLT,2024-05-09 10:10:48,Service Outage,True,22.6
2348-KCJLT,2024-05-19 16:18:30,Account,True,6.55
2348-KCJLT,2024-05-31 01:10:37,Technical,True,3.7
2348-KCJLT,2024-06-02 22:14:20,Account,True,6.23
2348-KCJLT,2024-06-21 08:01:59,Service Outage,True,14.69
2351-BKRZW,2024-05-30 14:07:29,Technical,True,5.7
2351-BKRZW,2024-06-03 22:59:13,Technical,True,12.1
2351-BKRZW,2024-06-24 10:22:43,Billing,True,3.35
2351-BKRZW,2024-06-28 17:09:51,Billing,True,2.27
2351-RRBUE,2024-04-30 16:20:45,General Inquiry,True,5.81
2351-RRBUE,2024-05-17 09:57:55,Technical,True,20.62
2357-COQEK,2024-06-14 08:44:20,Service Outage,False,
2359-KLTEK,2024-05-27 20:28:09,Account,True,5.79
2359-KLTEK,2024-06-05 16:44:07,Technical,True,2.03
2359-KLTEK,2024-06-24 20:37:43,Account,True,21.65
2359-KMGLI,2024-05-07 15:29:02,Billing,False,
2359-KMGLI,2024-06-23 15:57:49,General Inquiry,True,43.81
2359-QWQUL,2024-05-14 03:47:53,Technical,True,11.87
2360-RDGRO,2024-05-18 03:52:15,Service Outage,True,10.68
2360-RDGRO,2024-05-25 04:27:13,Technical,True,1.88
2360-RDGRO,2024-06-11 08:51:02,Service Outage,True,13.62
2361-FJWNO,2024-04-02 16:43:46,Service Outage,True,8.89
2361-FJWNO,2024-04-21 21:58:22,Service Outage,True,5.31
2361-UPSND,2024-06-20 07:40:34,Service Outage,True,7.01
2362-IBOOY,2024-05-30 20:53:25,Account,True,155.16
2362-IBOOY,2024-06-14 19:54:28,Service Outage,False,
2363-BJLSL,2024-04-26 00:34:20,Technical,True,4.01
2364-UFROM,2024-06-04 23:11:53,Service Outage,True,7.36
2364-UFROM,2024-06-25 00:43:26,Account,False,
2364-UFROM,2024-06-27 05:54:08,General Inquiry,True,10.1
2369-FEVNO,2024-05-30 19:59:51,General Inquiry,True,2.02
2369-UAPKZ,2024-04-13 00:07:59,Billing,True,12.98
2369-UAPKZ,2024-05-17 05:10:51,Billing,False,
2369-UAPKZ,2024-06-05 15:46:14,Billing,True,34.24
2369-UAPKZ,2024-06-23 01:00:40,Billing,True,33.19
2369-UAPKZ,2024-06-28 06:52:48,Service Outage,False,
2371-JQHZZ,2024-04-16 04:33:55,General Inquiry,True,17.67
2371-JQHZZ,2024-05-01 01:31:56,General Inquiry,False,
2371-JQHZZ,2024-06-02 04:49:13,Technical,True,3.67
2371-KFUOG,2024-04-20 08:11:40,Service Outage,False,
2371-KFUOG,2024-06-15 15:35:37,Service Outage,True,4.39
2371-KFUOG,2024-06-17 21:25:42,Technical,True,8.96
2372-HWUHI,2024-04-11 10:11:31,Billing,True,32.26
2372-HWUHI,2024-04-18 00:29:04,Billing,False,
2372-HWUHI,2024-05-02 10:52:27,General Inquiry,False,
2372-HWUHI,2024-05-14 12:56:52,Service Outage,True,18.02
2373-NTKOD,2024-05-09 03:13:30,Technical,True,7.62
2373-NTKOD,2024-06-06 16:31:18,Technical,True,6.84
2378-HTWFW,2024-05-08 13:32:24,Service Outage,True,4.18
2378-VTKDH,2024-04-03 12:52:49,General Inquiry,True,3.03
2378-VTKDH,2024-04-09 07:21:12,Service Outage,True,11.47
2378-VTKDH,2024-04-22 12:15:59,Service Outage,True,7.8
2378-VTKDH,2024-06-16 08:12:18,Service Outage,True,4.72
2378-VTKDH,2024-06-26 11:38:10,General Inquiry,True,5.81
2378-YIZKA,2024-05-01 01:59:09,General Inquiry,True,10.71
2378-YIZKA,2024-06-06 13:55:24,Technical,True,2.9
2379-ENZGV,2024-04-19 04:09:01,General Inquiry,True,16.71
2379-GYFLQ,2024-04-18 10:59:53,Billing,True,15.88
2379-GYFLQ,2024-06-14 02:44:49,Technical,True,7.82
2382-BCKQJ,2024-04-11 02:08:34,General Inquiry,False,
2386-LAHRK,2024-06-01 13:42:13,General Inquiry,False,
2386-LAHRK,2024-06-05 04:27:57,Account,False,
2386-LAHRK,2024-06-09 21:07:43,Billing,False,
2386-OWURY,2024-04-23 13:27:34,General Inquiry,True,2.84
2386-OWURY,2024-05-31 19:48:33,General Inquiry,True,4.7
2386-OWURY,2024-06-15 23:45:34,General Inquiry,True,3.65
2387-KDZQY,2024-04-22 01:46:21,Service Outage,True,6.38
2387-KDZQY,2024-04-24 06:44:00,Service Outage,True,3.47
2388-LAESQ,2024-06-20 03:45:32,Service Outage,True,8.83
2391-IPLOP,2024-04-22 14:03:10,Technical,True,2.82
2391-SOORI,2024-04-13 01:39:13,General Inquiry,True,11.58
2391-SOORI,2024-04-27 06:54:59,General Inquiry,True,33.92
2391-SOORI,2024-05-07 04:18:24,Technical,False,
2391-SOORI,2024-06-17 06:18:30,Service Outage,True,16.44
2393-DIVAI,2024-04-19 04:41:21,Service Outage,True,9.76
2393-DIVAI,2024-06-06 13:02:55,Billing,True,13.31
2397-BRLOM,2024-05-23 17:56:10,Technical,True,27.52
2397-BRLOM,2024-06-19 01:02:16,Service Outage,True,27.28
2398-YPMUR,2024-05-27 05:52:13,Account,True,8.45
2400-FEQME,2024-04-14 21:57:48,Account,True,6.46
2400-XIWIO,2024-05-09 19:54:20,Technical,False,
2400-XIWIO,2024-06-03 23:36:17,General Inquiry,True,13.01
2402-TAIRZ,2024-04-29 10:58:15,Billing,True,5.94
2402-TAIRZ,2024-04-30 10:35:17,Technical,True,9.12
2402-TAIRZ,2024-06-15 18:36:23,Technical,True,4.71
2403-BCASL,2024-04-29 16:16:14,Billing,False,
2404-JIBFC,2024-04-09 22:44:53,General Inquiry,True,3.75
2404-JIBFC,2024-05-06 22:06:47,Service Outage,True,1.23
2405-LBMUW,2024-05-26 11:37:03,General Inquiry,True,4.43
2405-LBMUW,2024-06-08 16:12:11,Billing,True,5.96
2405-LBMUW,2024-06-26 22:38:28,Service Outage,True,4.92
2408-PSJVE,2024-06-18 21:20:39,Billing,True,5.53
2408-TZMJL,2024-04-22 05:35:13,Service Outage,True,6.95
2408-TZMJL,2024-05-13 21:11:40,Service Outage,True,58.46
2408-TZMJL,2024-05-18 20:21:58,Account,False,
2408-TZMJL,2024-06-07 10:38:46,Billing,False,
2408-TZMJL,2024-06-27 04:04:34,General Inquiry,False,
2408-WITXK,2024-04-24 21:15:36,General Inquiry,False,
2408-WITXK,2024-05-03 05:26:00,Account,True,16.64
2419-FSORS,2024-05-22 01:06:12,Technical,True,4.21
2424-WVHPL,2024-06-13 10:33:26,General Inquiry,False,
2428-HYUNX,2024-04-19 16:25:34,Service Outage,True,6.4
2428-HYUNX,2024-06-30 04:26:44,General Inquiry,True,1.63
2428-HYUNX,2024-06-30 19:00:09,Billing,True,4.51
2428-ZMCTB,2024-04-11 07:48:31,Account,True,10.16
2428-ZMCTB,2024-05-09 13:57:34,Account,True,2.94
2428-ZMCTB,2024-05-17 02:36:01,Billing,False,
2428-ZMCTB,2024-06-15 02:03:13,Service Outage,True,2.44
2429-AYKKO,2024-04-26 17:18:02,Account,False,
2429-AYKKO,2024-06-05 16:46:33,Service Outage,True,5.73
2430-RRYUW,2024-06-12 14:19:18,General Inquiry,False,
2430-USGXP,2024-04-03 08:28:08,General Inquiry,False,
2430-USGXP,2024-04-23 09:52:41,General Inquiry,False,
2430-USGXP,2024-05-02 09:24:08,Service Outage,True,33.1
2430-USGXP,2024-05-14 15:48:43,General Inquiry,True,42.73
2430-USGXP,2024-05-20 11:41:41,Billing,True,22.87
2432-TFSMK,2024-04-27 09:14:28,Billing,False,
2434-EEVDB,2024-04-12 07:13:33,Technical,True,7.07
2434-EEVDB,2024-05-26 21:53:35,Service Outage,True,4.92
2436-QBZFP,2024-05-17 22:29:31,Service Outage,True,8.84
2439-LYPMQ,2024-05-02 15:39:51,Billing,False,
2439-LYPMQ,2024-06-04 04:03:14,Service Outage,True,2.62
2439-LYPMQ,2024-06-16 05:44:55,Billing,True,5.98
2446-BEGGB,2024-05-14 13:59:52,Technical,False,
2446-BEGGB,2024-06-07 18:50:53,General Inquiry,True,45.99
2446-PLQVO,2024-04-08 14:13:45,Account,False,
2446-PLQVO,2024-06-25 14:33:03,Service Outage,True,34.14
2446-ZKVAF,2024-05-05 20:12:33,Billing,True,10.93
2446-ZKVAF,2024-06-22 13:02:40,General Inquiry,True,2.94
2450-ZKEED,2024-05-15 20:20:48,Service Outage,False,
2450-ZKEED,2024-05-17 07:31:11,Service Outage,True,5.43
2451-YMUXS,2024-04-07 06:41:11,Billing,True,11.69
2451-YMUXS,2024-05-20 23:26:18,Technical,True,7.45
2452-KDRRH,2024-04-30 23:30:16,Technical,False,
2452-MRMZF,2024-05-07 05:11:58,Billing,False,
2452-SNHFZ,2024-04-02 09:05:39,Technical,False,
2452-SNHFZ,2024-04-02 12:03:59,Billing,True,4.74
2452-SNHFZ,2024-05-13 10:02:24,Billing,True,10.0
2454-RPBRZ,2024-05-08 16:59:11,Account,True,44.54
2454-RPBRZ,2024-05-11 22:59:30,Technical,True,13.6
2454-RPBRZ,2024-05-26 06:51:40,Account,True,36.53
2455-USLMV,2024-04-30 16:49:54,General Inquiry,True,5.43
2458-EOMRE,2024-05-03 07:11:52,Service Outage,True,6.13
2458-EOMRE,2024-05-18 09:41:10,Billing,False,
2458-EOMRE,2024-05-31 22:30:17,Billing,True,5.7
2458-EOMRE,2024-06-16 20:53:20,Technical,True,6.09
2460-FPSYH,2024-06-22 21:24:18,Billing,True,57.64
2460-NGXBJ,2024-05-08 15:28:41,Account,False,
2462-XIIJB,2024-04-04 21:09:24,Billing,True,40.2
2465-BLLEU,2024-04-16 03:59:27,Technical,True,4.11
2466-FCCPT,2024-05-18 01:53:51,General Inquiry,True,3.94
2466-NEJOJ,2024-06-18 02:16:26,Account,True,3.28
2468-SJFLM,2024-05-13 00:25:17,Account,False,
2469-DTSGX,2024-05-04 04:19:21,General Inquiry,True,5.84
2472-OVKUP,2024-04-23 08:57:02,Technical,True,12.85
2472-OVKUP,2024-06-29 19:24:15,Service Outage,True,35.26
2474-BRUCM,2024-04-18 14:38:00,Technical,True,25.72
2474-BRUCM,2024-04-22 11:43:25,Billing,False,
2474-BRUCM,2024-05-18 15:57:07,Billing,False,
2474-BRUCM,2024-06-22 00:13:53,Service Outage,False,
2474-LCNUE,2024-04-07 18:13:43,Billing,True,6.31
2475-MROZF,2024-05-29 04:50:28,Account,True,5.51
2476-YGEFM,2024-04-10 23:29:31,Billing,True,9.33
2478-EEWWM,2024-06-04 18:57:45,Technical,True,14.45
2478-EEWWM,2024-06-23 03:57:29,Service Outage,True,3.69
2478-EEWWM,2024-06-30 02:57:00,Billing,True,4.06
2479-BRAMR,2024-05-26 23:24:15,Technical,False,
2479-BRAMR,2024-06-13 11:42:07,Service Outage,True,14.73
2479-BRAMR,2024-06-24 15:34:37,General Inquiry,False,
2480-EJWYP,2024-04-17 20:49:12,Technical,True,4.91
2480-EJWYP,2024-04-20 15:09:04,General Inquiry,True,2.94
2480-SQIOB,2024-04-21 10:00:14,General Inquiry,True,6.32
2480-SQIOB,2024-06-15 08:42:15,Service Outage,True,6.39
2481-SBOYW,2024-05-03 01:07:32,General Inquiry,True,3.04
2482-CZGBB,2024-05-01 07:08:41,General Inquiry,True,28.22
2482-CZGBB,2024-05-14 17:35:44,Billing,True,25.94
2482-CZGBB,2024-06-24 19:24:56,Billing,True,31.03
2483-XSSMZ,2024-05-16 00:13:24,General Inquiry,True,6.9
2485-ITVKB,2024-04-02 10:15:06,Billing,True,10.94
2485-ITVKB,2024-06-06 18:24:00,Billing,True,41.81
2486-WYVVE,2024-05-03 00:29:02,Billing,True,5.77
2495-INZWQ,2024-05-06 22:25:27,Account,True,56.2
2495-KZNFB,2024-04-03 01:36:59,General Inquiry,True,5.72
2495-KZNFB,2024-05-17 10:39:45,Technical,True,11.21
2495-TTHBQ,2024-06-10 00:10:54,Service Outage,True,3.81
2495-TTHBQ,2024-06-21 17:11:44,Account,True,17.66
2498-XLDZR,2024-05-07 12:54:40,Service Outage,True,3.51
2498-XLDZR,2024-06-10 05:11:28,Account,True,7.91
2498-XLDZR,2024-06-25 09:26:12,Technical,True,10.37
2501-XWWTZ,2024-05-21 22:42:10,General Inquiry,True,6.48
2506-TNFCO,2024-04-05 05:24:23,General Inquiry,True,5.76
2506-TNFCO,2024-05-04 18:51:41,Account,False,
2506-TNFCO,2024-05-20 06:02:32,Service Outage,False,
2506-TNFCO,2024-06-09 04:54:30,Service Outage,True,26.5
2507-QZPQS,2024-04-08 01:53:58,Technical,True,4.7
2511-ALLCS,2024-05-15 04:40:37,Service Outage,True,6.65
2511-MORQY,2024-05-07 14:54:00,Technical,True,10.29
2511-MORQY,2024-06-18 04:59:02,Account,True,2.62
2511-MORQY,2024-06-21 23:54:43,Billing,True,3.98
2514-GINMM,2024-05-23 18:34:14,Account,True,17.95
2514-GINMM,2024-06-15 15:50:22,Service Outage,False,
2514-GINMM,2024-06-22 15:50:09,Technical,True,48.76
2516-VQRRV,2024-04-24 17:57:11,Billing,False,
2516-VQRRV,2024-05-13 17:42:12,Service Outage,True,51.95
2516-XSJKX,2024-04-12 22:49:50,General Inquiry,True,6.56
2519-ERQOJ,2024-04-16 01:18:47,Technical,True,5.65
2519-ERQOJ,2024-05-06 04:17:46,Service Outage,True,6.63
2519-FAKOD,2024-05-19 07:44:53,General Inquiry,True,4.21
2519-FAKOD,2024-06-03 11:43:33,Account,True,18.61
2519-FAKOD,2024-06-06 08:30:05,Billing,False,
2519-FAKOD,2024-06-10 19:39:48,Billing,True,38.73
2519-LBNQL,2024-04-07 06:43:24,Billing,False,
2519-LBNQL,2024-04-08 01:06:57,General Inquiry,True,7.53
2519-LBNQL,2024-05-19 06:46:52,General Inquiry,True,5.3
2519-TWKFS,2024-04-25 23:17:38,General Inquiry,True,2.33
2519-TWKFS,2024-05-17 00:16:45,Billing,True,5.48
2523-EWWZL,2024-05-29 08:34:01,Service Outage,True,4.19
2528-HFYZX,2024-05-01 07:09:21,Service Outage,True,39.33
2528-HFYZX,2024-06-30 18:35:35,Technical,True,14.88
2530-ENDWQ,2024-05-04 07:04:49,Technical,False,
2533-QVMSK,2024-04-03 13:57:41,Account,True,24.38
2533-TIBIX,2024-05-07 16:32:50,Account,True,4.99
2533-TIBIX,2024-06-28 09:43:37,Account,True,4.64
2535-PBCGC,2024-05-03 15:49:29,General Inquiry,True,3.17
2535-PBCGC,2024-06-22 22:35:13,General Inquiry,True,10.52
2538-OIMXF,2024-05-12 12:54:18,General Inquiry,True,2.56
2538-OIMXF,2024-06-12 03:04:25,General Inquiry,True,1.66
2541-YGPKE,2024-05-07 22:15:59,General Inquiry,True,20.56
2542-HYGIQ,2024-05-21 11:43:37,Service Outage,False,
2542-HYGIQ,2024-06-26 09:30:15,General Inquiry,True,2.83
2545-EBUPK,2024-04-20 22:02:18,General Inquiry,True,5.91
2545-EBUPK,2024-04-27 21:01:38,General Inquiry,True,10.61
2545-EBUPK,2024-05-13 06:13:52,Billing,True,2.1
2545-EBUPK,2024-05-30 06:46:45,Service Outage,True,2.79
2545-LXYVJ,2024-06-21 18:17:05,General Inquiry,True,4.97
2546-KZAAT,2024-04-07 20:28:12,Technical,True,2.99
2546-KZAAT,2024-04-27 04:31:05,Service Outage,True,3.67
2550-AEVRU,2024-05-17 21:23:35,Billing,False,
2550-AEVRU,2024-05-24 10:04:44,Account,True,3.26
2550-AEVRU,2024-06-25 03:15:53,Technical,True,3.93
2550-AEVRU,2024-06-30 17:36:23,Account,True,4.78
2550-QHZGP,2024-04-13 15:27:12,Billing,True,4.81
2550-QHZGP,2024-05-15 15:15:28,Billing,True,5.98
2558-BUOZZ,2024-04-21 00:56:01,General Inquiry,True,12.96
2558-BUOZZ,2024-05-24 05:52:13,Account,True,5.39
2558-BUOZZ,2024-06-06 11:26:41,Technical,True,28.74
2560-PPCHE,2024-04-28 23:06:30,Technical,True,7.41
2560-PPCHE,2024-06-10 02:47:09,Service Outage,False,
2560-QTSBS,2024-05-03 09:08:37,Billing,True,6.79
2560-QTSBS,2024-06-26 09:31:48,Billing,True,5.81
2560-WBWXF,2024-06-03 12:35:54,Billing,True,4.88
2560-WBWXF,2024-06-24 09:16:49,General Inquiry,True,2.77
2565-JSLRY,2024-06-15 05:19:02,Service Outage,False,
2568-BRGYX,2024-04-27 08:21:49,General Inquiry,True,43.82
2568-BRGYX,2024-05-23 21:51:25,Account,False,
2568-OIADY,2024-05-22 19:37:53,Technical,True,23.01
2568-OIADY,2024-06-11 12:12:22,Service Outage,True,15.03
2568-OIADY,2024-06-13 13:45:00,Account,True,35.02
2568-OIADY,2024-06-14 02:06:31,Billing,False,
2568-OIADY,2024-06-18 05:31:53,Technical,True,34.61
2569-WGERO,2024-04-25 16:33:48,Technical,True,6.83
2573-GYRUU,2024-05-12 18:49:36,Billing,True,6.03
2573-GYRUU,2024-05-29 16:13:50,Account,True,7.3
2573-GYRUU,2024-06-12 08:37:23,Service Outage,True,12.2
2573-GYRUU,2024-06-14 15:28:20,Service Outage,True,6.9
2573-GYRUU,2024-06-25 19:42:11,General Inquiry,True,9.18
2575-GFSOE,2024-04-05 23:04:03,Technical,True,69.12
2575-GFSOE,2024-04-18 08:41:25,General Inquiry,False,
2575-GFSOE,2024-04-24 19:24:31,Technical,True,21.18
2575-GFSOE,2024-05-11 06:22:59,Billing,False,
2578-JQPHZ,2024-04-05 22:45:38,Service Outage,True,6.47
2578-JQPHZ,2024-04-27 20:05:55,Service Outage,True,7.6
2578-JQPHZ,2024-05-12 08:32:16,Account,True,3.3
2580-ASVVY,2024-06-11 21:20:55,Billing,True,4.99
2580-ATZSQ,2024-04-06 08:02:38,General Inquiry,True,6.53
2580-ATZSQ,2024-05-29 22:06:58,Billing,True,5.27
2580-ATZSQ,2024-05-31 17:22:16,Billing,True,6.13
2580-ATZSQ,2024-06-12 10:19:39,Billing,True,3.23
2582-FFFZR,2024-04-14 11:24:51,Billing,True,5.04
2582-FFFZR,2024-04-29 06:25:48,Service Outage,True,7.85
2582-FFFZR,2024-05-16 12:35:36,Technical,True,13.45
2582-FFFZR,2024-06-14 18:18:47,Service Outage,True,15.08
2585-KTFRE,2024-05-01 02:45:12,General Inquiry,True,3.63
2585-KTFRE,2024-05-22 13:42:43,Service Outage,True,7.87
2585-KTFRE,2024-06-14 12:15:03,General Inquiry,True,24.18
2585-KTFRE,2024-06-15 03:21:33,Technical,True,2.66
2585-KTFRE,2024-06-23 12:03:14,Technical,True,2.82
2587-EKXTS,2024-04-25 23:47:52,Technical,True,13.78
2587-EKXTS,2024-05-22 03:58:24,Billing,True,11.11
2589-AYCRP,2024-04-07 18:54:28,Billing,True,10.24
2589-AYCRP,2024-04-27 18:43:45,Technical,True,3.28
2589-AYCRP,2024-06-25 09:02:07,Service Outage,True,3.03
2592-HODOV,2024-04-27 19:50:39,Service Outage,True,6.72
2592-HODOV,2024-05-15 11:09:10,Account,False,
2592-SEIFQ,2024-05-30 08:11:22,Account,False,
2592-SEIFQ,2024-06-16 05:48:15,Billing,False,
2592-YKDIF,2024-05-22 17:39:20,Technical,False,
2592-YKDIF,2024-05-31 12:47:01,Account,True,10.36
2595-KIWPV,2024-04-28 02:44:43,General Inquiry,True,8.7
2599-CIPQE,2024-05-19 07:26:06,General Inquiry,True,2.64
2599-CIPQE,2024-06-06 18:00:19,Billing,True,5.45
2599-CIPQE,2024-06-19 12:05:36,General Inquiry,True,2.41
2599-CZABP,2024-04-14 12:44:34,Account,True,3.5
2599-CZABP,2024-05-16 14:43:37,General Inquiry,True,3.49
2599-CZABP,2024-05-18 01:59:13,Billing,True,12.29
2599-CZABP,2024-05-24 03:08:49,Account,True,3.3
2603-HVKCG,2024-04-07 15:27:06,Account,True,6.57
2603-HVKCG,2024-04-08 03:48:57,General Inquiry,True,6.69
2603-HVKCG,2024-04-22 20:28:43,Technical,True,7.08
2604-IJPDU,2024-06-16 00:26:45,Technical,True,11.73
2604-IJPDU,2024-06-29 20:41:15,Service Outage,True,5.49
2604-XVDAM,2024-04-03 22:36:07,Technical,True,4.5
2604-XVDAM,2024-06-02 14:28:02,General Inquiry,True,8.03
2606-PKWJB,2024-06-14 03:48:57,Service Outage,False,
2606-RMDHZ,2024-05-25 10:18:24,Account,False,
2606-RMDHZ,2024-06-03 04:36:18,Technical,False,
2606-RMDHZ,2024-06-29 17:54:26,Service Outage,False,
2607-DHDAK,2024-06-13 22:03:08,Account,True,2.78
2607-FBDFF,2024-04-05 14:00:47,Technical,True,5.08
2608-BHKFN,2024-04-13 12:15:17,Technical,True,28.29
2608-BHKFN,2024-05-20 07:02:40,Technical,False,
2608-BHKFN,2024-05-31 06:54:37,Account,True,83.58
2609-IAICY,2024-05-16 14:22:46,Technical,True,21.7
2609-IAICY,2024-06-12 23:42:28,Technical,False,
2609-IAICY,2024-06-17 04:17:53,Service Outage,False,
2612-PHGOX,2024-06-07 21:10:09,Billing,True,33.86
2612-PHGOX,2024-06-25 05:56:44,Technical,True,3.55
2612-RANWT,2024-05-07 01:18:53,Billing,True,26.19
2612-RANWT,2024-05-21 08:20:04,Technical,True,14.6
2612-RRIDN,2024-04-18 13:09:22,Service Outage,True,23.34
2612-RRIDN,2024-06-22 17:38:50,Billing,False,
2612-RRIDN,2024-06-27 06:27:46,Account,True,34.76
2612-RRIDN,2024-06-27 22:06:14,Service Outage,False,
2616-FLVQC,2024-04-30 09:00:26,Account,True,3.86
2616-UUTFK,2024-05-01 05:02:33,Account,True,2.96
2616-UUTFK,2024-06-16 08:11:13,General Inquiry,True,5.98
2616-UUTFK,2024-06-30 21:11:08,General Inquiry,True,22.28
2619-WFQWU,2024-05-16 20:47:44,Billing,False,
2623-DRYAM,2024-04-10 22:08:23,Account,True,12.52
2623-DRYAM,2024-05-09 12:48:28,Billing,True,4.0
2626-URJFX,2024-06-04 09:33:54,Billing,True,29.03
2626-VEEWG,2024-05-03 10:28:35,Account,True,6.19
2632-IVXVF,2024-04-02 19:57:27,Account,True,4.95
2632-TACXW,2024-05-18 15:45:37,Technical,True,8.91
2632-TACXW,2024-06-15 17:05:26,Billing,True,1.03
2632-UCGVD,2024-04-09 00:18:53,Account,True,14.92
2632-UCGVD,2024-05-10 05:19:51,Service Outage,False,
2632-UCGVD,2024-06-02 04:14:10,Service Outage,True,34.44
2634-HCZGT,2024-05-19 17:46:57,General Inquiry,False,
2634-HCZGT,2024-06-11 11:21:07,General Inquiry,True,10.54
2634-HCZGT,2024-06-24 00:46:16,Billing,True,15.59
2636-ALXXZ,2024-04-02 20:36:29,Technical,True,25.26
2636-ALXXZ,2024-04-15 06:30:24,Account,True,10.16
2636-OHFMN,2024-04-15 23:51:42,Service Outage,False,
2636-OHFMN,2024-05-17 00:46:47,Billing,True,30.12
2636-OHFMN,2024-05-18 17:26:10,Billing,False,
2636-OHFMN,2024-06-16 04:51:03,Technical,True,19.54
2636-OHFMN,2024-06-18 22:39:37,Technical,False,
2636-SJDOU,2024-05-01 18:03:13,Technical,True,8.49
2636-SJDOU,2024-05-25 03:11:33,Technical,True,5.55
2637-FKFSY,2024-04-30 15:35:32,Billing,True,3.98
2637-FKFSY,2024-05-20 15:41:56,General Inquiry,True,3.57
2639-UGMAZ,2024-06-01 16:05:41,Service Outage,True,5.63
2640-LYMOV,2024-04-03 16:42:58,Service Outage,True,2.31
2640-LYMOV,2024-06-05 11:18:41,Service Outage,True,3.37
2640-PMGFL,2024-05-05 09:02:35,Account,False,
2642-DTVCO,2024-04-22 18:10:48,Account,True,17.43
2642-MAWLJ,2024-06-16 09:22:53,General Inquiry,True,2.62
2645-QTLMB,2024-05-04 09:01:56,Billing,True,23.68
2645-QTLMB,2024-06-26 14:32:20,Account,False,
2649-HWLYB,2024-04-17 12:51:10,Account,True,11.42
2649-HWLYB,2024-04-20 11:08:36,Technical,True,7.58
2649-HWLYB,2024-05-02 11:57:02,General Inquiry,True,4.28
2650-GYRYL,2024-04-13 05:15:29,Account,True,2.41
2651-ZCBXV,2024-04-29 13:14:51,Account,True,4.99
2651-ZCBXV,2024-06-26 03:56:21,Billing,True,7.66
2651-ZCBXV,2024-06-28 10:10:11,Technical,True,28.9
2654-VBVPB,2024-06-06 12:09:08,Service Outage,False,
2656-FMOKZ,2024-06-25 08:32:34,General Inquiry,True,29.13
2656-TABEH,2024-05-02 19:07:29,Service Outage,True,27.7
2657-VPXTA,2024-04-25 12:10:59,General Inquiry,False,
2657-VPXTA,2024-05-11 02:24:19,Billing,True,6.94
2657-VPXTA,2024-06-13 22:38:35,Billing,True,1.15
2659-VXMWZ,2024-04-25 12:28:53,General Inquiry,True,31.26
2659-VXMWZ,2024-05-03 20:07:18,Service Outage,True,39.82
2659-VXMWZ,2024-06-01 04:40:54,Technical,False,
2659-VXMWZ,2024-06-15 09:20:24,General Inquiry,True,16.03
2660-EMUBI,2024-06-27 15:54:39,Billing,True,11.29
2661-GKBTK,2024-04-13 04:02:07,Account,True,13.28
2664-XJZNO,2024-06-30 06:44:42,Account,True,4.61
2665-NPTGL,2024-05-05 00:10:38,Account,True,5.86
2668-TZSPS,2024-05-26 07:21:22,Service Outage,True,5.86
2669-OIDSD,2024-05-27 01:53:04,Service Outage,True,6.51
2669-QVCRG,2024-05-07 19:08:54,Technical,True,5.32
2669-QVCRG,2024-05-22 12:25:37,Technical,True,9.48
2672-DZUOY,2024-04-02 07:24:08,Technical,False,
2672-DZUOY,2024-04-20 22:12:21,Billing,True,34.22
2672-DZUOY,2024-05-13 07:46:05,General Inquiry,True,10.22
2672-DZUOY,2024-05-23 21:13:54,Technical,True,20.01
2672-DZUOY,2024-06-25 00:09:36,Service Outage,True,35.8
2672-HUYVI,2024-04-29 16:32:49,Service Outage,False,
2672-HUYVI,2024-05-14 12:44:45,Service Outage,True,18.18
2672-HUYVI,2024-06-19 23:10:11,General Inquiry,True,7.21
2672-OJQZP,2024-04-23 13:17:56,Service Outage,True,2.11
2672-OJQZP,2024-04-27 10:11:17,General Inquiry,True,2.11
2672-TGEFF,2024-04-02 17:30:15,Technical,True,5.3
2672-TGEFF,2024-05-02 20:17:06,Account,True,3.46
2672-TGEFF,2024-05-05 19:23:05,General Inquiry,True,5.97
2673-CXQEU,2024-06-13 11:22:29,Technical,True,4.77
2673-CXQEU,2024-06-25 10:29:07,Service Outage,True,4.3
2674-MIAHT,2024-04-02 12:21:37,Technical,True,9.52
2674-MIAHT,2024-04-06 07:02:05,General Inquiry,True,4.39
2674-MIAHT,2024-05-03 02:52:07,Account,True,10.1
2674-MIAHT,2024-05-17 07:53:16,Account,False,
2674-MIAHT,2024-06-30 08:58:15,Billing,True,9.54
2674-MLXMN,2024-04-16 15:41:29,Service Outage,True,5.06
2674-MLXMN,2024-05-07 21:44:51,Account,True,4.75
2674-MLXMN,2024-06-10 05:50:59,Account,True,7.14
2675-DHUTR,2024-04-22 13:54:12,Account,True,40.89
2675-DHUTR,2024-05-02 19:05:38,Technical,True,15.22
2675-DHUTR,2024-05-19 00:01:28,General Inquiry,True,5.73
2675-DHUTR,2024-06-28 21:59:38,Technical,False,
2675-OTVVJ,2024-05-17 12:51:56,Technical,True,5.12
2676-OXPPQ,2024-05-08 15:03:29,General Inquiry,True,6.86
2676-OXPPQ,2024-06-02 00:55:03,General Inquiry,True,3.56
2676-SSLTO,2024-06-02 03:40:18,Service Outage,True,8.43
2676-SSLTO,2024-06-05 03:49:24,Service Outage,True,3.44
2682-KEVRP,2024-04-02 04:06:45,Service Outage,True,4.11
2682-KEVRP,2024-05-21 13:47:38,Account,True,13.7
2683-BPJSO,2024-05-09 10:23:04,Service Outage,False,
2683-BPJSO,2024-05-28 10:37:08,General Inquiry,True,36.88
2683-BPJSO,2024-06-16 19:29:15,Service Outage,False,
2683-JXWQQ,2024-04-03 22:45:36,General Inquiry,True,3.76
2684-EIWEO,2024-04-21 16:44:30,General Inquiry,True,30.34
2684-EIWEO,2024-06-17 03:44:43,Account,False,
2688-BHGOG,2024-05-01 20:08:27,Account,False,
2688-BHGOG,2024-05-17 16:27:32,Account,True,4.19
2688-BHGOG,2024-05-19 03:37:54,Account,True,5.37
2688-BHGOG,2024-06-04 03:32:43,Service Outage,True,3.7
2688-BHGOG,2024-06-10 21:57:54,Service Outage,True,2.67
2691-NZETQ,2024-04-08 02:04:24,Technical,False,
2691-NZETQ,2024-04-15 12:15:12,Billing,False,
2691-NZETQ,2024-05-11 22:58:42,Billing,False,
2691-NZETQ,2024-05-27 13:24:37,General Inquiry,False,
2691-NZETQ,2024-06-12 05:00:02,Account,True,14.6
2692-AQCPF,2024-06-11 13:50:23,General Inquiry,True,9.42
2692-BUCFV,2024-04-23 20:37:14,Technical,True,2.76
2694-CIUMO,2024-05-22 02:21:46,Billing,True,21.48
2694-CIUMO,2024-05-25 11:43:56,General Inquiry,False,
2696-NARTR,2024-04-12 09:38:05,Technical,True,69.81
2696-NARTR,2024-05-02 16:24:43,General Inquiry,True,34.27
2696-RZVZW,2024-04-06 11:23:08,Account,True,9.35
2696-RZVZW,2024-04-24 01:39:55,Billing,False,
2696-RZVZW,2024-06-28 00:25:37,Technical,True,3.41
2697-NQBPF,2024-05-27 19:31:31,Technical,True,4.29
2700-LUEVA,2024-05-10 00:33:39,Billing,False,
2703-AMTUL,2024-04-29 11:38:44,Service Outage,True,11.43
2703-AMTUL,2024-05-01 05:14:18,Service Outage,True,3.09
2703-AMTUL,2024-05-14 12:06:00,Account,True,5.12
2703-AMTUL,2024-06-16 03:27:04,Service Outage,True,5.57
2706-QZIHY,2024-05-21 23:05:13,Service Outage,False,
2709-UQGNP,2024-05-10 08:46:10,General Inquiry,True,9.77
2709-UQGNP,2024-05-26 13:58:52,Account,True,5.04
2709-UQGNP,2024-06-21 11:43:22,Technical,True,8.52
2709-UQGNP,2024-06-29 01:18:23,Account,True,2.64
2712-SYWAY,2024-04-29 15:02:46,Billing,True,5.73
2712-SYWAY,2024-05-18 10:31:48,General Inquiry,True,6.01
2716-GFZOR,2024-04-03 12:10:06,Billing,True,7.67
2716-GFZOR,2024-05-09 16:06:35,Technical,True,6.89
2717-HVIZY,2024-05-19 23:17:48,Service Outage,True,8.15
2717-HVIZY,2024-06-09 23:07:26,Billing,True,4.14
2717-HVIZY,2024-06-19 19:18:17,Technical,True,4.48
2718-GAXQD,2024-04-06 07:20:06,General Inquiry,True,26.1
2718-GAXQD,2024-05-11 05:18:11,Service Outage,True,11.58
2718-YSKCS,2024-06-19 12:42:14,Technical,True,10.68
2719-BDAQO,2024-04-02 11:01:47,Billing,False,
2719-BDAQO,2024-05-02 03:33:18,Service Outage,True,40.42
2719-BDAQO,2024-05-21 20:39:36,Account,False,
2719-BDAQO,2024-05-30 14:02:33,Technical,True,10.22
2720-WGKHP,2024-04-05 17:41:18,Billing,True,23.98
2720-WGKHP,2024-04-22 13:47:28,Billing,True,13.31
2720-WGKHP,2024-05-18 23:53:38,Billing,True,26.14
2720-WGKHP,2024-06-12 16:58:51,Billing,False,
2720-WGKHP,2024-06-25 16:24:40,Service Outage,True,21.01
2722-JMONI,2024-05-18 19:20:59,Account,False,
2722-JMONI,2024-06-05 09:40:53,Account,False,
2722-JMONI,2024-06-11 09:47:16,Technical,True,18.16
2722-JMONI,2024-06-20 02:23:42,Account,False,
2722-VOJQL,2024-04-18 08:20:07,Technical,True,23.74
2722-VOJQL,2024-06-04 23:15:06,Service Outage,False,
2724-FJDYW,2024-05-13 22:30:26,Technical,False,
2724-FJDYW,2024-05-16 05:38:54,Service Outage,True,3.73
2724-FJDYW,2024-05-27 23:59:44,Service Outage,True,6.58
2724-FJDYW,2024-05-29 02:16:17,Service Outage,True,8.94
2725-IWWBA,2024-05-16 13:06:04,Technical,True,7.06
2725-IWWBA,2024-05-22 10:30:34,Technical,True,12.83
2725-IWWBA,2024-06-01 16:43:15,Technical,True,3.44
2725-KXXWT,2024-04-16 11:18:37,Account,True,18.5
2725-TTRIQ,2024-04-12 05:40:39,Service Outage,True,14.55
2725-TTRIQ,2024-04-20 05:06:42,General Inquiry,True,2.29
2725-TTRIQ,2024-06-10 11:21:55,Account,False,
2731-GJRDG,2024-06-06 04:20:01,Technical,True,6.46
2731-GJRDG,2024-06-24 02:29:26,Technical,True,5.15
2732-ISEZX,2024-05-03 05:41:22,General Inquiry,True,22.83
2737-WFVYW,2024-06-24 21:54:07,Billing,False,
2737-WFVYW,2024-06-29 02:29:59,Billing,True,22.26
2737-YNGYW,2024-04-07 21:15:34,General Inquiry,True,54.13
2737-YNGYW,2024-05-25 14:49:46,Technical,False,
2739-CACDQ,2024-04-04 14:53:11,General Inquiry,True,5.82
2739-CACDQ,2024-06-27 08:04:09,Billing,True,4.0
2739-CCZMB,2024-04-22 15:03:38,Account,True,7.73
2746-DIJLO,2024-05-30 19:33:25,Service Outage,True,3.9
2746-DIJLO,2024-06-19 21:27:30,Billing,True,10.66
2748-MYRVK,2024-04-15 11:17:11,Service Outage,True,16.33
2748-MYRVK,2024-04-28 08:45:21,Billing,False,
2748-MYRVK,2024-06-01 17:48:37,Account,True,46.62
2749-CTKAJ,2024-06-14 19:44:13,Billing,True,45.84
2750-BJLSB,2024-05-18 08:19:36,Account,True,13.01
2754-SDJRD,2024-05-14 17:07:37,Technical,False,
2754-SDJRD,2024-06-06 02:38:56,Billing,True,5.27
2758-RNWXS,2024-06-19 15:07:19,General Inquiry,True,9.14
2761-OCIAX,2024-04-22 09:35:19,Account,False,
2761-OCIAX,2024-06-02 07:12:00,Account,False,
2761-XECQW,2024-05-03 20:16:26,Account,True,4.73
2773-MADBQ,2024-05-07 06:11:52,General Inquiry,True,1.09
2774-LVQUS,2024-04-05 04:08:28,Service Outage,False,
2774-LVQUS,2024-04-25 22:47:06,General Inquiry,True,16.94
2775-SEFEE,2024-04-05 06:35:37,Account,True,9.58
2775-SEFEE,2024-06-11 22:29:16,Technical,False,
2775-SEFEE,2024-06-30 13:58:03,General Inquiry,True,27.33
2777-PHDEI,2024-04-07 13:54:30,General Inquiry,True,23.72
2777-PHDEI,2024-05-09 01:27:52,Account,False,
2777-PHDEI,2024-05-16 08:57:33,Technical,True,36.84
2778-OCLGR,2024-05-17 00:40:38,General Inquiry,True,20.25
2782-JEEBU,2024-06-12 08:58:44,Account,True,7.25
2782-JEEBU,2024-06-15 06:25:26,Account,True,8.58
2782-JEEBU,2024-06-28 20:12:11,General Inquiry,True,3.84
2782-LFZVW,2024-04-09 21:26:51,General Inquiry,False,
2782-LFZVW,2024-05-10 12:27:06,Account,True,3.51
2782-LFZVW,2024-06-03 18:36:14,Service Outage,True,9.19
2782-LFZVW,2024-06-07 20:22:23,Billing,True,3.19
2786-GCDPI,2024-05-20 15:08:25,Technical,True,2.61
2789-CZANW,2024-06-20 16:02:50,Account,True,3.83
2790-XUYMV,2024-04-15 19:43:26,Billing,True,3.55
2790-XUYMV,2024-05-10 16:54:23,Billing,True,5.32
2792-LSHWX,2024-06-17 05:27:00,General Inquiry,True,3.14
2792-LSHWX,2024-06-27 04:06:06,Technical,True,4.8
2794-XIMMO,2024-04-23 09:08:08,General Inquiry,True,35.72
2794-XIMMO,2024-05-05 07:14:11,General Inquiry,True,20.99
2794-XIMMO,2024-05-18 18:17:18,Technical,True,22.88
2794-XIMMO,2024-06-01 12:23:19,Billing,False,
2796-NNUFI,2024-06-12 12:22:36,General Inquiry,True,8.66
2796-UUZZO,2024-05-31 02:14:03,Account,True,2.77
2796-UUZZO,2024-06-04 22:28:07,General Inquiry,True,4.62
2799-TSLAG,2024-05-03 15:27:47,General Inquiry,True,6.39
2800-QQUSO,2024-04-12 11:11:37,Service Outage,False,
2800-QQUSO,2024-05-20 20:28:12,Technical,True,3.01
2800-VEQXM,2024-05-31 15:04:37,General Inquiry,False,
2800-VEQXM,2024-06-15 19:37:09,Billing,True,6.4
2801-NISEI,2024-06-01 04:33:53,Technical,True,11.22
2801-NISEI,2024-06-01 12:36:19,Account,True,6.03
2804-ETQDK,2024-04-03 10:56:15,Account,False,
2805-EDJPQ,2024-04-19 19:30:05,Account,True,6.43
2805-EDJPQ,2024-05-16 20:46:28,Account,True,2.92
2806-MLNTI,2024-04-09 19:14:26,Billing,True,3.6
2806-MLNTI,2024-04-23 09:32:28,Service Outage,True,5.23
2806-MLNTI,2024-05-26 12:35:19,Billing,True,13.35
2806-MLNTI,2024-06-03 08:18:27,Technical,True,3.13
2806-MLNTI,2024-06-18 00:14:32,Billing,True,4.26
2808-CHTDM,2024-05-12 05:10:48,Billing,True,3.28
2809-ILCYT,2024-05-03 11:36:57,Service Outage,True,3.63
2809-ILCYT,2024-06-06 07:36:00,Service Outage,True,21.34
2809-ZMYOQ,2024-05-26 11:06:51,Billing,True,2.63
2809-ZMYOQ,2024-06-02 12:03:51,Account,True,4.65
2810-FTLEM,2024-05-06 01:35:52,Service Outage,True,23.68
2810-FTLEM,2024-05-27 08:22:59,Account,True,45.57
2810-FTLEM,2024-06-10 03:15:57,Technical,True,36.01
2811-POVEX,2024-05-13 10:21:02,Account,True,8.51
2812-ENYMO,2024-05-17 14:13:15,Technical,True,4.53
2812-REYAT,2024-05-26 00:14:26,Account,True,5.72
2812-REYAT,2024-06-03 19:12:30,Service Outage,True,3.36
2812-REYAT,2024-06-21 12:15:38,General Inquiry,True,10.62
2812-REYAT,2024-06-29 04:18:27,Service Outage,True,16.3
2812-SFXMJ,2024-06-27 03:53:42,General Inquiry,True,13.65
2815-CPTUL,2024-04-05 22:35:08,Account,False,
2815-CPTUL,2024-04-20 04:30:24,Account,True,18.46
2815-CPTUL,2024-06-18 14:53:09,General Inquiry,False,
2817-LVCPP,2024-04-05 07:03:05,Billing,True,3.8
2817-LVCPP,2024-04-05 15:14:54,Billing,True,8.54
2817-LVCPP,2024-06-11 06:05:22,Technical,False,
2817-LVCPP,2024-06-26 01:08:50,Billing,True,3.43
2817-LVCPP,2024-06-30 15:40:10,Service Outage,True,5.37
2819-GWENI,2024-05-04 08:25:10,Account,True,10.26
2823-LKABH,2024-06-12 17:42:17,Service Outage,True,5.18
2824-DXNKN,2024-04-13 00:45:21,Service Outage,True,5.48
2824-DXNKN,2024-04-16 09:56:09,Billing,False,
2824-DXNKN,2024-05-14 13:48:52,Technical,True,7.92
2824-DXNKN,2024-06-04 07:42:49,Technical,True,7.45
2824-MYYBN,2024-05-21 03:23:35,General Inquiry,True,4.7
2824-MYYBN,2024-05-23 20:28:43,Service Outage,True,4.2
2826-DXLQO,2024-05-02 10:33:46,General Inquiry,True,21.68
2826-DXLQO,2024-06-10 06:06:13,General Inquiry,True,3.89
2826-DXLQO,2024-06-28 05:53:59,Billing,True,5.89
2826-DXLQO,2024-06-30 13:11:55,Service Outage,True,5.48
2826-UWHIS,2024-05-20 07:10:42,Billing,True,5.68
2826-UWHIS,2024-05-27 23:12:55,General Inquiry,True,7.6
2826-UWHIS,2024-06-26 03:48:25,Account,True,6.63
2828-SLQPF,2024-04-21 14:09:55,Account,True,4.09
2828-SLQPF,2024-05-10 19:18:23,General Inquiry,True,10.12
2828-SLQPF,2024-05-20 18:30:53,Account,True,3.39
2828-SLQPF,2024-06-07 12:05:57,Service Outage,True,1.76
2828-SLQPF,2024-06-21 11:43:54,Account,False,
2829-HYVZP,2024-04-15 13:52:37,Service Outage,True,3.05
2829-HYVZP,2024-06-15 20:21:41,Account,True,5.78
2830-LEWOA,2024-04-16 16:56:02,Billing,True,4.86
2830-LEWOA,2024-05-02 09:01:23,Billing,False,
2830-LEWOA,2024-06-26 02:25:39,General Inquiry,True,6.27
2831-EBWRN,2024-06-02 00:37:35,Technical,True,4.99
2831-EBWRN,2024-06-22 14:21:34,Technical,False,
2831-EBWRN,2024-06-28 11:47:52,Account,True,3.01
2831-EBWRN,2024-06-30 13:32:46,Account,True,10.1
2834-SPCJV,2024-06-28 19:55:11,Account,False,
2839-RFSQE,2024-04-03 04:36:39,General Inquiry,True,14.28
2840-XANRC,2024-05-17 20:31:10,Account,False,
2840-XANRC,2024-05-24 04:45:31,General Inquiry,True,36.9
2840-XANRC,2024-05-24 22:19:40,Account,False,
2842-BCQGE,2024-04-17 00:48:46,Service Outage,True,12.47
2842-BCQGE,2024-05-14 05:21:26,Service Outage,True,6.42
2842-BCQGE,2024-06-14 05:46:04,Account,True,5.29
2842-BCQGE,2024-06-15 08:18:30,Billing,True,3.81
2842-BCQGE,2024-06-28 04:03:10,Billing,True,4.06
2842-JTCCU,2024-04-02 15:01:56,Account,True,66.41
2842-JTCCU,2024-04-16 02:37:46,Technical,False,
2842-JTCCU,2024-05-25 03:59:00,General Inquiry,False,
2842-JTCCU,2024-06-10 23:40:14,Billing,True,46.08
2843-CQMEG,2024-04-08 11:15:35,Technical,True,9.39
2843-CQMEG,2024-06-07 01:56:26,Service Outage,True,1.69
2843-CQMEG,2024-06-10 16:20:33,Billing,True,7.38
2845-AFFTX,2024-04-02 22:08:43,Technical,True,17.37
2845-AFFTX,2024-04-08 11:00:08,Technical,False,
2845-AFFTX,2024-06-16 12:30:20,Billing,True,46.54
2845-AFFTX,2024-06-27 23:51:15,Technical,True,30.29
2845-HSJCY,2024-04-13 00:19:41,General Inquiry,True,26.54
2845-HSJCY,2024-04-17 20:39:16,Technical,True,16.85
2845-HSJCY,2024-05-30 20:05:17,Service Outage,False,
2848-YXSMW,2024-04-29 13:57:20,General Inquiry,True,8.09
2851-MMUTZ,2024-05-16 10:32:04,Technical,True,7.65
2851-STERV,2024-04-26 16:58:18,Account,True,5.49
2851-STERV,2024-06-20 19:12:04,Service Outage,True,3.92
2853-CWQFQ,2024-04-03 10:44:09,Service Outage,True,26.65
2853-CWQFQ,2024-05-18 02:46:29,General Inquiry,True,2.77
2853-CWQFQ,2024-06-09 14:53:00,Service Outage,True,10.64
2856-HYAPG,2024-04-02 01:19:23,General Inquiry,False,
2856-HYAPG,2024-05-25 15:52:06,Technical,False,
2856-NNASM,2024-04-15 13:53:51,General Inquiry,True,12.64
2858-EIMXH,2024-04-27 07:42:25,Account,False,
2858-EIMXH,2024-05-28 01:52:04,Billing,True,1.97
2858-MOFSQ,2024-05-31 01:36:03,Service Outage,False,
2858-MOFSQ,2024-06-18 07:02:10,Service Outage,False,
2862-JVEOY,2024-05-09 21:02:38,Technical,True,4.64
2862-JVEOY,2024-05-26 21:35:54,Billing,True,7.81
2862-PFNIK,2024-04-19 10:34:49,General Inquiry,True,16.88
2862-PFNIK,2024-06-28 01:04:12,Service Outage,True,11.68
2863-IMQDR,2024-06-21 22:04:00,Service Outage,True,9.28
2865-TCHJW,2024-06-19 10:07:25,Billing,True,29.31
2867-UIMSS,2024-04-08 18:57:43,Account,False,
2867-UIMSS,2024-04-27 04:12:18,Billing,True,70.33
2867-UIMSS,2024-06-10 17:45:22,Account,True,17.17
2868-LLSKM,2024-04-21 17:56:19,Service Outage,True,4.77
2868-LLSKM,2024-05-29 15:41:32,General Inquiry,False,
2868-MZAGQ,2024-05-02 11:34:28,Service Outage,False,
2868-MZAGQ,2024-06-28 19:35:51,General Inquiry,True,14.53
2868-SNELZ,2024-05-16 18:28:58,Technical,False,
2869-ADAWR,2024-04-14 10:44:55,Account,True,40.03
2869-ADAWR,2024-04-25 10:41:14,Billing,True,17.63
2869-ADAWR,2024-04-30 17:32:33,General Inquiry,False,
2869-ADAWR,2024-05-30 04:01:01,Technical,False,
2869-ADAWR,2024-06-29 17:00:24,Account,False,
2873-ZLIWT,2024-04-11 11:42:03,Service Outage,True,27.15
2874-YXVVA,2024-04-06 00:38:18,General Inquiry,True,5.49
2874-YXVVA,2024-06-04 01:08:08,Technical,True,2.95
2876-GZYZC,2024-06-15 02:59:03,Technical,True,6.63
2876-GZYZC,2024-06-27 13:19:30,General Inquiry,True,10.79
2876-GZYZC,2024-06-29 20:45:21,Billing,True,7.88
2876-VBBBL,2024-04-17 21:24:18,Billing,False,
2878-DHMIN,2024-05-02 15:11:19,Billing,True,11.94
2878-RMWXY,2024-06-29 20:26:36,Account,True,10.93
2880-FPNAE,2024-05-25 03:42:28,Account,True,4.52
2880-FPNAE,2024-05-31 13:40:55,General Inquiry,True,5.71
2880-FPNAE,2024-06-12 13:17:36,Service Outage,True,9.04
2883-ILGWO,2024-04-17 14:48:04,Account,True,5.58
2883-ILGWO,2024-06-22 15:37:43,General Inquiry,True,6.81
2884-GBPFB,2024-04-10 18:44:39,Technical,True,16.53
2884-GBPFB,2024-05-13 11:26:59,Technical,False,
2884-GBPFB,2024-06-21 23:48:59,Service Outage,True,28.02
2885-HIJDH,2024-06-23 10:38:22,Account,True,11.4
2885-HIJDH,2024-06-24 18:44:54,General Inquiry,True,3.3
2886-KEFUM,2024-05-12 21:41:51,Account,False,
2887-JPYLU,2024-05-03 16:03:02,General Inquiry,True,9.39
2887-JPYLU,2024-05-06 17:27:07,Technical,True,9.76
2887-JPYLU,2024-05-12 02:06:50,Account,True,4.59
2888-ADFAO,2024-04-30 06:08:47,General Inquiry,False,
2888-ADFAO,2024-06-24 05:26:50,Account,True,8.66
2888-ADFAO,2024-06-28 15:40:08,Billing,True,5.72
2889-FPWRM,2024-05-15 03:47:57,Billing,False,
2889-FPWRM,2024-06-01 18:14:33,General Inquiry,True,41.77
2889-FPWRM,2024-06-07 05:59:57,Billing,True,14.56
2890-WFBHU,2024-05-03 02:39:31,Service Outage,True,4.88
2890-WFBHU,2024-06-03 17:20:44,Technical,True,7.82
2892-GESUL,2024-05-08 21:11:12,General Inquiry,True,4.91
2894-QOJRX,2024-04-13 10:22:28,Service Outage,False,
2894-QOJRX,2024-04-24 18:44:43,Billing,True,15.09
2894-QOJRX,2024-05-12 13:56:04,Account,False,
2894-QOJRX,2024-05-18 17:47:47,Technical,False,
2894-QOJRX,2024-06-29 02:19:53,Service Outage,True,52.28
2896-TBNBE,2024-04-09 11:09:36,Service Outage,True,9.46
2896-TBNBE,2024-04-30 06:03:20,Service Outage,True,1.5
2898-LSJGD,2024-05-17 03:56:57,Billing,False,
2898-MRKPI,2024-04-03 21:29:18,Billing,True,8.43
2898-MRKPI,2024-04-20 20:25:29,Billing,True,3.61
2898-MRKPI,2024-05-27 18:43:10,Account,True,3.92
2898-MRKPI,2024-06-24 05:24:11,Technical,True,5.03
2900-PHPLN,2024-06-06 21:54:56,Account,True,4.94
2903-YYTBW,2024-04-08 14:12:39,Service Outage,False,
2903-YYTBW,2024-04-12 19:51:57,Technical,True,5.44
2903-YYTBW,2024-04-20 02:10:21,General Inquiry,True,21.32
2903-YYTBW,2024-04-27 02:23:43,Account,False,
2903-YYTBW,2024-06-07 05:44:21,Technical,False,
2904-GGUAZ,2024-04-24 12:48:23,Service Outage,True,7.19
2904-GGUAZ,2024-05-02 21:20:12,Account,True,7.62
2905-KFQUV,2024-04-28 00:51:32,Account,True,4.72
2905-KFQUV,2024-05-02 08:19:18,Billing,True,1.35
2908-WGAXL,2024-04-29 06:19:17,Account,True,6.25
2908-WGAXL,2024-05-31 17:38:04,Account,True,2.13
2908-WGAXL,2024-06-15 23:00:03,Account,True,7.76
2908-ZTPNF,2024-05-16 20:51:38,Service Outage,True,8.64
2911-IJORQ,2024-06-19 03:55:34,Service Outage,True,3.09
2911-UREFD,2024-04-20 01:54:04,Account,True,30.55
2911-UREFD,2024-04-24 15:44:31,Service Outage,False,
2911-WDXMV,2024-05-19 15:13:33,Technical,True,1.92
2911-WDXMV,2024-05-25 15:58:23,Service Outage,True,9.3
2911-WDXMV,2024-05-28 16:51:26,Billing,True,3.35
2916-BQZLN,2024-04-21 06:12:29,Account,True,3.9
2916-BQZLN,2024-05-21 12:40:21,General Inquiry,True,3.78
2919-HBCJO,2024-05-21 12:23:11,General Inquiry,True,30.9
2920-RNCEZ,2024-06-07 14:20:50,Service Outage,False,
2921-XWDJH,2024-05-08 05:41:26,Service Outage,False,
2921-XWDJH,2024-05-15 16:33:13,Service Outage,True,8.35
2921-XWDJH,2024-05-28 03:47:11,Technical,False,
2921-XWDJH,2024-06-22 12:03:54,General Inquiry,False,
2921-XWDJH,2024-06-27 02:37:20,Account,True,4.35
2923-ARZLG,2024-06-13 09:43:05,Technical,True,6.14
2924-KHUVI,2024-04-22 00:32:44,General Inquiry,False,
2924-KHUVI,2024-04-26 08:19:00,General Inquiry,True,9.69
2924-KHUVI,2024-05-01 14:36:56,Account,True,1.93
2925-MXLSX,2024-05-03 18:36:05,Billing,False,
2925-VDZHY,2024-05-12 10:22:18,Technical,True,3.3
2926-JEJJC,2024-04-10 19:27:45,General Inquiry,True,3.21
2927-CVULT,2024-04-27 06:09:05,Technical,True,5.14
2927-QRRQV,2024-04-02 18:11:16,General Inquiry,False,
2927-QRRQV,2024-04-05 14:45:09,Service Outage,True,4.79
2927-QRRQV,2024-04-27 21:15:53,Service Outage,True,5.5
2927-QRRQV,2024-05-31 00:38:37,Account,True,11.88
2929-ERCFZ,2024-05-22 10:24:55,Technical,True,34.49
2929-ERCFZ,2024-05-24 04:00:24,Service Outage,False,
2929-ERCFZ,2024-05-26 02:18:18,General Inquiry,False,
2929-QNSRW,2024-05-18 05:41:05,Service Outage,True,29.75
2930-UOTMB,2024-04-13 15:59:24,General Inquiry,False,
2930-UOTMB,2024-06-28 03:40:29,Service Outage,False,
2931-FSOHN,2024-04-05 11:06:51,General Inquiry,True,5.21
2931-FSOHN,2024-06-09 08:17:21,Technical,True,3.57
2931-SVLTV,2024-04-11 16:29:35,Billing,True,6.64
2931-SVLTV,2024-05-12 05:11:08,Service Outage,True,6.51
2931-SVLTV,2024-06-27 02:09:12,General Inquiry,True,1.94
2931-XIQBR,2024-05-18 16:58:05,Technical,True,9.44
2931-XIQBR,2024-05-23 19:31:58,Technical,True,10.15
2931-XIQBR,2024-06-22 10:03:19,General Inquiry,True,24.76
2931-XIQBR,2024-06-29 21:59:29,Account,True,2.39
2933-FILNV,2024-05-03 11:11:12,Billing,True,23.81
2933-FILNV,2024-05-14 22:57:37,General Inquiry,True,34.32
2933-FILNV,2024-06-29 05:02:11,Account,False,
2933-XEUJM,2024-04-08 03:38:22,General Inquiry,True,3.09
2937-FTHUR,2024-04-16 08:43:12,General Inquiry,True,8.19
2937-FTHUR,2024-04-17 08:14:01,General Inquiry,True,5.17
2937-FTHUR,2024-05-27 14:15:38,General Inquiry,True,4.53
2937-FTHUR,2024-06-19 16:03:33,General Inquiry,True,5.79
2937-FTHUR,2024-06-26 17:27:25,General Inquiry,True,2.92
2946-KIQSP,2024-05-18 18:30:01,Account,True,2.24
2947-DOMLJ,2024-05-04 19:25:26,Technical,True,14.15
2951-QOQTK,2024-05-11 01:20:39,Technical,False,
2951-QOQTK,2024-05-23 06:01:04,Billing,False,
2951-QOQTK,2024-05-30 14:38:43,Billing,False,
2952-QAYZF,2024-04-15 14:46:09,Service Outage,True,76.76
2952-QAYZF,2024-05-15 03:04:54,Account,False,
2952-QAYZF,2024-05-19 21:30:29,Billing,False,
2954-PIBKO,2024-06-19 11:25:40,Billing,True,5.29
2954-PIBKO,2024-06-21 22:26:17,Account,True,3.29
2955-BJZHG,2024-05-05 02:18:41,Service Outage,True,19.01
2955-PSXOE,2024-06-05 11:29:46,Account,True,5.03
2956-GGUCQ,2024-04-10 03:46:58,General Inquiry,True,9.2
2956-GGUCQ,2024-04-10 07:31:37,Technical,False,
2956-GGUCQ,2024-05-29 21:31:48,Billing,True,30.16
2957-JIRMN,2024-05-03 20:24:50,General Inquiry,True,10.14
2957-JIRMN,2024-06-29 01:44:39,Billing,True,2.88
2957-LOLHO,2024-05-25 05:39:41,General Inquiry,True,8.17
2957-LOLHO,2024-06-09 16:48:11,Billing,True,36.96
2957-LOLHO,2024-06-27 17:55:43,Billing,False,
2958-NHPPS,2024-04-07 07:20:32,Service Outage,True,2.6
2959-EEXWB,2024-05-26 13:44:57,Technical,True,3.93
2959-EEXWB,2024-06-20 19:11:35,Technical,False,
2959-FENLU,2024-05-03 23:04:41,Technical,True,2.51
2959-FENLU,2024-05-20 11:43:11,Billing,True,15.07
2959-FENLU,2024-06-14 16:57:29,Account,False,
2959-MJHIC,2024-06-10 02:17:50,Billing,False,
2961-VNFKL,2024-05-08 11:06:19,General Inquiry,True,2.6
2962-XPMCQ,2024-06-18 23:57:54,Service Outage,False,
2968-SSGAA,2024-04-23 16:56:17,Service Outage,True,43.01
2968-SSGAA,2024-05-21 09:24:09,Technical,True,20.3
2968-SSGAA,2024-06-09 21:19:34,Account,True,21.05
2969-QWUBZ,2024-05-01 20:56:30,Service Outage,False,
2969-QWUBZ,2024-05-13 22:00:17,Billing,True,5.11
2969-QWUBZ,2024-06-13 03:22:15,General Inquiry,True,17.15
2969-QWUBZ,2024-06-21 03:56:41,Technical,True,1.74
2969-VAPYH,2024-04-13 00:46:17,Account,True,1.55
2969-VAPYH,2024-06-03 03:00:28,Technical,True,2.19
2969-VAPYH,2024-06-15 00:08:11,Technical,True,3.52
2969-WGHQO,2024-04-29 12:23:03,Billing,True,3.07
2969-WGHQO,2024-05-20 17:18:54,Service Outage,True,7.84
2969-WGHQO,2024-06-25 23:43:13,Billing,True,6.25
2971-SGAFL,2024-06-25 00:57:10,General Inquiry,True,9.32
2971-SGAFL,2024-06-30 03:33:58,Account,True,2.14
2972-YDYUW,2024-05-21 01:45:45,Account,True,2.21
2972-YDYUW,2024-06-17 12:17:29,General Inquiry,True,4.76
2974-GGUXS,2024-05-09 13:34:51,Account,True,28.09
2974-GGUXS,2024-06-14 14:11:51,Billing,True,17.79
2978-XXSOG,2024-06-16 06:30:28,Technical,True,2.66
2979-SXESE,2024-04-16 03:59:14,Account,False,
2979-SXESE,2024-04-16 22:48:26,Billing,False,
2979-SXESE,2024-04-22 09:24:26,Billing,False,
2979-SXESE,2024-05-14 21:30:29,Account,False,
2979-SXESE,2024-06-24 13:19:32,Technical,False,
2982-IHMFT,2024-04-18 12:08:27,Account,False,
2982-IHMFT,2024-04-23 06:18:16,Technical,False,
2983-ZANRP,2024-04-14 06:03:24,Billing,True,22.79
2983-ZANRP,2024-05-09 02:17:58,Billing,False,
2983-ZANRP,2024-05-09 19:37:00,Service Outage,True,61.15
2983-ZANRP,2024-06-17 21:43:23,General Inquiry,True,58.37
2984-AFWNC,2024-04-27 09:19:18,Account,True,2.56
2984-AFWNC,2024-05-07 18:22:04,General Inquiry,True,10.01
2984-AFWNC,2024-05-08 16:40:32,Service Outage,True,2.84
2984-AFWNC,2024-06-07 22:25:51,Billing,True,8.7
2984-AFWNC,2024-06-14 06:54:21,Account,True,8.96
2984-MIIZL,2024-05-03 22:14:20,General Inquiry,False,
2984-MIIZL,2024-05-26 08:56:14,Account,True,36.9
2984-MIIZL,2024-06-04 01:26:28,General Inquiry,True,36.69
2984-MIIZL,2024-06-25 02:09:00,Technical,False,
2985-FMWYF,2024-04-28 04:03:23,Billing,True,17.86
2985-FMWYF,2024-04-29 12:10:13,Account,True,9.12
2985-JUUBZ,2024-05-02 00:46:29,Account,False,
2985-JUUBZ,2024-05-11 05:13:25,Service Outage,True,11.74
2985-JUUBZ,2024-06-03 08:42:32,Technical,True,1.77
2985-JUUBZ,2024-06-05 01:48:10,Account,True,9.76
2987-BJXIK,2024-04-09 05:43:57,Account,True,26.96
2987-BJXIK,2024-04-11 09:23:19,Technical,True,3.02
2987-BJXIK,2024-05-05 21:07:03,General Inquiry,True,1.04
2987-BJXIK,2024-06-16 05:45:03,Billing,True,10.04
2988-GBIVW,2024-05-18 09:38:48,Account,True,7.6
2988-GBIVW,2024-05-24 01:16:40,General Inquiry,True,4.98
2988-GBIVW,2024-06-18 05:42:05,Technical,True,13.03
2988-PLAHS,2024-04-12 09:58:09,Account,True,7.54
2988-PLAHS,2024-05-18 23:30:10,Billing,True,2.62
2988-PLAHS,2024-06-21 06:33:44,General Inquiry,True,5.69
2988-QRAJY,2024-04-18 04:15:37,Billing,True,6.0
2988-QRAJY,2024-04-24 08:38:10,General Inquiry,True,4.13
2988-QRAJY,2024-05-05 19:40:49,General Inquiry,True,3.09
2988-QRAJY,2024-05-22 17:04:14,Technical,True,13.52
2988-QRAJY,2024-06-15 22:23:02,Billing,False,
2990-HWIML,2024-04-17 13:11:33,Service Outage,False,
2990-HWIML,2024-05-06 12:14:10,Technical,False,
2990-OGYTD,2024-04-13 08:13:02,Service Outage,True,6.85
2990-OGYTD,2024-06-04 22:25:50,Technical,True,6.18
2995-YWTCD,2024-04-26 08:05:59,General Inquiry,False,
2995-YWTCD,2024-06-18 12:03:02,Account,False,
2999-AANRQ,2024-06-04 19:35:15,Technical,True,2.26
3001-CBHLQ,2024-06-17 00:21:38,Account,True,23.06
3001-UNBTL,2024-04-16 11:55:59,Account,True,3.23
3002-WQZWT,2024-06-09 04:42:52,Account,True,3.12
3003-CMDUU,2024-06-24 18:12:24,General Inquiry,True,1.67
3005-NFMTA,2024-06-01 06:26:31,Technical,False,
3005-TYFRD,2024-05-29 22:53:30,Account,True,11.58
3005-TYFRD,2024-06-26 12:33:07,Billing,True,5.02
3007-FDPEA,2024-05-20 00:56:06,Technical,False,
3007-FDPEA,2024-06-05 08:24:46,Technical,True,16.55
3009-JWMPU,2024-04-19 13:07:35,General Inquiry,True,25.06
3009-JWMPU,2024-04-28 15:28:55,Technical,False,
3009-JWMPU,2024-05-27 13:00:35,Billing,False,
3011-WQKSZ,2024-05-29 02:29:04,Billing,False,
3012-VFFMN,2024-06-23 06:12:51,Technical,True,3.56
3014-WJKSM,2024-05-13 22:32:57,Account,True,6.24
3016-KSVCP,2024-05-03 02:55:14,Billing,True,2.42
3016-KSVCP,2024-06-30 10:34:00,Service Outage,True,18.78
3018-TFTSU,2024-04-13 14:47:54,General Inquiry,False,
3018-TFTSU,2024-05-19 15:58:35,Service Outage,True,14.17
3021-VLNRJ,2024-04-10 22:34:37,Technical,True,1.69
3022-BEXHZ,2024-05-05 15:46:46,Service Outage,True,7.43
3023-GFLBR,2024-05-28 14:14:27,Billing,False,
3027-YNWZU,2024-05-18 08:39:16,Account,True,5.46
3027-ZTDHO,2024-05-24 04:18:31,Account,True,86.53
3030-YDNRM,2024-05-11 14:11:21,Technical,True,9.47
3030-YDNRM,2024-06-26 09:30:59,Technical,True,3.64
3030-YZADT,2024-05-29 15:37:35,Account,False,
3030-YZADT,2024-05-30 22:47:22,Billing,True,20.86
3030-YZADT,2024-06-30 21:41:05,Service Outage,True,25.81
3030-ZKIWL,2024-06-25 07:13:26,Technical,True,2.31
3034-ZBEQN,2024-04-24 00:23:46,Technical,True,18.71
3034-ZBEQN,2024-05-30 18:49:43,General Inquiry,True,11.58
3034-ZBEQN,2024-05-31 09:36:41,Account,False,
3038-PQIUY,2024-04-13 14:52:04,Service Outage,True,18.07
3038-PQIUY,2024-05-02 09:19:56,General Inquiry,True,9.04
3038-PQIUY,2024-05-29 22:30:37,Account,True,3.65
3038-PQIUY,2024-06-17 22:47:21,Billing,False,
3038-PQIUY,2024-06-30 06:10:43,Service Outage,True,18.35
3039-MJSLN,2024-06-06 17:07:09,Billing,True,13.93
3039-MJSLN,2024-06-20 03:42:07,Service Outage,True,1.38
3039-MJSLN,2024-06-26 04:15:02,General Inquiry,False,
3043-SUDUA,2024-04-13 16:08:15,Account,True,4.25
3043-SUDUA,2024-06-11 12:08:37,Billing,True,8.06
3043-SUDUA,2024-06-21 06:59:27,Technical,True,3.97
3043-TYBNO,2024-06-02 14:45:56,Technical,True,3.14
3045-XETSH,2024-05-02 01:45:28,Account,False,
3045-XETSH,2024-05-27 18:30:23,Technical,False,
3045-XETSH,2024-06-07 04:18:24,Technical,True,18.69
3045-XETSH,2024-06-15 21:37:45,Service Outage,True,57.76
3045-XETSH,2024-06-23 07:54:14,Billing,False,
3050-GBUSH,2024-06-18 22:16:14,General Inquiry,True,3.14
3050-RLLXC,2024-05-18 16:35:48,Account,True,11.03
3055-MJDSB,2024-05-19 03:13:02,General Inquiry,True,6.99
3055-MJDSB,2024-05-31 18:38:40,Account,True,1.42
3055-MJDSB,2024-06-13 23:29:47,Account,False,
3055-MJDSB,2024-06-19 12:20:56,Billing,False,
3055-MJDSB,2024-06-20 17:20:50,Technical,True,4.69
3055-OYMSE,2024-04-04 12:01:47,Service Outage,True,3.81
3055-OYMSE,2024-04-30 07:24:32,Service Outage,True,5.35
3055-OYMSE,2024-06-07 16:05:49,Service Outage,True,5.02
3055-VTCGS,2024-04-09 11:31:37,Technical,True,7.66
3055-VTCGS,2024-04-26 05:46:10,Account,True,5.77
3055-VTCGS,2024-05-10 09:30:42,Service Outage,True,3.82
3055-VTCGS,2024-06-09 06:38:41,Billing,True,11.64
3057-VJJQE,2024-04-23 03:47:40,Technical,True,4.07
3057-VJJQE,2024-05-31 06:59:55,Service Outage,True,3.58
3057-VJJQE,2024-06-04 08:24:31,Technical,True,3.98
3057-VJJQE,2024-06-22 13:27:38,Technical,True,5.35
3057-VJJQE,2024-06-28 18:50:58,Technical,True,3.49
3058-HJCUY,2024-05-10 13:01:15,Billing,False,
3058-WQDRE,2024-04-25 05:51:23,Service Outage,True,8.46
3058-WQDRE,2024-05-28 18:04:50,Billing,True,5.43
3058-WQDRE,2024-06-11 17:10:13,General Inquiry,True,6.98
3058-WQDRE,2024-06-23 13:51:34,General Inquiry,True,2.03
3059-NGMXB,2024-04-23 09:49:39,Service Outage,True,7.34
3059-NGMXB,2024-05-10 09:20:30,Account,True,2.74
3059-NGMXB,2024-06-24 07:51:38,Technical,True,7.72
3059-NGMXB,2024-06-30 09:36:12,General Inquiry,True,4.04
3062-ICYZQ,2024-05-01 10:56:10,Account,False,
3062-ICYZQ,2024-05-13 18:15:52,Service Outage,True,6.78
3062-ICYZQ,2024-05-31 08:57:26,Technical,True,10.26
3063-QFSZL,2024-04-17 08:17:19,Billing,True,19.29
3063-QFSZL,2024-04-21 20:02:48,General Inquiry,True,32.91
3063-QFSZL,2024-05-12 09:23:51,General Inquiry,False,
3066-RRJIO,2024-04-02 01:51:09,Technical,False,
3066-RRJIO,2024-04-23 02:54:09,Billing,True,19.88
3066-RRJIO,2024-05-13 10:17:54,General Inquiry,True,17.08
3066-RRJIO,2024-05-13 13:16:56,Account,False,
3066-RRJIO,2024-06-12 21:18:35,General Inquiry,False,
3067-SVMTC,2024-06-08 16:19:56,Account,True,13.61
3067-SVMTC,2024-06-12 18:38:32,Billing,True,4.68
3067-SVMTC,2024-06-29 23:58:13,Service Outage,True,6.75
3068-OMWZA,2024-06-26 19:17:20,Account,True,9.1
3069-SSVSN,2024-04-18 12:39:41,Billing,True,9.88
3069-SSVSN,2024-05-10 01:00:59,Billing,True,1.18
3070-BDOQC,2024-04-17 22:53:15,Account,True,2.35
3070-BDOQC,2024-05-25 19:18:46,General Inquiry,True,5.41
3070-BDOQC,2024-05-31 01:25:21,Billing,True,8.46
3070-BDOQC,2024-05-31 07:23:33,Account,True,2.99
3070-DVEYC,2024-04-04 17:22:06,Account,True,32.53
3070-DVEYC,2024-04-16 20:19:25,Technical,True,31.32
3070-DVEYC,2024-05-20 19:47:34,General Inquiry,False,
3070-DVEYC,2024-06-02 22:34:58,General Inquiry,True,47.86
3070-DVEYC,2024-06-21 00:13:06,Account,False,
3071-MVJCD,2024-05-23 05:28:13,Account,True,6.16
3071-MVJCD,2024-06-11 19:52:46,Account,True,9.27
3071-VBYPO,2024-06-27 12:51:57,Billing,True,5.02
3074-GQWYX,2024-06-02 20:15:32,General Inquiry,True,17.62
3074-GQWYX,2024-06-09 05:06:33,Account,True,39.63
3078-ZKNTS,2024-04-30 12:34:10,Technical,True,5.04
3078-ZKNTS,2024-05-23 20:52:36,Service Outage,True,15.1
3078-ZKNTS,2024-06-05 20:02:35,Account,False,
3079-BCHLN,2024-04-22 10:46:44,General Inquiry,True,4.51
3082-VQXNH,2024-04-30 16:08:35,Account,True,4.32
3082-VQXNH,2024-06-11 11:31:15,Service Outage,True,4.95
3082-WQRVY,2024-05-05 05:06:17,Account,True,2.61
3085-QUOZK,2024-05-09 00:53:41,General Inquiry,False,
3085-QUOZK,2024-05-14 10:41:28,Service Outage,True,26.92
3085-QUOZK,2024-05-15 04:02:50,Billing,False,
3085-QUOZK,2024-06-11 11:09:36,Service Outage,True,26.11
3086-RUCRN,2024-05-10 14:18:04,Billing,True,4.48
3088-FVYWK,2024-04-03 00:50:51,General Inquiry,True,20.25
3088-LHEFH,2024-04-19 21:44:06,Service Outage,True,9.16
3090-LETTY,2024-05-12 19:36:46,Service Outage,False,
3090-LETTY,2024-06-11 05:28:35,General Inquiry,True,6.78
3090-QFUVD,2024-05-19 10:25:32,General Inquiry,True,2.59
3091-FYHKI,2024-04-07 17:52:11,Account,False,
3091-FYHKI,2024-05-01 13:18:52,Service Outage,True,27.84
3091-FYHKI,2024-05-21 14:52:38,Account,False,
3092-IGHWF,2024-06-22 10:09:58,Technical,False,
3094-JOJAI,2024-04-05 22:45:33,Account,False,
3094-JOJAI,2024-04-08 16:45:04,Account,True,2.43
3094-JOJAI,2024-04-22 04:11:27,Billing,True,3.69
3094-JOJAI,2024-05-12 09:26:38,General Inquiry,True,4.91
3094-JOJAI,2024-06-02 04:51:49,Account,True,3.44
3096-GKWEB,2024-05-19 02:17:46,Technical,True,8.83
3096-GKWEB,2024-06-03 09:10:29,Account,True,4.32
3096-GKWEB,2024-06-24 15:46:23,Service Outage,True,3.12
3096-GKWEB,2024-06-25 17:46:49,Account,True,5.91
3096-IZETN,2024-04-04 13:27:29,Service Outage,False,
3096-IZETN,2024-06-08 09:45:20,Technical,False,
3096-IZETN,2024-06-13 20:46:44,Technical,True,26.33
3096-IZETN,2024-06-14 11:14:26,Billing,True,40.0
3096-JRDSO,2024-05-29 14:00:46,Service Outage,True,11.85
3096-WPXBT,2024-04-08 00:42:47,Billing,True,5.73
3096-YXENJ,2024-04-07 22:46:52,Account,True,4.87
3096-YXENJ,2024-06-14 22:03:26,Technical,False,
3097-FQTVJ,2024-04-09 12:08:21,Service Outage,True,4.41
3097-FQTVJ,2024-05-20 06:53:50,Service Outage,False,
3097-FQTVJ,2024-05-29 00:56:36,Technical,True,4.83
3097-FQTVJ,2024-06-26 01:12:51,Billing,False,
3097-IDVPU,2024-04-10 08:15:17,General Inquiry,True,6.42
3097-IDVPU,2024-04-14 02:18:56,Service Outage,True,10.45
3097-IDVPU,2024-05-13 07:45:29,Billing,True,5.14
3097-IDVPU,2024-05-31 04:36:36,Account,True,6.2
3097-IDVPU,2024-06-09 00:36:50,Technical,True,15.89
3097-NNSPB,2024-04-14 09:53:06,Billing,False,
3097-NNSPB,2024-04-16 13:31:50,Service Outage,False,
3097-NQYSN,2024-04-29 16:45:16,Account,True,37.64
3097-NQYSN,2024-06-12 16:10:28,Billing,False,
3097-PYWXL,2024-04-14 01:19:09,General Inquiry,False,
3099-OONVS,2024-05-30 22:46:32,Technical,True,2.09
3104-OWCGK,2024-04-07 17:30:58,Service Outage,True,22.24
3104-OWCGK,2024-05-09 17:26:47,Service Outage,True,41.37
3104-OWCGK,2024-06-08 09:10:52,Technical,True,15.84
3108-PCCGG,2024-04-20 13:27:50,Technical,True,5.25
3108-PCCGG,2024-04-27 22:33:31,Billing,True,17.38
3108-PCCGG,2024-06-02 09:21:19,General Inquiry,True,1.56
3113-IWHLC,2024-06-04 03:14:43,Account,True,2.37
3113-IWHLC,2024-06-14 14:50:04,Service Outage,True,2.36
3115-CZMZD,2024-04-11 00:07:50,Service Outage,False,
3115-CZMZD,2024-06-20 06:35:10,Service Outage,True,8.82
3115-JPJDD,2024-04-13 16:00:34,General Inquiry,True,8.03
3115-JPJDD,2024-05-02 10:20:40,Service Outage,True,5.2
3115-JPJDD,2024-05-26 03:24:59,General Inquiry,True,3.66
3115-JPJDD,2024-06-21 18:55:27,General Inquiry,True,5.5
3118-UHVVQ,2024-05-02 09:02:53,Billing,True,5.07
3125-RAHBV,2024-05-16 21:34:50,Billing,True,8.09
3125-RAHBV,2024-05-24 20:46:29,Account,True,1.74
3126-WQMGH,2024-04-27 15:23:20,Billing,True,6.11
3126-WQMGH,2024-04-29 16:42:44,Technical,True,7.54
3126-WQMGH,2024-05-25 06:48:03,Billing,True,4.18
3128-YOVTD,2024-04-04 04:16:05,Technical,True,8.32
3128-YOVTD,2024-05-24 11:22:14,Technical,True,10.7
3129-AAQOU,2024-06-09 03:50:10,Account,True,14.3
3129-AAQOU,2024-06-11 16:10:51,Service Outage,True,5.43
3130-ICDUP,2024-06-02 20:32:13,Billing,True,9.35
3131-NWVFJ,2024-04-06 10:36:07,Service Outage,True,11.79
3131-NWVFJ,2024-05-07 17:56:45,Service Outage,True,11.62
3132-TVFDZ,2024-05-14 07:44:08,Service Outage,False,
3132-TVFDZ,2024-05-15 07:10:49,Technical,False,
3132-TVFDZ,2024-06-19 18:05:26,General Inquiry,False,
3132-TVFDZ,2024-06-28 17:24:41,Service Outage,False,
3133-PZNSR,2024-04-29 15:12:04,Account,True,2.62
3134-DSHVC,2024-04-22 20:30:03,Technical,True,6.54
3134-DSHVC,2024-06-06 21:07:58,General Inquiry,True,7.21
3137-LUPIX,2024-04-14 16:14:42,Account,True,4.34
3137-LUPIX,2024-05-30 18:53:28,General Inquiry,True,5.98
3137-NYQQI,2024-04-14 09:40:06,Billing,True,10.0
3137-NYQQI,2024-06-10 02:49:40,Service Outage,True,10.12
3137-NYQQI,2024-06-12 12:15:30,Billing,True,7.14
3137-NYQQI,2024-06-21 07:30:31,Billing,True,5.61
3137-NYQQI,2024-06-26 03:41:41,Service Outage,True,5.85
3138-BKYAV,2024-04-29 02:48:59,Technical,True,29.38
3138-BKYAV,2024-06-02 23:32:59,General Inquiry,True,48.07
3143-JQEGI,2024-04-19 03:54:05,General Inquiry,True,18.35
3143-JQEGI,2024-06-20 18:17:04,Account,True,26.09
3144-KMTWZ,2024-04-26 11:50:45,Service Outage,True,3.89
3146-MSEGF,2024-04-13 02:56:39,Service Outage,True,5.26
3148-AOIQT,2024-04-26 00:50:29,Service Outage,True,6.2
3148-AOIQT,2024-05-12 22:11:06,General Inquiry,True,9.69
3148-AOIQT,2024-06-05 19:19:47,Billing,True,2.46
3148-BLQJT,2024-04-11 04:50:43,Service Outage,False,
3154-CFSZG,2024-04-14 20:24:01,Technical,True,3.9
3154-CFSZG,2024-04-25 09:32:22,General Inquiry,True,7.83
3154-CFSZG,2024-04-27 14:53:16,Service Outage,False,
3154-CFSZG,2024-05-08 05:29:16,Service Outage,True,4.53
3154-HMWUU,2024-05-19 23:15:15,Billing,False,
3158-MOERK,2024-05-07 03:14:56,Billing,True,12.99
3158-MOERK,2024-05-28 08:52:01,Service Outage,False,
3158-MOERK,2024-06-29 18:10:51,Technical,True,49.31
3160-TYXLT,2024-04-09 18:51:15,Account,True,9.29
3160-TYXLT,2024-06-15 06:51:56,Account,True,7.91
3161-GETRM,2024-04-04 23:43:37,Technical,False,
3161-GETRM,2024-06-26 11:57:27,General Inquiry,False,
3162-KKZXO,2024-04-13 21:02:27,Technical,True,0.85
3162-KKZXO,2024-04-15 03:14:29,Billing,True,3.61
3162-ZJZFU,2024-05-08 11:49:26,Billing,True,7.17
3164-AALRN,2024-04-24 21:47:43,Account,False,
3164-AALRN,2024-05-10 15:52:19,General Inquiry,False,
3164-AALRN,2024-05-14 14:18:23,Billing,False,
3164-AALRN,2024-06-10 11:42:21,Account,True,44.6
3164-YAXFY,2024-04-29 08:21:18,General Inquiry,True,3.37
3164-YAXFY,2024-06-25 16:29:41,Service Outage,True,2.38
3165-HDOEW,2024-04-08 21:27:08,Account,False,
3165-HDOEW,2024-04-19 11:25:21,Service Outage,False,
3165-HDOEW,2024-06-19 16:10:48,General Inquiry,False,
3167-SNQPL,2024-05-11 23:45:31,Technical,True,6.65
3167-SNQPL,2024-05-27 20:02:14,Service Outage,True,11.0
3170-GWYKC,2024-06-14 00:59:20,Service Outage,True,11.84
3170-NMYVV,2024-05-27 04:19:06,Account,True,6.24
3173-WSSUE,2024-05-03 16:17:06,General Inquiry,True,1.75
3177-LASXD,2024-04-06 17:43:48,Billing,True,79.71
3177-LASXD,2024-04-16 23:41:06,Billing,False,
3177-LASXD,2024-05-14 14:21:30,General Inquiry,True,53.3
3178-FESZO,2024-05-03 22:51:47,Service Outage,True,39.99
3178-FESZO,2024-05-17 07:02:02,General Inquiry,True,15.73
3178-FESZO,2024-06-23 12:02:37,General Inquiry,True,12.53
3178-FESZO,2024-06-28 10:28:31,Service Outage,False,
3179-GBRWV,2024-05-03 11:13:09,Service Outage,True,9.35
3181-MIZBN,2024-05-19 20:35:19,General Inquiry,True,15.74
3186-AJIEK,2024-04-22 13:50:39,Service Outage,True,2.92
3186-BAXNB,2024-04-12 23:31:41,Account,True,35.68
3186-BAXNB,2024-04-25 01:18:38,Account,False,
3190-ITQXP,2024-05-25 17:18:47,Service Outage,True,4.23
3190-XFANI,2024-04-26 01:56:18,Billing,True,81.63
3191-CSNMG,2024-04-24 20:55:32,General Inquiry,False,
3191-CSNMG,2024-04-30 08:09:33,Technical,False,
3191-CSNMG,2024-05-14 15:31:26,Account,True,4.67
3191-CSNMG,2024-06-17 07:59:52,Account,True,4.99
3192-NQECA,2024-06-24 01:01:06,Account,False,
3195-TQDZX,2024-04-12 23:20:51,Technical,True,4.03
3196-NVXLZ,2024-04-02 20:32:26,Technical,True,8.41
3196-NVXLZ,2024-04-03 12:49:17,Technical,True,8.37
3196-NVXLZ,2024-04-13 21:59:38,Billing,True,12.51
3196-NVXLZ,2024-05-10 01:17:35,Account,True,6.99
3196-NVXLZ,2024-05-28 20:26:49,General Inquiry,True,4.71
3197-NNYNB,2024-04-09 00:39:38,Service Outage,True,7.88
3197-NNYNB,2024-04-10 21:37:37,Service Outage,True,2.85
3197-NNYNB,2024-04-15 03:00:36,Billing,False,
3197-NNYNB,2024-04-27 07:35:00,General Inquiry,False,
3197-NNYNB,2024-05-16 16:16:41,General Inquiry,True,11.26
3198-VELRD,2024-05-05 04:17:55,Account,True,13.77
3198-VELRD,2024-05-26 07:39:56,Service Outage,False,
3199-XGZCY,2024-04-02 21:16:29,Service Outage,True,3.12
3200-MNQTF,2024-05-22 15:04:32,Billing,True,5.9
3205-MXZRA,2024-05-06 20:05:07,Billing,True,9.75
3205-MXZRA,2024-05-30 00:47:22,Service Outage,True,14.39
3207-OYBWH,2024-04-14 19:43:07,Service Outage,True,20.23
3207-OYBWH,2024-04-18 20:55:55,Service Outage,True,17.71
3207-OYBWH,2024-04-25 02:58:13,Billing,False,
3207-OYBWH,2024-05-16 23:52:25,Technical,False,
3208-YPIOE,2024-04-13 14:38:59,Account,False,
3208-YPIOE,2024-04-29 03:55:16,Technical,True,20.59
3208-YPIOE,2024-05-05 10:26:47,Technical,True,10.73
3208-YPIOE,2024-05-10 19:58:06,Account,True,14.0
3208-YPIOE,2024-06-07 18:55:04,Account,True,17.25
3209-ZPKFI,2024-04-21 22:20:14,Service Outage,True,8.93
3211-AAPKX,2024-05-22 20:23:39,Technical,True,7.15
3211-AAPKX,2024-06-03 02:58:25,Account,True,4.33
3211-AAPKX,2024-06-05 06:10:57,Technical,True,7.58
3211-AAPKX,2024-06-12 03:33:59,General Inquiry,True,11.99
3211-ILJTT,2024-04-19 09:47:09,Account,True,26.81
3211-ILJTT,2024-05-11 19:11:07,Technical,False,
3211-ILJTT,2024-05-15 12:38:40,Technical,False,
3212-KXOCR,2024-05-04 02:38:00,General Inquiry,True,10.15
3212-KXOCR,2024-05-10 16:10:24,Service Outage,True,6.08
3214-IYUUQ,2024-04-11 06:31:26,Service Outage,True,9.07
3217-FZDMN,2024-05-27 13:09:47,General Inquiry,False,
3217-FZDMN,2024-06-07 12:24:50,Account,True,67.03
3217-FZDMN,2024-06-28 18:40:15,Account,True,42.65
3223-DWFIO,2024-05-22 01:21:43,Service Outage,True,2.22
3223-DWFIO,2024-06-07 17:19:23,Technical,True,10.66
3227-WLKLI,2024-05-04 18:48:43,Account,False,
3227-WLKLI,2024-05-13 16:00:51,Service Outage,True,4.59
3229-USWAR,2024-04-14 08:13:38,General Inquiry,False,
3230-JCNZS,2024-04-09 21:20:10,Technical,True,3.36
3230-JCNZS,2024-05-09 05:47:59,Service Outage,False,
3230-JCNZS,2024-05-30 00:22:00,General Inquiry,True,5.83
3230-JCNZS,2024-05-30 18:54:31,Billing,True,7.99
3230-WYKIR,2024-04-04 12:50:00,Account,False,
3230-WYKIR,2024-04-13 01:57:08,Technical,True,8.41
3230-WYKIR,2024-06-14 23:09:14,Account,False,
3230-WYKIR,2024-06-24 07:19:12,Technical,False,
3234-VKACU,2024-04-27 07:48:46,Service Outage,True,7.43
3234-VKACU,2024-06-20 15:59:41,Account,True,3.19
3235-ETOOB,2024-04-24 04:15:31,Billing,False,
3235-ETOOB,2024-05-21 02:39:43,Billing,True,47.91
3235-ETOOB,2024-06-21 16:35:51,Technical,False,
3237-AJGEH,2024-04-09 11:48:38,Billing,True,19.66
3237-AJGEH,2024-04-09 14:06:29,Account,False,
3237-AJGEH,2024-06-20 08:29:45,Billing,False,
3239-TPHPZ,2024-06-13 07:21:42,Account,False,
3243-ZHOHY,2024-05-20 19:40:36,Service Outage,True,8.48
3243-ZHOHY,2024-06-28 04:19:23,Billing,True,3.6
3244-CQPHU,2024-05-12 14:47:56,Billing,True,16.49
3244-CQPHU,2024-05-31 04:25:23,Account,True,4.43
3244-DCJWY,2024-04-30 04:44:43,General Inquiry,True,16.26
3244-DCJWY,2024-05-24 00:33:51,Service Outage,False,
3244-DCJWY,2024-06-06 19:58:27,General Inquiry,True,34.18
3244-DCJWY,2024-06-28 16:22:30,General Inquiry,False,
3247-MHJKM,2024-06-20 09:55:25,Billing,False,
3247-ZVOUO,2024-04-13 18:07:32,Account,True,60.76
3247-ZVOUO,2024-06-10 18:01:59,Service Outage,True,6.24
3249-VHRIP,2024-04-20 16:24:29,Billing,True,4.1
3249-VHRIP,2024-04-27 00:06:42,Billing,True,3.44
3251-YMVWZ,2024-05-16 03:15:37,Service Outage,True,13.62
3251-YMVWZ,2024-05-26 12:15:22,General Inquiry,True,6.98
3253-HKOKL,2024-04-29 01:37:10,Account,True,3.21
3253-HKOKL,2024-05-02 14:00:15,Account,False,
3253-HKOKL,2024-05-13 01:02:35,General Inquiry,True,5.15
3253-HKOKL,2024-05-25 02:17:22,Billing,True,4.29
3253-HKOKL,2024-06-07 17:45:48,Billing,True,1.33
3254-YRILK,2024-04-04 23:59:46,Billing,False,
3254-YRILK,2024-04-15 10:41:30,Technical,False,
3254-YRILK,2024-05-18 12:50:22,Account,False,
3255-GRXMG,2024-05-05 11:59:01,Account,True,13.88
3255-GRXMG,2024-06-03 01:42:41,General Inquiry,False,
3255-GRXMG,2024-06-24 00:57:52,Technical,True,3.21
3256-EZDBI,2024-04-19 16:43:30,Billing,True,12.36
3256-EZDBI,2024-04-27 05:36:23,Account,True,5.96
3256-EZDBI,2024-06-19 19:54:37,Billing,True,12.97
3258-SANFR,2024-04-29 15:28:24,Billing,True,6.05
3258-SANFR,2024-05-14 15:56:03,Account,True,6.71
3258-SYSWS,2024-04-03 14:36:05,Billing,True,12.53
3259-FDWOY,2024-04-04 10:04:32,Billing,False,
3259-FDWOY,2024-04-10 21:29:36,Service Outage,True,29.16
3259-FDWOY,2024-04-21 12:33:19,General Inquiry,False,
3259-FDWOY,2024-05-31 15:19:50,Billing,True,13.25
3259-FDWOY,2024-06-09 23:52:59,Billing,True,7.23
3259-KNMRR,2024-04-04 00:35:24,Technical,True,7.5
3259-KNMRR,2024-06-05 15:29:15,General Inquiry,True,8.45
3259-QMXUN,2024-05-30 20:11:32,Account,False,
3261-CQXOL,2024-04-29 18:25:42,Technical,True,4.1
3266-FTKHB,2024-04-21 21:21:04,General Inquiry,True,8.6
3266-FTKHB,2024-04-28 17:50:33,Technical,True,7.56
3266-FTKHB,2024-05-01 10:23:42,Technical,True,21.61
3266-FTKHB,2024-06-25 03:35:43,Account,True,11.35
3272-VUHPV,2024-04-17 03:55:08,Account,True,7.16
3274-NSDWE,2024-06-20 23:52:58,Service Outage,True,5.12
3275-RHRNE,2024-04-05 06:29:54,Service Outage,True,3.25
3276-HDUEG,2024-04-05 15:07:20,General Inquiry,True,18.64
3276-HDUEG,2024-05-07 04:25:09,Account,True,11.95
3276-HDUEG,2024-05-10 20:24:53,Account,False,
3276-HDUEG,2024-05-23 10:30:07,Service Outage,False,
3276-HDUEG,2024-06-02 16:15:53,Billing,True,19.46
3279-DYZQM,2024-05-19 15:06:05,Technical,True,1.18
3279-DYZQM,2024-06-29 13:49:05,General Inquiry,True,4.99
3280-MRDOF,2024-04-29 04:51:17,General Inquiry,True,8.52
3280-MRDOF,2024-05-08 20:12:59,Billing,True,4.86
3280-NMUVX,2024-04-19 01:53:41,Service Outage,True,4.03
3282-ZISZV,2024-06-07 19:39:46,Technical,True,13.21
3283-WCWXT,2024-04-18 16:07:03,Billing,True,2.55
3283-WCWXT,2024-04-27 17:51:24,Service Outage,True,35.72
3284-SVCRO,2024-05-13 09:29:43,Technical,True,7.11
3295-YVUSR,2024-04-30 21:42:44,General Inquiry,True,12.55
3295-YVUSR,2024-05-25 08:24:33,Technical,False,
3295-YVUSR,2024-06-17 19:30:10,Service Outage,True,5.66
3295-YVUSR,2024-06-20 12:21:21,Service Outage,True,16.35
3295-YVUSR,2024-06-24 17:08:53,Billing,True,2.99
3296-SILRA,2024-04-18 16:08:49,Service Outage,False,
3298-QEICA,2024-04-16 21:37:06,Technical,True,14.03
3298-QEICA,2024-05-30 11:55:27,General Inquiry,True,9.54
3298-QEICA,2024-06-05 21:06:09,General Inquiry,True,7.14
3301-LSLWQ,2024-04-20 20:28:47,Account,True,3.87
3301-LSLWQ,2024-05-21 08:24:58,Technical,True,12.97
3301-VKTGC,2024-04-18 04:48:02,General Inquiry,True,9.01
3301-VKTGC,2024-04-24 03:26:56,Technical,True,1.47
3301-VKTGC,2024-04-26 15:05:25,Service Outage,True,4.61
3301-VKTGC,2024-05-14 20:47:14,Service Outage,True,5.41
3307-TLCUD,2024-06-21 21:10:09,Billing,True,5.36
3308-DGHKL,2024-04-24 06:21:03,Technical,True,3.32
3308-DGHKL,2024-05-12 16:57:30,Billing,True,4.38
3312-UUMZW,2024-04-10 20:58:43,Service Outage,False,
3312-UUMZW,2024-05-24 07:16:22,Account,True,7.18
3313-QKNKB,2024-05-21 09:33:05,General Inquiry,True,16.92
3315-IKYZQ,2024-05-29 20:14:04,General Inquiry,True,16.02
3315-TOTBP,2024-05-27 03:19:15,Technical,True,56.16
3315-TOTBP,2024-06-12 22:09:31,Technical,True,15.0
3315-TOTBP,2024-06-29 00:27:01,Billing,True,24.9
3316-UWXUY,2024-04-17 21:27:32,Service Outage,True,2.84
3317-HRTNN,2024-04-25 02:48:13,Billing,True,32.88
3317-HRTNN,2024-05-25 17:19:12,Technical,True,14.88
3317-HRTNN,2024-06-07 04:14:23,Service Outage,False,
3317-VLGQT,2024-04-18 15:42:54,Service Outage,True,2.14
3317-VLGQT,2024-04-24 11:09:15,General Inquiry,True,6.65
3317-VLGQT,2024-05-20 04:23:04,General Inquiry,True,2.99
3317-VLGQT,2024-05-26 07:52:31,Billing,True,8.39
3318-ISQFQ,2024-06-30 10:17:23,General Inquiry,True,5.69
3318-NMQXL,2024-06-21 03:28:07,General Inquiry,True,3.1
3318-NMQXL,2024-06-24 21:24:01,Service Outage,True,8.49
3318-NMQXL,2024-06-27 15:16:48,General Inquiry,True,6.64
3318-OSATS,2024-04-12 13:44:41,General Inquiry,True,14.93
3318-OSATS,2024-05-07 15:53:40,General Inquiry,True,43.27
3318-OSATS,2024-05-31 11:55:22,General Inquiry,False,
3318-OSATS,2024-06-19 18:02:28,General Inquiry,False,
3319-DWOEP,2024-06-03 18:05:28,General Inquiry,True,23.73
3320-VEOYC,2024-05-05 04:53:21,Billing,True,6.15
3320-VEOYC,2024-06-03 14:46:23,General Inquiry,True,7.59
3323-CPBWR,2024-06-09 02:52:12,General Inquiry,True,4.99
3324-OIRTO,2024-04-30 11:27:13,Service Outage,True,2.87
3324-OIRTO,2024-05-04 09:56:22,Service Outage,True,4.29
3324-OIRTO,2024-05-26 07:39:45,Service Outage,True,4.78
3324-OIRTO,2024-06-08 23:41:04,Technical,True,5.37
3324-OIRTO,2024-06-11 06:41:10,Technical,True,4.41
3325-FUYCG,2024-05-21 12:49:32,Billing,True,51.45
3325-FUYCG,2024-06-22 07:21:50,Account,True,23.92
3327-YBAKM,2024-05-17 22:28:30,Technical,True,6.14
3327-YBAKM,2024-06-09 17:46:01,Technical,True,5.34
3329-WDIOK,2024-04-25 21:35:20,Billing,True,13.34
3329-WDIOK,2024-04-28 00:57:57,Account,True,30.67
3331-HQDTW,2024-04-03 23:05:55,Billing,False,
3331-HQDTW,2024-04-10 04:42:09,Account,False,
3331-HQDTW,2024-04-21 19:42:02,Service Outage,False,
3334-CTHOL,2024-04-28 04:12:46,General Inquiry,False,
3334-CTHOL,2024-06-11 21:50:39,Technical,False,
3334-CTHOL,2024-06-12 22:16:55,Technical,True,18.7
3336-JORSO,2024-06-05 10:03:41,Billing,True,21.93
3338-CVVEH,2024-04-02 05:49:05,Billing,True,5.63
3338-CVVEH,2024-04-13 14:17:17,Billing,True,10.26
3338-CVVEH,2024-05-03 14:13:14,Service Outage,False,
3338-CVVEH,2024-06-18 05:36:44,Billing,True,4.14
3338-CVVEH,2024-06-23 09:58:02,Technical,False,
3339-EAQNV,2024-04-02 15:36:15,General Inquiry,False,
3339-EAQNV,2024-04-15 03:14:06,Billing,False,
3339-EAQNV,2024-04-16 20:22:22,Billing,True,18.05
3339-EAQNV,2024-05-06 01:01:52,General Inquiry,True,4.52
3340-QBBFM,2024-05-02 11:19:31,Account,True,5.55
3345-JHUEO,2024-05-03 18:31:39,Account,True,4.53
3345-JHUEO,2024-06-06 02:17:03,Billing,True,5.13
3345-PBBFH,2024-06-07 14:12:22,Billing,True,4.63
3345-PBBFH,2024-06-17 03:38:34,Service Outage,True,14.46
3346-BRMIS,2024-04-06 16:18:36,Technical,False,
3346-BRMIS,2024-05-12 11:23:26,Service Outage,True,9.72
3346-BRMIS,2024-05-18 09:13:15,Billing,False,
3346-BRMIS,2024-06-03 18:29:32,Account,True,22.87
3346-BRMIS,2024-06-09 01:28:27,General Inquiry,True,11.21
3347-YJZZE,2024-04-18 03:02:50,Account,True,6.59
3347-YJZZE,2024-04-19 10:33:24,Billing,True,6.34
3347-YJZZE,2024-05-01 07:52:19,Account,True,4.12
3347-YJZZE,2024-05-29 15:08:57,Technical,False,
3347-YJZZE,2024-06-20 07:35:32,Account,True,7.78
3348-CFRNX,2024-04-30 23:59:36,Service Outage,False,
3348-CFRNX,2024-05-29 02:56:02,Technical,False,
3349-ANQNH,2024-04-19 02:00:22,General Inquiry,True,12.59
3349-ANQNH,2024-05-26 16:15:54,General Inquiry,False,
3351-NQLDI,2024-05-26 01:07:57,General Inquiry,True,9.44
3351-NQLDI,2024-06-14 02:32:08,Account,True,48.35
3352-ALMCK,2024-04-13 20:17:57,General Inquiry,True,6.08
3352-ALMCK,2024-06-02 03:30:55,Account,True,5.14
3352-RICWQ,2024-06-21 13:39:51,Account,True,6.93
3354-OADJP,2024-04-16 22:15:29,Account,True,6.36
3363-DTIVD,2024-04-20 02:46:36,General Inquiry,True,4.8
3363-DTIVD,2024-05-05 10:03:38,Technical,True,6.31
3365-SAIGS,2024-05-20 15:19:00,General Inquiry,False,
3365-SAIGS,2024-06-09 05:56:59,Service Outage,True,6.79
3370-GQEAL,2024-04-17 15:09:44,Billing,True,24.44
3370-HXOPH,2024-04-17 13:12:36,General Inquiry,True,13.12
3370-HXOPH,2024-06-16 06:45:43,Technical,True,8.44
3372-CDXFJ,2024-04-04 13:26:49,Account,True,5.66
3372-CDXFJ,2024-04-16 23:34:46,Account,True,5.34
3372-KWFBM,2024-05-05 06:53:23,Technical,False,
3372-KWFBM,2024-05-19 15:44:39,Account,True,32.06
3372-KWFBM,2024-05-24 17:32:07,General Inquiry,True,30.72
3373-DIUUN,2024-05-28 12:15:13,Account,False,
3373-YZZYM,2024-05-03 21:29:12,Account,True,3.99
3374-PZLXD,2024-05-26 19:16:10,Account,True,3.31
3374-PZLXD,2024-05-26 22:07:54,Service Outage,True,3.57
3374-TTZTK,2024-04-10 23:45:20,Billing,False,
3374-TTZTK,2024-04-20 22:25:11,Account,True,2.99
3374-TTZTK,2024-06-08 05:50:17,General Inquiry,True,8.76
3376-BMGFE,2024-04-25 19:10:19,General Inquiry,True,10.74
3376-BMGFE,2024-05-12 07:57:07,Service Outage,False,
3376-BMGFE,2024-06-15 15:44:59,Technical,False,
3378-AJRAO,2024-05-29 03:35:45,Service Outage,True,1.8
3384-CTMSF,2024-04-12 07:27:04,Technical,True,5.37
3384-CTMSF,2024-06-10 09:04:28,Account,True,6.27
3384-CTMSF,2024-06-24 08:57:18,Service Outage,True,4.84
3387-PLKUI,2024-04-27 00:05:26,Service Outage,True,4.35
3387-VATUS,2024-04-10 12:15:42,Technical,True,37.38
3387-VATUS,2024-04-21 02:35:26,General Inquiry,False,
3387-VATUS,2024-05-06 01:51:54,Service Outage,True,47.09
3387-VATUS,2024-05-24 06:20:33,Account,True,27.54
3387-VATUS,2024-05-29 15:30:47,Service Outage,True,42.71
3389-KTRXV,2024-04-28 00:31:18,Technical,True,5.6
3389-YGYAI,2024-05-13 03:28:18,Technical,True,77.25
3389-YGYAI,2024-06-02 20:26:16,Account,True,46.39
3389-YGYAI,2024-06-22 11:32:22,Billing,False,
3391-JSQEW,2024-06-22 02:27:50,Technical,True,2.01
3392-EHMNK,2024-06-19 10:57:10,General Inquiry,True,6.85
3393-FMZPV,2024-06-11 13:07:46,Billing,True,33.32
3397-AVTKU,2024-04-30 01:21:34,Account,False,
3397-AVTKU,2024-05-10 07:43:10,General Inquiry,True,2.79
3397-AVTKU,2024-05-15 03:24:05,General Inquiry,True,7.07
3397-AVTKU,2024-05-25 14:49:57,Technical,True,7.37
3397-AVTKU,2024-05-31 14:30:16,Technical,True,2.68
3398-FSHON,2024-05-05 16:06:09,Technical,False,
3398-FSHON,2024-05-22 11:26:03,Account,True,17.96
3398-FSHON,2024-06-28 04:32:56,Service Outage,False,
3398-ZOUAA,2024-04-10 09:05:31,General Inquiry,True,16.6
3398-ZOUAA,2024-05-09 23:37:44,General Inquiry,False,
3399-BMLVW,2024-05-10 11:13:29,General Inquiry,True,4.87
3399-BMLVW,2024-05-15 18:57:08,Account,True,7.94
3399-BMLVW,2024-05-18 13:54:16,General Inquiry,False,
3399-BMLVW,2024-06-30 12:21:40,Account,True,13.17
3400-ESFUW,2024-05-13 00:46:20,Billing,False,
3401-URHDA,2024-06-14 02:22:38,Billing,True,5.99
3401-URHDA,2024-06-30 02:20:14,General Inquiry,True,2.72
3404-JNXAX,2024-05-31 20:41:25,Billing,True,5.29
3404-JNXAX,2024-06-30 11:54:41,Billing,True,5.96
3407-JMJQQ,2024-05-23 19:57:33,Technical,True,13.89
3407-JMJQQ,2024-06-03 13:11:06,General Inquiry,True,8.17
3407-JMJQQ,2024-06-23 08:39:51,General Inquiry,False,
3407-QGWLG,2024-06-13 16:24:38,General Inquiry,True,7.09
3407-QGWLG,2024-06-23 01:06:19,Account,False,
3410-MHHUM,2024-04-11 22:51:12,Service Outage,True,15.45
3411-WLRSQ,2024-04-19 21:41:58,Technical,True,5.68
3411-WLRSQ,2024-05-27 17:34:48,Billing,True,25.15
3413-BMNZE,2024-04-06 00:48:40,Service Outage,True,3.36
3413-BMNZE,2024-04-18 21:43:31,Account,True,6.95
3413-BMNZE,2024-05-02 00:32:57,Service Outage,True,11.37
3413-BMNZE,2024-06-14 07:05:56,General Inquiry,True,5.73
3413-BMNZE,2024-06-30 08:05:48,Technical,False,
3413-CSSTH,2024-04-18 02:26:01,Billing,True,11.73
3413-CSSTH,2024-04-28 04:55:42,General Inquiry,True,3.27
3413-CSSTH,2024-06-07 08:22:54,Service Outage,True,8.29
3413-DHLPB,2024-04-06 03:43:11,Billing,True,10.51
3415-TAILE,2024-05-07 00:33:33,Billing,True,22.45
3415-TAILE,2024-06-04 13:10:58,Service Outage,True,18.64
3417-TSCIC,2024-04-05 09:43:37,Billing,True,6.58
3419-SNJJD,2024-04-05 17:58:18,General Inquiry,False,
3419-SNJJD,2024-05-14 20:33:25,General Inquiry,False,
3419-SNJJD,2024-06-08 00:17:19,Billing,True,26.05
3420-YJLQT,2024-05-11 00:37:21,Service Outage,True,2.64
3420-YJLQT,2024-05-16 12:38:49,General Inquiry,False,
3420-YJLQT,2024-05-17 23:09:35,Account,True,23.94
3420-YJLQT,2024-06-11 03:31:05,Technical,True,4.04
3420-YJLQT,2024-06-25 16:05:44,Technical,True,5.21
3420-ZDBMA,2024-04-16 20:32:21,Service Outage,True,3.76
3420-ZDBMA,2024-05-04 02:37:20,Account,True,5.12
3420-ZDBMA,2024-06-22 21:23:53,Billing,True,5.94
3420-ZDBMA,2024-06-26 04:42:44,Technical,True,4.73
3422-GALYP,2024-04-07 23:31:38,Billing,True,2.41
3422-GALYP,2024-05-01 13:51:32,Service Outage,True,11.64
3422-GALYP,2024-05-28 17:35:24,Account,True,3.27
3422-GALYP,2024-05-30 06:19:42,Service Outage,True,3.88
3422-LYEPQ,2024-04-19 06:59:17,Account,True,39.32
3422-LYEPQ,2024-04-21 18:59:55,Billing,True,34.01
3422-LYEPQ,2024-05-22 12:40:41,Technical,False,
3422-LYEPQ,2024-06-11 12:41:00,Service Outage,False,
3422-WJOYD,2024-04-18 23:54:12,General Inquiry,True,3.39
3423-HHXAO,2024-06-17 09:49:22,Technical,False,
3424-NMNBO,2024-04-12 06:02:19,Billing,True,26.74
3424-NMNBO,2024-04-13 18:24:13,Account,False,
3424-NMNBO,2024-05-12 20:42:11,Billing,False,
3424-NMNBO,2024-05-17 07:03:21,General Inquiry,True,27.27
3424-NMNBO,2024-06-03 04:32:55,Service Outage,False,
3426-NIYYL,2024-04-27 07:15:20,General Inquiry,True,12.32
3426-NIYYL,2024-04-29 23:25:32,Billing,True,39.62
3428-MMGUB,2024-04-08 02:33:30,Service Outage,False,
3428-MMGUB,2024-05-24 12:10:18,Billing,True,3.32
3428-XZMAZ,2024-04-14 16:40:01,Technical,True,31.8
3428-XZMAZ,2024-04-27 19:33:18,Account,True,54.27
3428-XZMAZ,2024-05-31 23:24:11,Technical,True,49.22
3439-GVUSX,2024-05-05 07:29:22,General Inquiry,True,3.72
3440-JPSCL,2024-04-20 23:15:47,General Inquiry,False,
3440-JPSCL,2024-05-15 21:15:26,General Inquiry,True,59.9
3440-JPSCL,2024-06-30 03:43:32,Service Outage,True,15.16
3441-CGZJH,2024-05-18 11:06:58,General Inquiry,True,14.4
3442-ZHHCC,2024-04-13 01:13:58,General Inquiry,True,4.67
3442-ZHHCC,2024-05-07 08:58:53,Billing,True,3.86
3442-ZHHCC,2024-05-24 04:54:45,Account,True,8.13
3442-ZHHCC,2024-06-13 01:50:53,Billing,True,6.85
3445-HXXGF,2024-04-30 04:51:45,General Inquiry,False,
3445-HXXGF,2024-05-14 13:31:12,Account,False,
3445-HXXGF,2024-06-06 03:53:00,Billing,False,
3445-HXXGF,2024-06-11 15:03:07,General Inquiry,True,14.0
3445-HXXGF,2024-06-13 07:02:24,Service Outage,True,47.02
3450-WXOAT,2024-04-04 08:24:40,Account,True,4.83
3450-WXOAT,2024-04-17 09:51:50,Billing,True,8.21
3450-WXOAT,2024-04-21 07:20:56,Billing,True,7.66
3450-WXOAT,2024-06-19 16:28:47,Account,True,6.26
3451-VAWLI,2024-04-21 17:51:18,Service Outage,True,5.9
3451-VAWLI,2024-04-30 04:00:21,Account,True,12.15
3451-VAWLI,2024-05-08 10:07:57,Technical,True,8.28
3452-ABWRL,2024-05-02 22:33:15,Account,True,4.92
3452-ABWRL,2024-05-25 02:20:57,Technical,True,5.41
3452-GWUIN,2024-06-08 19:24:24,Technical,True,5.68
3452-GWUIN,2024-06-27 07:23:46,General Inquiry,False,
3452-SRFEG,2024-06-03 21:06:22,Billing,True,3.57
3453-RTHJQ,2024-04-10 21:53:01,Technical,True,21.85
3453-RTHJQ,2024-04-19 19:22:21,Account,True,12.28
3453-RTHJQ,2024-06-10 02:08:09,Billing,True,8.68
3454-JFUBC,2024-04-23 18:16:48,General Inquiry,True,6.06
3460-TJBWI,2024-04-18 16:05:00,General Inquiry,False,
3460-TJBWI,2024-05-16 01:17:54,Billing,True,30.18
3460-TJBWI,2024-06-27 08:36:02,General Inquiry,True,5.66
3462-BJQQA,2024-04-08 20:01:43,General Inquiry,True,14.47
3462-BJQQA,2024-05-01 10:42:30,Service Outage,True,7.33
3462-BJQQA,2024-06-13 12:59:20,Service Outage,True,4.27
3466-BYAVD,2024-05-01 06:53:58,Technical,False,
3466-BYAVD,2024-05-27 06:10:46,Billing,True,3.69
3466-RITXD,2024-06-01 08:50:40,Account,True,10.78
3466-RITXD,2024-06-07 13:31:39,Technical,True,1.95
3466-RITXD,2024-06-26 12:56:20,Billing,True,5.66
3466-WAESX,2024-04-24 18:31:44,Technical,True,5.45
3466-WAESX,2024-05-06 07:28:59,Service Outage,True,7.28
3466-WAESX,2024-05-07 17:02:19,Billing,True,9.46
3466-WAESX,2024-06-29 17:59:38,Account,True,6.25
3468-DRVQJ,2024-04-26 02:42:57,Account,True,16.26
3470-BTGQO,2024-05-11 06:25:41,Account,True,3.66
3470-BTGQO,2024-06-06 18:26:15,Technical,True,8.57
3470-BTGQO,2024-06-06 22:30:10,General Inquiry,False,
3470-BTGQO,2024-06-11 10:18:22,General Inquiry,True,3.89
3470-BTGQO,2024-06-13 19:07:45,Billing,True,9.8
3472-OAOOR,2024-06-14 03:18:01,Billing,True,3.69
3472-QPRCH,2024-05-03 04:50:10,General Inquiry,True,20.16
3473-XIIIT,2024-04-11 10:32:04,Account,False,
3473-XIIIT,2024-04-21 10:32:02,Account,False,
3473-XIIIT,2024-05-18 22:49:45,Technical,False,
3473-XIIIT,2024-06-10 23:50:44,Technical,True,45.68
3473-XIIIT,2024-06-30 16:19:11,General Inquiry,True,18.21
3474-BAFSJ,2024-04-19 04:20:44,Technical,True,6.68
3474-BAFSJ,2024-05-21 14:19:03,General Inquiry,True,6.46
3481-JHUZH,2024-04-06 07:04:59,Technical,True,8.65
3481-JHUZH,2024-04-10 13:18:52,General Inquiry,True,4.5
3481-JHUZH,2024-04-28 06:08:58,Service Outage,True,14.27
3481-JHUZH,2024-05-02 18:43:49,Billing,True,6.21
3481-JHUZH,2024-06-23 00:09:50,Service Outage,True,26.07
3482-ABPKK,2024-04-16 18:44:05,Account,True,8.69
3486-HOOGQ,2024-05-01 13:09:25,Account,True,3.39
3486-KHMLI,2024-06-10 10:05:03,General Inquiry,True,6.8
3486-KHMLI,2024-06-27 05:29:23,Service Outage,True,3.53
3486-NPGST,2024-05-02 11:24:57,Service Outage,True,5.29
3486-NPGST,2024-05-06 00:44:40,Billing,True,10.11
3487-EARAT,2024-06-01 05:41:49,Billing,True,8.28
3488-PGMQJ,2024-04-20 04:14:07,Service Outage,True,32.89
3488-PGMQJ,2024-05-13 05:44:48,Account,True,25.26
3494-JCHRQ,2024-05-23 15:48:29,Account,True,27.83
3496-LFSZU,2024-04-26 13:06:25,Billing,True,2.7
3496-LFSZU,2024-05-01 13:58:11,General Inquiry,True,22.44
3496-LFSZU,2024-05-28 02:56:31,Account,False,
3498-LZGQZ,2024-04-26 07:53:18,Service Outage,True,4.62
3500-NSDOA,2024-04-08 20:39:50,Billing,True,10.49
3503-TYDAY,2024-04-27 01:59:52,Account,True,9.76
3503-TYDAY,2024-05-17 12:30:46,Account,True,2.4
3503-TYDAY,2024-06-12 18:25:17,General Inquiry,True,4.72
3503-TYDAY,2024-06-30 20:46:04,Service Outage,True,4.31
3506-LCJDC,2024-05-16 16:22:47,Service Outage,True,18.68
3506-OVLKD,2024-04-27 11:55:28,General Inquiry,False,
3507-GASNP,2024-06-22 04:43:30,Billing,True,2.89
3508-CFVZL,2024-04-07 17:22:49,Technical,True,4.52
3508-CFVZL,2024-05-20 23:52:27,Service Outage,True,9.89
3508-VLHCZ,2024-05-27 02:11:37,Account,True,5.08
3509-GWQGF,2024-05-27 07:57:38,Billing,True,2.51
3509-GWQGF,2024-05-27 20:17:34,Technical,True,8.96
3511-APPBJ,2024-04-23 16:29:40,Technical,True,1.78
3511-APPBJ,2024-05-22 09:02:53,Billing,True,5.1
3511-APPBJ,2024-05-25 09:23:53,Billing,True,26.35
3511-BFTJW,2024-04-29 18:54:41,Technical,True,2.35
3511-BFTJW,2024-06-19 01:35:52,Service Outage,True,7.42
3512-IZIKN,2024-05-13 19:42:30,Billing,False,
3518-FSTWG,2024-05-12 17:34:10,General Inquiry,True,8.79
3518-FSTWG,2024-05-29 06:45:15,Billing,True,12.19
3518-PZXZQ,2024-05-02 03:59:48,Billing,False,
3518-PZXZQ,2024-06-16 16:28:50,Billing,True,24.55
3518-PZXZQ,2024-06-16 16:58:09,Technical,True,7.21
3519-ZKXGG,2024-04-04 19:51:31,Account,True,37.12
3519-ZKXGG,2024-04-27 02:22:13,Billing,False,
3519-ZKXGG,2024-05-05 19:34:28,Technical,True,36.39
3519-ZKXGG,2024-06-02 21:14:57,General Inquiry,False,
3521-MNKLV,2024-06-06 18:44:17,Billing,True,13.66
3521-MNKLV,2024-06-13 21:14:18,Service Outage,False,
3521-SYVOR,2024-06-12 05:48:04,Account,False,
3521-SYVOR,2024-06-21 14:51:29,General Inquiry,False,
3521-SYVOR,2024-06-27 14:32:56,Service Outage,True,35.62
3522-CDKHF,2024-04-22 19:16:09,Account,True,13.29
3522-CDKHF,2024-06-12 21:34:37,Service Outage,True,5.53
3523-BRGUW,2024-05-31 23:16:16,Technical,True,3.61
3523-QRQLL,2024-06-06 23:09:07,Billing,True,14.08
3524-WQDSG,2024-04-22 05:52:31,General Inquiry,True,2.68
3524-WQDSG,2024-05-10 20:39:15,Technical,True,3.78
3525-DVKFN,2024-05-25 18:30:09,Service Outage,False,
3525-DVKFN,2024-06-04 20:42:18,Billing,True,7.82
3528-HFRIQ,2024-05-14 11:39:00,Service Outage,True,8.29
3528-HFRIQ,2024-05-31 06:56:48,General Inquiry,False,
3528-HFRIQ,2024-06-19 19:51:46,General Inquiry,True,2.38
3530-CRZSB,2024-04-02 14:15:40,Technical,True,2.8
3530-CRZSB,2024-05-20 02:14:21,General Inquiry,True,4.57
3530-CRZSB,2024-06-08 12:30:50,General Inquiry,True,4.89
3530-VWVGU,2024-06-03 19:25:05,Account,True,14.68
3533-UVMOM,2024-04-25 00:40:44,General Inquiry,True,3.87
3533-UVMOM,2024-05-13 23:22:16,Account,True,6.65
3533-UVMOM,2024-05-14 16:21:19,Technical,False,
3533-UVMOM,2024-05-31 15:03:08,General Inquiry,True,3.98
3533-UVMOM,2024-06-09 17:43:23,Service Outage,True,2.01
3536-IQCTX,2024-05-11 18:43:49,General Inquiry,True,16.02
3536-IQCTX,2024-05-13 05:39:24,Service Outage,False,
3536-IQCTX,2024-05-18 14:20:28,Billing,False,
3536-IQCTX,2024-05-27 22:37:24,Technical,True,4.61
3536-IQCTX,2024-05-31 02:44:24,Service Outage,True,17.63
3537-HPKQT,2024-05-23 08:00:26,General Inquiry,False,
3537-HPKQT,2024-06-20 21:59:39,Service Outage,True,15.26
3537-RYBHH,2024-04-05 22:02:31,Account,True,3.03
3537-RYBHH,2024-05-28 03:56:48,Service Outage,True,4.72
3538-WZPHD,2024-04-04 13:54:20,Account,False,
3538-WZPHD,2024-04-20 09:01:31,Account,True,28.83
3538-WZPHD,2024-06-17 08:01:28,Service Outage,False,
3540-RZJYU,2024-04-25 17:13:38,Service Outage,False,
3540-RZJYU,2024-05-03 06:36:37,Billing,True,5.66
3541-ZNUHK,2024-04-04 22:52:52,Technical,True,4.95
3541-ZNUHK,2024-04-06 23:43:13,Service Outage,True,3.35
3541-ZNUHK,2024-04-20 03:33:57,Service Outage,True,5.05
3541-ZNUHK,2024-05-14 01:55:35,Billing,True,6.2
3541-ZNUHK,2024-05-16 06:46:32,Technical,True,2.93
3545-CNWRG,2024-04-09 09:51:51,Service Outage,True,6.22
3545-CNWRG,2024-05-08 15:07:02,Service Outage,True,9.17
3545-CNWRG,2024-06-11 17:33:03,Billing,True,2.43
3545-CNWRG,2024-06-14 15:03:49,Technical,False,
3545-CNWRG,2024-06-19 15:50:29,General Inquiry,True,15.95
3546-GHEAE,2024-05-08 15:49:42,Account,True,4.66
3547-LQRIK,2024-06-01 05:28:35,Service Outage,True,4.51
3549-ZTMNH,2024-04-08 04:23:12,Account,True,7.59
3550-SAHFP,2024-05-26 03:54:10,Account,False,
3550-SAHFP,2024-06-06 19:51:15,Billing,True,14.89
3550-SAHFP,2024-06-11 11:22:06,General Inquiry,False,
3550-SAHFP,2024-06-25 05:55:55,Service Outage,False,
3550-SAHFP,2024-06-30 21:19:36,Account,True,25.31
3551-GAEGL,2024-04-04 11:52:32,Technical,True,8.49
3551-GAEGL,2024-04-17 17:22:26,Service Outage,False,
3551-HUAZH,2024-04-05 14:20:52,Account,True,18.42
3551-HUAZH,2024-05-18 17:59:46,Billing,False,
3551-HUAZH,2024-05-22 00:03:53,General Inquiry,True,8.53
3551-HUAZH,2024-05-24 11:51:43,General Inquiry,True,9.63
3551-HUAZH,2024-06-05 18:08:52,Technical,True,20.2
3556-BVQGL,2024-04-28 18:47:19,Technical,True,4.34
3556-BVQGL,2024-06-12 06:01:28,Account,True,2.37
3566-CAAYU,2024-05-18 13:58:38,Technical,True,2.08
3566-VVORZ,2024-05-09 00:40:47,Billing,True,7.15
3567-PQTSO,2024-04-21 12:41:07,Service Outage,True,12.59
3567-PQTSO,2024-05-04 08:33:06,Service Outage,True,3.37
3567-PQTSO,2024-05-17 07:57:17,General Inquiry,True,8.8
3567-PQTSO,2024-06-14 07:20:10,Billing,True,5.66
3569-JFODW,2024-04-10 15:18:15,Service Outage,True,14.5
3569-JFODW,2024-05-28 22:56:07,Technical,True,8.65
3570-YUEKJ,2024-06-01 16:39:25,General Inquiry,True,17.08
3571-DPYUH,2024-05-16 16:06:23,Technical,True,3.97
3571-DPYUH,2024-06-01 12:51:40,Account,False,
3571-DPYUH,2024-06-05 10:37:10,Account,True,7.58
3571-RFHAR,2024-05-21 12:19:05,Billing,True,14.62
3572-UOLYZ,2024-05-03 13:15:25,General Inquiry,True,16.14
3572-UUHRS,2024-04-15 10:14:31,Account,True,1.65
3572-UUHRS,2024-04-25 09:54:33,Billing,True,2.54
3572-UUHRS,2024-06-20 18:51:03,Account,True,20.74
3577-AMVUX,2024-04-12 12:52:08,Service Outage,True,1.95
3577-AMVUX,2024-05-08 16:15:23,Service Outage,True,10.3
3580-GICBM,2024-04-27 02:04:04,Service Outage,True,9.16
3580-GICBM,2024-05-23 13:02:03,General Inquiry,True,8.13
3580-GICBM,2024-05-28 06:34:34,Billing,True,4.26
3580-GICBM,2024-06-09 00:02:02,Service Outage,True,4.43
3580-HYCSP,2024-05-05 17:03:38,Technical,False,
3580-HYCSP,2024-06-11 02:57:55,Account,True,10.98
3580-REOAC,2024-04-18 04:26:16,General Inquiry,False,
3580-REOAC,2024-04-26 04:00:29,Account,True,16.46
3580-REOAC,2024-05-02 00:13:41,Service Outage,True,8.64
3580-REOAC,2024-06-14 15:20:36,Service Outage,True,9.29
3580-REOAC,2024-06-28 18:07:31,Account,True,16.56
3583-EKAPL,2024-04-15 21:42:33,General Inquiry,False,
3583-KRKMD,2024-04-07 06:04:38,Technical,True,6.04
3585-ISXZP,2024-04-04 10:31:48,Technical,False,
3585-ISXZP,2024-04-19 03:47:56,Technical,True,35.44
3585-ISXZP,2024-05-05 10:57:04,Technical,True,24.17
3585-ISXZP,2024-06-30 21:11:23,Technical,True,37.14
3585-YNADK,2024-04-10 13:11:20,Technical,True,6.17
3585-YNADK,2024-05-01 02:00:58,Service Outage,True,3.06
3587-PMCOY,2024-04-03 08:18:53,Technical,True,7.86
3587-PMCOY,2024-04-26 02:08:01,Account,True,5.34
3587-PMCOY,2024-05-02 23:21:26,Technical,True,4.97
3588-WSTTJ,2024-04-26 02:51:02,Service Outage,True,7.94
3588-WSTTJ,2024-05-01 08:53:54,Service Outage,True,10.45
3588-WSTTJ,2024-05-05 03:26:02,Account,True,6.53
3588-WSTTJ,2024-06-16 21:09:43,Billing,True,3.36
3588-WSTTJ,2024-06-25 00:35:55,Account,True,3.69
3589-PPVKW,2024-06-01 22:08:38,Service Outage,False,
3589-PPVKW,2024-06-26 06:51:58,Technical,False,
3594-BDSOA,2024-04-28 21:35:32,Billing,True,3.37
3594-BDSOA,2024-05-21 13:54:16,General Inquiry,True,5.47
3594-BDSOA,2024-06-03 11:10:14,General Inquiry,False,
3594-IVHJZ,2024-04-06 14:16:40,Service Outage,True,2.55
3594-IVHJZ,2024-04-09 19:35:51,Billing,True,2.43
3594-UVONA,2024-04-06 13:15:49,Technical,True,43.06
3594-UVONA,2024-06-17 05:33:13,Service Outage,False,
3597-MVHJT,2024-04-02 12:35:21,Account,True,3.12
3597-MVHJT,2024-05-21 10:22:54,Account,True,4.19
3605-JISKB,2024-04-10 11:03:59,Billing,True,6.06
3606-TWKGI,2024-06-07 18:57:01,Service Outage,True,35.33
3606-TWKGI,2024-06-17 14:10:13,Account,False,
3612-YUNGG,2024-04-22 00:38:26,Account,False,
3612-YVGSJ,2024-04-15 04:16:55,Billing,True,6.08
3617-XLSGQ,2024-04-20 18:46:06,Billing,True,8.57
3617-XLSGQ,2024-05-04 02:03:13,Service Outage,True,7.54
3617-XLSGQ,2024-05-19 13:32:50,General Inquiry,True,4.4
3617-XLSGQ,2024-05-28 20:24:35,Billing,True,12.99
3617-XLSGQ,2024-06-12 19:38:36,Account,False,
3620-MWJNE,2024-04-29 14:14:35,Account,True,2.58
3620-MWJNE,2024-05-23 22:32:57,Account,False,
3621-CEOVK,2024-06-13 23:50:50,Billing,False,
3621-CEOVK,2024-06-21 21:59:26,Technical,False,
3621-CEOVK,2024-06-30 14:15:36,Account,True,26.73
3621-CHYVB,2024-04-08 04:36:01,Account,True,5.98
3623-FQBOX,2024-04-25 00:13:27,Account,True,9.08
3623-FQBOX,2024-05-15 05:53:55,Billing,True,5.65
3623-FQBOX,2024-06-04 02:54:20,Technical,True,7.28
3627-FCRDW,2024-04-02 18:18:00,Technical,False,
3627-FCRDW,2024-06-03 07:05:36,Service Outage,True,28.27
3627-FHKBK,2024-04-19 07:29:27,Service Outage,False,
3627-FHKBK,2024-04-20 22:25:12,Billing,True,56.14
3627-FHKBK,2024-06-09 05:25:40,Technical,True,10.65
3627-FHKBK,2024-06-12 22:19:26,Technical,False,
3627-FHKBK,2024-06-19 15:02:28,General Inquiry,False,
3629-ZNKXA,2024-04-11 18:23:51,General Inquiry,True,10.52
3629-ZNKXA,2024-04-19 17:23:56,Account,True,5.03
3629-ZNKXA,2024-06-22 10:59:38,Technical,True,9.13
3635-JBPSG,2024-04-10 11:06:53,Service Outage,True,3.28
3635-JBPSG,2024-05-05 00:01:29,Billing,True,5.64
3635-JBPSG,2024-05-05 16:11:08,Technical,True,6.82
3635-JBPSG,2024-05-22 16:56:24,General Inquiry,True,6.5
3635-QQRQD,2024-05-19 08:53:49,Service Outage,True,3.03
3638-DIMPH,2024-05-17 12:07:10,Billing,True,8.64
3638-DIMPH,2024-05-23 22:18:20,Technical,True,11.5
3638-DIMPH,2024-06-09 01:49:36,Service Outage,True,1.84
3638-VBZTA,2024-04-27 10:40:21,Account,True,8.96
3638-WEABW,2024-06-12 09:32:49,Billing,True,3.14
3638-WEABW,2024-06-21 23:48:10,Service Outage,True,5.84
3639-XJHKQ,2024-05-22 03:31:13,General Inquiry,True,9.74
3639-XJHKQ,2024-06-22 14:20:55,General Inquiry,True,7.24
3640-JQGJG,2024-04-16 02:18:02,General Inquiry,True,13.06
3640-JQGJG,2024-04-18 01:12:34,Account,False,
3640-JQGJG,2024-05-08 08:29:52,Billing,True,3.66
3640-PHQXK,2024-04-11 12:38:19,Service Outage,False,
3642-BYHDO,2024-05-15 09:51:00,Service Outage,True,8.53
3642-BYHDO,2024-05-25 03:09:54,Service Outage,True,3.26
3642-GKTCT,2024-06-02 03:25:58,Technical,True,1.39
3643-AHCFP,2024-04-17 00:47:53,General Inquiry,True,39.59
3643-AHCFP,2024-05-22 04:15:41,Technical,True,18.84
3643-AHCFP,2024-05-28 03:06:42,Billing,True,27.66
3644-QXEHN,2024-04-16 12:25:09,General Inquiry,True,7.66
3644-QXEHN,2024-04-16 13:05:44,Service Outage,True,2.34
3644-QXEHN,2024-05-28 11:59:08,Billing,True,10.67
3644-QXEHN,2024-06-21 03:29:35,General Inquiry,True,5.58
3645-DEYGF,2024-04-20 08:57:19,Technical,True,9.26
3648-GZPHF,2024-06-11 02:58:43,General Inquiry,False,
3648-GZPHF,2024-06-15 00:05:18,General Inquiry,True,7.56
3653-NCRDJ,2024-05-01 07:18:52,Billing,True,9.95
3653-NCRDJ,2024-06-08 08:13:59,Billing,True,8.05
3654-ARMGP,2024-04-16 08:58:24,Service Outage,True,5.45
3654-ARMGP,2024-06-30 19:34:05,Service Outage,True,5.28
3656-TKRVZ,2024-04-10 15:59:05,General Inquiry,True,111.84
3656-TKRVZ,2024-05-15 23:41:52,Account,True,33.76
3657-COGMW,2024-04-06 03:01:53,Billing,True,3.37
3658-KIBGF,2024-05-01 05:05:53,Billing,False,
3658-KIBGF,2024-05-25 08:15:46,Billing,True,30.05
3658-QQJYD,2024-04-24 12:09:23,Account,True,5.1
3658-QQJYD,2024-05-04 08:12:29,Service Outage,True,5.74
3658-QQJYD,2024-06-06 13:53:43,Billing,True,7.1
3662-FXJFO,2024-04-05 20:06:53,Service Outage,False,
3663-MITLP,2024-04-12 22:18:47,Account,False,
3663-MITLP,2024-04-21 21:15:09,Technical,True,11.62
3663-MITLP,2024-04-22 12:28:38,Service Outage,True,22.69
3665-JATSN,2024-05-08 06:43:47,Technical,True,3.71
3665-JATSN,2024-05-16 23:16:16,General Inquiry,True,14.95
3665-JATSN,2024-05-20 19:20:09,Billing,True,3.32
3668-QPYBK,2024-04-19 13:37:55,Account,False,
3668-QPYBK,2024-06-17 05:05:58,Account,True,32.24
3669-LVWZB,2024-06-05 16:24:02,Billing,True,12.62
3669-LVWZB,2024-06-06 20:06:21,Account,True,14.49
3669-OYSJI,2024-04-05 12:19:19,Account,True,16.71
3669-OYSJI,2024-04-22 06:42:20,Billing,False,
3669-OYSJI,2024-04-29 14:30:45,Billing,True,15.25
3669-WHAFY,2024-05-11 12:26:50,General Inquiry,True,5.33
3669-WHAFY,2024-05-25 02:57:16,General Inquiry,False,
3671-SHRSP,2024-06-14 00:04:53,Service Outage,False,
3672-YITQD,2024-06-04 12:02:28,Service Outage,True,18.18
3672-YITQD,2024-06-19 12:24:21,Account,True,11.14
3672-YITQD,2024-06-20 09:25:30,Service Outage,False,
3675-EQOZA,2024-04-26 01:30:57,Account,True,2.28
3675-EQOZA,2024-06-21 10:19:19,General Inquiry,True,19.93
3675-YDUPJ,2024-04-13 22:12:32,Billing,False,
3677-IYRBF,2024-04-09 11:24:56,Account,False,
3677-IYRBF,2024-04-18 15:34:42,Service Outage,True,16.2
3677-IYRBF,2024-04-23 04:21:08,Technical,True,26.7
3677-TNKIO,2024-06-06 01:01:06,Account,True,59.83
3677-TNKIO,2024-06-12 05:16:26,Technical,False,
3678-MNGZX,2024-04-17 05:57:51,General Inquiry,True,8.56
3678-MNGZX,2024-04-28 20:50:49,Technical,True,6.67
3678-MNGZX,2024-05-09 14:37:10,Billing,False,
3678-MNGZX,2024-05-30 18:28:17,General Inquiry,True,7.93
3679-XASPY,2024-04-02 22:30:39,Account,True,2.74
3679-XASPY,2024-04-10 14:45:17,Account,True,7.49
3679-XASPY,2024-04-30 00:29:32,General Inquiry,True,5.26
3679-XASPY,2024-06-01 03:54:47,Technical,True,12.0
3680-CTHUH,2024-05-15 20:23:00,Account,True,6.32
3682-YEUWS,2024-04-05 17:00:46,General Inquiry,True,9.54
3682-YEUWS,2024-05-19 08:11:34,Technical,True,4.34
3688-FTHLT,2024-04-05 06:58:06,Account,True,3.32
3688-FTHLT,2024-04-22 12:41:37,General Inquiry,True,3.62
3689-MOZGR,2024-06-16 16:52:58,Account,True,7.12
3692-JHONH,2024-04-25 01:24:48,Technical,True,15.18
3692-JHONH,2024-05-23 16:03:44,Technical,True,9.09
3692-JHONH,2024-06-10 21:25:45,Service Outage,True,4.71
3694-DELSO,2024-05-08 09:55:36,Account,True,5.8
3694-DELSO,2024-06-06 15:03:57,Service Outage,True,2.87
3694-GLTJM,2024-06-27 19:46:42,Account,True,2.33
3696-DFHHB,2024-04-10 22:00:55,Service Outage,True,2.54
3696-DFHHB,2024-05-12 08:15:46,Technical,True,6.94
3696-XRIEN,2024-05-26 10:46:33,General Inquiry,True,11.08
3701-SFMUH,2024-04-30 12:20:04,Account,True,4.72
3701-SFMUH,2024-05-06 09:36:25,General Inquiry,True,6.67
3703-KBKZP,2024-04-26 15:35:01,Service Outage,True,7.8
3703-TTEPD,2024-04-25 07:00:51,General Inquiry,True,4.92
3703-VAVCL,2024-05-03 16:33:42,Service Outage,True,36.55
3705-PSNGL,2024-04-18 00:23:34,Account,False,
3705-PSNGL,2024-06-26 21:35:20,Service Outage,False,
3705-RHRFR,2024-04-15 23:14:50,General Inquiry,True,4.99
3705-RHRFR,2024-04-30 19:08:44,Billing,True,8.14
3705-RHRFR,2024-05-27 13:47:34,Billing,True,10.12
3705-RHRFR,2024-06-11 21:01:07,Billing,True,7.6
3707-GNWHM,2024-05-06 12:03:14,General Inquiry,True,6.5
3707-GNWHM,2024-05-08 00:49:57,Billing,False,
3707-GNWHM,2024-05-15 03:33:35,Technical,False,
3707-LRWZD,2024-04-08 03:38:55,Service Outage,True,13.05
3707-LRWZD,2024-04-16 01:56:56,Billing,True,22.59
3707-LRWZD,2024-05-27 03:52:50,Account,True,36.83
3707-LRWZD,2024-06-24 14:55:06,Account,False,
3712-PKXZA,2024-04-02 08:54:16,Service Outage,False,
3714-JTVOV,2024-05-01 20:22:25,General Inquiry,True,10.35
3714-JTVOV,2024-05-07 11:10:12,General Inquiry,True,21.96
3714-JTVOV,2024-06-18 23:18:55,General Inquiry,True,19.74
3716-BDVDB,2024-06-01 01:16:08,Service Outage,True,17.73
3716-LRGXK,2024-05-29 23:28:34,Billing,True,11.23
3716-LRGXK,2024-06-26 02:27:45,Technical,True,6.5
3716-LRGXK,2024-06-29 02:56:59,Account,True,7.47
3717-FDJFU,2024-04-08 09:05:41,Account,True,14.84
3717-LNXKW,2024-04-16 21:53:36,Account,True,2.33
3717-LNXKW,2024-05-07 16:08:16,General Inquiry,True,6.19
3717-LNXKW,2024-05-16 07:24:27,Account,True,6.07
3717-LNXKW,2024-05-22 16:46:50,Account,True,4.65
3717-LNXKW,2024-06-21 16:21:37,Billing,True,6.19
3717-OEAUQ,2024-04-28 11:37:00,Technical,False,
3717-OEAUQ,2024-05-17 10:24:19,Service Outage,True,7.69
3717-OEAUQ,2024-06-25 01:32:23,Billing,True,6.02
3717-OFRTN,2024-04-02 07:55:02,Billing,True,1.38
3717-OFRTN,2024-05-27 14:20:08,General Inquiry,True,8.14
3719-TDVQB,2024-05-14 04:59:40,Technical,True,2.56
3719-TDVQB,2024-05-20 13:06:16,Billing,True,3.9
3720-DBRWL,2024-04-24 16:12:20,Service Outage,False,
3720-DBRWL,2024-06-06 20:53:21,Technical,True,7.19
3721-CNEYS,2024-06-16 19:23:01,Account,True,18.46
3721-CNEYS,2024-06-23 02:31:16,Account,True,12.25
3721-CNZHX,2024-06-11 21:09:43,Service Outage,True,10.34
3721-CNZHX,2024-06-12 03:09:56,Service Outage,True,11.94
3721-WKIIL,2024-06-04 16:15:41,General Inquiry,True,15.49
3721-WKIIL,2024-06-25 03:05:02,Account,True,4.83
3722-WPXTK,2024-04-22 18:38:04,Service Outage,False,
3722-WPXTK,2024-05-07 01:02:50,Billing,True,12.88
3722-WPXTK,2024-05-28 19:07:51,General Inquiry,False,
3723-BFBGR,2024-04-11 07:27:07,Billing,True,5.15
3723-BFBGR,2024-04-15 13:00:57,Account,False,
3723-BFBGR,2024-05-14 01:35:15,Account,True,4.75
3723-BFBGR,2024-06-30 16:54:21,Billing,False,
3724-BSCVH,2024-06-09 13:50:05,Account,True,3.53
3724-UCSHY,2024-04-25 19:49:21,Billing,True,5.69
3724-UCSHY,2024-05-04 16:35:04,Service Outage,True,6.82
3726-TBHQT,2024-05-29 16:00:40,Technical,True,5.61
3726-TBHQT,2024-06-19 07:18:39,Account,True,5.83
3727-JEZTU,2024-06-22 02:48:26,Account,True,8.06
3727-OVPRY,2024-04-13 13:12:04,Service Outage,False,
3727-OVPRY,2024-06-12 15:31:24,Billing,True,5.53
3727-OVPRY,2024-06-30 13:29:03,Account,True,5.06
3727-OWVYD,2024-04-22 07:42:50,Account,True,12.85
3727-OWVYD,2024-06-13 14:06:22,Technical,True,6.58
3727-RJMEO,2024-06-21 08:14:28,Billing,False,
3733-LSYCE,2024-05-13 14:32:37,Technical,False,
3733-LSYCE,2024-05-31 10:36:15,General Inquiry,True,5.94
3733-LSYCE,2024-06-12 13:38:43,Billing,True,6.58
3733-ZEECP,2024-04-06 20:09:55,Technical,True,2.16
3736-BLEPA,2024-05-01 14:49:15,Service Outage,False,
3736-BLEPA,2024-06-05 02:14:22,Billing,True,4.63
3737-GCSPV,2024-05-08 15:36:44,Service Outage,True,65.94
3737-GCSPV,2024-06-21 23:31:28,Account,True,18.4
3740-RLMVT,2024-05-18 23:13:36,Billing,True,9.46
3740-RLMVT,2024-06-26 16:03:33,Technical,True,6.82
3744-ZBHON,2024-04-15 01:44:14,Service Outage,True,6.82
3744-ZBHON,2024-06-11 19:40:27,Billing,True,5.58
3744-ZBHON,2024-06-17 03:30:36,Service Outage,True,18.5
3744-ZRRDZ,2024-04-26 20:08:54,Account,True,21.23
3744-ZRRDZ,2024-05-07 21:52:58,General Inquiry,True,6.25
3745-HRPHI,2024-04-03 16:19:29,Technical,True,6.99
3745-HRPHI,2024-06-24 18:02:47,Billing,True,2.32
3746-EUBYR,2024-04-10 11:27:40,Service Outage,True,16.18
3746-EUBYR,2024-05-17 10:50:45,Billing,False,
3746-EUBYR,2024-06-06 05:57:00,Billing,True,23.98
3746-EUBYR,2024-06-19 16:40:37,General Inquiry,True,15.87
3746-EUBYR,2024-06-23 07:54:27,General Inquiry,True,22.95
3750-CKVKH,2024-04-24 12:49:59,Technical,True,27.52
3750-CKVKH,2024-05-01 22:33:59,Account,False,
3750-CKVKH,2024-05-13 13:44:50,General Inquiry,False,
3750-CKVKH,2024-05-30 16:03:18,Service Outage,False,
3750-CKVKH,2024-06-11 21:04:22,General Inquiry,False,
3750-RNQKR,2024-06-02 18:54:54,Service Outage,False,
3750-RNQKR,2024-06-30 22:35:35,Account,True,3.99
3751-KTZEL,2024-04-05 22:08:29,Billing,True,54.24
3751-KTZEL,2024-05-03 12:13:00,Technical,False,
3751-KTZEL,2024-05-31 16:34:48,Service Outage,True,20.76
3753-TSEMP,2024-04-07 13:25:54,Technical,False,
3753-TSEMP,2024-05-27 16:29:58,General Inquiry,False,
3753-TSEMP,2024-06-11 19:26:11,Service Outage,False,
3753-TSEMP,2024-06-15 02:20:17,Technical,True,48.93
3754-DXMRT,2024-04-06 07:53:12,Technical,True,35.84
3755-JBMNH,2024-05-05 04:28:31,Billing,True,31.48
3755-JBMNH,2024-05-19 06:54:10,Billing,True,27.64
3755-JBMNH,2024-06-16 13:00:17,Technical,True,25.12
3756-VNWDH,2024-06-29 04:47:30,Billing,True,3.77
3757-NJYBX,2024-04-24 23:19:38,Technical,True,23.84
3758-CKOQL,2024-04-23 11:03:54,General Inquiry,True,1.86
3758-CKOQL,2024-04-30 04:16:14,Billing,True,3.96
3758-CKOQL,2024-05-14 16:50:43,Billing,True,11.06
3763-GCZHZ,2024-04-25 13:04:47,Service Outage,True,20.06
3763-GCZHZ,2024-04-26 22:16:34,Service Outage,False,
3763-GCZHZ,2024-06-17 04:34:13,Technical,False,
3763-GCZHZ,2024-06-27 12:15:17,Technical,False,
3764-MNMOI,2024-05-23 10:06:21,Account,True,10.0
3764-MNMOI,2024-05-24 05:43:20,Account,True,4.82
3765-JXVKY,2024-06-22 13:35:31,Service Outage,True,21.45
3766-EJLFL,2024-05-03 17:55:26,General Inquiry,True,4.92
3768-NLUBH,2024-05-16 07:14:21,General Inquiry,True,36.25
3768-NLUBH,2024-06-19 09:46:22,Service Outage,False,
3768-NLUBH,2024-06-26 06:19:36,General Inquiry,False,
3768-VHXQO,2024-04-17 05:11:23,Service Outage,True,7.64
3768-VHXQO,2024-05-20 22:01:59,General Inquiry,True,18.84
3769-MHZNV,2024-04-21 18:13:23,Billing,True,2.87
3769-MHZNV,2024-05-19 04:25:53,Service Outage,True,5.84
3769-MHZNV,2024-06-07 23:20:35,Account,True,5.17
3771-PZOBW,2024-05-06 22:36:23,Billing,True,6.64
3776-EKTKM,2024-04-17 13:27:46,Billing,True,23.93
3776-EKTKM,2024-06-17 20:18:53,General Inquiry,False,
3777-XROBG,2024-05-06 16:08:52,Billing,True,3.31
3778-FOAQW,2024-05-17 07:18:36,General Inquiry,True,4.31
3778-FOAQW,2024-06-04 07:28:54,Billing,True,14.45
3778-FOAQW,2024-06-16 08:47:19,Account,True,6.36
3779-OSWCF,2024-05-13 09:36:09,Service Outage,True,1.23
3780-DDGSE,2024-05-11 21:06:22,Billing,True,12.58
3785-KTYSH,2024-05-10 12:07:52,General Inquiry,True,13.02
3785-KTYSH,2024-06-28 02:08:59,Billing,True,17.71
3785-NRHYR,2024-05-15 12:05:29,Technical,True,3.55
3786-WOVKF,2024-04-03 01:22:20,Technical,True,7.75
3786-WOVKF,2024-05-08 18:37:57,General Inquiry,True,17.16
3786-WOVKF,2024-05-13 21:16:04,General Inquiry,True,14.41
3787-TRIAL,2024-05-01 11:00:58,Billing,True,4.94
3787-TRIAL,2024-05-13 15:58:32,Service Outage,True,18.99
3787-TRIAL,2024-05-19 21:11:24,Billing,True,4.8
3787-TRIAL,2024-05-30 19:38:03,Technical,False,
3791-LGQCY,2024-05-01 07:41:06,General Inquiry,False,
3794-NFNCH,2024-04-23 12:59:19,General Inquiry,True,9.07
3794-NFNCH,2024-05-07 03:19:11,Service Outage,True,7.39
3794-NFNCH,2024-05-12 09:37:27,Service Outage,True,8.8
3794-NFNCH,2024-06-13 13:22:15,Service Outage,True,11.5
3795-CAWEX,2024-04-10 00:56:26,General Inquiry,True,5.33
3795-GWTRD,2024-06-22 22:57:58,Service Outage,True,3.08
3797-FKOGQ,2024-04-27 08:42:03,Account,True,11.06
3797-FKOGQ,2024-05-04 11:19:51,Technical,True,9.37
3797-VTIDR,2024-06-20 00:10:05,Technical,False,
3798-EPWRR,2024-06-04 05:09:59,Billing,True,1.89
3799-ISUZQ,2024-04-21 17:28:27,Billing,True,63.49
3799-ISUZQ,2024-05-11 21:39:56,Technical,True,15.15
3799-ISUZQ,2024-06-10 09:45:15,Service Outage,True,10.32
3800-LYTRK,2024-05-28 17:54:59,Billing,True,3.72
3801-HMYNL,2024-04-16 11:17:03,Service Outage,True,30.83
3801-HMYNL,2024-05-20 23:00:07,Technical,False,
3801-HMYNL,2024-06-18 15:15:00,Technical,False,
3803-KMQFW,2024-05-16 05:30:53,Account,False,
3804-RVTGV,2024-05-02 08:09:21,Service Outage,True,22.27
3804-RVTGV,2024-06-02 22:15:58,General Inquiry,False,
3804-RVTGV,2024-06-06 20:28:51,Service Outage,False,
3804-RVTGV,2024-06-16 21:29:52,General Inquiry,True,40.96
3806-DXQOM,2024-05-15 02:20:15,General Inquiry,True,21.93
3806-DXQOM,2024-06-05 00:09:34,Technical,True,22.0
3806-DXQOM,2024-06-10 05:28:15,General Inquiry,True,11.66
3807-BPOMJ,2024-06-01 09:26:35,Service Outage,True,7.58
3807-BPOMJ,2024-06-13 17:31:46,Account,True,3.76
3807-XHCJH,2024-06-17 09:10:47,Technical,True,11.08
3808-HFKDE,2024-04-02 21:17:51,Service Outage,True,6.41
3808-HFKDE,2024-04-26 00:50:03,General Inquiry,True,8.52
3808-HFKDE,2024-06-05 15:05:23,Technical,True,3.4
3808-HFKDE,2024-06-15 09:04:55,Account,True,3.8
3808-HFKDE,2024-06-20 02:20:44,General Inquiry,True,2.15
3810-PJUHR,2024-06-24 06:02:25,Account,False,
3811-VBYBZ,2024-04-06 11:21:25,Technical,True,34.38
3812-LRZIR,2024-05-13 14:22:40,Billing,True,2.78
3813-DHBBB,2024-06-21 09:41:38,Technical,True,11.47
3814-MLAXC,2024-05-24 22:06:38,Service Outage,True,9.62
3831-YCPUO,2024-06-10 18:39:35,General Inquiry,True,11.49
3834-XUIFC,2024-04-02 03:04:09,Service Outage,False,
3834-XUIFC,2024-04-04 23:27:16,Account,True,40.76
3834-XUIFC,2024-05-28 06:25:59,Technical,False,
3836-FZSDJ,2024-05-09 14:41:09,Account,True,6.49
3836-FZSDJ,2024-05-27 15:34:00,Account,True,4.84
3838-OZURD,2024-04-09 12:29:42,Service Outage,True,25.33
3838-OZURD,2024-06-08 16:38:02,General Inquiry,True,22.75
3841-CONLJ,2024-06-09 10:47:54,Account,True,2.48
3841-CONLJ,2024-06-29 13:42:54,General Inquiry,True,10.59
3842-QTGDL,2024-06-20 21:51:28,Service Outage,True,5.27
3845-FXCYS,2024-06-21 05:19:47,Account,True,13.67
3845-FXCYS,2024-06-22 22:10:28,General Inquiry,True,14.42
3850-OKINF,2024-04-13 00:42:36,Account,True,1.16
3850-OKINF,2024-05-18 06:40:19,Technical,True,3.18
3850-OKINF,2024-05-23 17:16:21,Account,True,4.88
3850-OKINF,2024-05-31 22:23:47,Account,True,9.07
3855-ONCAR,2024-04-12 21:49:14,Billing,False,
3855-ONCAR,2024-05-13 06:35:11,General Inquiry,True,2.36
3855-ONCAR,2024-05-26 09:00:48,Billing,True,2.33
3855-ONCAR,2024-06-12 09:43:54,Service Outage,False,
3858-VOBET,2024-06-08 04:33:18,Technical,True,24.0
3858-XHYJO,2024-04-07 12:51:25,Billing,True,6.21
3858-XHYJO,2024-04-10 09:58:16,Billing,True,29.74
3858-XHYJO,2024-06-20 14:22:38,Billing,False,
3859-CVCET,2024-04-09 11:54:51,Technical,False,
3859-CVCET,2024-04-16 21:04:14,Technical,True,10.83
3859-CVCET,2024-04-25 19:40:26,Account,True,155.23
3859-CVCET,2024-05-22 09:05:52,Technical,True,71.91
3863-IUBJR,2024-06-16 01:12:47,Account,False,
3863-IUBJR,2024-06-18 14:09:31,Service Outage,True,11.19
3863-IUBJR,2024-06-26 16:31:24,Technical,True,32.89
3863-QSTYI,2024-04-19 20:18:07,General Inquiry,True,5.14
3863-QSTYI,2024-04-21 06:48:30,Account,True,5.35
3865-QBWSJ,2024-05-10 02:54:33,Service Outage,True,3.74
3865-YIOTT,2024-05-15 16:34:03,Billing,False,
3865-ZFZIB,2024-04-23 00:28:44,Service Outage,True,3.29
3865-ZFZIB,2024-06-15 16:19:30,Billing,True,4.9
3865-ZYKAD,2024-04-10 17:50:47,Service Outage,True,2.88
3866-MDTUB,2024-05-01 02:49:02,Account,False,
3866-MDTUB,2024-05-13 08:56:40,Technical,False,
3866-MDTUB,2024-06-18 00:02:01,Technical,True,24.79
3870-MQAMG,2024-05-20 10:46:17,Technical,True,6.54
3871-IKPYH,2024-05-19 19:04:53,Billing,False,
3873-NFTGI,2024-04-18 07:58:13,Account,True,14.99
3873-WOSBC,2024-04-05 08:42:11,Account,True,14.01
3874-EQOEP,2024-05-12 00:00:15,Account,True,13.66
3874-EQOEP,2024-06-03 21:08:34,Account,False,
3874-EQOEP,2024-06-17 01:49:21,Technical,True,16.35
3874-EQOEP,2024-06-21 02:00:53,Technical,True,6.36
3877-JRJIP,2024-05-03 02:23:52,Account,False,
3877-JRJIP,2024-05-08 11:23:06,Technical,False,
3877-JRJIP,2024-05-10 12:55:46,Account,False,
3877-JRJIP,2024-05-28 16:35:56,General Inquiry,True,11.95
3877-JRJIP,2024-06-14 18:06:39,Technical,True,17.8
3878-AVSOQ,2024-04-15 13:37:37,Technical,True,6.84
3878-AVSOQ,2024-05-17 14:12:33,Service Outage,False,
3882-IYOIJ,2024-05-28 15:11:19,General Inquiry,True,12.16
3884-HCSWG,2024-04-24 12:12:27,Technical,False,
3884-HCSWG,2024-05-06 01:49:13,General Inquiry,True,10.03
3884-HCSWG,2024-05-06 21:30:16,Billing,False,
3884-HCSWG,2024-05-21 01:38:43,Technical,True,17.61
3884-HCSWG,2024-06-17 18:08:38,Service Outage,True,18.67
3884-UEBXB,2024-04-05 14:06:04,Account,True,9.09
3884-UEBXB,2024-04-22 03:48:43,Service Outage,True,2.84
3884-UEBXB,2024-04-26 17:40:33,Service Outage,True,2.76
3884-UEBXB,2024-04-27 23:53:07,Billing,True,4.69
3884-UEBXB,2024-06-18 17:46:16,General Inquiry,True,12.16
3887-PBQAO,2024-05-28 05:55:12,Service Outage,True,2.34
3889-VWBID,2024-06-02 11:53:41,Service Outage,True,14.94
3889-VWBID,2024-06-11 23:32:26,Account,True,5.22
3889-VWBID,2024-06-25 06:32:10,General Inquiry,True,8.63
3890-RTCMS,2024-05-01 06:34:30,Billing,True,11.91
3891-NLXJB,2024-04-20 01:23:16,Technical,True,3.97
3891-PUQOD,2024-04-05 14:01:52,General Inquiry,True,28.51
3891-PUQOD,2024-04-11 03:58:02,General Inquiry,True,4.94
3891-PUQOD,2024-04-19 04:24:41,Billing,False,
3891-PUQOD,2024-05-31 11:39:10,Technical,False,
3892-NXAZG,2024-06-10 22:11:58,Technical,True,3.41
3893-JRNFS,2024-05-08 16:39:31,Technical,True,2.97
3896-ZVNET,2024-06-14 17:56:58,Account,False,
3896-ZVNET,2024-06-25 15:13:42,General Inquiry,True,10.96
3898-BSJYF,2024-04-13 22:49:29,Technical,True,5.74
3898-BSJYF,2024-05-18 17:13:46,General Inquiry,True,15.76
3898-GUYTS,2024-05-12 19:37:55,General Inquiry,True,2.92
3902-FOIGH,2024-04-22 13:29:55,Account,True,37.96
3902-MIVLE,2024-05-04 04:57:25,Account,True,4.69
3904-UKFRE,2024-04-20 03:54:14,Billing,True,7.58
3904-UKFRE,2024-06-05 18:20:00,General Inquiry,True,5.71
3904-UKFRE,2024-06-23 19:58:35,General Inquiry,True,5.53
3908-BLSYF,2024-05-08 17:53:39,Billing,True,35.54
3908-BLSYF,2024-06-10 16:30:58,Service Outage,False,
3908-MKIMJ,2024-05-04 15:01:29,Service Outage,True,5.59
3908-MKIMJ,2024-05-07 21:26:30,Service Outage,False,
3908-MKIMJ,2024-05-30 13:36:55,Service Outage,True,5.84
3908-MKIMJ,2024-06-01 18:39:07,Service Outage,True,19.07
3908-MKIMJ,2024-06-23 13:16:55,Technical,True,4.16
3911-RSNHI,2024-04-06 00:02:59,Service Outage,False,
3911-RSNHI,2024-06-11 12:15:27,Account,True,10.38
3913-FCUUW,2024-04-16 21:34:29,Service Outage,True,4.29
3915-ODIYG,2024-04-08 23:21:30,Billing,True,2.42
3915-ODIYG,2024-05-16 22:13:29,Service Outage,True,3.52
3915-ODIYG,2024-06-02 02:34:20,Service Outage,True,8.59
3915-ODIYG,2024-06-27 03:52:55,Account,True,4.3
3916-NRPAP,2024-04-17 11:54:31,Billing,True,20.04
3916-NRPAP,2024-05-16 05:53:53,General Inquiry,True,2.89
3916-NRPAP,2024-05-17 19:26:28,Technical,True,3.3
3916-NRPAP,2024-05-21 18:19:07,Technical,True,6.18
3916-NRPAP,2024-06-19 19:31:00,General Inquiry,True,4.27
3920-HIHMQ,2024-04-09 08:44:52,Account,True,7.07
3920-HIHMQ,2024-06-10 23:55:24,Service Outage,True,8.32
3923-CSIHK,2024-05-11 22:02:40,General Inquiry,True,6.41
3926-CUQZX,2024-05-01 16:45:57,General Inquiry,False,
3926-CUQZX,2024-06-17 20:43:46,Service Outage,False,
3926-YZVVX,2024-04-14 18:21:59,General Inquiry,True,4.32
3927-NLNRY,2024-04-07 18:11:57,Technical,False,
3927-NLNRY,2024-04-25 12:43:31,Billing,True,20.4
3927-NLNRY,2024-06-04 12:08:54,Billing,False,
3930-ZGWVE,2024-05-03 02:31:24,Service Outage,True,6.95
3932-IJWDZ,2024-05-14 16:47:06,Billing,True,6.33
3933-DQPWX,2024-04-20 06:40:52,Technical,False,
3934-HXCFZ,2024-04-06 03:39:56,Billing,False,
3934-HXCFZ,2024-04-06 06:50:52,Technical,True,29.92
3934-HXCFZ,2024-04-12 21:25:01,Technical,True,26.22
3935-TBRZZ,2024-04-21 14:44:49,Technical,True,8.91
3935-TBRZZ,2024-05-28 19:30:49,Service Outage,True,1.77
3936-QQFLL,2024-05-18 11:12:49,Technical,True,4.65
3936-QQFLL,2024-05-28 09:47:37,Billing,True,3.78
3938-YFPXD,2024-06-14 04:45:34,Service Outage,True,4.8
3941-XTSKM,2024-04-02 23:42:24,Account,True,11.91
3941-XTSKM,2024-04-06 09:44:06,Technical,True,4.5
3941-XTSKM,2024-04-14 11:11:05,Billing,True,8.33
3941-XTSKM,2024-05-28 16:05:09,Billing,False,
3943-KDREE,2024-04-08 12:40:27,Technical,False,
3943-KDREE,2024-06-16 21:34:49,Technical,True,14.04
3945-GFWQL,2024-06-06 07:16:12,Account,True,19.71
3945-GFWQL,2024-06-10 17:27:09,Service Outage,False,
3946-JEWRQ,2024-04-27 23:53:50,Billing,True,2.36
3946-JEWRQ,2024-04-28 21:43:36,Account,True,8.03
3946-JEWRQ,2024-06-09 08:29:45,Service Outage,False,
3946-MHCZW,2024-05-13 03:23:15,Technical,False,
3946-MHCZW,2024-06-02 15:34:55,Service Outage,False,
3946-MHCZW,2024-06-16 00:13:48,Technical,True,17.11
3948-FVVRP,2024-05-31 08:31:45,Technical,True,13.39
3948-KXDUF,2024-04-11 12:58:05,Service Outage,True,9.54
3948-XHGNA,2024-05-25 13:00:31,Account,False,
3948-XHGNA,2024-05-29 14:31:05,Service Outage,True,11.69
3948-XHGNA,2024-06-01 10:53:40,Technical,True,29.87
3948-XHGNA,2024-06-07 02:48:42,Account,False,
3948-XHGNA,2024-06-12 12:39:26,Account,False,
3950-VPYJB,2024-04-03 16:06:35,Billing,True,2.88
3951-NJCVI,2024-04-14 17:07:59,Service Outage,True,4.0
3951-NJCVI,2024-04-23 07:47:46,Service Outage,True,4.22
3951-NJCVI,2024-05-02 05:29:53,Technical,True,10.73
3951-NJCVI,2024-06-10 03:00:29,General Inquiry,True,10.82
3951-NJCVI,2024-06-15 06:18:08,General Inquiry,True,4.13
3955-JBZZM,2024-04-29 09:53:56,Billing,True,9.37
3956-CJUST,2024-04-21 18:21:44,Technical,True,4.69
3956-CJUST,2024-06-12 20:14:39,Service Outage,True,1.71
3956-CJUST,2024-06-25 12:30:54,Technical,True,3.71
3956-MGXOG,2024-05-14 16:06:15,General Inquiry,True,19.39
3957-HHLMR,2024-04-14 07:24:42,Service Outage,True,10.6
3957-HHLMR,2024-06-16 11:53:35,Billing,True,4.91
3957-LXOLK,2024-04-02 21:13:15,Billing,True,16.46
3957-LXOLK,2024-06-16 10:45:45,Service Outage,False,
3957-LXOLK,2024-06-18 09:14:29,Service Outage,False,
3957-LXOLK,2024-06-27 11:52:53,Account,False,
3957-SQXML,2024-04-02 04:10:14,Billing,False,
3957-SQXML,2024-06-20 10:50:22,Service Outage,True,1.43
3961-SXAXY,2024-04-17 15:58:08,Service Outage,True,6.04
3961-SXAXY,2024-05-07 06:20:14,Billing,True,11.7
3961-SXAXY,2024-06-06 09:28:27,Account,True,7.56
3966-HRMZA,2024-04-02 03:57:31,Account,True,10.58
3966-HRMZA,2024-04-19 09:18:11,General Inquiry,False,
3966-HRMZA,2024-05-08 00:15:42,Technical,True,6.71
3966-HRMZA,2024-06-26 01:05:16,Billing,True,3.65
3967-KXAPS,2024-06-23 09:52:46,Account,True,10.16
3967-VQOGC,2024-06-24 10:35:12,Service Outage,True,5.64
3969-GYXEL,2024-05-29 13:11:48,Billing,True,6.2
3969-JQABI,2024-04-08 09:24:36,Service Outage,True,2.19
3969-JQABI,2024-05-18 22:12:27,Service Outage,True,4.87
3973-SKMLN,2024-06-12 17:30:34,Technical,True,2.74
3976-BWUCK,2024-06-14 19:30:01,Billing,True,15.24
3976-BWUCK,2024-06-22 04:33:39,Account,True,28.84
3976-NLDEZ,2024-04-23 08:07:23,Account,True,3.51
3981-QSVQI,2024-05-12 06:30:29,Billing,True,3.35
3982-DQLUS,2024-04-05 06:46:28,General Inquiry,True,2.12
3982-DQLUS,2024-05-03 00:15:16,Account,True,3.51
3982-DQLUS,2024-05-20 21:38:07,General Inquiry,True,14.96
3982-DQLUS,2024-06-06 16:09:21,Service Outage,True,2.91
3982-DQLUS,2024-06-28 14:20:11,General Inquiry,False,
3982-JGSFD,2024-06-27 19:25:31,Billing,True,7.93
3985-HOYPM,2024-04-12 07:57:58,General Inquiry,True,20.84
3985-HOYPM,2024-04-19 06:07:46,Technical,True,6.48
3987-KQDDU,2024-05-02 00:56:00,Billing,True,2.76
3987-KQDDU,2024-05-15 04:45:31,General Inquiry,True,3.47
3987-KQDDU,2024-06-07 07:36:06,Service Outage,True,1.94
3988-RQIXO,2024-06-05 09:00:33,General Inquiry,False,
3990-QYKBE,2024-05-01 13:59:34,Billing,False,
3990-QYKBE,2024-05-19 23:32:48,Account,True,28.45
3995-WFCSM,2024-04-06 01:28:11,General Inquiry,True,5.03
3995-WFCSM,2024-04-27 16:55:13,Billing,True,9.44
3995-WFCSM,2024-06-02 21:24:23,General Inquiry,True,10.58
3995-WFCSM,2024-06-25 09:25:09,Account,True,7.61
3996-ZNWYK,2024-04-10 15:10:22,Account,True,5.1
3996-ZNWYK,2024-05-27 14:35:30,Billing,True,11.07
3999-QGRJH,2024-04-18 01:48:20,Technical,False,
3999-QGRJH,2024-05-19 21:27:42,Billing,True,8.5
3999-QGRJH,2024-05-20 19:36:44,Account,True,126.86
3999-QGRJH,2024-06-01 20:17:13,General Inquiry,False,
3999-WRNGR,2024-05-16 07:35:18,Service Outage,True,4.22
3999-WRNGR,2024-06-06 22:40:27,Technical,True,6.27
3999-WRNGR,2024-06-13 00:20:07,Technical,False,
4000-VGMQP,2024-04-05 03:29:39,Account,False,
4000-VGMQP,2024-05-02 23:19:33,Billing,True,11.27
4001-TSBTV,2024-06-10 01:03:04,General Inquiry,True,4.36
4002-BQWPQ,2024-05-19 10:55:24,Account,True,10.63
4003-FUSHP,2024-04-18 20:07:48,Billing,True,5.09
4006-HKYHO,2024-04-08 23:06:34,Service Outage,True,10.35
4007-NHVHI,2024-05-15 00:58:00,Billing,True,4.19
4007-NHVHI,2024-05-29 18:34:09,Account,True,9.42
4009-ALQFH,2024-05-04 11:12:23,Service Outage,True,29.73
4009-ALQFH,2024-05-15 14:41:29,Technical,False,
4009-ALQFH,2024-06-23 03:04:59,Service Outage,True,7.89
4010-YLMVT,2024-05-13 21:51:00,Billing,True,5.57
4010-YLMVT,2024-05-31 09:25:13,Technical,True,14.95
4010-YLMVT,2024-06-26 04:51:43,Technical,True,4.88
4010-YLMVT,2024-06-30 22:34:21,Service Outage,True,11.21
4011-ARPHK,2024-06-10 07:14:44,Technical,True,4.72
4012-ZTHBR,2024-04-28 06:10:17,Service Outage,True,7.37
4013-GUXND,2024-06-20 17:58:34,Service Outage,True,6.66
4013-TLDHQ,2024-04-27 21:09:41,Account,False,
4013-TLDHQ,2024-04-28 13:20:45,Billing,False,
4013-TLDHQ,2024-05-24 23:05:14,Service Outage,False,
4013-TLDHQ,2024-06-07 16:49:53,General Inquiry,True,48.49
4013-UBXWQ,2024-05-19 23:11:29,General Inquiry,True,18.97
4013-UBXWQ,2024-06-13 09:58:03,Service Outage,False,
4018-PPNDW,2024-05-04 23:23:28,Service Outage,False,
4020-KIUDI,2024-04-25 10:56:46,Technical,True,3.77
4020-KIUDI,2024-04-28 05:07:13,Billing,True,11.35
4020-KIUDI,2024-05-18 09:25:56,General Inquiry,True,5.48
4020-KIUDI,2024-06-12 04:29:57,Technical,True,7.9
4020-KIUDI,2024-06-21 16:15:44,Service Outage,True,6.59
4021-RQSNY,2024-04-23 15:39:05,General Inquiry,True,41.44
4021-RQSNY,2024-05-31 19:34:33,Account,True,50.55
4021-RQSNY,2024-06-25 07:34:03,Service Outage,True,49.95
4024-CSNBY,2024-04-06 06:36:59,General Inquiry,True,4.17
4024-CSNBY,2024-06-25 23:45:29,Account,False,
4026-SKKHW,2024-05-08 17:07:53,Billing,True,9.66
4029-HPFVY,2024-06-18 20:16:48,Service Outage,True,9.89
4029-HPFVY,2024-06-22 04:19:52,Account,False,
4029-HPFVY,2024-06-23 05:49:31,Technical,True,4.55
4030-VPZBD,2024-04-19 06:53:35,Service Outage,False,
4032-RMHCI,2024-04-04 18:10:09,Technical,True,3.73
4032-RMHCI,2024-05-11 09:13:33,Billing,True,4.58
4032-RMHCI,2024-05-15 06:33:00,Account,True,5.23
4032-RMHCI,2024-06-06 19:41:54,Service Outage,False,
4039-HEUNW,2024-04-21 04:51:25,General Inquiry,True,68.13
4039-HEUNW,2024-05-08 09:06:34,General Inquiry,True,8.19
4039-HEUNW,2024-05-27 03:52:20,Account,False,
4039-HEUNW,2024-06-05 03:37:00,Service Outage,False,
4039-PIMHX,2024-04-23 15:22:56,Account,True,3.3
4039-PIMHX,2024-06-14 02:03:50,Technical,False,
4043-MKDTV,2024-05-08 12:05:19,Service Outage,True,2.99
4054-CUMIA,2024-06-20 10:33:27,Account,True,17.78
4054-CUMIA,2024-06-23 09:37:57,Account,True,4.86
4054-CUMIA,2024-06-29 11:36:06,General Inquiry,True,4.11
4056-QHXHZ,2024-05-13 13:55:13,Technical,True,7.59
4057-FKCZK,2024-04-06 16:26:52,Service Outage,True,10.18
4059-IIEBK,2024-04-21 22:41:52,Account,True,4.51
4059-IIEBK,2024-06-17 17:21:58,Technical,True,7.91
4060-LDNLU,2024-04-08 23:01:49,Service Outage,True,4.75
4060-LDNLU,2024-05-22 12:27:02,Account,True,8.38
4060-LDNLU,2024-06-24 17:17:23,General Inquiry,True,6.91
4061-UKJWL,2024-05-05 10:15:33,Billing,False,
4062-HBMOS,2024-04-12 05:31:29,General Inquiry,True,6.01
4062-HBMOS,2024-04-19 08:46:16,Technical,False,
4062-HBMOS,2024-04-27 09:21:22,Account,True,5.48
4063-EIKNQ,2024-04-15 16:55:03,Service Outage,True,6.06
4065-JJAVA,2024-05-21 08:56:47,Account,True,4.26
4065-JJAVA,2024-05-28 20:05:54,Service Outage,True,2.3
4065-JJAVA,2024-06-09 12:36:50,Billing,True,6.99
4067-HLYQI,2024-06-12 23:45:38,General Inquiry,True,6.07
4067-HLYQI,2024-06-14 06:48:02,Billing,True,3.77
4070-OKWVH,2024-04-24 10:47:45,Technical,True,12.18
4072-IPYLT,2024-05-01 22:10:37,Account,True,10.77
4072-IPYLT,2024-05-08 18:23:37,Technical,True,5.33
4072-IPYLT,2024-06-01 06:19:53,Billing,True,10.49
4072-IPYLT,2024-06-24 09:43:23,General Inquiry,True,9.37
4074-SJFFA,2024-04-08 09:49:14,Billing,True,28.32
4074-SJFFA,2024-04-14 19:04:25,Billing,False,
4074-SJFFA,2024-06-06 22:23:54,Technical,False,
4075-JFPGR,2024-06-20 05:41:39,Account,True,7.19
4075-WKNIU,2024-04-20 13:22:44,Technical,True,3.47
4077-CROMM,2024-05-08 04:39:06,Service Outage,False,
4077-HWUYD,2024-06-20 10:59:41,Technical,True,6.55
4078-SAYYN,2024-06-17 11:41:20,Technical,True,29.79
4079-VTGLK,2024-04-10 20:06:47,Service Outage,True,7.44
4079-VTGLK,2024-06-13 04:00:28,Account,True,8.65
4079-VTGLK,2024-06-20 04:24:04,Technical,True,5.24
4079-VTGLK,2024-06-27 11:09:39,Billing,True,4.73
4080-IIARD,2024-04-10 05:40:38,General Inquiry,True,6.86
4080-IIARD,2024-05-21 19:41:24,Account,True,4.34
4080-IIARD,2024-06-13 17:36:27,Technical,True,4.31
4080-OGPJL,2024-04-13 14:46:48,Service Outage,False,
4080-OGPJL,2024-05-19 01:56:49,Technical,False,
4081-DYXAV,2024-04-15 23:41:44,Technical,True,30.8
4081-DYXAV,2024-04-29 03:26:00,General Inquiry,False,
4081-DYXAV,2024-06-09 06:11:37,Technical,True,30.63
4083-BFNYK,2024-04-12 19:47:21,General Inquiry,True,1.85
4083-BFNYK,2024-04-24 20:23:42,Technical,True,3.91
4083-BFNYK,2024-06-25 15:38:29,Account,False,
4083-EUGRJ,2024-06-19 23:14:20,Billing,True,32.3
4086-ATNFV,2024-04-20 05:00:04,Technical,True,8.18
4086-ATNFV,2024-05-19 04:35:57,Billing,True,14.96
4086-ATNFV,2024-06-20 13:41:21,Technical,True,10.57
4086-YQSNZ,2024-04-25 12:19:18,Account,False,
4088-YLDSU,2024-06-26 23:09:34,Billing,False,
4090-KPJIP,2024-04-20 06:34:31,Technical,True,9.05
4090-KPJIP,2024-05-19 02:18:27,Service Outage,True,8.2
4091-TVOCN,2024-05-12 20:03:40,General Inquiry,True,20.32
4092-OFQZS,2024-06-24 00:11:55,General Inquiry,True,5.86
4094-NSEDU,2024-05-08 20:53:41,Account,False,
4094-NSEDU,2024-05-15 10:14:15,Billing,True,11.5
4094-NSEDU,2024-05-26 18:58:47,Account,True,29.63
4097-YODCF,2024-05-16 18:39:57,Technical,True,7.49
4097-YODCF,2024-05-25 05:40:27,Technical,True,8.71
4098-NAUKP,2024-04-18 08:43:30,General Inquiry,True,13.41
4098-NAUKP,2024-04-26 18:03:24,General Inquiry,True,8.73
4102-HLENU,2024-05-14 02:07:20,Service Outage,True,3.83
4102-HLENU,2024-05-21 07:59:47,General Inquiry,True,3.7
4102-HLENU,2024-06-17 09:04:09,Billing,True,1.96
4102-OQUPX,2024-05-17 14:06:01,Account,False,
4102-OQUPX,2024-05-22 00:11:10,Service Outage,True,21.42
4102-OQUPX,2024-06-08 13:30:10,Service Outage,False,
4104-PVRPS,2024-05-03 01:01:15,Service Outage,True,11.0
4104-PVRPS,2024-05-12 04:52:01,Billing,True,2.87
4104-PVRPS,2024-06-04 06:11:15,Technical,True,9.96
4109-CYRBD,2024-04-02 22:18:46,General Inquiry,True,9.38
4109-CYRBD,2024-05-27 14:28:50,Billing,True,8.25
4109-CYRBD,2024-05-28 21:40:45,General Inquiry,True,5.71
4110-PFEUZ,2024-05-08 15:04:15,Billing,True,35.65
4112-LUEIZ,2024-06-08 19:08:41,Billing,False,
4114-QMKVN,2024-04-19 23:04:17,Billing,True,4.31
4114-QMKVN,2024-05-04 16:00:45,General Inquiry,True,11.57
4115-NZRKS,2024-05-20 14:41:24,Service Outage,True,4.12
4115-NZRKS,2024-05-24 09:44:08,Service Outage,True,3.68
4115-UMJFQ,2024-04-15 17:52:05,Service Outage,True,5.68
4115-UMJFQ,2024-05-09 17:04:57,Account,True,11.16
4115-UMJFQ,2024-06-13 03:20:42,Account,False,
4116-IQRFR,2024-06-08 22:48:30,General Inquiry,True,9.11
4116-TZAQJ,2024-04-02 05:14:14,Account,False,
4121-AGSIN,2024-05-06 21:48:32,Service Outage,True,3.76
4123-DVHPH,2024-04-06 05:04:04,Account,False,
4123-DVHPH,2024-04-12 10:45:20,Technical,True,3.93
4123-DVHPH,2024-04-20 16:17:41,Billing,True,1.84
4123-DVHPH,2024-05-14 07:07:55,Billing,True,6.1
4123-FCVCB,2024-05-29 16:31:59,Billing,True,7.83
4123-FCVCB,2024-06-26 08:19:36,Account,True,10.38
4123-FCVCB,2024-06-27 10:51:20,Service Outage,False,
4124-MMETB,2024-05-31 09:10:00,Technical,False,
4128-ETESU,2024-04-08 01:18:38,Service Outage,True,1.81
4128-ETESU,2024-04-26 02:18:00,General Inquiry,True,1.73
4128-ETESU,2024-05-11 11:14:16,Account,True,7.72
4129-LYCOI,2024-04-14 22:45:06,Service Outage,True,4.38
4130-MZLCC,2024-05-29 03:08:54,General Inquiry,True,5.78
4130-MZLCC,2024-06-16 23:13:37,Account,True,9.26
4130-MZLCC,2024-06-24 23:04:31,Billing,True,3.0
4132-KALRO,2024-04-05 05:00:27,Billing,True,7.6
4132-KALRO,2024-04-08 18:07:24,General Inquiry,True,9.95
4132-KALRO,2024-04-12 21:22:22,General Inquiry,True,7.96
4132-KALRO,2024-05-13 02:29:13,Service Outage,True,4.69
4132-KALRO,2024-05-31 21:46:45,Technical,True,2.38
4134-BSXLX,2024-06-01 00:53:53,Account,True,3.69
4134-BSXLX,2024-06-12 01:30:58,Service Outage,True,8.52
4135-FRWKJ,2024-06-13 12:20:56,General Inquiry,True,12.2
4137-BTIKL,2024-04-11 12:18:42,Service Outage,True,10.34
4137-BTIKL,2024-06-02 07:30:01,General Inquiry,True,10.04
4138-NAXED,2024-04-23 08:55:01,General Inquiry,True,6.95
4139-SUGLD,2024-05-13 13:38:59,Service Outage,True,28.07
4139-SUGLD,2024-06-05 04:32:44,General Inquiry,False,
4143-HHPMK,2024-04-22 15:47:06,General Inquiry,False,
4143-HHPMK,2024-05-17 12:26:26,General Inquiry,True,35.38
4143-OOBWZ,2024-05-25 04:23:02,General Inquiry,True,32.03
4143-OOBWZ,2024-06-22 01:10:16,Account,False,
4143-OOBWZ,2024-06-30 01:51:22,Account,True,62.68
4145-UQXUQ,2024-04-02 00:40:44,Billing,True,48.59
4145-UQXUQ,2024-05-31 21:25:43,Billing,False,
4145-UQXUQ,2024-06-05 13:50:15,Account,True,38.87
4146-SVFUD,2024-04-30 19:36:27,Billing,False,
4146-SVFUD,2024-06-02 20:54:01,General Inquiry,True,10.56
4154-AQUGT,2024-05-26 08:28:04,General Inquiry,True,85.73
4154-AQUGT,2024-06-19 04:34:52,Technical,False,
4159-NAAIX,2024-04-26 13:23:43,Account,True,3.53
4163-NCJAK,2024-05-07 21:14:37,Billing,True,9.51
4163-NCJAK,2024-05-31 13:06:20,Billing,True,6.34
4176-FXYBO,2024-04-02 19:06:59,Account,True,1.98
4176-RELJR,2024-04-06 12:41:52,Billing,True,4.54
4177-JPDFU,2024-06-20 21:12:46,General Inquiry,True,1.71
4182-BGSIQ,2024-04-14 10:08:07,Service Outage,True,4.81
4183-MYFRB,2024-05-10 00:36:10,Account,True,7.13
4183-MYFRB,2024-05-29 04:19:25,Account,True,3.15
4184-TJFAN,2024-06-04 04:46:50,Account,True,54.01
4184-TJFAN,2024-06-22 05:39:39,Service Outage,False,
4184-VODJZ,2024-04-05 09:03:06,Service Outage,True,3.6
4184-VODJZ,2024-05-26 18:28:47,General Inquiry,False,
4186-ZBUEW,2024-04-05 18:07:06,Technical,True,6.2
4187-CINZD,2024-04-06 13:04:14,Technical,True,9.29
4187-CINZD,2024-04-10 19:01:41,General Inquiry,True,37.17
4188-PCPIG,2024-04-17 10:58:05,Technical,True,8.42
4189-NAKJS,2024-05-27 04:24:32,General Inquiry,True,1.18
4189-NAKJS,2024-06-08 03:52:49,General Inquiry,True,1.87
4189-NAKJS,2024-06-13 11:12:18,General Inquiry,False,
4190-MFLUW,2024-04-07 20:11:17,Billing,False,
4190-MFLUW,2024-05-23 19:51:36,General Inquiry,True,17.85
4191-XOVOM,2024-05-07 08:27:34,General Inquiry,True,7.75
4192-GORJT,2024-04-18 10:22:41,Service Outage,False,
4192-GORJT,2024-04-29 11:43:52,General Inquiry,True,18.32
4192-GORJT,2024-05-21 17:42:23,Service Outage,True,49.5
4192-GORJT,2024-05-27 09:04:38,Billing,False,
4192-GORJT,2024-06-12 12:16:50,Account,True,11.72
4195-NZGTA,2024-04-22 23:53:11,General Inquiry,True,4.01
4195-NZGTA,2024-06-02 16:14:53,Billing,True,6.49
4195-NZGTA,2024-06-09 22:33:42,Technical,True,8.65
4195-NZGTA,2024-06-11 02:00:57,Account,True,8.26
4198-VFOEA,2024-04-09 10:50:01,Account,True,11.53
4198-VFOEA,2024-05-07 09:18:10,Technical,False,
4198-VFOEA,2024-05-12 07:32:04,Account,True,8.52
4201-JMNGR,2024-04-04 05:51:00,Billing,True,47.45
4201-JMNGR,2024-05-19 10:37:49,Account,True,21.86
4201-JMNGR,2024-06-09 14:26:40,General Inquiry,True,18.38
4201-JMNGR,2024-06-30 01:29:48,Technical,True,14.27
4203-QGNZA,2024-05-02 10:19:36,Technical,True,12.83
4208-UFFGW,2024-05-05 13:28:46,Service Outage,True,34.66
4208-UFFGW,2024-06-24 19:40:29,Service Outage,True,42.89
4210-QFJMF,2024-04-14 10:30:25,Account,True,24.94
4210-QFJMF,2024-04-23 14:52:27,Account,False,
4211-MMAZN,2024-05-29 22:44:22,General Inquiry,True,37.9
4211-MMAZN,2024-06-15 23:51:28,General Inquiry,False,
4213-HKBJO,2024-05-05 22:17:25,Billing,False,
4220-TINQT,2024-05-29 03:43:57,Billing,True,7.52
4223-BKEOR,2024-04-03 06:57:18,Account,True,4.5
4223-BKEOR,2024-05-04 06:46:14,Billing,True,4.12
4223-WOZCM,2024-04-10 03:59:51,Billing,True,13.13
4223-WOZCM,2024-05-01 00:12:55,Billing,False,
4223-WOZCM,2024-06-10 10:54:54,Billing,True,10.85
4226-KKDON,2024-06-16 08:12:19,Account,True,9.82
4226-KKDON,2024-06-20 19:31:29,Service Outage,True,3.62
4227-OJHAL,2024-05-25 04:25:42,Billing,True,2.74
4227-OJHAL,2024-05-30 21:15:37,Billing,True,4.8
4227-OJHAL,2024-06-06 02:25:20,Account,True,12.03
4227-OJHAL,2024-06-17 08:27:02,Account,True,3.93
4228-ZGYUW,2024-04-15 23:59:01,Account,True,24.56
4228-ZGYUW,2024-05-05 03:22:53,Service Outage,True,15.43
4229-CZMLL,2024-04-15 18:01:48,Service Outage,False,
4229-CZMLL,2024-05-29 02:48:35,Service Outage,False,
4229-CZMLL,2024-06-16 05:05:58,Billing,True,13.39
4231-LZUYM,2024-05-16 21:34:48,Technical,True,13.47
4234-XTNEA,2024-04-16 16:44:56,General Inquiry,False,
4234-XTNEA,2024-06-01 17:04:12,Billing,True,6.88
4236-UJPWO,2024-04-09 14:07:19,Billing,True,5.87
4236-UJPWO,2024-06-06 06:20:40,Billing,True,3.11
4236-XPXAV,2024-06-06 05:50:48,Service Outage,False,
4237-RLAQD,2024-05-01 00:44:53,Billing,True,10.82
4237-RLAQD,2024-05-20 22:11:11,Service Outage,True,30.62
4238-HFHSN,2024-05-05 11:06:59,Account,True,9.07
4238-HFHSN,2024-05-06 04:38:29,Account,False,
4238-HFHSN,2024-05-14 06:05:47,General Inquiry,False,
4248-HCETZ,2024-06-19 04:48:32,Service Outage,True,11.27
4248-HCETZ,2024-06-28 15:17:39,General Inquiry,True,47.24
4248-QPAVC,2024-04-11 23:51:35,General Inquiry,True,24.66
4248-QPAVC,2024-04-13 11:04:16,Service Outage,False,
4248-QPAVC,2024-04-18 00:14:03,Technical,False,
4250-FDVOU,2024-05-12 21:24:02,Billing,True,21.84
4250-FDVOU,2024-05-18 01:28:22,Account,False,
4250-WAROZ,2024-05-05 03:46:35,General Inquiry,True,4.87
4250-ZBWLV,2024-05-25 21:17:40,Billing,False,
4254-QPEDE,2024-04-06 11:46:41,Technical,True,4.67
4255-DDUOU,2024-04-07 12:27:46,Technical,False,
4255-DDUOU,2024-05-17 14:57:41,Account,True,5.54
4256-ZWTZI,2024-04-19 15:04:06,Technical,True,3.55
4257-GAESD,2024-05-06 19:13:22,Technical,True,4.44
4257-GAESD,2024-05-06 21:57:46,Billing,True,2.43
4257-GAESD,2024-06-25 08:28:46,Service Outage,True,2.91
4273-MBHYA,2024-04-15 06:27:47,General Inquiry,True,4.23
4273-MBHYA,2024-05-18 04:26:40,Account,True,5.78
4273-MBHYA,2024-05-25 19:42:24,Billing,True,2.91
4273-MBHYA,2024-06-28 22:06:21,Technical,True,11.29
4274-DRSQT,2024-06-14 19:28:44,Service Outage,True,12.14
4274-OWWYO,2024-04-26 23:54:44,Technical,False,
4274-OWWYO,2024-05-11 14:15:24,General Inquiry,False,
4274-OWWYO,2024-05-22 10:14:49,Technical,False,
4274-OWWYO,2024-06-20 11:45:01,Service Outage,True,24.37
4277-BWBML,2024-05-20 20:39:13,Account,False,
4277-PVRAN,2024-05-09 20:32:47,Account,True,62.47
4277-PVRAN,2024-05-30 17:34:46,Billing,True,54.68
4277-PVRAN,2024-06-21 15:36:31,Account,False,
4277-UDIEF,2024-05-22 17:26:25,Account,True,9.03
4277-UDIEF,2024-06-07 07:20:29,Billing,True,2.67
4277-UDIEF,2024-06-12 14:46:29,Service Outage,True,4.46
4282-MSACW,2024-05-13 02:33:21,Technical,True,4.27
4283-FUTGF,2024-04-18 19:35:09,Account,True,39.38
4283-FUTGF,2024-05-09 22:32:45,Technical,True,89.95
4283-IVYCI,2024-04-30 21:31:40,Account,False,
4283-IVYCI,2024-06-17 16:08:35,Technical,True,5.59
4285-GYRQC,2024-05-09 06:38:30,Account,True,26.46
4285-GYRQC,2024-05-29 08:13:57,General Inquiry,False,
4289-DTDKW,2024-04-30 05:42:30,General Inquiry,False,
4289-DTDKW,2024-06-26 20:16:14,Technical,True,55.0
4291-HPAXL,2024-04-18 06:04:05,Service Outage,True,9.27
4291-HPAXL,2024-06-05 01:50:56,Service Outage,True,6.93
4291-HPAXL,2024-06-30 19:35:57,Billing,True,4.78
4291-HYEBC,2024-05-05 23:03:24,Account,False,
4291-HYEBC,2024-05-14 04:31:27,General Inquiry,True,6.48
4291-YZODP,2024-04-02 02:33:36,General Inquiry,True,8.59
4291-YZODP,2024-04-28 08:27:06,General Inquiry,True,3.84
4291-YZODP,2024-05-06 19:32:22,Technical,True,4.51
4291-YZODP,2024-06-12 13:04:36,Billing,True,4.2
4291-YZODP,2024-06-21 14:54:33,Technical,True,2.63
4293-ETKAP,2024-04-25 06:29:22,General Inquiry,True,1.37
4293-ETKAP,2024-05-21 14:30:59,Billing,True,2.76
4295-YURET,2024-04-15 13:24:29,Technical,True,1.74
4295-YURET,2024-05-02 20:53:51,Billing,True,18.48
4298-OYIFC,2024-06-03 01:05:41,Technical,True,3.93
4299-SIMNS,2024-05-26 06:17:05,General Inquiry,False,
4299-SIMNS,2024-06-11 02:07:53,General Inquiry,True,6.07
4299-SIMNS,2024-06-19 08:31:43,Billing,True,12.4
4301-VVZKA,2024-04-07 19:59:33,Account,True,11.52
4301-VVZKA,2024-05-29 01:12:32,General Inquiry,True,4.46
4301-VVZKA,2024-06-10 20:50:44,Account,False,
4302-ZYFEL,2024-06-19 07:37:35,General Inquiry,True,7.16
4304-XUMGI,2024-04-16 22:58:39,Billing,True,4.42
4304-XUMGI,2024-05-21 17:30:16,General Inquiry,True,4.4
4304-XUMGI,2024-06-14 18:06:52,General Inquiry,True,9.51
4307-KTUMW,2024-05-14 01:13:26,Account,False,
4307-KTUMW,2024-06-02 02:00:21,General Inquiry,False,
4307-KTUMW,2024-06-15 05:49:30,Technical,True,33.75
4307-KWMXE,2024-04-10 17:38:22,General Inquiry,False,
4307-KWMXE,2024-06-04 18:04:45,Billing,True,4.16
4307-KWMXE,2024-06-10 02:02:40,General Inquiry,True,4.75
4310-KEDTB,2024-04-06 00:34:14,Technical,True,3.9
4310-KEDTB,2024-04-22 10:02:31,General Inquiry,True,12.77
4310-KEDTB,2024-04-28 14:32:45,General Inquiry,True,5.21
4312-KFRXN,2024-06-11 08:04:27,Billing,True,16.16
4312-KFRXN,2024-06-21 06:34:54,Service Outage,True,4.15
4315-MURBD,2024-05-23 21:23:50,Billing,False,
4316-XCSLJ,2024-06-17 11:16:03,Billing,True,5.54
4316-XCSLJ,2024-06-20 05:30:58,Account,True,2.87
4318-RAJVY,2024-04-28 12:02:49,Service Outage,True,4.98
4318-RAJVY,2024-05-29 23:16:04,Technical,True,9.74
4318-RAJVY,2024-06-18 23:54:21,Billing,True,3.83
4320-QMLLA,2024-06-09 06:11:46,Technical,True,9.5
4320-QMLLA,2024-06-17 16:18:58,Service Outage,True,11.24
4320-QMLLA,2024-06-25 00:24:33,Account,True,3.16
4322-RCYMT,2024-06-04 05:13:35,Billing,True,30.76
4322-RCYMT,2024-06-23 09:30:45,Service Outage,False,
4322-RCYMT,2024-06-28 18:02:16,Service Outage,True,5.06
4323-ELYYB,2024-06-20 10:35:14,Service Outage,False,
4323-SADQS,2024-05-06 07:39:15,Account,True,31.09
4324-AHJKS,2024-05-14 09:01:52,Account,True,19.05
4324-AHJKS,2024-05-23 12:25:26,General Inquiry,True,5.7
4324-AHJKS,2024-06-23 07:56:18,General Inquiry,True,3.99
4325-NFSKC,2024-06-03 18:56:01,Service Outage,True,6.85
4325-NFSKC,2024-06-07 14:19:25,Account,False,
4325-NFSKC,2024-06-17 23:01:46,Account,False,
4328-VUFWD,2024-04-05 18:31:18,Account,True,15.01
4328-VUFWD,2024-05-20 13:46:45,General Inquiry,True,3.45
4329-YPDDQ,2024-05-12 16:49:05,Technical,True,2.19
4332-MUOEZ,2024-05-05 06:18:37,Technical,True,4.04
4332-MUOEZ,2024-06-15 06:08:39,Technical,True,9.33
4332-MUOEZ,2024-06-22 13:37:11,Technical,False,
4334-HOWRP,2024-04-02 09:33:35,Technical,True,5.16
4334-HOWRP,2024-04-03 15:42:59,Service Outage,True,5.39
4334-HOWRP,2024-04-30 22:30:40,Account,False,
4335-BSMJS,2024-05-12 11:28:25,Technical,False,
4338-EYCER,2024-04-12 07:22:26,Account,True,3.2
4338-EYCER,2024-06-20 16:22:28,Billing,False,
4342-HENTK,2024-04-07 03:19:29,Billing,True,45.8
4342-HENTK,2024-04-16 01:03:20,Technical,False,
4342-HENTK,2024-05-29 09:15:14,Account,True,14.87
4342-HENTK,2024-06-10 18:27:56,Billing,True,31.97
4342-HENTK,2024-06-23 05:37:52,Service Outage,True,15.02
4342-HFXWS,2024-04-27 20:32:19,Billing,True,12.98
4342-HFXWS,2024-04-29 17:52:58,General Inquiry,False,
4342-HFXWS,2024-05-18 08:53:43,General Inquiry,True,4.65
4343-EJVQB,2024-04-04 02:39:40,Billing,False,
4343-EJVQB,2024-04-28 17:47:52,Service Outage,True,5.94
4343-EJVQB,2024-05-25 11:37:14,Account,True,3.84
4343-EJVQB,2024-05-26 01:54:21,Service Outage,True,6.19
4349-GFQHK,2024-04-07 04:45:06,General Inquiry,False,
4349-GFQHK,2024-04-30 01:55:38,Account,True,15.88
4349-GFQHK,2024-05-03 20:31:51,Billing,True,6.28
4349-GFQHK,2024-05-22 17:31:57,General Inquiry,True,17.69
4349-GFQHK,2024-05-30 23:26:45,General Inquiry,True,12.92
4350-ZTLPI,2024-04-12 09:27:54,Account,True,3.58
4350-ZTLPI,2024-04-23 10:28:34,Billing,True,13.34
4350-ZTLPI,2024-06-02 19:07:49,Billing,True,10.22
4351-QLCSU,2024-04-26 12:04:54,Technical,True,50.07
4351-QLCSU,2024-05-12 04:07:47,Service Outage,False,
4351-QLCSU,2024-05-16 15:35:50,Service Outage,True,18.15
4351-QLCSU,2024-05-31 13:49:46,Billing,True,25.63
4353-HYOJD,2024-04-02 12:51:14,Technical,True,8.94
4353-HYOJD,2024-04-06 18:11:33,Service Outage,True,16.53
4353-HYOJD,2024-04-07 11:22:03,Billing,True,3.6
4353-HYOJD,2024-06-12 15:42:01,General Inquiry,True,4.11
4353-HYOJD,2024-06-27 21:54:16,Technical,True,8.06
4355-CVPVS,2024-04-13 11:01:38,General Inquiry,False,
4355-CVPVS,2024-04-23 10:34:38,Technical,True,2.97
4355-CVPVS,2024-05-27 12:41:13,Service Outage,True,3.72
4355-HBJHH,2024-04-22 15:47:38,Technical,True,19.4
4355-HBJHH,2024-05-03 12:41:41,Technical,True,25.81
4359-INNWN,2024-04-02 21:39:55,Service Outage,True,45.04
4360-PNRQB,2024-04-14 09:09:40,Account,True,8.07
4360-PNRQB,2024-06-21 05:07:47,Technical,True,5.84
4360-QRAVE,2024-04-28 00:24:34,Technical,True,16.58
4360-QRAVE,2024-06-01 18:53:08,Technical,True,6.58
4360-QRAVE,2024-06-07 07:39:40,General Inquiry,True,4.59
4360-QRAVE,2024-06-27 22:08:19,Account,True,7.09
4360-QRAVE,2024-06-30 02:59:25,Account,True,5.83
4361-BKAXE,2024-05-11 11:55:40,General Inquiry,True,32.18
4361-BKAXE,2024-05-15 11:11:48,Account,True,8.4
4361-FEBGN,2024-04-07 21:05:21,General Inquiry,True,3.0
4361-FEBGN,2024-05-27 14:08:38,Account,True,3.07
4365-MSDYN,2024-04-11 13:41:48,Billing,True,7.6
4365-MSDYN,2024-05-28 01:45:12,Technical,True,5.88
4367-NHWMM,2024-04-15 21:47:19,Service Outage,True,7.24
4367-NHWMM,2024-04-22 17:31:47,Billing,True,8.63
4367-NHWMM,2024-05-17 06:51:59,Account,True,4.02
4367-NHWMM,2024-06-27 11:45:55,Technical,True,8.33
4367-NHWMM,2024-06-29 04:22:19,Service Outage,True,9.17
4367-NUYAO,2024-05-05 22:24:26,Service Outage,False,
4367-NUYAO,2024-05-15 10:55:15,General Inquiry,True,6.46
4369-HTUIF,2024-05-29 06:29:55,Account,False,
4369-HTUIF,2024-06-06 23:06:02,General Inquiry,True,13.85
4373-MAVJG,2024-04-02 04:15:34,Account,True,14.98
4373-MAVJG,2024-05-13 11:32:04,General Inquiry,True,20.88
4373-MAVJG,2024-05-13 22:35:49,Technical,True,34.42
4373-MAVJG,2024-06-06 22:08:40,General Inquiry,True,18.78
4373-MAVJG,2024-06-18 22:04:09,General Inquiry,False,
4373-VVHQL,2024-05-13 12:01:51,Billing,True,7.71
4373-VVHQL,2024-05-28 01:23:08,Account,True,8.23
4373-VVHQL,2024-06-12 02:01:49,General Inquiry,False,
4374-YMUSQ,2024-06-09 01:08:12,Account,True,13.04
4376-KFVRS,2024-04-10 04:27:43,Account,True,24.46
4377-VDHYI,2024-05-05 22:55:01,Technical,False,
4377-VDHYI,2024-06-11 12:14:50,Service Outage,False,
4377-VDHYI,2024-06-23 07:53:21,General Inquiry,True,5.04
4378-MYPGO,2024-04-26 06:21:47,Service Outage,True,1.83
4378-MYPGO,2024-05-24 07:12:21,Technical,True,3.69
4389-UEFCZ,2024-04-07 00:31:47,Billing,True,3.24
4389-UEFCZ,2024-05-06 03:07:16,Billing,True,2.9
4390-KYULV,2024-06-19 10:01:51,Billing,True,23.74
4393-GEADV,2024-04-16 14:03:50,Technical,True,3.32
4393-GEADV,2024-05-22 01:32:00,Account,True,3.9
4393-RYCRE,2024-04-03 02:22:31,Technical,True,10.95
4393-RYCRE,2024-04-23 08:41:15,Account,True,3.38
4393-RYCRE,2024-06-14 06:35:51,Account,False,
4393-RYCRE,2024-06-22 15:45:59,Billing,True,8.59
4395-PZMSN,2024-04-13 13:15:08,Technical,True,3.15
4395-PZMSN,2024-04-20 02:47:05,Billing,True,5.64
4396-KLSEH,2024-04-07 10:43:44,Billing,True,6.38
4396-KLSEH,2024-04-17 10:17:56,Service Outage,True,1.22
4397-FRLTA,2024-04-25 08:46:05,Billing,True,4.55
4397-FRLTA,2024-06-22 06:42:04,General Inquiry,False,
4402-FTBXC,2024-04-24 08:51:37,Account,True,5.82
4402-FTBXC,2024-06-05 12:01:03,Account,True,3.29
4403-BWPAY,2024-06-06 09:29:11,Technical,True,6.57
4404-HIBDJ,2024-05-05 22:40:54,General Inquiry,False,
4404-HIBDJ,2024-06-26 05:33:13,Account,True,27.64
4404-HIBDJ,2024-06-29 14:48:36,Technical,True,41.43
4412-YLTKF,2024-04-07 09:27:20,Service Outage,True,23.49
4412-YLTKF,2024-05-25 15:49:21,Account,True,22.34
4412-YLTKF,2024-06-01 02:06:39,Technical,True,18.49
4415-IJZTP,2024-04-07 15:32:53,Account,True,32.17
4415-IJZTP,2024-04-22 08:25:58,Account,True,6.9
4415-WNGVR,2024-04-15 13:32:13,Technical,True,2.78
4415-WNGVR,2024-04-27 05:33:56,Account,True,6.4
4415-WNGVR,2024-05-18 16:55:33,Technical,True,2.04
4418-LZMSV,2024-04-02 09:22:23,Technical,True,4.25
4418-LZMSV,2024-05-12 00:34:59,General Inquiry,True,5.66
4419-UJMUS,2024-04-10 15:23:27,General Inquiry,True,6.32
4422-QVIJA,2024-05-03 07:46:14,General Inquiry,True,9.46
4423-JWZJN,2024-04-06 00:49:08,Technical,False,
4423-JWZJN,2024-06-15 13:01:51,Service Outage,True,10.63
4423-YLHDV,2024-04-16 01:59:12,Technical,True,14.19
4423-YLHDV,2024-06-16 12:23:17,Service Outage,False,
4423-YLHDV,2024-06-21 17:38:58,General Inquiry,False,
4424-TKOPW,2024-04-14 21:43:58,Account,True,35.9
4424-TKOPW,2024-04-17 04:02:36,Billing,False,
4424-TKOPW,2024-05-25 00:36:58,General Inquiry,True,9.65
4425-OWHWB,2024-05-09 13:36:52,Technical,True,9.89
4431-EDMIQ,2024-05-24 01:32:48,Billing,False,
4433-JCGCG,2024-04-08 18:06:21,Account,False,
4439-JMPMT,2024-04-08 07:33:09,Service Outage,True,28.83
4439-YRNVD,2024-04-03 13:51:42,Service Outage,True,5.62
4441-NIHPT,2024-04-04 22:19:28,Technical,False,
4441-NIHPT,2024-06-30 05:05:49,Service Outage,True,54.84
4445-KWOKW,2024-05-13 20:26:51,Service Outage,True,11.16
4445-KWOKW,2024-06-11 05:04:16,Technical,True,9.0
4445-KWOKW,2024-06-25 13:22:24,Service Outage,True,11.33
4445-ZJNMU,2024-04-25 21:51:31,Technical,True,4.56
4445-ZJNMU,2024-06-27 23:38:46,General Inquiry,True,6.57
4445-ZJNMU,2024-06-28 10:36:52,Technical,False,
4446-BZKHU,2024-06-03 04:58:29,Billing,True,92.48
4446-BZKHU,2024-06-07 14:05:26,Account,True,22.58
4446-BZKHU,2024-06-27 19:27:41,Account,True,31.58
4450-DLLMH,2024-05-08 00:44:14,General Inquiry,True,11.08
4450-DLLMH,2024-05-18 15:55:25,Technical,False,
4450-DLLMH,2024-06-30 03:03:11,Service Outage,True,7.85
4450-MDZFX,2024-04-09 06:48:22,Technical,False,
4450-MDZFX,2024-04-19 17:34:52,Billing,False,
4450-MDZFX,2024-04-28 07:45:17,Technical,True,1.67
4450-MDZFX,2024-06-02 04:19:10,General Inquiry,True,3.55
4450-MDZFX,2024-06-10 13:15:59,Billing,False,
4450-YOOHP,2024-04-04 20:07:51,Service Outage,True,7.37
4450-YOOHP,2024-05-27 05:37:28,Billing,True,7.46
4451-RWASJ,2024-05-01 03:20:52,Service Outage,True,3.12
4452-QIIEB,2024-04-04 14:41:05,Service Outage,True,11.29
4452-QIIEB,2024-06-02 17:53:06,Service Outage,True,7.74
4452-QIIEB,2024-06-26 14:26:24,Service Outage,True,4.2
4452-ROHMO,2024-06-18 00:40:35,Service Outage,True,2.09
4455-BFSPD,2024-04-15 15:06:30,General Inquiry,True,4.74
4455-BFSPD,2024-04-16 12:51:05,Billing,True,9.57
4456-RHSNB,2024-04-22 01:15:30,Account,True,5.08
4456-RHSNB,2024-04-29 17:41:12,General Inquiry,True,8.66
4456-RHSNB,2024-05-27 10:56:04,Technical,True,4.12
4458-KVRBJ,2024-06-08 20:20:53,General Inquiry,False,
4458-KVRBJ,2024-06-30 21:35:47,Technical,True,22.54
4459-BBGHE,2024-05-14 10:56:11,Account,True,2.53
4462-CYWMH,2024-05-04 13:33:56,Account,True,5.95
4462-CYWMH,2024-05-20 23:05:37,General Inquiry,True,2.67
4464-JCOLN,2024-04-09 07:14:19,Service Outage,False,
4465-VDKIQ,2024-04-04 16:33:07,Technical,False,
4465-VDKIQ,2024-05-27 23:10:38,General Inquiry,True,5.79
4468-KAZHE,2024-06-07 00:37:49,Billing,True,5.39
4471-KXAUH,2024-04-08 01:18:58,Account,True,76.58
4472-LVYGI,2024-05-13 23:42:43,Service Outage,True,5.87
4472-LVYGI,2024-05-25 23:46:16,Technical,True,3.35
4472-LVYGI,2024-06-07 02:10:03,Service Outage,True,2.92
4472-VESGY,2024-05-18 19:48:57,Technical,True,7.38
4472-VESGY,2024-05-30 03:57:05,Billing,True,10.11
4472-VESGY,2024-06-24 11:22:22,Technical,True,5.19
4475-NVTLU,2024-06-23 21:07:33,Service Outage,True,8.31
4480-MBMLB,2024-05-13 10:31:02,General Inquiry,False,
4480-MBMLB,2024-05-17 17:17:56,Technical,True,3.56
4480-MBMLB,2024-06-28 14:10:47,Service Outage,True,11.04
4480-QQRHC,2024-06-25 06:05:41,Technical,True,8.16
4482-EWFMI,2024-04-07 11:54:55,Billing,False,
4482-EWFMI,2024-05-14 04:18:10,Technical,True,1.86
4482-FTFFX,2024-05-11 04:14:54,Account,True,4.32
4484-CGXFK,2024-05-07 20:46:02,Account,False,
4484-CGXFK,2024-05-20 05:41:54,Service Outage,False,
4484-CGXFK,2024-05-22 04:36:47,Account,False,
4484-CGXFK,2024-05-22 17:08:49,Billing,True,16.07
4484-CGXFK,2024-06-10 13:02:09,General Inquiry,True,24.65
4484-GLZOU,2024-04-28 00:49:11,Billing,True,35.97
4486-EFAEB,2024-05-26 10:47:03,Account,True,7.12
4487-ZYJZK,2024-04-10 12:27:46,Account,True,18.23
4487-ZYJZK,2024-04-28 18:40:19,Technical,True,2.3
4488-KQFDT,2024-04-09 07:06:45,Technical,True,7.95
4488-PSYCG,2024-04-21 19:43:05,General Inquiry,False,
4495-LHSSK,2024-04-16 18:55:19,Service Outage,True,4.41
4495-LHSSK,2024-04-21 18:16:51,Billing,False,
4495-LHSSK,2024-05-20 12:59:43,Service Outage,True,4.88
4495-LHSSK,2024-06-17 09:58:53,Technical,True,12.39
4495-LHSSK,2024-06-26 11:59:49,Billing,True,7.34
4500-HKANN,2024-04-15 12:46:20,Service Outage,True,1.23
4500-HKANN,2024-04-19 12:05:04,Billing,True,3.78
4501-EQDRN,2024-04-06 06:34:29,Account,True,45.8
4501-EQDRN,2024-05-04 09:03:42,Billing,True,47.99
4501-EQDRN,2024-05-06 15:21:04,General Inquiry,True,40.06
4501-UYKBC,2024-06-11 05:23:54,Technical,True,12.62
4501-VCPFK,2024-05-26 06:40:32,Technical,True,5.29
4503-BDXBD,2024-05-07 09:55:44,Account,True,34.23
4504-YOULA,2024-06-21 14:37:38,Account,True,7.55
4505-EXZHB,2024-04-02 13:29:02,Account,False,
4505-EXZHB,2024-04-02 17:15:25,Billing,True,22.06
4505-EXZHB,2024-06-28 22:54:11,Technical,False,
4508-OEBEY,2024-04-24 19:01:06,Service Outage,True,3.47
4508-OEBEY,2024-06-29 14:46:56,General Inquiry,False,
4510-HIMLV,2024-04-12 11:44:13,Service Outage,False,
4510-HIMLV,2024-05-11 13:38:37,Account,False,
4510-HIMLV,2024-06-15 05:59:01,Account,True,19.0
4510-PYUSH,2024-04-07 23:05:33,Technical,True,39.85
4510-PYUSH,2024-05-26 12:42:27,Service Outage,False,
4510-PYUSH,2024-06-28 01:26:18,General Inquiry,True,35.4
4512-ZUIYL,2024-05-30 15:44:27,General Inquiry,False,
4513-CXYIX,2024-05-27 02:11:47,Billing,False,
4514-GFCFI,2024-05-14 12:24:48,General Inquiry,True,24.6
4518-FZBSX,2024-04-22 10:38:13,Account,True,3.49
4521-YEEHE,2024-04-03 23:11:38,General Inquiry,True,12.94
4521-YEEHE,2024-05-14 13:55:41,General Inquiry,True,11.49
4522-AKYLR,2024-04-30 06:44:00,General Inquiry,True,10.94
4522-AKYLR,2024-05-05 09:40:06,Service Outage,True,2.73
4522-AKYLR,2024-06-10 14:56:59,Technical,True,6.93
4522-XRWWI,2024-05-03 06:48:21,Service Outage,True,8.13
4523-WXCEF,2024-04-12 10:02:56,Billing,False,
4523-WXCEF,2024-04-16 21:15:06,Account,True,11.74
4523-WXCEF,2024-05-30 00:17:51,Account,False,
4523-WXCEF,2024-06-09 19:35:32,Technical,True,14.25
4524-QCSSM,2024-05-16 16:50:12,General Inquiry,True,4.55
4524-QCSSM,2024-05-24 14:35:06,Service Outage,True,7.46
4524-QCSSM,2024-06-16 06:25:23,Technical,True,7.6
4525-VZCZG,2024-04-02 18:45:15,Technical,True,7.2
4525-VZCZG,2024-06-16 05:32:07,Technical,True,12.4
4526-RMTLL,2024-05-17 02:11:33,Technical,True,2.91
4526-ZJJTM,2024-05-19 21:27:33,Technical,True,5.21
4526-ZJJTM,2024-06-03 18:41:43,Account,True,15.52
4529-CKBCL,2024-04-18 21:46:00,Billing,True,15.24
4529-CKBCL,2024-05-17 10:11:59,General Inquiry,True,33.86
4529-CKBCL,2024-06-21 19:38:05,Technical,False,
4530-NDRKU,2024-04-23 22:51:26,Technical,True,7.07
4531-AUZNK,2024-06-04 00:13:20,Technical,True,7.12
4534-WGCIR,2024-04-14 00:16:25,Technical,True,13.53
4534-WGCIR,2024-05-04 09:59:35,Account,True,3.08
4534-WGCIR,2024-06-21 14:18:06,Account,True,4.58
4536-PLEQY,2024-04-04 00:39:11,General Inquiry,True,8.6
4536-PLEQY,2024-06-16 18:28:49,Account,True,4.55
4537-CIBHB,2024-06-15 21:10:33,Billing,True,15.3
4538-WNTMJ,2024-05-06 23:41:13,Billing,False,
4541-RMRLG,2024-04-27 10:51:37,General Inquiry,True,13.72
4541-RMRLG,2024-06-09 21:12:33,General Inquiry,True,31.46
4541-RMRLG,2024-06-30 17:03:08,Account,True,28.56
4544-RXFMG,2024-04-03 08:13:18,General Inquiry,True,3.94
4544-RXFMG,2024-06-08 05:07:50,General Inquiry,True,11.55
4546-FOKWR,2024-04-12 21:19:31,Service Outage,True,3.75
4546-FOKWR,2024-04-16 14:30:21,Service Outage,True,12.12
4546-FOKWR,2024-05-09 21:21:48,Account,True,7.47
4547-FZJWE,2024-04-02 12:15:29,Account,True,6.45
4547-FZJWE,2024-04-30 06:33:46,Billing,True,5.26
4547-FZJWE,2024-05-05 13:22:15,Account,True,9.42
4547-FZJWE,2024-05-13 02:29:42,Billing,True,4.09
4547-KQRTM,2024-05-20 06:01:23,Service Outage,True,35.15
4547-KQRTM,2024-05-28 22:52:41,Technical,True,14.38
4547-LYTDD,2024-04-21 08:36:02,General Inquiry,False,
4547-LYTDD,2024-05-07 03:57:32,Account,True,5.08
4548-SDBKE,2024-04-04 08:32:15,General Inquiry,False,
4548-SDBKE,2024-05-23 05:53:06,Account,False,
4548-SDBKE,2024-05-24 09:35:31,Service Outage,False,
4548-SDBKE,2024-06-21 01:20:22,Technical,False,
4548-SDBKE,2024-06-28 04:37:05,Service Outage,False,
4549-ZDQYY,2024-06-30 22:27:52,Service Outage,False,
4550-EVXNY,2024-04-22 07:04:22,Account,True,14.93
4550-EVXNY,2024-04-28 18:29:32,Technical,False,
4550-VBOFE,2024-04-03 20:20:54,General Inquiry,True,37.48
4550-VBOFE,2024-04-08 11:06:18,General Inquiry,True,20.86
4550-VBOFE,2024-05-05 01:56:24,Service Outage,True,19.32
4550-VBOFE,2024-06-09 22:01:42,Billing,False,
4553-DVPZG,2024-04-04 04:46:03,Billing,False,
4553-DVPZG,2024-04-17 21:59:28,Technical,True,3.66
4553-DVPZG,2024-06-27 22:25:19,Account,True,11.09
4554-YGZIH,2024-05-09 00:38:17,Technical,True,19.68
4558-FANTW,2024-05-01 16:01:19,Billing,False,
4559-UWIHT,2024-05-12 02:37:44,Technical,False,
4559-UWIHT,2024-05-13 03:01:14,Account,True,6.01
4566-NECEV,2024-04-16 02:05:10,Service Outage,True,6.05
4566-NECEV,2024-04-18 05:22:25,Service Outage,True,18.46
4566-QVRRW,2024-04-20 21:48:41,General Inquiry,True,16.52
4567-AKPIA,2024-06-11 13:29:13,Billing,False,
4567-AKPIA,2024-06-17 01:56:46,Billing,True,6.05
4568-KNYWR,2024-05-23 22:03:19,Account,True,5.75
4568-KNYWR,2024-06-04 08:13:48,Account,True,3.32
4568-TTZRT,2024-05-11 15:31:40,Billing,True,2.94
4568-TTZRT,2024-06-03 15:19:53,Technical,True,7.66
4568-TTZRT,2024-06-20 07:00:47,General Inquiry,True,7.25
4572-DVCGN,2024-04-06 13:11:27,Technical,False,
4573-JKNAE,2024-04-10 06:40:37,Service Outage,True,6.64
4573-JKNAE,2024-04-26 01:15:41,General Inquiry,True,4.83
4578-PHJYZ,2024-06-17 23:58:28,General Inquiry,True,2.36
4580-TMHJU,2024-04-22 16:19:53,Service Outage,True,12.26
4580-TMHJU,2024-04-26 10:57:25,Technical,False,
4580-TMHJU,2024-05-04 14:12:06,Billing,True,16.29
4580-TMHJU,2024-06-24 10:32:59,Service Outage,False,
4581-LNWUM,2024-05-05 09:55:47,Billing,True,6.33
4581-LNWUM,2024-05-29 00:31:11,Account,True,3.58
4581-SSPWD,2024-05-06 15:19:58,Service Outage,True,19.38
4581-SSPWD,2024-05-14 07:48:58,General Inquiry,False,
4581-SSPWD,2024-05-27 05:15:33,Billing,True,22.44
4581-SSPWD,2024-05-29 10:36:52,Account,False,
4583-PARNH,2024-04-18 11:37:25,General Inquiry,True,6.14
4583-PARNH,2024-05-11 04:48:25,Service Outage,True,9.2
4583-PARNH,2024-06-30 21:16:50,Service Outage,True,3.55
4585-HETAI,2024-04-07 14:07:30,Billing,True,41.5
4587-NUKOX,2024-05-11 17:29:56,Technical,False,
4587-NUKOX,2024-06-14 11:54:25,Service Outage,True,14.56
4587-VVTOX,2024-04-15 03:39:09,Billing,True,33.35
4587-VVTOX,2024-06-01 10:22:06,Billing,True,18.71
4587-VVTOX,2024-06-12 19:07:29,Technical,False,
4588-YBNIB,2024-04-06 08:49:42,Technical,True,54.15
4588-YBNIB,2024-04-11 07:40:07,Technical,True,8.58
4588-YBNIB,2024-04-20 23:50:20,Account,True,20.6
4592-IWTJI,2024-06-20 22:29:59,General Inquiry,False,
4597-ELFTS,2024-04-17 08:38:46,Technical,False,
4597-ELFTS,2024-06-02 23:08:41,General Inquiry,False,
4597-NUCQV,2024-04-11 08:58:12,Service Outage,True,52.03
4597-NUCQV,2024-06-15 05:36:41,Technical,True,30.54
4597-NUCQV,2024-06-17 19:15:04,Technical,True,44.2
4598-XLKNJ,2024-04-23 00:28:22,Service Outage,True,68.11
4598-XLKNJ,2024-05-26 10:27:02,Account,False,
4598-XLKNJ,2024-06-05 04:46:49,Technical,True,37.63
4598-ZADCK,2024-05-27 13:31:47,General Inquiry,True,3.89
4598-ZADCK,2024-05-28 08:27:56,Service Outage,True,17.73
4607-CHPCA,2024-04-13 04:58:09,Service Outage,True,29.14
4607-CHPCA,2024-05-13 01:03:41,Billing,True,14.36
4607-CHPCA,2024-06-14 13:37:36,Billing,True,23.52
4607-CHPCA,2024-06-19 04:49:29,Service Outage,True,13.03
4607-CHPCA,2024-06-21 05:11:36,Billing,True,28.17
4608-LCIMN,2024-04-25 15:25:01,Service Outage,True,5.37
4608-LCIMN,2024-05-23 22:11:23,Billing,True,5.09
4608-LCIMN,2024-05-25 15:56:34,General Inquiry,True,4.31
4609-KNNWG,2024-04-08 12:59:03,Billing,True,7.16
4611-ANLQC,2024-04-11 11:33:55,Service Outage,True,3.38
4612-SSVHJ,2024-04-27 11:17:35,Billing,True,9.83
4612-SSVHJ,2024-05-22 03:43:07,Billing,True,1.46
4612-SSVHJ,2024-06-10 18:36:27,Billing,True,5.89
4612-THJBS,2024-04-26 13:32:20,Account,True,11.44
4612-THJBS,2024-05-15 17:13:57,Billing,False,
4614-NUVZD,2024-04-06 01:17:11,Service Outage,False,
4614-NUVZD,2024-04-20 09:19:16,Technical,True,22.58
4615-PIVVU,2024-05-04 07:16:29,Service Outage,True,4.85
4615-PIVVU,2024-05-16 17:53:47,Service Outage,False,
4616-EWBNJ,2024-04-05 10:23:04,General Inquiry,True,6.03
4616-EWBNJ,2024-04-25 12:25:09,Account,True,7.18
4616-EWBNJ,2024-06-20 14:54:49,Service Outage,False,
4616-ULAOA,2024-05-28 04:32:45,General Inquiry,True,11.38
4619-EVPHY,2024-04-19 13:43:16,Service Outage,True,3.62
4619-EVPHY,2024-05-25 16:04:22,Technical,True,7.18
4619-EVPHY,2024-06-05 22:44:39,Technical,True,2.43
4619-EVPHY,2024-06-05 22:55:40,General Inquiry,True,8.28
4619-EVPHY,2024-06-15 02:00:01,Service Outage,True,5.51
4622-YNKIJ,2024-04-09 01:33:30,Service Outage,False,
4625-EWPTF,2024-04-02 22:51:24,Billing,True,33.4
4625-EWPTF,2024-06-21 18:20:24,Billing,False,
4625-LAMOB,2024-04-27 01:56:04,Service Outage,True,6.93
4625-XMOYM,2024-05-03 05:02:03,Billing,True,7.26
4626-GYCZP,2024-06-03 16:02:11,Billing,True,30.15
4627-MIHJH,2024-05-10 14:39:54,General Inquiry,True,2.63
4627-MIHJH,2024-06-29 17:35:26,Account,True,4.74
4628-CTTLA,2024-06-16 01:00:49,General Inquiry,True,42.41
4628-CTTLA,2024-06-23 14:17:45,Technical,True,13.82
4628-CTTLA,2024-06-26 11:59:53,General Inquiry,True,22.92
4628-WQCQQ,2024-05-12 15:29:17,General Inquiry,True,14.01
4629-NRXKX,2024-04-05 00:31:11,Technical,False,
4629-NRXKX,2024-05-22 22:48:20,Service Outage,False,
4629-NRXKX,2024-06-25 09:25:25,General Inquiry,True,38.99
4631-OACRM,2024-04-23 08:01:05,General Inquiry,False,
4631-OACRM,2024-05-08 15:06:38,Technical,True,14.54
4631-OACRM,2024-05-14 11:59:06,Service Outage,False,
4631-OACRM,2024-05-18 22:12:37,General Inquiry,True,71.41
4632-XJMEX,2024-05-18 09:33:28,General Inquiry,True,2.24
4633-MKHYU,2024-04-07 14:10:08,Account,True,3.77
4633-MKHYU,2024-05-01 05:56:34,Technical,True,16.19
4633-MKHYU,2024-05-11 03:23:17,Service Outage,True,5.52
4633-MKHYU,2024-05-24 00:39:18,Technical,True,9.92
4633-MKHYU,2024-05-27 08:08:44,Account,True,6.1
4635-EJYPD,2024-04-05 18:43:42,Service Outage,False,
4636-JGAAI,2024-04-28 04:42:52,Billing,True,4.81
4636-OLWOE,2024-04-10 02:19:57,Service Outage,True,1.83
4636-QRJKY,2024-04-15 19:24:51,Account,False,
4636-QRJKY,2024-05-09 10:08:13,Billing,False,
4636-TVXVG,2024-06-14 19:01:55,Technical,True,8.7
4640-UHDOS,2024-04-15 12:52:13,Technical,False,
4640-UHDOS,2024-04-26 06:51:06,Account,False,
4640-UHDOS,2024-06-21 21:49:57,Service Outage,False,
4641-FROLU,2024-05-25 05:47:33,Billing,True,16.62
4641-FROLU,2024-06-03 08:12:56,Account,True,3.37
4644-PIZRT,2024-04-29 18:47:01,Billing,True,1.49
4644-PIZRT,2024-05-15 07:31:00,Billing,False,
4644-PIZRT,2024-06-01 20:43:21,Billing,True,9.32
4644-PIZRT,2024-06-03 12:06:28,General Inquiry,False,
4644-PIZRT,2024-06-30 19:45:33,General Inquiry,True,4.62
4646-QZXTF,2024-04-23 14:41:41,Service Outage,True,15.28
4647-MUZON,2024-04-23 11:35:50,Technical,True,4.75
4647-MUZON,2024-06-09 17:13:23,Account,False,
4647-MUZON,2024-06-12 16:04:15,Service Outage,True,6.74
4647-MUZON,2024-06-16 10:03:25,Billing,True,1.46
4647-MUZON,2024-06-21 04:12:47,Service Outage,True,9.3
4647-XXZAM,2024-05-02 01:26:57,Technical,False,
4647-XXZAM,2024-05-08 20:31:48,Account,True,4.37
4647-XXZAM,2024-06-14 12:03:31,Account,True,7.05
4652-NNHNY,2024-04-26 08:26:18,General Inquiry,True,28.59
4652-NNHNY,2024-06-03 12:59:14,Billing,False,
4654-DLAMQ,2024-04-18 12:56:42,Account,True,5.78
4654-DLAMQ,2024-05-05 17:09:12,General Inquiry,True,3.12
4654-DLAMQ,2024-05-15 05:50:25,Account,True,3.0
4654-DLAMQ,2024-06-11 09:21:39,Service Outage,True,4.73
4654-DLAMQ,2024-06-19 20:26:02,Service Outage,True,11.58
4654-ULTTN,2024-05-20 04:17:17,Account,True,5.56
4654-ULTTN,2024-06-16 08:01:00,Technical,True,1.66
4657-FWVFY,2024-04-09 20:19:53,Service Outage,True,10.6
4657-FWVFY,2024-05-21 16:56:18,Account,True,10.84
4658-HCOHW,2024-04-11 08:01:17,General Inquiry,False,
4659-NZRUF,2024-04-05 17:22:39,Service Outage,False,
4659-NZRUF,2024-06-16 21:08:42,Billing,False,
4660-IRIBM,2024-06-13 19:42:00,Service Outage,True,8.7
4660-IRIBM,2024-06-23 10:31:59,Service Outage,True,14.8
4661-NJEUX,2024-04-12 10:22:50,Service Outage,True,6.48
4661-NJEUX,2024-04-29 15:31:47,Account,True,13.13
4661-NJEUX,2024-06-25 01:37:30,Service Outage,True,3.65
4661-NJEUX,2024-06-27 02:38:16,Billing,True,5.85
4662-EKDPQ,2024-04-07 14:27:12,Account,False,
4662-EKDPQ,2024-05-11 19:18:16,Billing,True,25.36
4662-EKDPQ,2024-06-19 02:00:56,General Inquiry,True,20.35
4662-EKDPQ,2024-06-23 04:45:46,General Inquiry,True,29.85
4662-EKDPQ,2024-06-25 22:22:31,Billing,True,17.57
4664-NJCMS,2024-06-26 16:18:01,Account,True,3.36
4667-OHGKG,2024-04-24 02:16:42,Service Outage,True,41.63
4667-QONEA,2024-05-07 11:20:28,Service Outage,False,
4667-QONEA,2024-06-04 22:44:10,General Inquiry,True,7.58
4670-TABXH,2024-04-23 08:01:52,Technical,True,4.56
4671-LXRDQ,2024-05-08 04:15:09,General Inquiry,False,
4671-LXRDQ,2024-06-10 23:58:31,Technical,True,17.57
4671-LXRDQ,2024-06-29 22:47:24,Service Outage,False,
4672-FOTSD,2024-04-04 16:55:46,Service Outage,False,
4672-FOTSD,2024-04-20 15:54:12,Technical,True,5.55
4673-KKSLS,2024-05-01 16:30:40,Billing,False,
4674-HGNUA,2024-05-08 06:48:34,Billing,False,
4674-HGNUA,2024-06-20 05:19:34,Technical,True,10.59
4674-HGNUA,2024-06-29 17:52:46,Account,True,7.47
4676-MQUEA,2024-06-07 11:59:05,Account,True,12.24
4676-MQUEA,2024-06-26 07:33:06,General Inquiry,True,6.0
4676-WLUHT,2024-06-11 15:18:44,General Inquiry,True,6.28
4678-DVQEO,2024-04-03 05:55:24,General Inquiry,True,14.65
4680-KUTAJ,2024-04-13 12:24:53,Service Outage,True,8.48
4680-KUTAJ,2024-06-26 07:56:21,Account,True,5.27
4683-WYDOU,2024-05-05 20:51:42,General Inquiry,True,1.71
4683-WYDOU,2024-05-21 11:59:20,Account,True,3.69
4685-ERGHK,2024-04-18 10:22:13,Service Outage,True,3.16
4685-ERGHK,2024-05-14 23:22:05,Technical,True,3.77
4685-ERGHK,2024-05-28 21:55:29,Billing,False,
4685-TFLLS,2024-05-15 16:25:33,Service Outage,True,2.91
4686-GEFRM,2024-06-24 03:48:35,Service Outage,True,1.3
4686-UXDML,2024-04-30 21:42:44,Service Outage,True,3.32
4690-LLKUA,2024-04-27 18:58:02,Technical,True,46.46
4690-PKDQG,2024-06-15 01:10:52,General Inquiry,True,4.36
4690-PKDQG,2024-06-18 22:41:04,Billing,True,12.72
4692-NNQRU,2024-05-17 02:08:14,General Inquiry,True,2.76
4692-NNQRU,2024-06-04 04:06:49,General Inquiry,True,6.41
4694-PHWFW,2024-04-14 21:46:36,Service Outage,True,14.32
4694-PHWFW,2024-04-25 19:49:53,Technical,False,
4694-PHWFW,2024-05-27 01:53:09,Account,False,
4695-VADHF,2024-06-05 02:18:49,General Inquiry,True,53.37
4695-WJZUE,2024-05-04 08:33:55,Billing,True,11.65
4695-WJZUE,2024-06-30 19:41:18,Account,True,73.92
4698-KVLLG,2024-05-26 12:52:16,Billing,True,9.91
4700-UBQMV,2024-04-16 12:08:23,Technical,True,4.94
4700-UBQMV,2024-05-09 10:01:58,Technical,True,3.41
4701-AHWMW,2024-04-17 12:48:03,Billing,True,20.19
4701-LKOZD,2024-05-02 21:49:34,Account,True,11.4
4701-LKOZD,2024-06-15 15:15:16,Service Outage,True,13.64
4701-MLJPN,2024-05-14 04:41:35,Service Outage,False,
4701-MLJPN,2024-05-24 09:07:46,Billing,False,
4702-IOQDC,2024-05-01 19:17:10,Billing,False,
4702-IOQDC,2024-05-31 13:34:49,General Inquiry,True,74.94
4703-MQYKT,2024-04-18 09:40:06,Technical,True,3.24
4703-MQYKT,2024-04-26 06:40:25,Account,True,2.11
4703-MQYKT,2024-06-21 12:38:36,General Inquiry,False,
4704-ERYFC,2024-04-25 11:22:11,Billing,False,
4704-ERYFC,2024-05-17 09:34:56,General Inquiry,True,22.61
4704-ERYFC,2024-05-19 12:32:51,General Inquiry,True,29.12
4704-ERYFC,2024-05-31 09:39:01,Service Outage,False,
4706-AXVKM,2024-04-13 21:22:59,Billing,False,
4706-AXVKM,2024-04-18 03:47:15,Technical,False,
4706-AXVKM,2024-05-11 13:16:22,Service Outage,False,
4706-AXVKM,2024-05-12 01:40:28,Technical,False,
4706-DGAHW,2024-04-25 09:10:06,Technical,True,3.35
4706-DGAHW,2024-06-29 02:12:55,Billing,True,7.86
4707-MAXGU,2024-05-23 10:38:31,Billing,True,5.95
4707-MAXGU,2024-06-15 22:04:54,Billing,False,
4707-YNOQA,2024-05-13 07:37:00,Technical,True,6.97
4709-LKHYG,2024-04-10 18:37:07,Billing,True,10.14
4709-LKHYG,2024-05-21 09:48:01,Service Outage,True,5.46
4709-LKHYG,2024-06-22 11:14:47,Account,False,
4710-FDUIZ,2024-04-10 19:37:23,Account,False,
4710-FDUIZ,2024-06-11 16:45:39,Service Outage,True,16.05
4712-AUQZO,2024-05-16 07:20:56,Account,True,2.21
4712-AUQZO,2024-05-21 21:24:11,Technical,True,5.71
4712-AUQZO,2024-06-19 22:22:30,Account,True,8.05
4712-UYOOI,2024-06-03 12:06:14,Account,False,
4712-UYOOI,2024-06-16 06:08:54,General Inquiry,True,4.89
4713-LZDRV,2024-04-12 19:47:37,Billing,False,
4713-ZBURT,2024-05-11 19:43:31,Billing,True,9.78
4713-ZBURT,2024-05-23 11:25:41,Service Outage,True,9.25
4713-ZBURT,2024-06-26 09:14:52,Billing,True,8.4
4713-ZBURT,2024-06-30 17:16:47,General Inquiry,True,3.8
4716-HHKQH,2024-04-18 22:14:20,Account,True,5.74
4716-MRVEN,2024-04-22 19:30:57,Billing,True,9.54
4716-MRVEN,2024-05-22 01:27:43,Service Outage,True,2.11
4716-MRVEN,2024-05-26 13:44:02,Technical,True,3.97
4718-WXBGI,2024-06-05 14:44:10,Account,True,1.94
4719-UMSIY,2024-04-02 06:56:55,Account,False,
4719-UMSIY,2024-05-04 06:50:32,Billing,True,7.46
4719-UMSIY,2024-05-25 03:10:37,Service Outage,True,5.24
4720-VSTSI,2024-06-01 01:32:51,Technical,True,21.39
4720-VSTSI,2024-06-01 20:30:44,Account,True,19.01
4723-BEGSG,2024-04-27 08:04:11,General Inquiry,True,2.23
4723-BEGSG,2024-05-05 12:55:30,General Inquiry,True,4.6
4723-BEGSG,2024-06-03 17:28:04,General Inquiry,True,7.67
4724-WXVWF,2024-04-04 00:39:19,Technical,True,5.93
4724-WXVWF,2024-04-04 09:06:23,Service Outage,True,9.3
4724-WXVWF,2024-04-10 08:27:10,Technical,True,3.18
4724-WXVWF,2024-05-18 23:01:39,General Inquiry,True,7.52
4726-DLWQN,2024-05-10 18:00:46,Account,False,
4726-DLWQN,2024-05-20 11:07:23,Account,True,1.65
4727-MCYZG,2024-04-11 08:31:11,Technical,False,
4727-MCYZG,2024-04-13 04:02:57,Billing,True,8.29
4727-MCYZG,2024-04-19 11:06:14,General Inquiry,True,5.72
4727-MCYZG,2024-05-15 09:09:48,Account,True,13.9
4727-MCYZG,2024-06-01 10:01:44,Service Outage,True,4.04
4729-XKASR,2024-04-26 13:49:48,Technical,True,10.99
4732-RRJZC,2024-06-24 17:07:00,General Inquiry,True,12.55
4735-ASGMA,2024-04-03 05:27:10,Service Outage,False,
4735-ASGMA,2024-04-11 16:20:00,Technical,False,
4735-ASGMA,2024-05-15 02:34:46,Technical,True,29.92
4735-ASGMA,2024-05-19 11:26:37,Technical,False,
4735-ASGMA,2024-06-12 11:26:31,Service Outage,False,
4735-BJKOU,2024-05-08 05:45:49,Service Outage,True,2.5
4735-BJKOU,2024-06-22 06:18:36,Account,True,4.87
4737-AQCPU,2024-05-20 07:13:14,Billing,True,7.1
4741-WWJQZ,2024-05-14 22:48:40,General Inquiry,True,8.63
4742-DRORA,2024-04-19 08:52:16,General Inquiry,True,9.46
4742-DRORA,2024-05-05 12:50:51,Account,True,2.58
4742-DRORA,2024-06-15 01:24:10,General Inquiry,True,4.46
4742-TXUEX,2024-06-15 16:24:21,Billing,True,3.79
4742-TXUEX,2024-06-25 21:13:23,Technical,True,8.57
4745-LSPLO,2024-05-20 11:10:23,Account,True,16.5
4745-LSPLO,2024-06-22 07:13:21,General Inquiry,False,
4747-LCAQL,2024-05-12 11:14:16,Billing,False,
4747-LCAQL,2024-05-29 15:42:47,General Inquiry,True,3.19
4747-LCAQL,2024-06-29 17:03:10,Billing,True,9.13
4749-OJKQU,2024-04-23 08:42:56,Billing,False,
4749-OJKQU,2024-04-24 14:16:47,Service Outage,True,2.33
4749-VFKVB,2024-04-27 05:52:18,Service Outage,True,19.49
4749-VFKVB,2024-05-08 08:42:30,Technical,True,17.38
4749-VFKVB,2024-05-29 10:13:33,Account,False,
4749-VFKVB,2024-06-26 22:18:07,Technical,True,6.46
4750-UKWJK,2024-05-15 07:34:39,Account,True,8.57
4750-UKWJK,2024-05-23 23:40:44,Technical,True,6.66
4750-ZRXIU,2024-05-07 23:28:00,Account,True,20.89
4750-ZRXIU,2024-05-18 09:34:11,Technical,True,28.32
4750-ZRXIU,2024-06-06 06:16:11,Service Outage,False,
4750-ZRXIU,2024-06-07 20:01:06,Technical,False,
4750-ZRXIU,2024-06-15 09:07:05,Technical,False,
4751-ERMAN,2024-05-10 00:49:52,Billing,True,4.9
4753-PADAS,2024-04-30 19:48:09,Service Outage,True,9.99
4753-PADAS,2024-05-08 11:28:39,General Inquiry,True,24.01
4753-PADAS,2024-05-10 18:01:02,Technical,True,6.01
4753-PADAS,2024-05-10 20:54:39,Account,True,15.67
4753-PADAS,2024-06-16 14:31:15,General Inquiry,True,14.82
4759-PXTAN,2024-06-11 22:16:25,General Inquiry,True,9.15
4759-PXTAN,2024-06-20 18:19:24,Billing,True,8.29
4759-TRPLW,2024-04-02 13:40:27,General Inquiry,True,28.92
4759-TRPLW,2024-05-01 06:05:17,Technical,True,45.36
4760-THGOT,2024-04-12 01:39:16,General Inquiry,True,13.86
4760-THGOT,2024-04-30 22:21:03,Technical,True,3.91
4760-THGOT,2024-05-23 21:51:58,Account,True,5.4
4760-THGOT,2024-06-07 17:41:00,Technical,True,8.72
4760-THGOT,2024-06-09 13:00:54,Technical,True,7.48
4760-XOHVN,2024-06-10 18:49:36,Technical,False,
4763-PGDPO,2024-06-13 03:24:26,General Inquiry,True,51.33
4765-OXPPD,2024-05-10 18:17:33,Billing,False,
4765-OXPPD,2024-05-13 19:25:07,Technical,True,51.25
4765-OXPPD,2024-06-06 13:28:04,Account,True,17.33
4767-HZZHQ,2024-04-22 15:19:27,General Inquiry,True,6.99
4767-HZZHQ,2024-06-06 12:15:43,Account,True,4.31
4770-QAZXN,2024-05-31 23:34:57,Billing,True,17.27
4770-UEZOX,2024-04-23 16:17:49,Service Outage,True,12.24
4774-HHGGS,2024-05-15 13:10:35,Billing,True,4.95
4774-HHGGS,2024-05-25 10:44:58,Account,True,5.92
4776-XSKYQ,2024-05-04 07:01:35,Account,True,9.09
4779-ZGICK,2024-04-06 18:46:28,Billing,True,6.9
4781-ZXYGU,2024-04-23 16:48:50,Billing,True,7.92
4782-OSFXZ,2024-04-13 04:18:04,Billing,True,4.9
4785-QRJHC,2024-05-22 17:56:03,Service Outage,True,37.37
4786-UKSNZ,2024-05-02 04:23:56,Account,True,6.02
4786-UKSNZ,2024-05-07 11:19:49,General Inquiry,False,
4786-UKSNZ,2024-06-22 16:52:42,Account,True,20.81
4789-KWMXN,2024-04-29 17:26:49,Billing,False,
4791-QRGMF,2024-04-23 12:38:25,Technical,False,
4791-QRGMF,2024-05-16 18:21:08,Account,True,45.83
4791-QRGMF,2024-05-29 05:26:24,General Inquiry,False,
4795-KTRTH,2024-06-01 15:02:34,Account,True,63.14
4795-UXVCJ,2024-05-09 17:52:28,Account,False,
4795-UXVCJ,2024-06-08 05:53:30,Service Outage,True,1.74
4795-WRNVT,2024-04-24 06:49:39,Service Outage,True,12.34
4795-WRNVT,2024-05-25 20:41:17,Service Outage,True,3.64
4795-WRNVT,2024-06-07 15:23:03,Account,False,
4795-WRNVT,2024-06-25 12:42:38,Service Outage,False,
4797-MIWUM,2024-04-10 22:02:14,Billing,True,2.5
4797-MIWUM,2024-04-26 23:34:32,Technical,True,9.45
4800-CZMPC,2024-06-03 08:33:10,Billing,True,45.57
4800-VHZKI,2024-05-11 17:26:31,Billing,False,
4801-KFYKL,2024-06-05 04:49:22,General Inquiry,True,3.23
4801-KFYKL,2024-06-28 17:55:32,Account,True,5.24
4801-KFYKL,2024-06-29 04:25:32,Service Outage,True,2.96
4803-LBYPN,2024-06-05 08:33:15,Service Outage,True,6.77
4806-DXQCE,2024-05-21 08:04:41,General Inquiry,True,2.87
4806-KEXQR,2024-04-30 16:06:32,Account,True,22.97
4807-IZYOZ,2024-04-10 18:38:52,Billing,True,6.61
4807-IZYOZ,2024-05-13 01:20:50,Service Outage,True,3.54
4808-YNLEU,2024-06-08 15:19:55,Account,True,2.05
4808-YNLEU,2024-06-19 05:56:13,General Inquiry,True,9.68
4811-JBUVU,2024-04-14 07:22:40,Service Outage,True,12.27
4811-JBUVU,2024-05-04 08:35:32,Billing,True,8.56
4811-JBUVU,2024-06-05 22:57:01,Technical,True,6.66
4813-HQMGZ,2024-04-25 12:34:30,Billing,False,
4813-HQMGZ,2024-04-26 12:15:15,General Inquiry,True,5.09
4815-GBTCD,2024-05-11 03:15:24,General Inquiry,True,2.16
4815-GBTCD,2024-05-14 03:35:28,Billing,True,5.4
4815-GBTCD,2024-05-25 14:36:35,Service Outage,True,4.0
4815-GBTCD,2024-06-25 08:15:46,Service Outage,True,12.37
4815-TUMEQ,2024-05-18 00:18:05,Service Outage,True,7.72
4815-TUMEQ,2024-06-20 16:21:58,Technical,True,4.56
4815-YOSUK,2024-06-25 06:20:54,General Inquiry,True,6.84
4816-JBHOV,2024-04-03 10:40:00,Service Outage,True,36.12
4816-JBHOV,2024-04-24 00:49:37,Technical,False,
4816-JBHOV,2024-05-11 04:03:28,Billing,True,26.5
4816-JBHOV,2024-05-27 13:36:20,General Inquiry,False,
4816-LXZYW,2024-04-26 13:06:34,Billing,False,
4816-LXZYW,2024-06-28 04:55:29,Service Outage,True,36.55
4816-OKWNX,2024-04-09 09:51:19,General Inquiry,True,5.34
4816-OKWNX,2024-05-18 09:30:28,Technical,True,12.35
4816-OKWNX,2024-06-28 08:38:23,Account,True,19.7
4817-KEQSP,2024-04-08 11:36:32,Technical,True,2.41
4817-QRJSX,2024-04-03 20:19:23,General Inquiry,False,
4817-QRJSX,2024-04-11 09:34:13,General Inquiry,True,20.3
4817-QRJSX,2024-04-25 17:31:09,Technical,True,80.25
4817-QRJSX,2024-05-22 07:15:29,Billing,False,
4817-QRJSX,2024-06-21 12:27:20,Billing,False,
4817-VYYWS,2024-04-14 18:13:17,Billing,False,
4817-VYYWS,2024-04-15 06:28:04,Technical,True,61.2
4817-VYYWS,2024-04-15 12:54:10,Billing,False,
4817-VYYWS,2024-05-26 15:08:32,General Inquiry,False,
4818-DRBQT,2024-05-26 08:11:16,Account,True,10.41
4818-QIUFN,2024-04-18 03:12:36,Technical,True,10.54
4818-QIUFN,2024-06-05 21:51:32,Account,False,
4819-HJPIW,2024-05-03 18:13:00,Billing,True,4.95
4819-HJPIW,2024-06-20 18:57:50,General Inquiry,True,16.94
4821-SJHJV,2024-04-14 15:49:59,Technical,True,6.91
4821-SJHJV,2024-04-25 13:01:00,Technical,False,
4821-WQOYN,2024-05-30 07:08:14,General Inquiry,True,3.72
4821-WQOYN,2024-06-25 11:09:46,General Inquiry,True,4.17
4822-LPTYJ,2024-04-06 15:19:02,Account,True,3.55
4822-LPTYJ,2024-05-03 00:42:02,General Inquiry,False,
4822-LPTYJ,2024-06-19 23:56:47,Technical,False,
4822-LPTYJ,2024-06-25 11:42:15,Service Outage,True,4.55
4822-NGOCH,2024-04-12 07:40:00,General Inquiry,True,18.49
4822-NGOCH,2024-04-20 00:31:10,Technical,True,5.64
4822-NGOCH,2024-06-16 17:06:56,Account,True,20.67
4822-NGOCH,2024-06-17 12:43:51,Account,False,
4822-RVYBB,2024-04-14 13:15:12,Account,False,
4822-RVYBB,2024-05-11 00:50:41,Billing,False,
4822-RVYBB,2024-06-04 10:53:07,Service Outage,True,14.02
4822-RVYBB,2024-06-09 03:34:10,Technical,False,
4822-RVYBB,2024-06-28 05:32:05,Billing,False,
4822-YCXMX,2024-05-25 06:43:39,Technical,True,21.06
4824-GUCBY,2024-05-03 22:54:10,Technical,True,3.48
4824-GUCBY,2024-05-14 03:24:07,Service Outage,True,3.65
4824-GUCBY,2024-06-13 15:45:38,Service Outage,True,5.46
4825-FUREZ,2024-05-09 23:26:30,Account,True,15.68
4826-DXMUP,2024-06-28 13:04:52,General Inquiry,True,9.28
4826-TZEVA,2024-05-02 21:34:40,Account,False,
4826-TZEVA,2024-05-07 07:04:21,Account,True,17.93
4826-TZEVA,2024-05-13 11:35:33,Account,True,5.04
4826-TZEVA,2024-06-03 16:44:47,Technical,True,9.22
4826-TZEVA,2024-06-11 15:11:11,General Inquiry,True,5.38
4826-XTSOH,2024-05-06 20:50:10,Billing,False,
4826-XTSOH,2024-06-16 23:08:51,General Inquiry,False,
4827-DPADN,2024-05-08 11:28:27,Billing,True,15.27
4827-DPADN,2024-05-15 15:18:02,Billing,True,5.08
4827-LTQRJ,2024-04-21 04:17:43,Technical,True,7.25
4827-USJHP,2024-04-05 15:03:09,General Inquiry,True,1.87
4827-USJHP,2024-04-30 05:19:11,Billing,True,7.74
4827-USJHP,2024-06-14 05:42:58,Technical,True,11.63
4828-FAZPK,2024-04-04 21:15:45,Billing,True,3.06
4829-AUOAX,2024-04-20 18:01:34,Account,False,
4829-ZLJTK,2024-04-23 11:54:09,Account,True,12.48
4829-ZLJTK,2024-04-24 11:24:35,Billing,True,2.13
4829-ZLJTK,2024-05-04 00:42:14,Billing,True,6.16
4829-ZLJTK,2024-06-04 16:10:46,Billing,True,6.07
4829-ZLJTK,2024-06-12 12:27:02,Service Outage,True,10.04
4830-FAXFM,2024-04-20 19:52:33,Service Outage,True,4.32
4830-FAXFM,2024-06-16 07:52:21,Billing,True,4.37
4831-EOBFE,2024-04-14 11:41:55,General Inquiry,True,20.23
4831-EOBFE,2024-05-20 06:21:05,Billing,False,
4831-EOBFE,2024-06-09 20:18:54,General Inquiry,True,6.4
4832-VRBMR,2024-04-07 08:26:05,Billing,True,5.97
4832-VRBMR,2024-04-19 17:27:16,Technical,True,4.54
4832-VRBMR,2024-04-20 14:22:59,Service Outage,True,3.07
4832-VRBMR,2024-05-10 04:09:45,General Inquiry,True,4.52
4832-VRBMR,2024-06-29 18:44:29,General Inquiry,True,8.14
4833-QTJNO,2024-05-01 14:52:26,Service Outage,True,4.35
4835-YSJMR,2024-04-10 04:12:01,Billing,True,9.05
4835-YSJMR,2024-05-09 14:32:42,Service Outage,True,9.39
4835-YSJMR,2024-06-15 22:41:12,Service Outage,True,8.08
4836-WNFNO,2024-06-23 13:33:22,Technical,True,5.83
4837-PZTIC,2024-06-18 20:39:00,Technical,True,4.47
4840-ORQXB,2024-04-03 17:47:21,Technical,True,7.5
4840-ORQXB,2024-04-14 01:30:16,Service Outage,True,5.94
4840-ORQXB,2024-05-03 07:12:39,Service Outage,True,10.79
4840-ORQXB,2024-05-04 01:22:03,Service Outage,True,6.25
4844-JJWUY,2024-04-02 00:40:08,Service Outage,True,30.2
4844-JJWUY,2024-04-09 13:51:04,Service Outage,True,21.38
4844-JJWUY,2024-05-18 02:21:30,Account,False,
4844-JJWUY,2024-05-20 11:53:46,Account,False,
4847-QNOKA,2024-04-29 01:21:22,Technical,False,
4847-QNOKA,2024-05-04 10:31:29,Billing,True,24.72
4847-TAJYI,2024-04-05 04:58:02,Technical,True,3.48
4847-TAJYI,2024-04-21 03:58:14,General Inquiry,True,7.81
4847-TAJYI,2024-04-27 02:58:25,Technical,True,4.4
4847-TAJYI,2024-06-04 16:59:10,Technical,True,12.25
4849-PYRLQ,2024-04-10 19:23:37,Technical,True,7.74
4849-PYRLQ,2024-04-24 12:34:50,General Inquiry,True,8.44
4849-PYRLQ,2024-05-19 00:41:03,Account,True,13.8
4849-PYRLQ,2024-06-21 05:32:56,Account,False,
4849-PYRLQ,2024-06-22 11:53:41,Billing,True,10.31
4853-OITSN,2024-04-21 11:37:55,Technical,True,4.43
4853-OITSN,2024-05-12 14:00:07,Service Outage,True,6.33
4853-RULSV,2024-04-23 02:16:45,Billing,True,12.96
4854-CIDCF,2024-04-27 12:44:03,Billing,True,7.76
4854-CIDCF,2024-06-10 14:35:37,General Inquiry,True,13.02
4854-CIDCF,2024-06-13 19:16:02,General Inquiry,True,4.93
4854-CIDCF,2024-06-16 00:54:04,Service Outage,True,8.67
4854-SSLTN,2024-05-03 04:00:56,Account,True,11.26
4854-SSLTN,2024-05-13 02:20:11,Billing,True,12.66
4855-SNKMY,2024-04-21 16:46:13,Billing,False,
4855-SNKMY,2024-06-03 14:57:34,Technical,True,9.53
4855-SNKMY,2024-06-16 06:07:17,Technical,False,
4859-ZSRDZ,2024-05-19 18:06:40,Technical,True,13.76
4859-ZSRDZ,2024-06-24 05:20:56,Account,True,9.53
4860-IJUDE,2024-04-21 12:11:09,Account,True,15.14
4860-IJUDE,2024-04-22 08:34:49,Service Outage,True,8.61
4860-IJUDE,2024-04-27 15:28:00,Account,True,5.03
4860-IJUDE,2024-05-22 03:47:12,Service Outage,False,
4868-AADLV,2024-05-09 08:59:37,General Inquiry,True,4.0
4869-EPIUS,2024-04-12 16:56:49,Billing,True,5.61
4869-EPIUS,2024-05-06 18:26:27,General Inquiry,True,6.87
4869-EPIUS,2024-06-01 23:47:43,Service Outage,True,9.87
4871-JTKJF,2024-04-04 22:06:20,Account,False,
4871-JTKJF,2024-04-11 12:59:34,Account,True,9.26
4871-JTKJF,2024-05-14 12:44:49,Billing,False,
4872-JCVCA,2024-04-14 16:38:37,Technical,True,19.25
4877-TSOFF,2024-06-30 00:13:54,Technical,False,
4878-BUNFV,2024-06-13 19:54:13,Account,True,2.31
4879-GZLFH,2024-05-24 02:58:05,Billing,True,6.54
4879-GZLFH,2024-05-25 03:35:22,General Inquiry,True,18.31
4881-JVQOD,2024-05-03 19:17:05,Billing,True,11.68
4881-JVQOD,2024-05-04 18:51:20,Billing,False,
4881-JVQOD,2024-05-09 06:46:06,General Inquiry,True,2.39
4881-JVQOD,2024-05-13 02:47:12,Billing,True,4.67
4881-JVQOD,2024-06-19 02:42:38,Technical,True,6.48
4883-QICIH,2024-05-18 18:03:37,General Inquiry,True,32.68
4884-LEVMQ,2024-06-16 21:33:14,Technical,True,4.1
4884-TVUQF,2024-04-14 16:45:30,Service Outage,True,9.57
4884-ZTHVF,2024-04-23 18:29:09,Service Outage,True,2.49
4884-ZTHVF,2024-06-03 21:01:04,Billing,True,3.57
4891-NLUBA,2024-04-22 00:12:32,Account,True,1.06
4891-NLUBA,2024-06-06 21:26:57,Billing,True,15.38
4896-CPRPF,2024-04-04 23:23:48,Account,True,3.5
4896-CPRPF,2024-06-02 14:04:41,Service Outage,True,2.96
4897-QSUYC,2024-05-05 10:58:26,Account,False,
4900-MSOMT,2024-04-03 01:20:00,Account,True,6.54
4902-OHLSK,2024-04-26 10:21:11,General Inquiry,True,45.63
4903-CNOZC,2024-05-12 05:31:10,General Inquiry,True,7.47
4903-CNOZC,2024-06-28 15:17:23,Billing,False,
4903-UYAVB,2024-05-13 03:53:29,Technical,True,33.52
4905-JEFDW,2024-05-31 08:14:35,General Inquiry,True,27.87
4905-JEFDW,2024-06-03 17:34:27,Technical,False,
4906-ZHGPK,2024-06-06 13:32:43,Technical,True,7.02
4906-ZHGPK,2024-06-11 10:54:21,Account,True,8.98
4908-XAXAY,2024-04-29 13:53:58,Technical,True,6.43
4908-XAXAY,2024-05-13 01:44:55,Service Outage,True,13.8
4908-XAXAY,2024-05-17 00:30:26,Account,True,2.69
4908-XAXAY,2024-06-27 19:10:47,Billing,True,10.37
4909-JOUPP,2024-05-04 04:15:52,Service Outage,True,3.79
4910-AQFFX,2024-04-13 10:52:05,Service Outage,True,11.6
4910-AQFFX,2024-05-16 17:09:31,General Inquiry,True,10.99
4910-AQFFX,2024-06-07 04:33:57,General Inquiry,False,
4910-AQFFX,2024-06-20 07:08:45,Service Outage,True,26.95
4910-GMJOT,2024-04-03 07:18:38,Technical,False,
4910-GMJOT,2024-04-09 19:40:27,Account,False,
4910-GMJOT,2024-06-11 07:44:11,Technical,True,30.93
4910-GMJOT,2024-06-18 12:07:39,Service Outage,True,28.9
4911-BANWH,2024-06-26 12:30:06,Billing,False,
4912-PIGUY,2024-04-21 03:20:53,General Inquiry,True,4.5
4912-PIGUY,2024-05-21 11:46:21,Technical,True,6.35
4912-PIGUY,2024-05-22 01:19:08,Account,True,8.36
4912-PIGUY,2024-06-29 13:28:39,Service Outage,True,9.76
4913-EHYUI,2024-04-08 13:00:42,Service Outage,True,24.55
4918-FYJNT,2024-04-11 04:52:32,Account,False,
4918-FYJNT,2024-05-14 17:55:15,Account,False,
4918-FYJNT,2024-05-28 20:25:01,Billing,True,2.14
4918-FYJNT,2024-06-11 04:09:20,Technical,True,7.22
4918-QLLIW,2024-04-29 10:39:26,Billing,True,10.24
4918-QLLIW,2024-06-24 18:01:02,General Inquiry,True,9.59
4919-IKATY,2024-06-02 11:22:50,Account,True,40.22
4919-IKATY,2024-06-03 12:38:59,Technical,True,30.02
4919-IKATY,2024-06-07 12:11:27,Account,False,
4919-IKATY,2024-06-10 11:31:05,Account,False,
4919-MOAVT,2024-04-12 14:00:49,Technical,True,15.79
4919-MOAVT,2024-04-16 18:23:45,Technical,True,40.31
4919-MOAVT,2024-04-22 20:14:11,Service Outage,True,9.94
4919-MOAVT,2024-06-18 03:44:38,General Inquiry,True,29.32
4919-MOAVT,2024-06-24 18:44:55,Account,True,22.05
4922-CVPDX,2024-06-25 22:52:51,Technical,True,4.41
4923-ADWXJ,2024-05-08 23:29:07,Account,True,2.85
4926-UMJZD,2024-06-06 17:54:49,General Inquiry,True,9.17
4927-WWOOZ,2024-04-17 17:39:41,Service Outage,True,5.05
4929-BSTRX,2024-06-18 18:14:32,Technical,True,43.88
4929-ROART,2024-04-11 06:27:03,Account,True,3.99
4929-ROART,2024-05-16 20:36:31,General Inquiry,True,6.42
4929-ROART,2024-06-20 06:04:10,Billing,False,
4929-XIHVW,2024-05-15 16:37:03,Billing,True,4.41
4931-TRZWN,2024-04-15 16:30:45,Service Outage,False,
4933-BSAIP,2024-05-13 04:42:22,Billing,True,1.73
4937-QPZPO,2024-04-30 15:38:11,General Inquiry,True,5.94
4937-QPZPO,2024-05-27 17:13:52,Technical,True,6.18
4937-QPZPO,2024-05-31 04:21:04,Service Outage,True,6.33
4939-KYYPY,2024-04-26 01:36:23,General Inquiry,True,1.9
4939-KYYPY,2024-05-18 14:47:54,General Inquiry,True,3.29
4939-KYYPY,2024-05-28 23:01:23,Billing,True,10.37
4945-RVMTE,2024-05-06 22:50:46,Billing,True,6.35
4945-RVMTE,2024-05-22 04:27:57,Technical,True,18.56
4945-RVMTE,2024-06-18 16:13:10,Service Outage,True,4.86
4946-EDSEW,2024-05-16 03:50:30,Technical,True,39.05
4947-DSMXK,2024-04-04 23:19:36,Technical,True,4.14
4947-DSMXK,2024-05-31 03:34:42,Technical,True,18.47
4947-DSMXK,2024-06-04 05:16:49,Technical,True,1.7
4947-DSMXK,2024-06-13 20:40:21,Technical,False,
4948-WBBKL,2024-05-02 10:46:21,General Inquiry,True,4.6
4948-WBBKL,2024-06-03 06:27:08,General Inquiry,True,20.21
4950-BDEUX,2024-06-06 18:55:22,Account,True,5.56
4950-BDEUX,2024-06-29 16:51:45,Account,True,2.52
4950-HKQTE,2024-05-31 06:02:53,Service Outage,True,5.7
4951-UKAAQ,2024-05-27 18:34:42,Technical,False,
4952-YSOGZ,2024-04-13 18:12:38,Service Outage,False,
4952-YSOGZ,2024-05-09 16:55:45,Billing,False,
4955-VCWBI,2024-06-23 11:11:00,Account,True,13.76
4957-TIALW,2024-06-06 23:31:18,General Inquiry,True,2.2
4957-TIALW,2024-06-14 03:49:31,General Inquiry,True,9.13
4957-TREIR,2024-04-15 15:11:55,Billing,True,5.65
4957-TREIR,2024-05-09 02:59:35,General Inquiry,True,14.58
4957-TREIR,2024-06-12 07:38:26,Service Outage,True,6.69
4958-GZWIY,2024-06-06 16:17:34,Billing,False,
4958-XCBDQ,2024-06-15 20:09:30,General Inquiry,True,12.35
4959-JOSRX,2024-04-09 15:45:33,Technical,True,6.99
4959-JOSRX,2024-04-11 15:18:06,General Inquiry,True,39.84
4959-JOSRX,2024-04-30 00:37:41,General Inquiry,True,25.49
4967-WPNCF,2024-05-16 13:26:07,Technical,True,4.74
4971-PUYQO,2024-06-14 19:52:33,Technical,True,23.91
4973-MGTON,2024-04-06 13:16:05,Account,True,8.6
4973-RLZVI,2024-06-25 17:07:30,Account,False,
4976-LNFVV,2024-04-10 18:53:01,Account,True,10.43
4976-LNFVV,2024-05-24 14:13:15,Account,False,
4976-LNFVV,2024-05-25 12:50:13,General Inquiry,True,7.61
4976-LNFVV,2024-05-29 17:12:54,Billing,True,4.38
4976-LNFVV,2024-06-29 21:41:06,Service Outage,False,
4979-HPRFL,2024-04-22 23:52:58,Service Outage,True,5.06
4979-HPRFL,2024-05-20 16:23:31,Service Outage,False,
4983-CCWMC,2024-04-06 07:10:40,Technical,True,3.1
4983-CLMLV,2024-05-01 10:31:27,Account,True,5.04
4983-CLMLV,2024-06-05 07:03:24,General Inquiry,True,6.05
4983-CLMLV,2024-06-07 11:08:48,Billing,False,
4987-GQWPO,2024-04-29 14:56:33,General Inquiry,True,3.94
4987-GQWPO,2024-05-25 13:49:30,Service Outage,True,11.82
4987-GQWPO,2024-06-02 14:11:27,Service Outage,True,5.43
4987-GQWPO,2024-06-06 20:02:38,General Inquiry,True,3.87
4988-IQIGL,2024-04-04 07:22:07,Service Outage,True,12.2
4988-IQIGL,2024-05-11 17:00:53,Service Outage,True,52.76
4988-IQIGL,2024-05-23 06:43:11,Technical,True,46.87
4989-LIXVT,2024-04-22 18:50:47,Technical,True,4.02
4990-ALDGW,2024-04-13 00:38:14,Technical,True,2.41
4990-ALDGW,2024-05-08 04:59:34,Account,True,4.54
4990-ALDGW,2024-05-28 03:35:36,Technical,True,4.78
4990-ALDGW,2024-06-09 16:06:09,Account,True,2.67
4992-LTJNE,2024-04-04 18:37:32,Technical,True,13.92
4992-LTJNE,2024-05-06 15:06:10,Billing,True,5.77
4992-LTJNE,2024-05-31 15:23:51,Technical,True,2.9
4992-LTJNE,2024-06-21 11:46:56,Technical,True,8.4
4992-LTJNE,2024-06-25 03:17:59,Account,True,6.11
4993-JCRGJ,2024-05-28 19:04:08,Technical,True,9.25
4998-IKFSE,2024-04-25 22:13:09,Billing,True,4.3
4998-IKFSE,2024-06-07 00:17:47,Billing,False,
4998-IKFSE,2024-06-23 06:49:20,Service Outage,True,4.22
4999-IEZLT,2024-05-23 02:55:27,Technical,True,2.92
4999-IEZLT,2024-05-30 18:15:21,Technical,True,10.56
5002-GCQFH,2024-04-27 01:06:56,Technical,False,
5002-GCQFH,2024-05-03 10:48:49,Service Outage,False,
5002-GCQFH,2024-06-29 10:25:26,Account,True,7.63
5003-XZWWO,2024-05-05 20:15:12,Billing,True,3.73
5006-MXVRN,2024-04-17 00:02:51,Service Outage,True,2.8
5006-MXVRN,2024-05-13 07:37:04,Technical,False,
5006-MXVRN,2024-05-26 02:41:49,Service Outage,True,6.76
5012-YSPJJ,2024-05-22 03:21:40,Billing,True,11.47
5013-SBUIH,2024-04-21 22:06:26,Service Outage,True,12.99
5013-SBUIH,2024-05-12 22:08:47,Billing,False,
5014-GSOUQ,2024-05-23 15:28:31,Technical,True,3.51
5014-WUQMG,2024-05-11 18:04:09,Service Outage,True,8.67
5014-WUQMG,2024-05-21 03:04:01,General Inquiry,True,11.57
5014-WUQMG,2024-05-29 04:42:18,Account,True,2.76
5014-WUQMG,2024-06-26 16:37:47,Service Outage,True,9.42
5014-WUQMG,2024-06-28 22:28:09,Account,True,2.16
5016-ETTFF,2024-06-28 11:56:07,Service Outage,True,10.53
5016-LIPDW,2024-06-29 06:07:05,Account,True,3.06
5018-GWURO,2024-05-04 10:50:59,Service Outage,True,41.3
5018-GWURO,2024-05-13 15:49:19,Account,True,19.66
5018-GWURO,2024-05-28 06:11:49,Service Outage,True,7.97
5018-GWURO,2024-06-02 12:32:10,Service Outage,True,7.06
5018-GWURO,2024-06-25 12:32:43,Account,True,10.88
5018-HEKFO,2024-04-04 22:20:33,Billing,True,4.76
5018-HEKFO,2024-04-08 12:37:39,Service Outage,True,7.67
5018-HEKFO,2024-04-17 05:44:31,Service Outage,False,
5018-HEKFO,2024-06-18 17:50:55,Account,True,29.86
5018-LXQQG,2024-04-27 15:08:19,Account,True,3.81
5019-GQVCR,2024-04-21 07:59:49,Service Outage,True,20.18
5019-GQVCR,2024-04-22 13:42:42,General Inquiry,True,18.06
5019-GQVCR,2024-04-29 00:28:30,Billing,True,7.21
5022-JNQEQ,2024-05-23 08:08:08,Service Outage,True,2.29
5022-KVDQT,2024-04-03 09:40:28,Service Outage,True,3.06
5022-KVDQT,2024-06-03 13:51:32,Technical,False,
5022-KVDQT,2024-06-18 13:24:27,General Inquiry,False,
5027-QPKTE,2024-04-27 04:23:00,General Inquiry,True,26.47
5027-XWQHA,2024-06-26 11:46:08,Technical,True,20.11
5027-XWQHA,2024-06-30 16:22:48,Technical,True,32.72
5027-YOCXN,2024-05-02 12:37:10,Account,True,11.95
5028-GZLDO,2024-06-12 02:54:13,Billing,False,
5028-HTLJB,2024-06-10 20:36:57,Technical,False,
5032-MIYKT,2024-06-12 05:42:23,Billing,True,19.84
5032-MIYKT,2024-06-29 06:01:29,Billing,False,
5035-BVCXS,2024-04-15 18:29:13,General Inquiry,True,8.0
5035-BVCXS,2024-06-18 21:05:44,Account,True,8.87
5035-PGZXH,2024-04-26 03:23:48,Technical,True,8.15
5035-PGZXH,2024-06-14 08:43:15,Billing,True,4.45
5039-LZRQT,2024-05-06 19:38:11,Technical,True,4.0
5043-TRZWM,2024-04-20 20:07:57,General Inquiry,False,
5043-TRZWM,2024-06-07 21:00:57,Billing,True,4.71
5043-TRZWM,2024-06-22 22:31:01,Service Outage,False,
5044-LRQAQ,2024-05-08 05:57:51,Account,True,6.47
5044-XDPYX,2024-06-16 22:09:50,Technical,True,5.88
5046-NUHWD,2024-04-12 10:01:40,Service Outage,True,4.14
5047-LHVLY,2024-04-04 00:37:40,Account,True,59.61
5047-LHVLY,2024-04-17 12:16:12,Technical,True,30.55
5047-LHVLY,2024-04-18 17:05:12,Account,True,6.53
5047-LHVLY,2024-04-18 19:14:11,Account,False,
5047-LHVLY,2024-05-28 10:52:51,Billing,True,20.89
5049-MUBWG,2024-06-07 03:21:29,General Inquiry,True,6.73
5049-MUBWG,2024-06-30 06:14:07,Billing,True,11.25
5052-PNLOS,2024-04-17 05:29:52,General Inquiry,False,
5054-IEXZT,2024-04-14 02:27:00,Account,False,
5054-IEXZT,2024-06-02 18:19:14,Technical,True,55.54
5055-BRMNE,2024-06-14 15:12:21,General Inquiry,True,10.83
5057-LCOUI,2024-04-03 20:27:13,Technical,False,
5060-TQUQN,2024-05-03 14:17:02,Billing,True,5.0
5062-CJJKH,2024-06-11 06:43:27,Account,True,2.88
5063-IUOKK,2024-04-13 10:09:04,Service Outage,True,1.73
5066-GFJMM,2024-06-16 03:03:49,Technical,True,4.11
5067-DGXLL,2024-05-24 13:00:35,Account,True,17.03
5067-DGXLL,2024-06-26 08:56:58,Technical,True,12.49
5067-WJEUN,2024-04-13 04:08:57,Account,True,7.26
5067-WJEUN,2024-04-19 15:44:39,Billing,True,6.45
5067-WJEUN,2024-04-30 22:42:29,Service Outage,False,
5067-WJEUN,2024-05-15 19:41:40,Account,True,9.88
5067-WJEUN,2024-05-30 01:12:59,Billing,True,4.28
5071-FBJFS,2024-04-21 22:42:14,Technical,True,3.49
5071-FBJFS,2024-04-26 06:43:09,Account,True,11.62
5071-FBJFS,2024-04-27 14:46:56,Service Outage,True,23.72
5073-RZGBK,2024-05-04 13:09:54,Technical,True,10.99
5073-RZGBK,2024-06-01 15:15:31,General Inquiry,True,4.73
5073-RZGBK,2024-06-09 00:49:00,General Inquiry,False,
5073-WXOYN,2024-05-08 18:04:25,Technical,True,21.03
5073-WXOYN,2024-06-01 00:11:47,General Inquiry,True,24.17
5073-WXOYN,2024-06-14 00:20:33,Billing,True,4.08
5074-FBGHB,2024-04-21 04:30:14,Service Outage,True,7.3
5076-YVXCM,2024-04-12 05:33:38,Account,True,16.6
5076-YVXCM,2024-06-12 16:17:52,Account,True,16.32
5076-YVXCM,2024-06-30 01:53:58,Service Outage,True,4.61
5077-DXTCG,2024-04-03 05:20:48,Service Outage,True,9.01
5077-DXTCG,2024-04-20 07:44:01,General Inquiry,False,
5077-DXTCG,2024-04-28 02:57:28,Account,False,
5077-DXTCG,2024-05-12 01:49:08,Account,False,
5081-NWSUP,2024-06-13 13:47:58,Billing,False,
5084-OOVCJ,2024-06-02 21:31:21,Account,True,19.45
5087-SUURX,2024-06-11 06:55:52,Billing,False,
5087-SUURX,2024-06-14 05:37:14,Billing,False,
5087-SUURX,2024-06-25 03:23:24,Technical,True,29.17
5088-QZLRL,2024-05-30 08:00:14,Technical,True,16.71
5088-QZLRL,2024-06-11 15:55:21,Service Outage,True,5.77
5088-QZLRL,2024-06-20 19:31:39,Service Outage,True,4.1
5088-QZLRL,2024-06-22 00:23:53,Billing,False,
5089-IFSDP,2024-04-22 19:52:33,Service Outage,True,24.0
5089-IFSDP,2024-05-24 19:00:10,Account,True,11.74
5091-HFAZW,2024-04-17 16:26:22,Technical,True,7.34
5091-HFAZW,2024-04-30 13:09:30,Service Outage,True,11.43
5091-HFAZW,2024-05-13 09:34:15,Billing,True,4.62
5091-HFAZW,2024-06-05 15:09:31,Service Outage,True,13.6
5092-STPKP,2024-04-06 19:47:33,Account,True,4.1
5092-STPKP,2024-05-18 23:04:47,Billing,True,5.76
5093-FEGLU,2024-05-24 20:22:35,General Inquiry,True,4.78
5095-AESKG,2024-04-19 19:12:54,General Inquiry,False,
5095-AESKG,2024-05-13 18:06:25,Billing,True,41.94
5095-AESKG,2024-06-27 16:29:12,Billing,True,27.99
5095-ETBRJ,2024-05-28 05:14:22,Technical,True,14.32
5099-BAILX,2024-04-11 17:07:18,Billing,True,14.96
5099-BAILX,2024-06-30 16:48:42,Account,False,
5103-MHMHY,2024-05-27 02:42:56,Account,True,17.42
5108-ADXWO,2024-04-14 04:43:45,Service Outage,True,29.5
5108-ADXWO,2024-06-03 11:36:56,General Inquiry,False,
5110-CHOPY,2024-04-14 14:40:52,Billing,True,2.59
5110-CHOPY,2024-04-20 16:01:47,Account,True,10.23
5110-CHOPY,2024-05-26 18:32:14,General Inquiry,True,15.99
5110-CHOPY,2024-06-12 22:21:31,General Inquiry,True,1.93
5110-CHOPY,2024-06-18 18:28:43,Service Outage,True,10.07
5115-GZDEL,2024-04-07 08:29:11,Service Outage,True,6.02
5115-GZDEL,2024-06-06 00:11:26,Service Outage,True,10.35
5115-SQAAU,2024-04-16 08:36:43,Technical,True,4.62
5115-SQAAU,2024-06-06 15:42:06,Technical,True,2.71
5115-SQAAU,2024-06-27 09:19:25,Service Outage,True,4.39
5117-IFGPS,2024-04-02 10:54:08,Service Outage,True,22.07
5117-IFGPS,2024-04-23 15:30:32,Account,True,4.04
5117-ZSMHQ,2024-06-24 13:15:22,Service Outage,True,5.33
5119-KEPFY,2024-04-14 14:16:40,Technical,True,3.82
5119-KEPFY,2024-05-16 17:56:59,Technical,True,6.42
5119-KEPFY,2024-06-05 13:22:03,General Inquiry,True,3.73
5119-KEPFY,2024-06-28 11:52:48,General Inquiry,True,10.36
5119-NZPTV,2024-06-02 05:50:19,General Inquiry,True,5.33
5119-NZPTV,2024-06-11 04:42:42,Billing,False,
5119-NZPTV,2024-06-23 01:46:30,Technical,True,2.58
5119-NZPTV,2024-06-28 22:08:56,Account,True,6.46
5120-ZBLAI,2024-04-15 08:43:29,General Inquiry,True,3.42
5120-ZBLAI,2024-04-21 14:41:06,General Inquiry,True,8.87
5120-ZBLAI,2024-04-26 04:25:57,Technical,True,6.91
5120-ZBLAI,2024-05-11 16:47:40,General Inquiry,True,13.78
5120-ZBLAI,2024-06-24 06:10:06,Technical,True,6.94
5122-CYFXA,2024-06-19 20:49:16,Technical,True,6.93
5124-EOGYE,2024-04-07 12:45:01,Account,True,1.63
5125-CNDSP,2024-06-01 13:01:07,Billing,True,12.1
5125-CNDSP,2024-06-22 03:17:43,Technical,True,6.92
5126-RCXYW,2024-04-30 14:09:06,Technical,True,4.64
5126-RCXYW,2024-05-15 15:47:17,Service Outage,True,2.64
5126-RCXYW,2024-05-17 18:32:36,Billing,True,3.81
5126-RCXYW,2024-06-08 09:11:09,Technical,True,11.07
5127-BZENZ,2024-04-24 22:12:20,Service Outage,True,9.51
5127-BZENZ,2024-05-12 13:08:17,General Inquiry,True,4.49
5130-IEKQT,2024-06-22 16:35:58,Billing,True,93.42
5130-YPIRV,2024-04-07 00:56:02,Service Outage,True,3.13
5130-YPIRV,2024-04-15 21:03:07,Billing,True,7.89
5131-PONJI,2024-04-02 11:32:51,General Inquiry,True,5.37
5131-PONJI,2024-04-16 11:01:06,Account,False,
5131-PONJI,2024-06-09 15:52:28,Billing,True,4.46
5131-PONJI,2024-06-19 10:45:23,Technical,False,
5131-PONJI,2024-06-21 07:09:12,Technical,True,6.16
5133-POWUA,2024-05-04 17:20:13,Billing,True,3.83
5133-POWUA,2024-05-31 06:11:42,Account,True,3.33
5133-POWUA,2024-06-09 13:20:25,Technical,True,5.13
5133-VRSAB,2024-04-10 02:30:31,Account,True,2.52
5133-VRSAB,2024-04-19 15:21:48,Billing,True,3.45
5133-VRSAB,2024-04-22 18:40:19,Service Outage,True,6.91
5133-VRSAB,2024-05-05 23:38:29,General Inquiry,True,5.22
5133-VRSAB,2024-05-21 15:27:24,Account,False,
5134-IKDAY,2024-05-13 07:07:47,General Inquiry,False,
5135-GRQJV,2024-04-27 18:50:30,Technical,True,5.68
5135-RDDQL,2024-05-26 03:11:49,Billing,True,2.58
5135-RDDQL,2024-06-08 23:04:50,General Inquiry,True,5.66
5136-GFPMB,2024-04-22 20:23:17,Billing,False,
5136-GFPMB,2024-06-01 15:45:04,Service Outage,True,4.91
5136-KCKGI,2024-04-17 19:09:11,Billing,True,72.26
5136-KCKGI,2024-05-11 23:12:43,Billing,True,10.29
5136-KCKGI,2024-06-06 17:48:33,Account,False,
5136-KCKGI,2024-06-21 05:30:37,Account,False,
5136-RGMZO,2024-04-21 18:48:40,General Inquiry,True,3.1
5136-RGMZO,2024-05-25 12:16:36,Technical,True,7.07
5136-RGMZO,2024-06-13 18:05:02,Technical,True,7.3
5138-WVKYJ,2024-05-31 07:35:26,Account,False,
5140-FOMCQ,2024-04-25 08:59:36,Technical,True,4.84
5140-FOMCQ,2024-06-03 18:07:27,Account,True,18.07
5140-FOMCQ,2024-06-10 00:53:48,Account,True,2.19
5143-EGQFK,2024-04-30 13:49:34,Technical,False,
5143-WMWOG,2024-04-10 11:10:29,Service Outage,False,
5144-PQCDZ,2024-04-27 14:10:30,Account,True,8.3
5144-PQCDZ,2024-05-21 10:09:25,Service Outage,False,
5144-PQCDZ,2024-05-31 15:04:16,Billing,True,9.74
5146-CBVOE,2024-06-12 12:05:00,Account,True,10.24
5148-HKFIR,2024-04-24 14:24:09,Billing,True,18.28
5149-QYTTU,2024-06-24 17:47:18,Service Outage,True,7.86
5149-TGWDZ,2024-04-19 10:34:35,Technical,True,12.5
5150-ITWWB,2024-06-09 05:09:44,Billing,True,4.64
5150-LJNSR,2024-05-12 00:27:53,Service Outage,True,4.48
5150-LJNSR,2024-06-14 21:41:18,Service Outage,False,
5150-LJNSR,2024-06-20 00:40:47,Billing,True,7.74
5151-HQRDG,2024-04-23 18:49:16,Account,False,
5151-HQRDG,2024-05-31 03:07:16,Billing,True,15.75
5153-LXKDT,2024-05-20 14:31:27,Billing,True,3.63
5153-RTHKF,2024-04-10 08:41:47,Service Outage,True,4.67
5153-RTHKF,2024-04-10 22:25:22,Billing,True,5.33
5153-RTHKF,2024-05-17 21:37:30,Technical,True,3.61
5153-RTHKF,2024-05-26 23:23:44,General Inquiry,True,3.38
5155-AZQPB,2024-04-21 02:41:12,General Inquiry,False,
5155-AZQPB,2024-06-15 16:49:17,Technical,True,6.33
5155-AZQPB,2024-06-24 02:02:55,Billing,True,1.45
5156-UMKOW,2024-05-22 04:14:57,General Inquiry,False,
5156-UMKOW,2024-05-28 15:10:00,General Inquiry,True,2.48
5158-RIVOP,2024-04-21 08:21:19,Billing,True,14.09
5158-RIVOP,2024-06-22 18:19:53,Account,True,8.09
5159-YFPKQ,2024-04-09 22:34:05,Service Outage,False,
5160-UXJED,2024-04-25 17:03:21,Service Outage,True,34.09
5160-UXJED,2024-05-24 10:35:13,General Inquiry,True,4.03
5160-UXJED,2024-06-18 15:44:42,General Inquiry,True,5.73
5161-UBZXI,2024-06-18 01:49:56,Technical,True,8.29
5161-XEUVX,2024-04-30 03:55:05,Service Outage,True,6.63
5161-XEUVX,2024-06-29 18:47:50,General Inquiry,False,
5167-ZFFMM,2024-04-29 13:16:50,Account,True,29.65
5168-MQQCA,2024-04-07 14:53:45,Technical,True,7.74
5168-MSWXT,2024-04-15 06:17:22,Service Outage,True,4.99
5168-MSWXT,2024-05-14 17:54:08,Account,True,1.37
5168-MSWXT,2024-05-22 01:49:24,Account,True,3.72
5168-MSWXT,2024-06-23 19:40:51,General Inquiry,True,7.91
5170-PTRKA,2024-04-16 23:05:44,General Inquiry,True,2.52
5170-PTRKA,2024-05-07 10:20:21,Service Outage,True,15.41
5171-EPLKN,2024-05-01 09:05:53,General Inquiry,True,1.81
5171-EPLKN,2024-06-14 04:15:48,Technical,True,9.43
5173-ZXXXL,2024-04-03 01:55:37,Technical,True,8.14
5173-ZXXXL,2024-04-26 09:16:02,Service Outage,True,6.56
5174-ITUMV,2024-06-03 00:42:47,General Inquiry,True,13.25
5174-RNGBH,2024-05-29 07:15:03,Technical,True,21.77
5174-RNGBH,2024-06-15 01:37:24,Billing,True,44.68
5175-AOBHI,2024-06-15 06:21:18,Service Outage,True,7.31
5175-WLYXL,2024-04-24 17:47:51,Billing,True,4.53
5175-WLYXL,2024-05-02 03:09:14,Billing,True,7.62
5175-WLYXL,2024-05-28 11:18:33,General Inquiry,True,4.11
5175-WLYXL,2024-05-29 14:30:00,Technical,True,10.0
5176-LDKUH,2024-05-01 13:20:14,General Inquiry,True,9.47
5176-LDKUH,2024-05-03 04:24:33,General Inquiry,False,
5176-LDKUH,2024-05-17 02:33:00,Service Outage,False,
5176-OLSKT,2024-06-25 04:30:04,General Inquiry,True,5.79
5176-OLSKT,2024-06-27 06:43:38,Account,True,8.19
5177-RVZNU,2024-04-14 03:11:09,General Inquiry,True,1.64
5177-RVZNU,2024-05-06 22:41:52,General Inquiry,True,9.25
5177-RVZNU,2024-06-13 06:49:13,Billing,False,
5178-LMXOP,2024-04-13 14:43:02,Account,True,87.77
5180-UCIIQ,2024-04-06 21:41:08,Billing,True,17.35
5180-UCIIQ,2024-04-19 09:31:32,Service Outage,True,16.62
5180-UCIIQ,2024-05-04 13:36:53,General Inquiry,True,20.57
5180-UCIIQ,2024-06-06 01:40:26,Service Outage,True,38.2
5181-OABFK,2024-04-02 09:44:36,General Inquiry,True,30.03
5181-OABFK,2024-05-08 20:48:04,Technical,True,5.13
5183-KLYEM,2024-05-12 18:37:53,Account,True,5.53
5183-SNMJQ,2024-06-06 07:56:34,Account,True,9.92
5186-EJEGL,2024-06-10 03:19:55,General Inquiry,False,
5186-SAMNZ,2024-04-14 01:09:28,Service Outage,True,26.92
5188-HGMLP,2024-05-21 15:32:48,Technical,True,7.48
5188-HGMLP,2024-06-02 09:47:25,General Inquiry,True,9.19
5192-EBGOV,2024-04-06 22:18:18,General Inquiry,True,21.06
5192-EBGOV,2024-05-15 21:57:54,General Inquiry,True,64.57
5192-EBGOV,2024-05-31 16:01:05,Account,True,63.19
5192-EBGOV,2024-06-11 07:13:45,Billing,True,18.98
5193-QLVZB,2024-04-05 17:49:52,General Inquiry,True,6.21
5193-QLVZB,2024-04-17 14:16:11,Service Outage,True,14.0
5193-QLVZB,2024-04-20 02:46:48,Account,True,25.08
5193-QLVZB,2024-05-06 12:07:40,General Inquiry,True,8.08
5193-QLVZB,2024-06-03 05:18:52,Service Outage,True,5.65
5195-KPUNQ,2024-05-02 03:28:20,Account,True,9.05
5195-KPUNQ,2024-05-23 05:13:58,Service Outage,True,1.38
5196-SGOAK,2024-04-28 15:45:59,Billing,True,16.58
5196-SGOAK,2024-05-25 22:59:51,General Inquiry,False,
5196-SGOAK,2024-05-27 19:31:40,Service Outage,True,13.6
5196-WPYOW,2024-04-10 17:21:52,Technical,True,7.72
5196-WPYOW,2024-05-31 21:12:34,Technical,False,
5196-WPYOW,2024-06-29 01:14:50,Technical,True,4.76
5197-LQXXH,2024-04-17 02:02:59,General Inquiry,True,2.84
5197-PYEPU,2024-04-04 07:53:54,Account,True,8.7
5197-PYEPU,2024-06-20 23:33:21,Account,True,8.75
5198-EFNBM,2024-04-09 01:48:19,Technical,True,6.19
5198-EFNBM,2024-04-15 11:04:41,Billing,True,2.92
5198-EFNBM,2024-04-20 16:02:58,General Inquiry,True,6.81
5198-EFNBM,2024-06-17 00:55:35,General Inquiry,True,6.43
5199-FPUSP,2024-05-28 05:04:05,Service Outage,True,11.54
5201-CBWYG,2024-06-06 11:39:01,General Inquiry,True,3.3
5201-FRKKS,2024-05-11 08:15:25,Service Outage,True,4.56
5201-FRKKS,2024-05-24 12:53:50,Technical,False,
5201-FRKKS,2024-06-20 02:58:58,Technical,True,4.86
5201-USSQZ,2024-06-23 10:02:23,Service Outage,True,3.45
5201-USSQZ,2024-06-29 00:30:37,Service Outage,True,12.95
5202-IVJNU,2024-05-11 04:14:23,Billing,False,
5202-IVJNU,2024-06-14 12:29:36,General Inquiry,False,
5203-XEHAX,2024-04-09 23:09:39,General Inquiry,True,4.11
5204-QZXPU,2024-04-03 01:19:46,General Inquiry,True,45.51
5204-QZXPU,2024-05-05 05:19:38,Service Outage,True,43.98
5204-QZXPU,2024-05-23 19:11:32,Technical,True,20.49
5204-QZXPU,2024-06-02 23:27:10,General Inquiry,True,41.21
5204-QZXPU,2024-06-23 06:04:43,General Inquiry,False,
5206-HPJKM,2024-04-20 20:17:45,Billing,True,16.48
5207-PLSTK,2024-04-16 22:11:55,Billing,True,2.28
5207-PLSTK,2024-05-09 13:23:57,General Inquiry,True,2.9
5207-PLSTK,2024-05-11 08:37:01,Billing,True,5.87
5207-PLSTK,2024-06-06 01:05:26,Service Outage,True,8.69
5208-FVQKB,2024-04-13 05:11:59,Account,False,
5208-FVQKB,2024-04-13 12:26:46,Billing,True,6.01
5208-HFSBT,2024-04-30 10:34:23,Service Outage,False,
5208-HFSBT,2024-06-09 17:31:17,General Inquiry,True,19.5
5213-TWWJU,2024-04-20 00:45:11,Technical,False,
5213-TWWJU,2024-04-24 13:49:38,Technical,False,
5214-CHIWJ,2024-05-14 17:24:17,Service Outage,False,
5214-CHIWJ,2024-06-08 16:00:46,Technical,True,7.49
5214-NLTIT,2024-05-05 01:15:29,Technical,False,
5214-NLTIT,2024-06-26 05:39:39,General Inquiry,True,4.05
5214-NLTIT,2024-06-29 10:10:26,General Inquiry,False,
5216-WASFJ,2024-06-22 07:11:10,Service Outage,True,4.04
5219-YIPTK,2024-04-06 07:55:53,Billing,True,18.09
5219-YIPTK,2024-04-09 14:07:22,Account,False,
5219-YIPTK,2024-05-02 13:26:21,Service Outage,False,
5219-YIPTK,2024-06-10 22:07:38,General Inquiry,True,14.59
5219-YIPTK,2024-06-28 20:09:12,Billing,False,
5220-AGAAX,2024-05-19 01:11:48,Billing,True,5.76
5222-IMUKT,2024-06-18 19:28:53,Service Outage,True,15.2
5222-IMUKT,2024-06-30 01:09:19,Service Outage,False,
5223-UZAVK,2024-04-08 15:47:33,General Inquiry,True,5.17
5223-UZAVK,2024-06-09 22:41:39,Technical,True,10.48
5223-UZAVK,2024-06-26 05:24:08,Technical,True,7.92
5226-NOZFC,2024-04-03 23:35:58,General Inquiry,True,6.77
5227-JSCFE,2024-04-07 02:41:11,Technical,True,1.56
5229-DTFYB,2024-04-03 04:01:00,Billing,True,3.68
5229-DTFYB,2024-05-12 03:59:51,Service Outage,True,4.32
5229-PRWKT,2024-04-02 15:19:49,Account,False,
5229-PRWKT,2024-04-14 22:58:28,Account,False,
5229-PRWKT,2024-05-07 03:03:43,Technical,False,
5231-FIQPA,2024-05-28 06:36:32,Service Outage,True,2.59
5231-FIQPA,2024-06-03 01:48:08,General Inquiry,True,10.76
5233-AOZUF,2024-04-08 15:50:16,Service Outage,True,5.66
5233-AOZUF,2024-05-21 06:27:29,Technical,True,2.93
5233-GEEAX,2024-04-11 19:31:19,Technical,False,
5233-GEEAX,2024-04-30 00:49:05,Service Outage,False,
5233-GEEAX,2024-05-22 07:35:23,Account,False,
5236-PERKL,2024-04-07 14:17:16,Service Outage,True,5.59
5236-PERKL,2024-05-23 16:56:21,General Inquiry,False,
5236-PERKL,2024-05-31 23:16:27,Account,True,10.03
5236-XMZJY,2024-04-07 07:14:00,Technical,True,9.66
5236-XMZJY,2024-06-03 23:10:34,Service Outage,True,4.59
5240-CAOYT,2024-05-07 23:34:26,Account,False,
5240-IJOQT,2024-05-23 01:20:17,General Inquiry,True,31.99
5240-IJOQT,2024-05-31 15:51:31,Technical,False,
5240-IJOQT,2024-06-07 12:20:24,Billing,False,
5243-SAOTC,2024-04-14 10:13:22,Billing,True,14.14
5243-SAOTC,2024-05-31 04:28:06,Billing,True,9.26
5243-SAOTC,2024-06-03 12:33:20,Billing,False,
5244-IRFIH,2024-04-29 13:41:30,Technical,False,
5244-IRFIH,2024-06-18 07:20:18,Account,True,28.81
5245-VDBUR,2024-04-12 05:09:34,Technical,True,5.13
5245-VDBUR,2024-06-07 16:31:40,Technical,True,6.65
5245-VDBUR,2024-06-11 04:00:43,Account,True,6.43
5248-RPYWW,2024-05-09 06:29:22,Billing,True,9.61
5248-RPYWW,2024-05-21 03:26:14,Account,True,3.96
5249-QYHEX,2024-04-13 07:27:48,Service Outage,True,9.68
5249-QYHEX,2024-05-29 12:21:36,Service Outage,True,2.74
5249-QYHEX,2024-06-30 17:28:13,General Inquiry,True,6.18
5256-SKJGO,2024-04-27 21:55:21,Account,True,8.84
5256-SKJGO,2024-05-08 07:27:42,Billing,True,3.57
5260-UMPWX,2024-04-04 16:36:25,Service Outage,True,9.67
5261-QSHQM,2024-04-12 00:20:52,Service Outage,False,
5261-QSHQM,2024-05-09 15:14:36,Billing,True,17.58
5261-QSHQM,2024-06-11 16:52:46,Technical,False,
5268-DSMNQ,2024-04-16 00:31:12,Account,False,
5268-DSMNQ,2024-05-15 23:08:19,Service Outage,True,6.75
5269-NRGDP,2024-05-06 03:49:09,General Inquiry,True,4.73
5271-DBYSJ,2024-05-29 18:55:31,Technical,False,
5271-DBYSJ,2024-05-30 17:26:21,Account,False,
5274-XHAKY,2024-04-27 03:03:14,Service Outage,True,16.68
5275-SQEIZ,2024-04-14 06:21:48,Technical,False,
5275-SQEIZ,2024-05-15 06:57:51,General Inquiry,False,
5275-SQEIZ,2024-06-13 02:36:41,General Inquiry,False,
5275-SQEIZ,2024-06-15 05:32:15,General Inquiry,True,37.3
5276-KQWHG,2024-05-13 12:00:29,General Inquiry,True,50.62
5277-ZLOOR,2024-06-01 17:07:56,Account,False,
5277-ZLOOR,2024-06-04 11:51:44,Technical,False,
5277-ZLOOR,2024-06-10 09:39:58,General Inquiry,False,
5281-BUZGT,2024-05-14 13:24:55,Service Outage,True,22.49
5285-MVEHD,2024-04-10 07:04:26,Technical,False,
5285-MVEHD,2024-06-08 06:53:44,General Inquiry,True,5.2
5285-MVEHD,2024-06-18 01:19:39,General Inquiry,True,5.06
5286-YHCVC,2024-04-08 23:06:09,General Inquiry,True,2.63
5286-YHCVC,2024-04-22 20:03:42,Billing,True,3.34
5286-YHCVC,2024-04-26 04:40:58,Billing,False,
5286-YHCVC,2024-05-22 03:40:11,Technical,False,
5286-YHCVC,2024-06-10 22:41:45,Service Outage,True,3.57
5287-QWLKY,2024-04-09 11:39:54,Account,False,
5287-QWLKY,2024-05-30 17:43:53,Service Outage,True,10.71
5287-QWLKY,2024-06-02 23:15:47,Technical,True,5.03
5288-AHOUP,2024-04-28 06:57:49,Account,True,11.31
5288-AHOUP,2024-05-20 16:08:19,Technical,False,
5288-AHOUP,2024-06-07 20:29:02,Technical,True,2.95
5293-WXJAK,2024-04-18 00:08:43,Account,True,5.21
5294-CDGWY,2024-04-10 01:25:01,General Inquiry,False,
5294-CDGWY,2024-05-15 05:39:26,Service Outage,False,
5294-DMSFH,2024-04-12 21:41:56,General Inquiry,True,4.9
5294-DMSFH,2024-04-22 18:48:58,Service Outage,True,4.13
5294-DMSFH,2024-06-19 02:55:26,Billing,True,12.06
5294-DMSFH,2024-06-20 03:56:00,Billing,True,6.71
5294-IMHHT,2024-05-18 21:14:48,Billing,False,
5295-PCJOO,2024-04-07 17:20:06,Technical,False,
5295-PCJOO,2024-05-14 17:36:25,General Inquiry,True,25.05
5295-PCJOO,2024-05-17 14:35:34,Billing,True,37.94
5295-PCJOO,2024-06-11 19:55:06,General Inquiry,False,
5298-GSTLM,2024-04-04 09:27:35,Billing,True,5.87
5298-GSTLM,2024-04-10 06:47:06,Account,True,1.76
5298-GSTLM,2024-05-19 13:40:40,Billing,True,6.16
5298-GSTLM,2024-05-27 21:06:54,Account,False,
5298-GSTLM,2024-06-25 17:57:55,Account,True,6.13
5299-RULOA,2024-05-09 23:54:42,Technical,True,7.27
5299-RULOA,2024-05-13 14:42:57,General Inquiry,True,29.07
5299-SJCZT,2024-04-16 18:13:12,Billing,False,
5299-SJCZT,2024-05-19 06:13:50,Account,True,30.89
5299-SJCZT,2024-06-22 18:23:45,General Inquiry,True,8.43
5306-BVTKJ,2024-05-06 11:59:41,Technical,True,15.98
5306-BVTKJ,2024-05-22 17:54:38,General Inquiry,False,
5307-DZCVC,2024-04-07 05:18:23,Technical,False,
5307-DZCVC,2024-04-18 09:59:09,Account,False,
5307-DZCVC,2024-04-19 02:32:20,Billing,True,26.22
5307-DZCVC,2024-04-24 04:14:28,Billing,True,17.45
5309-TAIKL,2024-04-17 00:17:40,General Inquiry,True,3.57
5309-TAIKL,2024-05-07 00:30:13,General Inquiry,True,5.41
5309-TAIKL,2024-05-30 05:12:07,Technical,True,6.15
5311-IHLEI,2024-05-05 18:46:03,Account,True,5.93
5312-IRCFR,2024-04-02 03:08:50,Technical,False,
5312-IRCFR,2024-04-25 13:56:06,General Inquiry,True,7.9
5312-IRCFR,2024-06-07 09:06:23,Technical,True,7.8
5312-TSZVC,2024-04-11 01:12:04,General Inquiry,False,
5312-TSZVC,2024-06-28 18:59:59,Account,True,11.06
5312-UXESG,2024-05-09 12:15:46,Account,True,5.15
5315-CKEQK,2024-05-05 00:42:21,Billing,True,7.15
5317-FLPJF,2024-04-09 15:48:53,Service Outage,True,5.46
5318-IXUZF,2024-04-06 11:56:08,Service Outage,False,
5318-IXUZF,2024-04-09 07:55:11,Account,False,
5318-IXUZF,2024-04-20 23:36:48,Technical,True,26.46
5318-IXUZF,2024-05-05 12:22:41,Technical,True,15.03
5318-IXUZF,2024-06-22 22:23:45,Billing,True,45.24
5321-NTRKC,2024-04-19 14:39:54,Technical,True,8.71
5322-TEUJK,2024-05-09 21:38:45,Account,True,7.37
5322-TEUJK,2024-05-26 00:26:23,Billing,True,11.55
5322-ZSMZY,2024-06-20 21:23:34,Account,True,3.74
5322-ZSMZY,2024-06-23 13:32:00,General Inquiry,True,8.04
5324-KTGCG,2024-04-04 05:31:15,Technical,True,14.14
5324-KTGCG,2024-05-19 07:19:03,Technical,True,2.01
5325-UWTWJ,2024-06-07 12:49:41,General Inquiry,True,3.18
5327-CNLUQ,2024-05-10 05:27:09,Technical,True,3.3
5327-XOKKY,2024-05-22 21:00:29,Service Outage,True,6.03
5327-XOKKY,2024-06-04 12:07:02,General Inquiry,True,5.51
5327-XOKKY,2024-06-10 20:08:56,Account,True,9.78
5329-KRDTM,2024-04-14 12:20:46,Billing,True,5.11
5329-KRDTM,2024-05-24 04:48:30,Technical,True,5.04
5331-RGMTT,2024-04-21 19:13:08,Technical,True,5.21
5331-RGMTT,2024-06-03 12:44:14,Account,False,
5331-RGMTT,2024-06-18 11:08:48,Account,True,2.79
5334-AFQJB,2024-06-04 12:10:56,Service Outage,True,3.07
5334-AFQJB,2024-06-23 08:59:11,Billing,False,
5334-JLAXU,2024-04-13 13:01:20,General Inquiry,True,4.93
5334-JLAXU,2024-04-21 00:21:24,Billing,True,3.39
5334-JLAXU,2024-05-21 19:21:00,Account,True,9.97
5334-JLAXU,2024-06-14 02:26:34,Account,True,2.99
5336-UFNZP,2024-05-19 08:32:21,Account,True,11.37
5337-IIWKZ,2024-04-22 20:55:33,Technical,True,4.63
5338-YHWYT,2024-04-03 07:34:54,General Inquiry,True,2.71
5339-PXDVH,2024-04-08 11:46:24,Account,True,3.74
5339-PXDVH,2024-06-28 02:06:51,Account,True,7.26
5339-TJFEK,2024-04-03 13:13:55,Technical,True,15.32
5339-TJFEK,2024-06-24 00:06:10,Account,True,6.26
5343-SGUBI,2024-04-30 14:10:18,Service Outage,True,5.38
5343-SGUBI,2024-05-09 03:21:30,Service Outage,True,8.2
5343-SGUBI,2024-05-13 00:09:57,Service Outage,True,2.85
5345-BMKWB,2024-05-22 21:16:25,Billing,True,26.92
5345-BMKWB,2024-05-26 11:31:59,Billing,True,8.87
5345-BMKWB,2024-06-17 09:26:05,Technical,True,21.64
5348-CAGXB,2024-05-28 04:00:32,General Inquiry,True,4.12
5348-CAGXB,2024-06-01 22:22:52,Service Outage,True,2.65
5348-CAGXB,2024-06-16 20:49:30,General Inquiry,True,3.01
5348-CAGXB,2024-06-18 01:57:38,Billing,True,8.46
5349-AZPEW,2024-05-17 21:46:38,Technical,True,5.0
5349-AZPEW,2024-05-28 02:33:15,Billing,True,8.41
5349-IECLD,2024-04-25 15:04:57,Technical,False,
5349-IECLD,2024-06-04 12:50:45,Technical,True,36.15
5351-QESIO,2024-04-18 02:50:40,Technical,True,4.75
5351-QESIO,2024-05-14 07:30:28,Technical,True,6.94
5353-WILCI,2024-04-05 07:48:36,Service Outage,True,5.44
5353-WILCI,2024-05-12 23:36:02,Service Outage,True,3.42
5353-WILCI,2024-05-26 22:03:49,Service Outage,True,7.45
5353-WILCI,2024-06-21 06:57:59,Account,True,28.91
5356-CSVSQ,2024-04-23 14:08:43,Account,True,6.25
5356-KZCKT,2024-04-21 08:09:23,Billing,False,
5356-KZCKT,2024-04-23 13:02:23,Account,True,15.28
5357-TZHPP,2024-04-30 11:30:01,Service Outage,True,30.33
5360-XGYAZ,2024-05-16 16:17:05,Technical,True,3.14
5360-XGYAZ,2024-05-19 06:50:42,Account,True,4.85
5364-EVNIB,2024-04-12 07:44:43,General Inquiry,False,
5364-EVNIB,2024-04-25 06:28:52,Service Outage,True,38.0
5364-EVNIB,2024-04-27 15:10:24,Account,False,
5364-EVNIB,2024-04-27 19:58:05,Technical,True,20.15
5364-EVNIB,2024-06-29 09:43:58,Technical,True,36.6
5365-LLFYV,2024-04-06 11:30:56,Service Outage,True,7.86
5365-LLFYV,2024-05-18 17:27:10,Billing,True,1.8
5366-IJEQJ,2024-05-21 11:02:54,Account,True,26.23
5370-IIVVL,2024-04-10 13:30:18,General Inquiry,True,19.39
5370-IIVVL,2024-04-16 05:58:34,Technical,True,11.43
5370-IIVVL,2024-04-28 16:45:18,Technical,True,5.49
5370-IIVVL,2024-05-15 08:39:26,General Inquiry,True,7.33
5371-VYLSX,2024-06-15 11:33:10,Service Outage,True,1.84
5371-VYLSX,2024-06-21 12:11:31,Technical,True,9.86
5372-FBKBN,2024-04-27 07:06:32,Technical,True,11.06
5373-SFODM,2024-04-07 10:34:13,Technical,True,55.27
5373-SFODM,2024-04-12 18:48:08,Billing,True,20.82
5373-SFODM,2024-04-15 18:45:20,Account,False,
5373-SFODM,2024-05-21 22:08:48,General Inquiry,False,
5375-XLDOF,2024-04-15 19:57:04,Billing,True,7.34
5375-XLDOF,2024-06-01 14:35:55,Technical,True,6.29
5376-DEQCP,2024-04-02 06:55:02,General Inquiry,True,17.07
5376-DEQCP,2024-05-22 05:12:48,Billing,True,19.29
5376-DEQCP,2024-06-13 03:36:53,Technical,False,
5376-PCKNB,2024-04-13 12:00:35,Service Outage,True,5.25
5376-PCKNB,2024-04-17 02:33:09,Service Outage,True,9.46
5376-PCKNB,2024-05-26 18:54:56,Account,True,10.82
5376-PCKNB,2024-05-26 23:48:23,Technical,True,11.29
5376-PCKNB,2024-06-18 06:27:12,Account,False,
5377-NDTOU,2024-06-27 21:58:41,Service Outage,True,1.51
5378-IKEEG,2024-06-11 10:13:21,Service Outage,True,35.36
5380-AFSSK,2024-06-30 21:55:33,Billing,True,12.22
5380-WJKOV,2024-05-02 14:19:02,Technical,True,15.65
5380-WJKOV,2024-06-14 03:31:51,Technical,True,16.9
5380-XPJNZ,2024-05-06 06:26:39,Billing,True,21.06
5380-XPJNZ,2024-06-10 15:41:41,Technical,True,1.87
5380-XPJNZ,2024-06-10 21:31:07,Technical,True,3.85
5382-SOYZL,2024-05-12 13:04:38,Technical,True,12.55
5382-SOYZL,2024-05-16 22:53:17,Account,True,8.47
5382-SOYZL,2024-06-01 02:04:27,Account,True,3.86
5382-SOYZL,2024-06-27 22:37:17,General Inquiry,True,5.17
5382-TEMLV,2024-04-27 15:59:53,Service Outage,True,5.64
5382-TEMLV,2024-05-14 14:53:52,Billing,True,6.4
5383-MMTWC,2024-05-16 08:17:52,Service Outage,True,31.72
5383-MMTWC,2024-06-16 21:01:58,Technical,True,26.34
5384-ZTTWP,2024-05-03 01:50:29,Service Outage,True,3.79
5384-ZTTWP,2024-06-07 06:37:51,Service Outage,True,16.86
5385-SUIRI,2024-05-19 03:06:31,Service Outage,True,18.45
5385-SUIRI,2024-06-12 13:58:02,Account,True,15.56
5386-THSLQ,2024-05-03 19:44:51,General Inquiry,False,
5386-THSLQ,2024-05-22 01:17:14,Technical,True,5.09
5386-THSLQ,2024-06-28 18:08:08,Billing,True,5.07
5389-FFVKB,2024-06-21 15:22:47,Service Outage,True,27.16
5389-FFVKB,2024-06-24 17:51:04,Technical,True,14.04
5392-AKEMH,2024-04-15 11:45:10,Service Outage,True,6.83
5392-AKEMH,2024-05-06 10:05:59,Account,False,
5392-AKEMH,2024-05-11 11:25:55,Account,True,8.32
5392-AKEMH,2024-05-28 00:41:29,General Inquiry,True,12.34
5392-AKEMH,2024-06-02 06:02:27,General Inquiry,True,10.74
5393-RXQSZ,2024-04-24 12:56:26,Account,True,28.7
5393-RXQSZ,2024-04-30 09:44:32,Technical,False,
5394-MEITZ,2024-04-17 04:50:17,Billing,True,7.71
5394-MEITZ,2024-06-14 18:20:55,Billing,True,3.91
5397-NSKQG,2024-05-20 09:40:30,Technical,True,6.57
5397-NSKQG,2024-05-22 02:51:49,General Inquiry,True,2.81
5397-NSKQG,2024-05-29 14:25:06,Service Outage,True,4.26
5397-NSKQG,2024-06-22 21:19:08,Technical,True,5.14
5397-TUPSH,2024-04-07 14:21:10,Billing,True,9.09
5397-TUPSH,2024-06-03 18:21:24,Account,True,9.15
5397-TUPSH,2024-06-06 03:03:51,Billing,True,5.78
5397-TUPSH,2024-06-14 10:41:25,Account,False,
5399-ZIMKF,2024-04-08 05:41:52,Billing,True,8.67
5402-HTOTQ,2024-04-14 23:25:00,Technical,True,5.33
5402-HTOTQ,2024-06-21 15:22:51,Billing,True,11.76
5402-HTOTQ,2024-06-23 03:54:15,Billing,True,14.81
5404-GGUKR,2024-04-26 00:15:43,Technical,True,5.38
5405-ZMYXQ,2024-04-15 18:45:10,General Inquiry,True,7.33
5405-ZMYXQ,2024-04-16 08:55:56,Account,True,7.18
5405-ZMYXQ,2024-06-12 18:01:49,General Inquiry,True,6.74
5405-ZMYXQ,2024-06-24 12:14:56,Account,True,3.79
5405-ZMYXQ,2024-06-28 06:09:42,General Inquiry,True,8.3
5406-KGRMX,2024-04-11 04:03:04,Account,False,
5406-KGRMX,2024-04-13 09:32:29,Service Outage,True,12.52
5406-KGRMX,2024-05-12 22:09:45,Technical,True,2.28
5419-CONWX,2024-05-17 15:46:36,General Inquiry,True,40.29
5419-JKZNQ,2024-04-15 12:55:15,Account,True,3.08
5419-JKZNQ,2024-05-02 17:18:20,General Inquiry,True,9.31
5419-JKZNQ,2024-05-26 06:38:57,Account,True,5.57
5419-JKZNQ,2024-06-16 13:49:12,Service Outage,True,9.28
5419-JPRRN,2024-04-10 03:37:46,Service Outage,True,17.99
5419-JPRRN,2024-04-18 21:46:02,Billing,True,33.39
5419-JPRRN,2024-06-11 06:28:14,Billing,True,15.95
5419-JPRRN,2024-06-21 23:33:06,Service Outage,True,22.33
5419-JPRRN,2024-06-26 16:09:52,Service Outage,False,
5419-KLXBN,2024-04-08 07:58:50,Technical,True,13.88
5419-KLXBN,2024-04-20 16:20:16,General Inquiry,True,11.15
5419-KLXBN,2024-04-23 19:47:28,Billing,False,
5423-BHIXO,2024-05-26 08:15:47,Account,True,2.88
5423-BHIXO,2024-06-10 09:52:50,Account,True,5.26
5424-RLQLC,2024-04-20 02:57:53,General Inquiry,True,2.01
5424-RLQLC,2024-04-24 07:04:55,General Inquiry,True,4.47
5424-RLQLC,2024-06-28 20:31:48,Technical,True,18.69
5429-LWCMV,2024-06-02 09:01:22,Service Outage,True,6.41
5433-KYGHE,2024-06-12 14:15:47,Account,True,3.56
5438-QMDDL,2024-04-15 04:42:30,Account,False,
5438-QMDDL,2024-05-27 14:45:58,Billing,True,9.48
5438-QMDDL,2024-06-26 08:45:41,Service Outage,True,10.78
5439-WIKXB,2024-04-10 11:35:29,General Inquiry,False,
5439-WIKXB,2024-06-08 00:29:12,Billing,True,7.53
5439-WIKXB,2024-06-13 08:18:47,Service Outage,False,
5440-FLBQG,2024-05-24 14:19:04,Account,False,
5440-VHLUL,2024-04-14 10:35:35,Billing,True,5.17
5440-VHLUL,2024-05-01 07:43:34,General Inquiry,False,
5442-BHQNG,2024-04-11 14:47:47,Service Outage,True,7.52
5442-BHQNG,2024-04-15 13:04:07,General Inquiry,True,2.09
5442-BHQNG,2024-05-07 00:28:18,Billing,True,3.68
5442-UTCVD,2024-04-14 13:39:46,Service Outage,True,8.14
5442-UTCVD,2024-04-17 17:26:59,General Inquiry,True,88.79
5442-UTCVD,2024-05-20 23:41:19,General Inquiry,True,8.57
5442-UTCVD,2024-06-03 18:52:12,Account,True,21.98
5442-UTCVD,2024-06-26 08:49:53,Billing,True,29.99
5442-XSDCW,2024-06-06 19:37:28,Service Outage,True,95.56
5442-XSDCW,2024-06-09 06:07:56,Technical,True,32.56
5443-SCMKX,2024-04-19 08:47:26,General Inquiry,False,
5445-GLVOT,2024-06-10 18:11:12,Service Outage,True,7.1
5445-UTODQ,2024-05-31 06:22:03,Account,False,
5445-UTODQ,2024-06-13 23:11:06,Account,False,
5447-WZAFP,2024-04-03 06:48:07,Billing,True,7.14
5447-WZAFP,2024-04-25 03:23:00,Technical,True,6.66
5447-WZAFP,2024-05-02 03:41:04,Account,False,
5447-WZAFP,2024-06-13 17:34:24,Service Outage,True,3.83
5449-FIBXJ,2024-04-17 21:40:25,General Inquiry,False,
5451-MHQOF,2024-05-03 07:25:09,General Inquiry,True,14.28
5451-MHQOF,2024-06-19 12:32:14,Technical,True,4.05
5451-YHYPW,2024-05-23 07:33:23,Technical,True,8.8
5451-YHYPW,2024-06-01 01:47:43,Technical,True,1.77
5453-AXEPF,2024-04-13 00:24:07,Service Outage,True,8.43
5453-AXEPF,2024-04-26 14:04:46,Account,True,4.52
5453-AXEPF,2024-05-25 17:11:08,Account,True,11.29
5453-AXEPF,2024-06-02 02:39:25,General Inquiry,True,3.85
5453-AXEPF,2024-06-24 04:19:58,Billing,False,
5453-YBTWV,2024-04-24 06:47:40,Technical,True,6.65
5453-YBTWV,2024-04-27 09:44:57,Account,False,
5453-YBTWV,2024-04-28 21:42:02,Account,True,11.52
5453-YBTWV,2024-06-16 14:39:27,Service Outage,True,6.53
5456-ITGIC,2024-05-11 08:05:58,Account,True,6.29
5456-ITGIC,2024-06-23 20:59:45,Billing,True,6.96
5457-COLHT,2024-05-13 20:04:25,Account,True,11.44
5457-COLHT,2024-06-30 21:21:23,Technical,True,5.36
5461-QKNTN,2024-06-29 05:48:46,Billing,True,6.48
5468-BPMMO,2024-05-11 19:39:48,Account,True,1.63
5469-CTCWN,2024-05-01 02:18:22,Service Outage,False,
5469-CTCWN,2024-05-27 08:06:18,Service Outage,True,50.74
5469-NUJUR,2024-04-15 16:55:16,Service Outage,True,6.67
5472-CVMDX,2024-04-16 11:23:47,General Inquiry,True,2.46
5473-KHBPS,2024-04-14 04:49:51,Technical,False,
5473-KHBPS,2024-05-31 06:11:07,Account,False,
5478-JJVZK,2024-05-04 10:07:02,Account,True,8.09
5478-JJVZK,2024-05-20 06:36:19,Technical,True,9.48
5478-JJVZK,2024-06-05 16:16:02,General Inquiry,True,7.33
5478-JJVZK,2024-06-14 17:19:26,General Inquiry,True,1.53
5478-JJVZK,2024-06-27 22:24:06,General Inquiry,True,4.47
5480-HPRRX,2024-06-22 07:35:36,General Inquiry,False,
5480-HPRRX,2024-06-25 04:28:47,Billing,True,28.92
5480-TBGPH,2024-05-02 17:52:59,Billing,False,
5480-XTFFL,2024-05-19 04:16:36,Technical,True,2.65
5481-NTDOH,2024-04-02 14:17:39,Account,True,3.68
5481-NTDOH,2024-05-08 07:15:20,General Inquiry,True,2.32
5481-NTDOH,2024-06-08 09:09:23,Account,True,9.84
5481-NTDOH,2024-06-23 00:19:30,General Inquiry,True,4.34
5482-NUPNA,2024-05-07 11:15:35,General Inquiry,False,
5482-PLVPE,2024-04-06 20:16:16,Technical,True,17.76
5482-PLVPE,2024-04-06 23:27:00,Technical,False,
5482-PLVPE,2024-05-04 11:26:37,Account,False,
5482-PLVPE,2024-05-23 12:43:14,Technical,False,
5482-PLVPE,2024-06-14 23:25:22,General Inquiry,False,
5482-VXSXJ,2024-04-18 12:58:32,Account,False,
5482-VXSXJ,2024-05-26 21:36:17,General Inquiry,True,2.03
5482-VXSXJ,2024-06-11 06:01:23,General Inquiry,False,
5482-VXSXJ,2024-06-16 09:31:37,Billing,True,12.41
5485-ITNPC,2024-05-15 15:53:55,Account,True,8.39
5485-ITNPC,2024-06-05 16:14:08,Service Outage,True,13.13
5485-WUYWF,2024-05-27 17:28:07,Technical,True,15.44
5485-WUYWF,2024-06-16 00:09:29,Billing,False,
5485-WUYWF,2024-06-19 06:48:07,Technical,True,41.92
5493-SDRDQ,2024-04-09 03:39:44,General Inquiry,False,
5493-SDRDQ,2024-04-18 08:56:46,Account,True,42.64
5493-SDRDQ,2024-04-22 16:03:17,Technical,True,29.45
5494-HECPR,2024-05-24 15:28:51,Billing,False,
5494-HECPR,2024-05-31 19:39:11,Technical,True,32.69
5494-HECPR,2024-06-10 16:55:25,Technical,False,
5494-HECPR,2024-06-27 13:58:20,Billing,True,40.83
5495-GPSRW,2024-04-06 17:39:02,Service Outage,True,4.33
5495-GPSRW,2024-04-23 13:15:37,Technical,True,23.37
5498-IBWPI,2024-04-21 03:58:07,Service Outage,True,12.46
5498-IBWPI,2024-05-10 20:07:40,General Inquiry,True,3.48
5498-TXHLF,2024-04-09 13:13:18,Billing,True,21.72
5498-TXHLF,2024-04-23 12:52:34,Technical,False,
5498-TXHLF,2024-04-24 00:19:37,Billing,True,29.21
5498-TXHLF,2024-06-26 00:29:04,General Inquiry,False,
5499-ECUTN,2024-04-17 10:12:34,Technical,True,2.91
5499-ECUTN,2024-06-13 23:30:05,Technical,False,
5499-ECUTN,2024-06-19 13:00:56,Billing,True,3.61
5501-TVMGM,2024-04-11 19:26:34,General Inquiry,True,14.36
5501-TVMGM,2024-05-16 05:27:34,Billing,True,5.43
5501-TVMGM,2024-05-20 11:21:42,Billing,True,4.24
5502-RLUYV,2024-04-23 10:25:14,Account,False,
5502-RLUYV,2024-05-20 23:02:19,Service Outage,False,
5504-WSIUR,2024-04-07 13:38:03,Service Outage,True,3.7
5504-WSIUR,2024-04-28 08:57:57,Account,True,11.71
5505-OVWQW,2024-04-19 05:54:12,Service Outage,True,3.3
5505-OVWQW,2024-04-20 05:49:38,Account,False,
5514-YQENT,2024-04-18 13:58:00,General Inquiry,True,4.95
5514-YQENT,2024-06-17 03:19:08,Billing,True,9.81
5515-AKOAJ,2024-04-25 23:27:05,Billing,True,148.2
5515-AKOAJ,2024-05-01 10:45:28,General Inquiry,True,12.43
5515-IDEJJ,2024-04-14 18:43:37,Account,True,18.03
5515-IDEJJ,2024-04-23 15:21:53,Technical,True,11.77
5515-IDEJJ,2024-05-08 12:01:46,General Inquiry,False,
5515-RUGKN,2024-06-23 08:08:02,Account,True,5.06
5519-NPHVG,2024-04-12 13:09:33,General Inquiry,True,24.17
5519-TEEUH,2024-06-18 07:15:24,Account,True,4.13
5519-TEEUH,2024-06-21 08:35:17,Technical,True,8.21
5519-YLDGW,2024-04-25 14:58:15,Service Outage,False,
5519-YLDGW,2024-05-12 02:03:52,Account,True,26.11
5519-YLDGW,2024-05-19 14:08:53,Service Outage,False,
5520-FVEWJ,2024-06-13 13:01:05,General Inquiry,True,21.11
5522-JBWMO,2024-05-01 19:50:58,General Inquiry,True,3.82
5522-JBWMO,2024-05-31 15:04:02,Billing,False,
5522-JBWMO,2024-06-04 16:31:42,Account,True,3.43
5522-NYKPB,2024-04-13 15:07:35,Technical,True,16.33
5524-KHNJP,2024-05-05 17:53:55,Billing,True,6.01
5524-KHNJP,2024-06-08 00:47:04,General Inquiry,True,3.98
5527-ACHSO,2024-05-03 18:36:59,Service Outage,True,10.26
5529-GIBVH,2024-04-20 02:17:29,Account,True,3.91
5533-NHFRF,2024-04-04 09:03:36,General Inquiry,True,5.45
5533-NHFRF,2024-04-14 00:59:48,Account,True,7.99
5533-NHFRF,2024-05-11 10:20:30,Service Outage,True,7.18
5533-RJFTJ,2024-06-06 12:04:20,Service Outage,True,2.45
5536-RTPWK,2024-04-20 16:47:00,Billing,False,
5536-RTPWK,2024-05-04 18:55:26,Technical,False,
5536-RTPWK,2024-06-26 20:25:01,Account,True,26.49
5539-HIVAK,2024-05-05 21:18:06,Service Outage,True,11.34
5539-HIVAK,2024-06-04 17:32:32,Service Outage,True,5.75
5539-TMZLF,2024-05-20 22:08:02,Billing,False,
5542-DHSXL,2024-05-21 05:26:23,Account,False,
5542-DHSXL,2024-06-02 10:37:20,Service Outage,True,4.6
5542-NKVRU,2024-06-07 22:13:20,Technical,True,6.16
5542-NKVRU,2024-06-29 22:14:51,General Inquiry,True,11.34
5542-TBBWB,2024-05-01 19:29:20,Billing,True,6.36
5542-TBBWB,2024-05-09 17:46:48,Service Outage,True,5.13
5542-TBBWB,2024-06-30 14:24:08,Service Outage,True,7.53
5543-QDCRY,2024-04-25 21:07:40,Account,True,9.97
5543-QDCRY,2024-06-22 02:18:11,Account,True,4.0
5546-BYZSM,2024-06-08 21:00:02,Account,True,12.37
5546-BYZSM,2024-06-21 10:43:52,General Inquiry,True,3.32
5546-QUERU,2024-06-18 22:40:38,Technical,True,4.32
5550-VFRLC,2024-05-20 16:01:07,Account,True,7.1
5550-VFRLC,2024-06-16 15:55:26,Service Outage,False,
5552-ZNFSJ,2024-05-08 16:07:04,Billing,True,17.43
5552-ZNFSJ,2024-05-21 10:17:58,Technical,False,
5552-ZNFSJ,2024-05-30 18:05:33,Account,True,90.12
5552-ZNFSJ,2024-05-31 17:07:15,General Inquiry,False,
5552-ZNFSJ,2024-06-09 06:51:06,General Inquiry,True,22.93
5553-AOINX,2024-04-19 19:20:30,Service Outage,True,24.41
5553-AOINX,2024-05-31 23:48:03,General Inquiry,True,6.68
5561-NWEVX,2024-05-04 14:15:14,Billing,True,39.79
5561-NWEVX,2024-05-09 17:33:05,General Inquiry,True,33.75
5561-NWEVX,2024-06-15 07:58:59,General Inquiry,True,54.97
5561-NWEVX,2024-06-25 20:04:45,Technical,True,45.79
5562-BETPV,2024-04-11 23:41:02,Service Outage,True,7.53
5562-YJQGT,2024-04-07 05:28:49,Technical,True,20.19
5562-YJQGT,2024-06-07 21:41:15,General Inquiry,False,
5562-YJQGT,2024-06-27 11:28:21,Billing,True,8.34
5564-NEMQO,2024-04-19 23:59:31,Billing,True,36.0
5564-NEMQO,2024-05-01 15:07:19,Service Outage,False,
5565-FILXA,2024-06-06 00:43:38,Billing,True,24.45
5565-FILXA,2024-06-09 04:58:15,General Inquiry,False,
5565-FILXA,2024-06-19 02:40:28,General Inquiry,False,
5566-SOEZD,2024-05-26 05:56:54,Billing,True,9.96
5566-SOEZD,2024-05-30 15:51:01,Service Outage,True,3.59
5566-SOEZD,2024-06-13 12:12:47,Billing,True,4.39
5566-SOEZD,2024-06-15 20:47:43,Service Outage,True,9.19
5567-GZKQY,2024-04-06 12:26:51,General Inquiry,True,2.8
5567-GZKQY,2024-04-09 08:12:35,Service Outage,True,7.93
5567-WSELE,2024-05-22 02:34:30,Account,True,27.82
5567-WSELE,2024-06-02 09:35:17,General Inquiry,False,
5569-KGJHX,2024-04-02 01:47:57,Account,True,8.52
5569-KGJHX,2024-04-05 19:13:33,General Inquiry,True,33.1
5569-KGJHX,2024-06-16 17:25:05,Service Outage,False,
5569-KGJHX,2024-06-29 10:38:21,Billing,False,
5570-PTWEH,2024-05-04 21:34:46,Account,True,37.22
5570-PTWEH,2024-06-06 18:08:06,General Inquiry,True,17.35
5572-ZDXHY,2024-04-21 16:53:14,General Inquiry,True,27.25
5574-NXZIU,2024-05-04 01:38:24,General Inquiry,True,4.65
5574-NXZIU,2024-06-09 11:45:29,Billing,True,5.84
5575-GNVDE,2024-05-20 16:45:17,Account,True,4.59
5575-GNVDE,2024-06-04 17:15:33,Technical,False,
5575-TPIZQ,2024-04-16 10:01:16,Billing,True,3.54
5575-TPIZQ,2024-05-24 03:20:16,General Inquiry,True,2.08
5575-TPIZQ,2024-06-24 02:57:07,Account,True,4.62
5575-TPIZQ,2024-06-29 13:30:59,Account,True,10.5
5575-TPIZQ,2024-06-30 01:12:44,General Inquiry,True,3.81
5577-OTWWW,2024-05-15 12:45:51,Billing,False,
5577-OTWWW,2024-06-22 14:20:08,General Inquiry,True,46.31
5578-NKCXI,2024-04-21 02:18:07,Service Outage,True,9.95
5578-NKCXI,2024-05-24 20:51:47,Service Outage,True,2.8
5583-EJXRD,2024-04-15 08:13:49,Account,True,7.12
5583-EJXRD,2024-05-23 08:21:06,Technical,True,22.16
5583-SXDAG,2024-04-06 13:38:25,Service Outage,True,11.68
5583-SXDAG,2024-06-09 22:48:04,Billing,True,22.04
5583-SXDAG,2024-06-09 23:16:48,Account,True,18.5
5583-SXDAG,2024-06-18 21:39:47,Service Outage,False,
5590-BYNII,2024-04-19 00:52:10,Service Outage,True,28.46
5590-BYNII,2024-04-22 19:22:54,Account,False,
5590-BYNII,2024-05-20 23:30:05,Technical,True,15.62
5590-BYNII,2024-06-14 20:56:43,General Inquiry,True,25.3
5590-BYNII,2024-06-24 23:24:37,Technical,False,
5590-YRFJT,2024-05-10 07:12:18,Service Outage,False,
5590-YRFJT,2024-06-08 21:48:43,General Inquiry,False,
5590-ZSKRV,2024-04-20 20:24:43,Billing,True,16.52
5593-SUAOO,2024-05-12 05:07:05,Technical,True,8.01
5593-SUAOO,2024-05-25 06:56:20,Account,True,6.59
5593-SUAOO,2024-06-06 14:38:26,General Inquiry,True,6.82
5593-SUAOO,2024-06-11 01:49:01,Billing,True,10.17
5593-SUAOO,2024-06-11 05:04:22,Billing,True,4.27
5597-GLBUC,2024-04-28 09:46:42,Account,False,
5598-IKHQQ,2024-05-26 17:23:17,Billing,True,6.59
5599-HVLTW,2024-04-23 17:58:41,Service Outage,True,6.39
5599-HVLTW,2024-05-03 19:37:06,Billing,True,6.69
5600-KTXFM,2024-04-13 13:00:39,Billing,True,3.42
5600-KTXFM,2024-04-16 07:20:08,Technical,True,10.67
5600-KTXFM,2024-04-30 18:32:35,Technical,False,
5600-KTXFM,2024-05-20 09:34:18,Technical,True,5.74
5600-PDUJF,2024-04-09 06:20:11,Technical,True,10.61
5600-PDUJF,2024-04-30 12:18:04,General Inquiry,True,19.44
5600-PDUJF,2024-05-14 22:03:37,General Inquiry,False,
5602-BVFMK,2024-05-17 16:28:44,Billing,True,12.73
5602-BVFMK,2024-05-20 06:38:00,Account,True,14.09
5602-BVFMK,2024-05-23 21:34:51,General Inquiry,True,5.75
5605-IYGFG,2024-05-14 18:09:04,Account,True,5.98
5605-XNWEN,2024-06-03 05:28:02,Account,True,8.46
5605-XNWEN,2024-06-16 01:46:56,Service Outage,True,4.33
5606-AMZBO,2024-04-18 09:40:40,Account,True,4.74
5606-AMZBO,2024-05-04 23:50:57,Account,True,4.55
5606-AMZBO,2024-06-21 02:32:23,Account,True,10.37
5609-CEBID,2024-05-06 23:30:25,Account,False,
5609-CEBID,2024-06-04 08:50:04,General Inquiry,False,
5609-IMCGG,2024-04-05 01:22:21,Technical,True,5.02
5609-IMCGG,2024-04-12 12:14:23,Service Outage,True,1.53
5609-IMCGG,2024-05-04 23:25:50,Technical,True,7.46
5609-IMCGG,2024-06-08 16:14:00,Service Outage,True,3.92
5614-DNZCE,2024-06-07 11:50:55,Technical,True,2.98
5616-PRTNT,2024-05-08 07:53:07,Service Outage,True,54.36
5619-PTMIK,2024-04-08 06:19:01,Service Outage,True,6.04
5619-PTMIK,2024-05-06 23:40:24,General Inquiry,True,9.49
5619-XZZKR,2024-04-15 23:11:10,Account,True,12.76
5619-XZZKR,2024-05-09 10:06:47,General Inquiry,True,13.29
5619-XZZKR,2024-06-04 04:09:55,General Inquiry,True,7.99
5622-UEJFI,2024-05-13 07:34:56,Service Outage,True,7.16
5624-BQSSA,2024-05-13 03:51:57,Service Outage,True,27.04
5624-RYAMH,2024-06-03 07:37:08,Service Outage,True,6.9
5626-MGTUK,2024-04-28 18:23:28,Billing,True,7.31
5626-MGTUK,2024-05-12 13:08:53,Account,True,1.62
5626-MGTUK,2024-05-14 11:25:19,Account,False,
5626-MGTUK,2024-06-18 17:55:19,General Inquiry,True,3.59
5626-MGTUK,2024-06-28 18:24:56,Technical,True,9.76
5627-TVBPP,2024-04-30 22:47:17,Service Outage,True,17.9
5628-FCGYG,2024-06-01 05:56:36,Billing,True,11.45
5628-FCGYG,2024-06-23 05:18:24,General Inquiry,True,7.66
5628-RKIFK,2024-06-10 06:19:25,Billing,True,3.7
5630-AHZIL,2024-04-05 21:25:40,Billing,False,
5630-AHZIL,2024-06-30 12:48:21,General Inquiry,True,25.51
5630-IXDXV,2024-04-26 15:29:02,Billing,True,7.13
5630-IXDXV,2024-06-03 01:02:01,General Inquiry,True,19.96
5630-IXDXV,2024-06-10 03:41:49,Account,True,11.68
5639-NTUPK,2024-04-14 01:36:18,Service Outage,True,2.75
5639-NTUPK,2024-04-18 03:48:22,Service Outage,True,20.71
5639-NTUPK,2024-06-20 06:33:08,General Inquiry,True,2.76
5640-CAXOA,2024-04-08 01:37:55,Service Outage,True,3.92
5640-CAXOA,2024-04-26 19:29:41,Technical,True,10.2
5641-DMBFJ,2024-05-23 07:47:21,Technical,True,3.39
5642-MHDQT,2024-04-26 23:50:08,Technical,True,9.31
5644-PDMZC,2024-04-26 15:48:01,Billing,True,28.05
5644-PDMZC,2024-05-18 05:24:50,Account,False,
5644-PDMZC,2024-06-02 09:08:00,Billing,True,18.02
5647-FXOTP,2024-04-11 10:31:23,General Inquiry,True,4.83
5647-FXOTP,2024-04-22 06:16:20,Billing,True,5.76
5647-FXOTP,2024-04-22 19:01:41,General Inquiry,True,8.41
5647-FXOTP,2024-05-09 05:24:18,Technical,True,7.99
5647-FXOTP,2024-05-20 23:39:49,Service Outage,True,5.92
5647-URDKA,2024-04-02 03:09:58,Billing,False,
5647-URDKA,2024-04-13 04:32:04,Technical,False,
5647-URDKA,2024-05-20 05:22:56,Technical,True,6.01
5649-RXQTV,2024-06-04 18:06:32,General Inquiry,True,9.18
5649-TJHOV,2024-04-22 23:56:11,Technical,True,20.94
5649-TJHOV,2024-04-23 02:11:04,Service Outage,False,
5649-TJHOV,2024-06-30 08:28:35,Service Outage,False,
5649-VUKMC,2024-04-22 11:52:11,Billing,False,
5649-VUKMC,2024-06-06 21:21:46,Technical,False,
5650-VDUDS,2024-04-08 18:50:00,Billing,False,
5650-VDUDS,2024-04-18 01:10:29,General Inquiry,False,
5650-VDUDS,2024-05-21 14:08:12,Technical,False,
5650-VDUDS,2024-05-25 23:29:11,Billing,True,19.66
5650-YLIBA,2024-04-06 05:29:48,General Inquiry,True,7.86
5650-YLIBA,2024-04-14 11:50:28,Account,True,7.0
5651-CPDND,2024-05-08 18:09:09,Service Outage,True,4.99
5651-CPDND,2024-05-25 22:31:42,Account,True,3.46
5651-CPDND,2024-06-25 16:39:25,Technical,True,4.98
5651-CPDND,2024-06-27 21:09:18,Technical,True,4.69
5651-WYIPH,2024-04-05 22:24:05,General Inquiry,True,1.83
5651-WYIPH,2024-05-25 08:07:53,Service Outage,True,10.73
5651-WYIPH,2024-06-01 13:43:13,Billing,True,8.02
5651-YLPRD,2024-04-08 03:53:03,Service Outage,True,13.43
5651-YLPRD,2024-05-14 16:01:50,Account,True,8.44
5651-YLPRD,2024-06-24 08:04:55,Billing,False,
5652-MSDEY,2024-04-14 20:51:52,Technical,True,7.46
5652-MSDEY,2024-05-07 21:23:23,General Inquiry,True,4.2
5652-MSDEY,2024-05-17 12:58:46,Service Outage,True,18.07
5652-MSDEY,2024-05-18 06:32:11,General Inquiry,True,8.47
5655-JSMZM,2024-06-07 16:47:31,Service Outage,True,65.41
5656-JAMLX,2024-05-05 05:37:23,Billing,True,6.34
5656-MJEFC,2024-04-23 20:14:58,General Inquiry,True,3.96
5663-QBGIS,2024-06-14 22:59:38,Service Outage,True,11.88
5666-CYCYZ,2024-04-21 06:00:41,Service Outage,True,5.99
5668-MEISB,2024-05-14 18:47:58,Service Outage,True,2.7
5668-MEISB,2024-05-15 12:27:39,General Inquiry,True,3.52
5668-MEISB,2024-05-22 07:38:10,Technical,True,17.74
5669-SRAIP,2024-04-07 17:08:04,Billing,True,14.78
5669-SRAIP,2024-06-30 18:11:50,Service Outage,True,26.53
5671-RQRLP,2024-05-07 22:54:35,Technical,True,11.54
5671-RQRLP,2024-05-20 16:37:12,General Inquiry,True,5.73
5671-RQRLP,2024-05-23 21:29:05,Service Outage,True,9.15
5671-RQRLP,2024-05-27 20:13:26,Billing,True,18.11
5671-RQRLP,2024-06-17 01:43:26,Technical,True,6.46
5671-UUNXD,2024-04-27 01:28:10,Account,True,12.62
5673-FSSMF,2024-05-05 09:54:02,Service Outage,True,37.55
5673-FSSMF,2024-05-15 04:29:37,Account,True,40.7
5673-FSSMF,2024-05-29 14:49:07,General Inquiry,False,
5673-FSSMF,2024-06-16 10:45:54,Service Outage,False,
5673-TIYIB,2024-06-19 14:29:25,Account,False,
5676-CFLYY,2024-04-26 19:32:51,Account,True,9.14
5676-CFLYY,2024-05-04 00:46:08,Technical,True,2.88
5678-VFNEQ,2024-04-10 04:03:51,Account,True,12.71
5678-VFNEQ,2024-06-06 14:44:40,Account,True,4.05
5678-VFNEQ,2024-06-26 22:32:33,Technical,True,14.07
5681-LLOEI,2024-06-24 10:14:02,Account,True,2.21
5684-FJVYR,2024-05-01 09:49:29,Account,True,6.32
5685-IIXLY,2024-04-14 19:59:41,Service Outage,True,8.74
5685-IIXLY,2024-04-30 06:00:37,Service Outage,True,52.6
5685-IIXLY,2024-05-13 13:15:46,Billing,True,34.85
5686-CMAWK,2024-06-23 12:37:21,Account,False,
5692-FPTAH,2024-05-07 04:06:39,General Inquiry,True,143.13
5692-FPTAH,2024-05-15 16:22:23,Technical,True,85.34
5692-FPTAH,2024-06-08 05:56:46,Account,False,
5692-FPTAH,2024-06-14 21:02:06,General Inquiry,False,
5693-PIPCS,2024-05-18 17:54:58,General Inquiry,True,5.61
5693-PIPCS,2024-06-18 01:25:47,Billing,True,6.8
5696-CEIQJ,2024-06-17 14:26:20,Service Outage,True,5.39
5696-EXCYS,2024-04-12 02:54:35,Technical,False,
5696-JVVQY,2024-04-08 00:45:28,Technical,True,3.56
5696-QURRL,2024-04-17 00:23:24,General Inquiry,True,41.76
5696-QURRL,2024-04-21 20:17:40,Service Outage,False,
5696-QURRL,2024-06-20 12:41:54,Billing,True,15.71
5697-GOMBF,2024-05-23 15:34:22,General Inquiry,True,11.56
5697-GOMBF,2024-06-20 11:18:27,Billing,True,16.89
5698-BQJOH,2024-05-03 02:31:05,Technical,True,28.36
5698-BQJOH,2024-05-25 21:01:07,Account,True,13.86
5698-BQJOH,2024-06-22 19:51:49,Account,True,49.92
5699-BNCAS,2024-04-12 07:23:13,General Inquiry,True,5.17
5701-GUXDC,2024-06-14 20:11:33,Billing,True,6.24
5701-SVCWR,2024-04-14 03:00:08,Technical,True,21.14
5701-ZIKJE,2024-04-18 17:28:40,Account,True,2.36
5701-ZIKJE,2024-06-08 17:51:43,Service Outage,True,6.52
5702-KVQRD,2024-06-29 21:14:43,General Inquiry,True,13.48
5702-SKUOB,2024-05-15 18:01:13,Account,False,
5707-ORNDZ,2024-04-11 19:28:47,Billing,True,42.96
5707-ORNDZ,2024-06-01 03:58:50,General Inquiry,True,8.09
5707-ORNDZ,2024-06-03 05:12:26,Technical,False,
5707-ORNDZ,2024-06-10 11:11:43,Technical,False,
5707-ORNDZ,2024-06-22 14:09:51,Service Outage,True,20.17
5707-ZMDJP,2024-04-03 10:59:14,Account,True,6.99
5707-ZMDJP,2024-06-02 03:10:18,Billing,True,5.94
5707-ZMDJP,2024-06-28 06:52:03,Technical,True,4.3
5708-EVONK,2024-04-14 01:29:06,Account,True,37.34
5708-EVONK,2024-04-28 22:10:19,Technical,True,58.59
5708-EVONK,2024-05-07 02:15:12,Technical,False,
5708-EVONK,2024-05-16 01:02:05,Service Outage,False,
5708-EVONK,2024-05-24 09:00:52,Service Outage,False,
5709-LVOEQ,2024-05-02 12:15:43,General Inquiry,True,7.33
5709-LVOEQ,2024-05-19 03:10:27,Technical,True,7.55
5712-AHQNN,2024-05-08 12:14:43,General Inquiry,True,4.47
5712-AHQNN,2024-05-27 03:33:12,General Inquiry,False,
5712-AHQNN,2024-06-07 09:10:57,General Inquiry,True,2.46
5712-AHQNN,2024-06-08 12:38:20,Technical,True,10.86
5712-PTIWW,2024-04-05 21:12:42,Billing,True,18.97
5712-PTIWW,2024-06-26 02:32:36,General Inquiry,False,
5716-LIBJC,2024-04-28 02:00:21,General Inquiry,True,3.06
5716-LIBJC,2024-05-07 11:34:00,Service Outage,True,9.04
5716-LIBJC,2024-05-17 22:33:50,Technical,False,
5716-LIBJC,2024-05-19 18:17:29,Account,True,10.75
5716-LIBJC,2024-05-31 22:57:00,Service Outage,True,4.4
5724-BIDBU,2024-04-09 03:46:38,Billing,False,
5724-BIDBU,2024-04-14 19:01:33,General Inquiry,True,6.03
5726-CVNYA,2024-05-21 19:46:58,Service Outage,True,4.04
5727-MYATE,2024-06-20 14:36:23,Technical,True,20.25
5727-MYATE,2024-06-22 19:37:48,General Inquiry,True,8.45
5729-KLZAR,2024-05-06 00:04:34,Account,True,29.73
5730-RIITO,2024-04-15 12:30:35,Technical,True,5.49
5730-RIITO,2024-05-06 13:51:35,General Inquiry,True,27.53
5730-RIITO,2024-06-16 13:37:15,General Inquiry,True,5.57
5732-IKGQH,2024-04-18 18:06:21,Billing,True,6.91
5732-IKGQH,2024-06-07 17:43:16,Billing,True,3.78
5734-EJKXG,2024-04-22 23:12:51,Service Outage,True,3.17
5734-EJKXG,2024-05-13 11:46:01,Billing,True,3.9
5734-EJKXG,2024-05-22 14:01:11,Service Outage,False,
5734-EJKXG,2024-06-20 23:44:21,Service Outage,False,
5736-YEJAX,2024-05-02 14:52:19,Technical,True,9.04
5736-YEJAX,2024-05-21 07:54:13,Technical,True,2.13
5740-YHGTW,2024-04-19 14:42:18,General Inquiry,True,3.57
5740-YHGTW,2024-04-28 21:20:17,Account,True,8.84
5740-YHGTW,2024-05-13 14:32:54,Technical,True,3.91
5740-YHGTW,2024-05-25 10:59:00,General Inquiry,True,8.68
5740-YHGTW,2024-05-31 11:13:03,Technical,True,5.2
5743-KHMNA,2024-05-31 02:31:12,Account,False,
5747-PMBSQ,2024-04-19 17:17:06,Billing,False,
5747-PMBSQ,2024-06-09 23:28:31,Account,True,14.74
5748-RNCJT,2024-06-04 14:02:16,Technical,False,
5751-USDBL,2024-06-09 16:57:37,General Inquiry,False,
5753-QQWPW,2024-04-20 16:50:38,Technical,True,6.23
5756-JYOJT,2024-06-20 09:23:03,Billing,True,7.83
5756-OZRIO,2024-04-21 17:28:15,General Inquiry,True,3.51
5756-OZRIO,2024-04-30 02:47:58,General Inquiry,True,5.14
5756-OZRIO,2024-06-20 23:23:23,Billing,False,
5759-RCVCB,2024-05-31 22:10:17,Technical,True,39.36
5759-RCVCB,2024-06-25 21:18:20,General Inquiry,True,15.48
5760-FXFVO,2024-06-10 10:22:47,Account,True,6.67
5760-IFJOZ,2024-05-01 21:25:57,Technical,True,6.4
5760-IFJOZ,2024-06-28 10:36:32,Billing,True,3.22
5760-WRAHC,2024-05-17 10:17:49,Account,True,7.12
5760-WRAHC,2024-06-18 01:45:25,Account,True,2.92
5762-TJXGK,2024-05-11 03:40:03,Account,True,18.54
5762-TJXGK,2024-05-24 07:03:49,Technical,True,4.27
5762-TJXGK,2024-06-17 01:51:03,Technical,True,3.09
5766-XQXMQ,2024-05-10 02:44:21,Account,False,
5766-ZJYBB,2024-04-19 17:57:18,Account,False,
5766-ZJYBB,2024-06-15 20:45:51,Technical,True,28.94
5766-ZJYBB,2024-06-25 14:58:48,General Inquiry,True,33.84
5774-QPLTF,2024-04-05 18:31:27,General Inquiry,False,
5774-QPLTF,2024-05-08 01:59:20,Technical,True,2.83
5774-QPLTF,2024-06-28 21:56:54,Billing,True,8.23
5777-KJIRB,2024-04-29 16:26:13,Service Outage,True,6.13
5777-KJIRB,2024-05-11 19:46:22,Service Outage,True,4.43
5777-KJIRB,2024-05-24 00:55:01,General Inquiry,True,4.15
5777-KJIRB,2024-06-02 03:20:43,General Inquiry,True,12.9
5777-KJIRB,2024-06-13 13:36:12,Technical,True,6.19
5778-BVOFB,2024-04-24 03:43:03,General Inquiry,True,7.02
5778-BVOFB,2024-05-23 01:35:42,Account,True,14.32
5778-BVOFB,2024-05-24 00:40:53,Technical,True,6.53
5778-BVOFB,2024-06-14 12:12:35,Service Outage,True,3.65
5780-INQIK,2024-06-25 20:15:30,General Inquiry,True,2.18
5781-BKHOP,2024-05-10 15:40:09,Service Outage,True,4.34
5781-RFZRP,2024-05-23 12:12:06,Account,True,8.12
5781-RFZRP,2024-06-03 00:33:43,Account,True,6.22
5787-KXGIY,2024-05-25 00:48:00,Technical,False,
5787-KXGIY,2024-05-26 13:14:52,Technical,False,
5788-YPOEG,2024-04-21 22:36:28,Technical,True,7.83
5788-YPOEG,2024-05-30 05:16:51,Billing,True,16.24
5789-LDFXO,2024-04-15 20:40:53,Service Outage,True,7.18
5791-KAJFD,2024-05-02 23:10:23,Technical,True,15.68
5791-KAJFD,2024-05-28 23:52:34,Account,True,4.27
5791-KAJFD,2024-06-10 01:38:12,Service Outage,True,4.23
5791-KAJFD,2024-06-23 00:59:15,General Inquiry,True,4.16
5792-JALQC,2024-05-02 09:40:41,General Inquiry,True,3.16
5792-JALQC,2024-05-14 07:06:40,General Inquiry,True,16.12
5792-JALQC,2024-05-24 23:51:08,General Inquiry,False,
5793-YOLJN,2024-05-09 07:33:31,Technical,True,2.06
5793-YOLJN,2024-06-03 03:33:50,Technical,True,18.35
5793-YOLJN,2024-06-22 13:31:26,Service Outage,True,9.97
5795-BKOYE,2024-04-24 09:54:08,Technical,True,13.62
5795-BKOYE,2024-04-27 11:31:53,General Inquiry,True,4.85
5795-BKOYE,2024-05-25 20:36:16,Billing,True,6.77
5795-KTGUD,2024-04-17 03:17:17,General Inquiry,True,5.36
5795-KTGUD,2024-05-19 20:25:04,Account,True,6.37
5795-KTGUD,2024-06-15 05:46:32,Technical,True,4.62
5795-KTGUD,2024-06-20 15:28:43,Technical,True,11.55
5795-KTGUD,2024-06-23 13:24:03,Billing,True,3.38
5797-APWZC,2024-04-20 05:58:10,General Inquiry,True,34.06
5799-JRCZO,2024-05-07 05:34:49,Technical,True,39.81
5802-ADBRC,2024-05-08 06:02:56,Service Outage,True,6.85
5802-ADBRC,2024-06-14 04:53:34,General Inquiry,True,6.23
5803-NQJZO,2024-06-25 11:26:20,Technical,True,8.99
5804-HYIEZ,2024-04-07 05:45:32,Technical,True,9.42
5804-HYIEZ,2024-05-26 11:17:35,Technical,True,4.41
5804-HYIEZ,2024-06-22 02:29:07,Service Outage,False,
5804-HYIEZ,2024-06-26 02:55:29,Technical,True,5.35
5804-LEPIM,2024-04-02 03:51:15,Service Outage,False,
5804-LEPIM,2024-05-29 07:11:18,Technical,True,10.56
5804-LEPIM,2024-06-27 21:05:59,Technical,False,
5808-TOTXO,2024-05-22 14:18:14,Account,True,6.9
5811-IWXYM,2024-05-04 22:38:03,Technical,True,5.8
5813-UECBU,2024-05-09 13:31:16,Service Outage,False,
5813-UECBU,2024-06-02 15:40:45,Technical,False,
5815-HGGHV,2024-04-20 15:24:17,General Inquiry,False,
5816-SCGFC,2024-04-27 11:54:08,Account,True,11.55
5825-XJOCM,2024-04-05 13:21:54,Billing,True,6.29
5825-XJOCM,2024-05-14 17:46:58,General Inquiry,True,6.41
5827-MWCZK,2024-04-10 14:32:56,General Inquiry,True,10.48
5828-AVIPD,2024-04-22 08:54:16,Account,True,23.22
5828-AVIPD,2024-04-27 19:20:40,Billing,False,
5828-DWPIL,2024-04-17 19:17:07,Service Outage,True,2.11
5828-DWPIL,2024-05-25 07:38:36,Billing,True,2.68
5828-DWPIL,2024-05-31 11:28:31,Technical,True,4.26
5828-DWPIL,2024-06-07 10:47:37,Technical,True,6.57
5832-EXGTT,2024-04-05 18:35:10,Technical,True,9.9
5832-EXGTT,2024-04-08 02:41:33,Technical,True,6.99
5832-EXGTT,2024-04-11 02:32:24,Billing,True,3.11
5832-EXGTT,2024-04-29 14:40:04,Service Outage,True,7.91
5832-EXGTT,2024-06-27 18:52:22,Technical,True,8.18
5832-TRLPB,2024-05-26 05:38:21,Billing,True,8.72
5832-XKAES,2024-05-27 14:08:24,Service Outage,False,
5832-XKAES,2024-06-03 14:53:23,Account,False,
5832-XKAES,2024-06-14 15:31:13,General Inquiry,True,17.73
5834-ASPWA,2024-04-29 03:50:19,Account,False,
5834-ASPWA,2024-05-07 17:06:28,Service Outage,False,
5834-ASPWA,2024-05-15 10:55:10,General Inquiry,False,
5834-ASPWA,2024-05-29 04:44:20,Billing,False,
5835-BEQEU,2024-05-20 00:28:18,Technical,True,26.93
5837-LXSDN,2024-04-03 09:51:57,Technical,True,4.59
5837-LXSDN,2024-04-10 11:34:06,Account,True,7.31
5839-SUYVZ,2024-04-21 07:54:29,Technical,True,4.76
5842-POCOP,2024-04-05 22:48:33,General Inquiry,False,
5842-POCOP,2024-05-14 11:24:25,Service Outage,True,44.73
5842-POCOP,2024-06-10 10:13:57,Billing,True,5.39
5843-TTHGI,2024-04-27 09:16:27,Account,False,
5843-TTHGI,2024-05-25 04:48:38,Service Outage,True,11.62
5843-TTHGI,2024-06-10 22:42:38,Technical,True,1.35
5844-QVTAT,2024-06-03 04:57:04,Billing,False,
5845-BZZIB,2024-04-20 08:05:24,Technical,False,
5846-ABOBJ,2024-04-10 10:08:26,Account,True,2.74
5846-ABOBJ,2024-04-27 04:58:33,Service Outage,True,7.57
5846-ABOBJ,2024-06-11 15:05:03,Technical,False,
5846-NEQVZ,2024-06-09 08:09:06,Service Outage,True,6.72
5846-NEQVZ,2024-06-13 19:25:46,General Inquiry,True,9.16
5846-QFDFI,2024-04-14 05:11:39,Billing,True,6.45
5846-QFDFI,2024-05-28 17:27:40,General Inquiry,True,3.56
5847-MXBEO,2024-05-12 20:30:01,Service Outage,True,11.8
5847-MXBEO,2024-06-23 01:32:29,Account,True,6.57
5848-FHRFC,2024-04-22 07:36:41,Service Outage,True,14.17
5848-FHRFC,2024-05-31 18:37:09,Service Outage,True,6.16
5850-BDWCY,2024-05-19 18:30:08,Technical,True,6.65
5854-KSRBJ,2024-04-06 22:26:54,Technical,True,8.92
5855-EIBDE,2024-05-27 16:45:23,Service Outage,True,8.73
5857-TYBCJ,2024-06-28 09:39:13,Service Outage,False,
5857-XRECV,2024-04-08 16:21:02,General Inquiry,True,4.02
5857-XRECV,2024-04-11 17:53:26,Billing,True,6.48
5858-EAFCZ,2024-05-26 19:24:03,Billing,False,
5868-CZJDR,2024-05-13 03:28:47,Account,False,
5868-CZJDR,2024-06-09 21:39:09,Service Outage,False,
5868-CZJDR,2024-06-10 13:53:24,Service Outage,False,
5872-OEQNH,2024-06-01 04:29:59,Service Outage,True,5.54
5875-YPQFJ,2024-04-08 16:01:01,Billing,True,17.3
5875-YPQFJ,2024-05-02 15:29:39,Account,True,20.49
5875-YPQFJ,2024-05-11 20:17:17,Technical,True,16.77
5875-YPQFJ,2024-06-05 00:44:08,Billing,True,7.36
5876-HZVZM,2024-06-02 12:40:18,Technical,False,
5876-HZVZM,2024-06-11 07:14:19,Account,False,
5876-HZVZM,2024-06-20 07:44:59,Billing,True,42.02
5876-QMYLD,2024-06-27 00:02:42,Technical,True,3.25
5879-HMFFH,2024-04-09 20:40:04,Service Outage,True,1.69
5879-HMFFH,2024-05-19 16:31:54,Service Outage,True,3.36
5879-HMFFH,2024-05-29 17:43:38,General Inquiry,True,3.21
5879-HMFFH,2024-06-02 18:29:16,Account,True,2.88
5879-SESNB,2024-06-06 10:03:51,General Inquiry,True,10.69
5879-SESNB,2024-06-06 23:04:17,Service Outage,True,13.31
5883-GTGVD,2024-05-21 01:58:06,Technical,True,27.33
5884-FBCTL,2024-05-04 08:46:26,Billing,True,7.68
5884-GCYMI,2024-04-28 03:28:57,Technical,True,43.33
5884-GCYMI,2024-05-23 06:31:12,Technical,True,29.03
5884-GCYMI,2024-05-25 10:53:54,General Inquiry,True,16.02
5889-JTMUL,2024-04-21 04:33:54,Technical,False,
5889-JTMUL,2024-05-05 01:56:19,Service Outage,True,17.92
5889-JTMUL,2024-06-12 07:25:35,Service Outage,False,
5889-LFOLL,2024-04-17 08:05:19,Account,False,
5889-LFOLL,2024-04-22 13:30:01,Billing,False,
5889-LFOLL,2024-06-24 16:22:18,Account,False,
5893-KCLGT,2024-04-04 12:51:42,Service Outage,False,
5893-KCLGT,2024-05-16 23:31:05,Billing,True,7.5
5895-QSXOD,2024-04-04 08:42:14,Billing,False,
5895-QSXOD,2024-04-16 06:16:34,Account,True,2.67
5895-QSXOD,2024-05-22 00:01:41,Service Outage,True,8.36
5897-ZYEKH,2024-04-05 04:15:48,Technical,True,5.81
5897-ZYEKH,2024-04-15 14:42:18,Billing,False,
5897-ZYEKH,2024-04-26 22:44:19,Account,True,5.65
5897-ZYEKH,2024-05-24 08:22:04,Technical,True,14.48
5897-ZYEKH,2024-05-29 08:56:45,Account,True,4.84
5899-MQZZL,2024-06-19 19:26:21,Account,True,55.72
5899-OUVKV,2024-05-12 16:11:05,General Inquiry,True,12.26
5906-BFOZT,2024-06-06 20:39:37,Technical,True,2.11
5906-CVLHP,2024-06-12 18:04:44,Billing,True,18.22
5908-QMGOE,2024-04-06 13:46:26,Technical,True,29.5
5908-QMGOE,2024-06-10 02:07:29,Technical,False,
5908-QMGOE,2024-06-19 21:57:33,Account,True,38.41
5909-ECHUI,2024-04-24 06:37:46,Billing,False,
5909-ECHUI,2024-06-30 01:52:05,General Inquiry,False,
5913-INRQV,2024-04-02 16:47:17,Billing,True,4.97
5913-INRQV,2024-05-28 07:25:53,Billing,True,2.22
5913-INRQV,2024-06-25 03:22:20,Billing,True,7.27
5913-INRQV,2024-06-29 17:43:16,Service Outage,True,12.92
5914-DVBWJ,2024-05-17 03:43:22,Account,False,
5914-DVBWJ,2024-06-15 14:40:31,Service Outage,False,
5914-GXMDA,2024-05-30 23:59:03,Account,True,18.7
5914-GXMDA,2024-06-12 11:44:57,Service Outage,True,3.56
5915-DGNVC,2024-05-17 02:22:22,Service Outage,False,
5915-DGNVC,2024-06-10 17:42:07,Billing,True,8.1
5917-HBSDW,2024-04-04 04:03:56,Service Outage,True,8.65
5917-RYRMG,2024-04-05 02:27:27,Account,True,3.5
5917-RYRMG,2024-06-08 23:04:40,Billing,True,9.26
5918-VUKWP,2024-04-22 08:05:23,Technical,True,3.86
5918-VUKWP,2024-05-23 18:51:04,Technical,True,8.64
5919-TMRGD,2024-06-11 20:30:08,General Inquiry,True,53.39
5919-TMRGD,2024-06-12 10:11:56,Service Outage,False,
5921-NGYRH,2024-04-11 22:54:06,Billing,True,3.91
5921-NGYRH,2024-04-16 00:48:10,General Inquiry,True,3.71
5921-NGYRH,2024-06-12 23:30:23,Account,True,9.01
5921-NGYRH,2024-06-21 05:36:47,Technical,True,9.05
5923-GXUOC,2024-04-17 03:31:20,Account,False,
5923-GXUOC,2024-05-30 22:00:05,Billing,True,99.73
5923-GXUOC,2024-06-22 23:52:05,General Inquiry,False,
5924-IFQTT,2024-05-09 11:55:19,Service Outage,False,
5928-QLDHB,2024-06-07 13:01:54,Technical,True,23.53
5928-QLDHB,2024-06-08 00:59:40,Account,True,4.46
5930-GBIWP,2024-04-04 08:47:21,Service Outage,True,9.62
5930-GBIWP,2024-04-06 18:29:39,General Inquiry,True,2.81
5934-RMPOV,2024-05-23 01:50:38,General Inquiry,True,19.37
5934-TSSAU,2024-04-26 02:49:36,Billing,True,12.48
5934-TSSAU,2024-06-29 00:28:44,Service Outage,True,13.1
5935-FCCNB,2024-05-01 15:29:05,Service Outage,True,4.18
5935-FCCNB,2024-05-25 08:40:27,Technical,True,10.46
5937-EORGB,2024-04-25 19:43:34,Account,True,7.57
5937-EORGB,2024-05-13 20:05:20,Billing,False,
5937-EORGB,2024-05-24 21:12:47,Billing,False,
5937-EORGB,2024-06-04 11:46:46,Billing,True,9.86
5937-EORGB,2024-06-27 07:00:24,Account,True,2.94
5939-SXWHM,2024-04-20 20:01:31,Billing,True,5.83
5939-SXWHM,2024-05-09 05:03:12,Service Outage,True,6.4
5939-XAIXZ,2024-05-21 07:46:27,Billing,True,6.04
5939-XAIXZ,2024-06-09 21:39:23,Technical,True,2.98
5939-XAIXZ,2024-06-13 13:40:28,Account,True,11.25
5939-XAIXZ,2024-06-28 09:54:35,General Inquiry,True,3.16
5939-XAIXZ,2024-06-29 09:52:11,Service Outage,True,4.78
5940-AHUHD,2024-04-22 00:29:03,Billing,True,14.32
5940-AHUHD,2024-06-04 21:12:58,Service Outage,True,15.74
5940-NFXKV,2024-04-26 03:07:46,Account,False,
5940-NFXKV,2024-05-14 17:00:25,Service Outage,True,15.63
5940-NFXKV,2024-06-06 21:10:18,Service Outage,False,
5945-AZYHT,2024-04-04 04:35:37,Technical,True,5.39
5945-AZYHT,2024-04-28 22:06:38,Service Outage,True,5.2
5945-AZYHT,2024-05-21 00:58:05,Account,True,17.94
5945-AZYHT,2024-06-09 03:42:37,Account,True,2.78
5947-SGKCL,2024-06-06 21:01:23,Service Outage,True,5.19
5947-SGKCL,2024-06-29 09:25:09,General Inquiry,True,8.77
5948-UJZLF,2024-04-26 01:48:58,Technical,True,4.82
5948-UJZLF,2024-06-05 11:34:18,General Inquiry,True,1.79
5949-XIKAE,2024-05-03 11:35:52,Billing,False,
5949-XIKAE,2024-05-09 04:27:25,Billing,False,
5951-AOFIH,2024-05-08 07:17:09,General Inquiry,True,10.04
5951-AOFIH,2024-06-07 04:54:21,General Inquiry,True,11.73
5951-AOFIH,2024-06-25 15:32:17,Account,True,5.61
5955-ERIHD,2024-04-05 05:00:25,Account,True,26.41
5955-ERIHD,2024-05-02 00:39:31,Billing,True,25.1
5955-ERIHD,2024-05-03 13:07:05,Service Outage,True,42.73
5955-ERIHD,2024-06-05 19:00:45,Billing,False,
5956-VKDTT,2024-04-07 01:21:51,General Inquiry,True,20.32
5956-VKDTT,2024-05-10 21:01:23,Technical,True,69.27
5956-VKDTT,2024-06-07 19:36:01,Account,False,
5956-YHHRX,2024-04-07 17:32:22,Service Outage,True,12.49
5956-YHHRX,2024-04-19 04:48:34,Service Outage,True,10.2
5956-YHHRX,2024-06-15 09:00:25,Technical,True,3.34
5959-BELXA,2024-04-22 01:29:04,Account,True,34.47
5959-BELXA,2024-04-22 03:21:12,Billing,False,
5959-BELXA,2024-05-03 04:14:30,Service Outage,True,24.12
5959-BELXA,2024-06-13 08:47:08,Account,False,
5960-MVTUK,2024-04-20 21:37:48,General Inquiry,True,3.68
5960-WPXQM,2024-05-24 07:40:58,Account,True,22.84
5960-WPXQM,2024-06-03 21:47:42,Account,True,28.27
5965-GGPRW,2024-04-10 12:56:40,Service Outage,False,
5965-GGPRW,2024-04-27 07:21:14,Service Outage,True,2.48
5965-GGPRW,2024-05-01 22:35:41,Account,True,2.33
5965-GGPRW,2024-06-25 12:25:43,Billing,True,9.4
5968-HYJRZ,2024-04-25 19:50:58,Billing,True,12.25
5968-VXZLG,2024-04-16 16:28:14,Account,True,8.87
5968-VXZLG,2024-05-03 22:10:21,Billing,True,10.18
5968-VXZLG,2024-05-26 13:04:46,Account,True,6.32
5968-VXZLG,2024-06-20 00:01:45,Account,True,2.8
5970-GHJAW,2024-05-31 15:58:29,Billing,True,7.12
5973-EJGDP,2024-05-09 15:59:52,General Inquiry,True,13.9
5973-EJGDP,2024-05-19 00:54:41,Account,True,2.36
5975-BAICR,2024-06-11 00:30:15,Billing,True,5.35
5976-JCJRH,2024-04-02 09:17:51,Service Outage,False,
5977-CKHON,2024-04-29 00:58:26,Account,True,4.82
5977-CKHON,2024-05-17 20:24:58,Account,True,2.78
5977-CKHON,2024-05-25 23:22:58,Service Outage,True,12.55
5977-CKHON,2024-06-13 06:18:34,Billing,True,4.18
5980-BDHPY,2024-06-27 07:27:18,General Inquiry,True,7.11
5980-NOPLP,2024-04-05 14:05:34,General Inquiry,False,
5980-NOPLP,2024-04-30 22:12:32,Billing,False,
5981-ITEMU,2024-05-08 11:57:35,General Inquiry,False,
5981-ZVXOT,2024-04-07 16:01:03,Service Outage,True,7.07
5981-ZVXOT,2024-04-16 18:00:22,General Inquiry,True,8.89
5981-ZVXOT,2024-04-21 15:45:28,Service Outage,True,4.74
5982-FPVQN,2024-05-05 01:12:22,Account,True,5.81
5982-PSMKW,2024-04-30 11:14:44,Service Outage,True,7.31
5982-PSMKW,2024-06-06 05:32:33,Service Outage,True,10.91
5982-XMDEX,2024-04-15 17:50:13,Service Outage,True,3.04
5982-XMDEX,2024-05-07 13:19:08,Billing,False,
5982-XMDEX,2024-05-29 19:37:29,Technical,True,5.15
5982-XMDEX,2024-06-30 09:06:33,General Inquiry,True,7.62
5985-BEHZK,2024-04-25 17:09:16,General Inquiry,True,6.53
5985-BEHZK,2024-05-21 23:34:48,Account,True,2.92
5985-TBABQ,2024-04-13 03:03:18,Account,True,5.7
5985-TBABQ,2024-04-16 17:53:12,Technical,True,2.71
5985-TBABQ,2024-04-23 07:14:10,Technical,True,5.2
5985-TBABQ,2024-06-09 11:34:02,General Inquiry,False,
5985-TBABQ,2024-06-11 23:40:33,Technical,True,3.26
5986-WWXDV,2024-04-06 04:58:23,General Inquiry,False,
5989-AXPUC,2024-05-01 12:28:40,Account,True,6.36
5989-OMNJE,2024-04-20 03:10:09,Technical,True,14.87
5989-OMNJE,2024-05-03 05:37:53,Service Outage,True,16.98
5989-OMNJE,2024-06-21 15:57:15,Account,True,3.9
5989-PGKJB,2024-05-21 07:26:22,Account,True,7.05
5989-PGKJB,2024-06-16 13:58:45,Account,True,1.86
5989-PGKJB,2024-06-23 18:04:12,General Inquiry,True,3.21
5993-BQHEA,2024-05-11 15:30:00,Service Outage,True,7.0
5993-BQHEA,2024-05-29 05:28:45,General Inquiry,True,6.47
5993-BQHEA,2024-05-29 15:42:02,Account,True,2.99
5993-BQHEA,2024-06-24 13:00:51,Service Outage,True,7.03
5993-JSUWV,2024-05-02 18:36:50,Technical,True,7.84
5993-JSUWV,2024-05-08 23:53:52,Technical,True,4.81
5993-JSUWV,2024-05-23 16:31:30,Technical,True,5.11
5995-LFTLE,2024-05-23 11:11:57,General Inquiry,True,3.26
5995-LFTLE,2024-06-17 07:55:49,Technical,True,7.53
5995-OIGLP,2024-06-24 09:04:53,Account,True,19.04
5995-SNNEW,2024-04-15 17:28:38,Billing,True,5.1
5995-WWKKG,2024-05-04 17:09:31,General Inquiry,True,8.0
5996-DAOQL,2024-04-22 23:35:37,General Inquiry,True,7.04
5996-DAOQL,2024-06-08 22:43:10,Technical,True,13.26
5996-EBTKM,2024-05-12 16:32:58,Billing,True,4.79
5996-NRVXR,2024-04-12 11:58:38,Billing,True,3.46
5998-DZLYR,2024-06-09 05:29:38,Billing,True,10.57
5998-VVEJY,2024-05-18 01:45:16,Service Outage,True,35.46
5999-LCXAO,2024-04-23 09:54:10,Service Outage,True,3.21
5999-LCXAO,2024-05-01 04:44:57,Technical,True,15.96
5999-LCXAO,2024-05-09 21:37:44,Billing,True,4.28
6000-APYLU,2024-04-14 07:58:38,Billing,False,
6000-APYLU,2024-04-24 19:15:52,Service Outage,False,
6000-APYLU,2024-05-01 13:26:12,General Inquiry,True,58.93
6000-APYLU,2024-05-12 19:56:16,Billing,True,71.25
6000-APYLU,2024-06-18 03:39:45,General Inquiry,True,32.27
6000-UKLWI,2024-05-16 15:54:09,Technical,True,4.16
6005-OBZPH,2024-04-12 23:19:26,Technical,False,
6005-OBZPH,2024-04-16 08:53:57,Service Outage,True,22.67
6008-NAIXK,2024-05-11 17:02:08,Service Outage,True,7.71
6008-NAIXK,2024-05-21 16:19:55,Billing,False,
6008-NAIXK,2024-06-23 03:28:48,Account,False,
6010-DDPPW,2024-06-28 12:56:49,Service Outage,True,6.12
6015-VVHHE,2024-04-06 05:33:38,Billing,True,19.38
6015-VVHHE,2024-05-15 18:00:29,Billing,False,
6016-NXBNJ,2024-05-28 19:47:25,General Inquiry,True,3.88
6017-PPLPX,2024-05-25 10:01:20,General Inquiry,True,37.59
6022-UGGSO,2024-05-29 21:40:00,General Inquiry,True,16.15
6022-UGGSO,2024-06-17 19:27:29,Service Outage,False,
6022-UGGSO,2024-06-30 18:52:19,Service Outage,True,34.79
6023-GSSXW,2024-04-06 01:34:20,Technical,True,2.83
6023-GSSXW,2024-04-29 08:16:47,Billing,True,19.46
6023-GSSXW,2024-06-11 22:12:07,Service Outage,True,7.82
6023-YEBUP,2024-04-02 04:02:37,General Inquiry,True,14.45
6023-YEBUP,2024-05-09 02:57:49,Technical,True,21.07
6023-YEBUP,2024-05-22 22:16:57,Technical,False,
6023-YEBUP,2024-06-21 09:28:06,Service Outage,False,
6024-RUGGH,2024-05-09 10:23:46,Account,True,7.29
6029-WTIPC,2024-04-02 10:03:02,Technical,True,18.27
6029-WTIPC,2024-04-08 23:57:00,Service Outage,False,
6032-IGALN,2024-04-09 10:58:18,General Inquiry,False,
6032-IGALN,2024-06-23 05:17:08,General Inquiry,False,
6032-KRXXO,2024-05-31 20:58:53,Service Outage,True,14.22
6032-KRXXO,2024-06-22 18:12:41,Technical,False,
6034-YMTOB,2024-05-21 20:29:59,Billing,True,5.66
6034-ZRYCV,2024-04-23 20:47:56,Technical,False,
6034-ZRYCV,2024-05-01 10:45:43,General Inquiry,False,
6034-ZRYCV,2024-05-13 10:00:30,Technical,True,40.69
6034-ZRYCV,2024-06-10 18:11:43,Account,True,12.67
6034-ZRYCV,2024-06-16 11:26:16,Account,True,16.12
6035-BXTTY,2024-04-16 05:33:13,Account,False,
6035-BXTTY,2024-05-08 21:16:57,Technical,True,4.12
6035-BXTTY,2024-05-24 00:47:11,Service Outage,True,2.07
6035-BXTTY,2024-06-10 06:08:02,General Inquiry,True,1.66
6035-RIIOM,2024-04-06 07:29:24,Billing,True,3.23
6035-RIIOM,2024-04-18 17:06:35,Account,True,5.51
6035-RIIOM,2024-04-20 19:41:14,Account,True,8.84
6035-RIIOM,2024-05-03 23:59:26,Service Outage,True,8.58
6035-RIIOM,2024-06-15 08:17:16,Technical,True,9.06
6036-TTFYU,2024-04-29 14:05:48,Technical,False,
6038-GCYEC,2024-04-27 19:16:16,Account,False,
6038-GCYEC,2024-05-05 07:59:22,Billing,False,
6040-CGACY,2024-04-06 22:12:59,Billing,True,13.98
6040-CGACY,2024-06-06 23:48:51,Technical,True,3.12
6040-CGACY,2024-06-21 16:50:30,General Inquiry,True,6.88
6047-SUHPR,2024-04-15 14:40:57,Account,True,3.29
6047-SUHPR,2024-05-25 08:50:42,Technical,True,6.71
6047-YHPVI,2024-04-10 02:52:22,Technical,False,
6047-YHPVI,2024-06-20 01:45:18,Account,True,6.18
6048-NJXHX,2024-04-24 23:09:25,General Inquiry,True,5.68
6048-NJXHX,2024-05-10 09:45:08,Billing,True,3.24
6048-QBXKL,2024-05-06 22:29:05,Technical,True,4.7
6048-QBXKL,2024-06-22 23:55:13,Account,True,3.77
6048-QBXKL,2024-06-26 08:34:50,Technical,True,6.7
6050-FFXES,2024-05-09 04:49:34,Technical,True,12.65
6050-IJRHS,2024-04-27 04:07:02,Service Outage,True,5.29
6050-IJRHS,2024-05-08 03:06:36,Billing,True,3.5
6050-IJRHS,2024-05-11 13:02:01,General Inquiry,True,4.53
6050-IJRHS,2024-05-28 09:58:59,Account,True,9.63
6060-DRTNL,2024-04-17 22:18:50,Technical,False,
6060-DRTNL,2024-04-28 18:43:35,Billing,False,
6060-DRTNL,2024-06-03 06:59:47,Account,False,
6060-DRTNL,2024-06-11 00:39:49,Service Outage,True,71.56
6060-DRTNL,2024-06-30 12:31:58,Billing,True,41.67
6060-QBMGV,2024-06-05 21:56:21,Technical,False,
6061-GWWAV,2024-06-10 11:10:25,General Inquiry,True,8.56
6064-ZATLR,2024-04-17 21:39:52,Service Outage,True,8.19
6064-ZATLR,2024-04-18 05:32:13,Account,False,
6064-ZATLR,2024-04-24 02:43:14,Service Outage,True,6.28
6064-ZATLR,2024-05-14 13:59:13,Service Outage,True,8.04
6064-ZATLR,2024-06-11 00:04:08,Billing,False,
6067-NGCEU,2024-04-11 12:01:26,Technical,True,6.57
6067-NGCEU,2024-05-22 08:07:22,Technical,True,8.1
6075-QMNRR,2024-04-04 18:12:49,Service Outage,True,22.81
6075-QMNRR,2024-05-04 19:55:07,General Inquiry,True,2.42
6075-QMNRR,2024-06-02 23:06:02,General Inquiry,True,8.26
6075-SLNIL,2024-05-12 14:24:05,Service Outage,True,4.47
6075-SLNIL,2024-05-28 15:19:16,Service Outage,False,
6075-SLNIL,2024-06-30 16:06:10,General Inquiry,True,11.45
6077-BDPXA,2024-05-11 08:40:46,Service Outage,True,3.83
6077-BDPXA,2024-05-14 15:08:12,Billing,True,4.71
6078-VESFR,2024-05-03 06:06:33,General Inquiry,True,5.72
6078-VESFR,2024-06-02 05:33:44,Billing,True,2.39
6078-VESFR,2024-06-22 11:46:45,Service Outage,True,17.08
6080-LNESI,2024-04-13 10:44:07,Account,True,6.14
6080-LNESI,2024-05-05 14:46:08,Account,True,3.21
6080-LNESI,2024-06-10 09:16:13,Service Outage,True,8.57
6080-TCMYC,2024-04-23 22:26:20,Billing,True,7.3
6080-TCMYC,2024-05-10 04:59:48,Billing,True,7.76
6080-TCMYC,2024-06-13 17:31:31,Account,True,11.19
6082-GLJIX,2024-04-08 17:58:56,Billing,False,
6082-GLJIX,2024-05-13 14:40:49,Service Outage,True,8.59
6082-OQFBA,2024-04-21 10:29:43,Account,True,7.63
6082-OQFBA,2024-06-01 16:22:24,Technical,True,9.07
6082-OQFBA,2024-06-10 18:54:23,Technical,True,3.29
6086-ESGRL,2024-04-18 12:20:34,Billing,False,
6086-ESGRL,2024-04-24 15:44:00,Billing,True,13.12
6086-ESGRL,2024-05-17 06:47:24,Account,True,26.14
6087-MVHJH,2024-04-10 16:33:32,Billing,True,35.4
6087-MVHJH,2024-05-13 14:23:36,Technical,False,
6087-MVHJH,2024-05-22 22:56:45,Service Outage,False,
6087-MVHJH,2024-06-25 21:03:19,Technical,True,18.92
6087-YPWHO,2024-05-20 06:27:01,General Inquiry,True,6.13
6088-BXMRG,2024-04-22 14:36:38,Service Outage,True,2.16
6088-BXMRG,2024-05-12 12:51:54,General Inquiry,False,
6088-BXMRG,2024-06-25 23:07:42,Account,True,2.65
6094-ZIVKX,2024-04-15 14:04:58,General Inquiry,False,
6094-ZIVKX,2024-04-16 08:55:33,General Inquiry,False,
6094-ZIVKX,2024-05-17 01:10:28,General Inquiry,True,2.64
6096-EGVTU,2024-04-12 13:40:20,Account,True,2.95
6096-EGVTU,2024-04-23 18:12:25,Account,True,1.89
6097-EQISJ,2024-04-19 04:06:48,Service Outage,False,
6097-EQISJ,2024-06-26 17:23:38,Account,False,
6100-FJZDG,2024-06-21 11:42:37,Service Outage,True,7.08
6100-QQHEB,2024-04-03 02:10:41,Account,False,
6100-QQHEB,2024-06-20 06:34:12,Technical,True,16.36
6101-IMRMM,2024-05-03 18:59:31,Account,True,8.41
6101-IMRMM,2024-06-09 02:55:51,Service Outage,False,
6103-BOCOU,2024-04-13 18:50:29,Technical,True,3.02
6103-BOCOU,2024-04-18 04:14:25,Account,True,5.79
6103-BOCOU,2024-05-12 10:14:46,Service Outage,False,
6103-LIANB,2024-05-24 02:37:49,Account,True,12.38
6103-LIANB,2024-06-14 19:38:04,General Inquiry,True,7.1
6103-QCKFX,2024-06-23 15:29:51,Account,True,10.68
6108-OQZDQ,2024-05-21 10:44:56,General Inquiry,False,
6108-OQZDQ,2024-06-24 06:09:29,Technical,True,94.57
6114-TCFID,2024-06-11 21:50:34,Account,True,7.68
6115-ZTBFQ,2024-04-11 03:06:19,Billing,True,3.01
6115-ZTBFQ,2024-05-03 04:29:23,Service Outage,False,
6115-ZTBFQ,2024-05-05 15:11:22,Billing,False,
6115-ZTBFQ,2024-05-07 17:37:10,Technical,True,4.78
6115-ZTBFQ,2024-06-24 10:38:53,Technical,True,6.52
6116-RFVHN,2024-05-03 18:40:06,Account,True,2.48
6116-RFVHN,2024-05-16 07:42:01,Billing,True,9.83
6116-RFVHN,2024-05-21 16:52:30,Service Outage,False,
6119-SPUDB,2024-04-19 08:11:06,Billing,True,7.64
6120-RJKLU,2024-05-31 00:34:49,Technical,True,3.86
6120-RJKLU,2024-06-11 08:13:31,General Inquiry,True,7.31
6121-TNHBO,2024-05-28 17:14:55,Technical,False,
6121-TNHBO,2024-06-06 02:12:31,General Inquiry,True,5.01
6122-EFVKN,2024-06-10 12:49:36,Billing,True,4.88
6122-EFVKN,2024-06-22 02:54:09,Account,True,2.97
6122-LJADA,2024-04-16 21:53:50,General Inquiry,True,9.93
6122-LJADA,2024-05-19 02:46:22,Account,False,
6122-LJADA,2024-06-02 18:50:50,Billing,True,4.62
6122-LJADA,2024-06-12 09:49:02,Billing,True,27.2
6127-IYJOZ,2024-04-06 00:00:59,Service Outage,True,5.25
6127-IYJOZ,2024-04-20 03:52:50,Technical,True,6.94
6128-AQBMT,2024-04-19 07:09:14,Account,True,5.67
6128-AQBMT,2024-06-01 03:47:39,Service Outage,True,3.29
6128-AQBMT,2024-06-03 21:02:00,Account,True,10.33
6128-CZOMY,2024-04-17 10:42:15,Billing,True,11.78
6128-CZOMY,2024-04-27 22:46:09,Service Outage,True,46.65
6128-CZOMY,2024-05-28 22:17:36,Service Outage,False,
6128-DAFVY,2024-04-20 10:15:13,Account,True,7.25
6128-DAFVY,2024-05-22 17:12:14,Service Outage,True,4.13
6128-DAFVY,2024-06-07 01:21:25,General Inquiry,True,5.08
6131-FOYAS,2024-04-08 20:35:36,Account,True,8.26
6131-FOYAS,2024-05-14 14:02:23,Technical,False,
6131-IUNXN,2024-04-24 15:22:25,Service Outage,True,3.54
6131-IUNXN,2024-05-20 21:29:36,Billing,True,2.6
6131-IUNXN,2024-06-04 19:18:39,Technical,True,3.46
6133-OZILE,2024-04-04 09:17:08,Service Outage,True,5.91
6133-OZILE,2024-04-25 16:14:35,Account,True,8.25
6133-OZILE,2024-06-26 15:57:04,Technical,True,2.21
6134-KWTBV,2024-06-22 08:29:04,Billing,True,15.7
6135-OZQVA,2024-04-16 17:33:21,Technical,True,12.33
6137-MFAJN,2024-04-15 22:26:05,Billing,True,17.63
6137-MFAJN,2024-05-22 10:06:29,Billing,True,4.73
6137-MFAJN,2024-05-29 18:12:30,Billing,True,2.36
6137-MFAJN,2024-06-11 22:38:59,Billing,True,5.2
6137-MFAJN,2024-06-16 06:03:03,General Inquiry,True,23.4
6137-NICCO,2024-05-20 22:55:00,Account,True,5.07
6137-NICCO,2024-06-15 10:48:22,Account,True,9.58
6137-NICCO,2024-06-26 13:49:52,Billing,True,4.87
6139-ZZRBQ,2024-04-02 22:57:17,Service Outage,True,5.78
6139-ZZRBQ,2024-04-27 03:41:08,Technical,True,4.88
6140-QNRQQ,2024-06-09 02:17:52,Service Outage,False,
6140-QNRQQ,2024-06-26 21:44:07,Billing,False,
6141-OOXUQ,2024-04-11 16:52:45,Billing,False,
6141-OOXUQ,2024-04-18 09:04:04,Technical,False,
6141-OOXUQ,2024-05-21 17:55:10,Billing,True,48.88
6141-OOXUQ,2024-06-15 02:06:41,General Inquiry,False,
6142-VSJQO,2024-04-07 23:42:02,Billing,True,24.22
6142-VSJQO,2024-05-13 23:27:43,Service Outage,False,
6142-VSJQO,2024-06-28 10:25:11,General Inquiry,True,28.88
6143-JQKEA,2024-04-02 03:10:11,Billing,False,
6145-NNPNO,2024-05-17 15:59:09,Account,True,3.66
6145-NNPNO,2024-06-03 23:03:37,Billing,True,3.45
6147-CBCRA,2024-06-24 15:10:20,Service Outage,True,4.85
6152-ONASV,2024-05-03 19:36:41,Billing,True,6.65
6152-ONASV,2024-05-27 00:44:27,General Inquiry,True,5.56
6156-UZDLF,2024-04-11 21:55:24,Service Outage,True,8.07
6158-DWPZT,2024-04-25 08:47:15,Billing,False,
6158-DWPZT,2024-04-26 16:03:57,Technical,True,27.89
6158-DWPZT,2024-05-25 00:10:46,Service Outage,False,
6158-HDPXZ,2024-04-15 20:07:03,Technical,True,2.83
6158-HDPXZ,2024-04-20 07:46:03,Service Outage,True,7.22
6161-UUUTA,2024-06-06 19:28:29,Technical,True,37.25
6164-HAQTX,2024-04-13 23:11:18,Billing,True,3.52
6164-HAQTX,2024-04-23 04:52:27,Service Outage,True,7.0
6164-HAQTX,2024-05-20 09:58:10,Billing,False,
6164-HAQTX,2024-05-31 22:39:07,General Inquiry,True,9.43
6164-HXUGH,2024-05-29 08:58:25,Service Outage,True,2.85
6164-HXUGH,2024-06-21 15:36:07,Account,True,3.45
6166-ILMNY,2024-05-08 07:50:48,Service Outage,True,13.16
6166-ILMNY,2024-05-29 18:26:53,Service Outage,False,
6166-YIPFO,2024-06-11 21:49:55,General Inquiry,True,6.33
6168-WFVVF,2024-04-24 14:47:58,Billing,True,23.47
6168-WFVVF,2024-05-13 23:33:06,Account,True,13.19
6168-WFVVF,2024-05-16 19:35:22,General Inquiry,False,
6168-WFVVF,2024-05-25 07:21:23,Billing,True,27.98
6168-YBYNP,2024-04-10 02:34:05,Billing,True,5.59
6171-ZTVYB,2024-04-30 10:34:53,Account,True,4.34
6172-FECYY,2024-05-01 20:47:18,Service Outage,True,18.93
6172-FECYY,2024-06-30 18:57:58,Service Outage,True,26.47
6173-GOLSU,2024-04-21 10:35:35,Billing,True,5.18
6173-GOLSU,2024-05-10 10:07:17,Billing,True,3.46
6173-GOLSU,2024-05-18 02:36:40,Technical,True,3.71
6173-GOLSU,2024-05-19 04:31:36,Service Outage,True,12.19
6173-ITPWD,2024-05-19 01:40:06,General Inquiry,False,
6174-NRBTZ,2024-04-16 09:20:58,General Inquiry,True,2.55
6174-NRBTZ,2024-04-29 07:49:38,General Inquiry,True,9.32
6174-NRBTZ,2024-05-27 08:14:20,General Inquiry,True,13.06
6174-NRBTZ,2024-06-15 14:38:51,Technical,True,10.16
6174-NRBTZ,2024-06-18 22:49:10,Account,True,8.04
6175-IRFIT,2024-04-07 13:09:08,Technical,True,4.15
6175-IRFIT,2024-05-02 12:57:23,Account,True,7.54
6175-IRFIT,2024-05-30 19:43:23,Account,True,5.4
6176-YJWAS,2024-04-09 21:55:17,Technical,True,5.25
6176-YJWAS,2024-05-27 04:20:34,Account,True,5.5
6177-PEVRA,2024-04-15 17:59:10,Service Outage,True,4.66
6177-PEVRA,2024-04-17 17:22:37,Technical,True,3.77
6177-PEVRA,2024-04-23 13:00:21,Technical,True,4.95
6177-PEVRA,2024-05-01 17:02:50,General Inquiry,True,5.8
6177-PEVRA,2024-06-04 15:21:54,Technical,True,4.94
6180-YBIQI,2024-04-15 21:34:04,Technical,True,2.07
6184-DYUOB,2024-04-30 01:36:48,Account,True,3.77
6185-TASNN,2024-06-18 17:27:12,Billing,True,24.74
6188-UXBBR,2024-04-25 14:10:01,Technical,True,5.32
6188-UXBBR,2024-06-20 05:57:25,Billing,True,6.91
6194-HBGQN,2024-04-27 14:53:41,Service Outage,True,7.52
6196-HBOBZ,2024-04-18 01:09:08,Billing,True,3.76
6196-HBOBZ,2024-04-30 18:41:40,General Inquiry,True,11.45
6196-HBOBZ,2024-06-16 09:35:16,Service Outage,True,7.42
6196-HBOBZ,2024-06-20 20:57:28,Account,True,13.39
6198-PNNSZ,2024-04-05 02:14:14,Service Outage,True,5.28
6198-RTPMF,2024-04-28 16:12:08,General Inquiry,True,10.77
6198-RTPMF,2024-05-07 19:00:53,Account,True,3.16
6198-RTPMF,2024-06-03 03:45:31,Technical,True,4.98
6198-ZFIOJ,2024-04-02 05:14:35,Billing,True,15.94
6198-ZFIOJ,2024-04-08 05:39:27,Service Outage,True,5.92
6198-ZFIOJ,2024-04-09 10:50:43,General Inquiry,True,2.63
6198-ZFIOJ,2024-04-11 14:01:23,General Inquiry,True,5.45
6198-ZFIOJ,2024-04-13 22:43:50,Service Outage,True,2.1
6199-IPCAO,2024-04-24 07:44:15,Billing,True,7.83
6199-IPCAO,2024-05-20 21:16:32,Service Outage,True,7.46
6199-IPCAO,2024-05-27 08:56:35,Account,True,2.27
6202-DYYFX,2024-06-18 22:29:13,Service Outage,True,5.6
6202-JVYEU,2024-04-06 01:58:08,Service Outage,True,1.8
6203-HBZPA,2024-06-16 09:23:05,General Inquiry,True,7.26
6204-IEUXJ,2024-05-30 23:25:42,Account,True,27.38
6210-KBBPI,2024-04-08 08:41:06,Service Outage,True,40.78
6210-KBBPI,2024-04-16 04:04:58,Service Outage,True,38.81
6210-KBBPI,2024-04-24 21:06:09,Account,True,12.34
6210-KBBPI,2024-06-18 22:42:33,Billing,False,
6210-KBBPI,2024-06-27 18:57:12,Account,False,
6211-WHMYA,2024-05-17 21:23:02,Technical,True,7.22
6211-WHMYA,2024-06-18 08:23:39,Technical,True,4.98
6211-WWLTF,2024-04-07 03:26:48,Technical,True,3.79
6211-WWLTF,2024-04-26 19:13:27,Technical,True,12.18
6212-ATMLK,2024-04-30 08:52:18,Account,True,3.82
6212-ATMLK,2024-04-30 17:22:45,Billing,True,7.47
6212-ATMLK,2024-06-29 06:28:32,Billing,False,
6214-EDAKZ,2024-06-06 07:08:38,Account,True,25.09
6214-EDAKZ,2024-06-10 08:15:52,Billing,True,65.96
6214-EDAKZ,2024-06-24 21:39:00,Billing,True,36.35
6214-EDAKZ,2024-06-28 01:43:03,Account,True,12.84
6215-NQCPY,2024-04-14 17:14:58,Billing,False,
6215-NQCPY,2024-04-26 21:07:59,Technical,True,17.62
6215-NQCPY,2024-05-22 07:50:03,Billing,True,5.05
6215-NQCPY,2024-06-08 15:55:17,Service Outage,True,3.86
6215-NQCPY,2024-06-29 04:56:32,General Inquiry,True,3.78
6217-KDYWC,2024-04-09 12:43:25,General Inquiry,True,1.9
6217-KDYWC,2024-06-27 15:50:00,Billing,True,5.63
6217-TOWGS,2024-04-06 03:16:44,General Inquiry,True,3.43
6217-TOWGS,2024-04-30 22:44:36,Billing,True,8.45
6217-TOWGS,2024-05-15 16:17:38,Technical,True,8.29
6217-TOWGS,2024-05-23 03:56:57,Billing,True,4.2
6218-KNUBD,2024-06-16 03:08:17,General Inquiry,True,8.14
6221-AVQYL,2024-05-10 00:36:53,Billing,False,
6221-AVQYL,2024-05-25 20:05:59,Account,False,
6227-FBDXH,2024-04-05 16:08:40,General Inquiry,True,6.76
6227-FBDXH,2024-04-17 20:37:19,Account,True,5.0
6227-FBDXH,2024-04-21 17:56:49,Billing,True,3.85
6227-HWPWX,2024-04-03 22:49:46,Service Outage,False,
6227-HWPWX,2024-04-24 06:21:56,Technical,True,17.77
6227-HWPWX,2024-05-11 11:19:42,Account,True,10.83
6227-HWPWX,2024-06-28 14:06:40,Service Outage,True,45.83
6229-LSCKB,2024-05-11 14:51:17,Billing,True,4.37
6229-LSCKB,2024-05-19 07:40:08,General Inquiry,True,8.11
6229-LSCKB,2024-06-15 18:17:20,Account,True,4.57
6229-LSCKB,2024-06-30 11:03:44,Service Outage,True,4.14
6229-UOLQL,2024-04-07 21:34:33,Account,True,2.22
6230-BSUXY,2024-04-22 16:31:30,Technical,True,8.49
6230-BSUXY,2024-05-11 09:08:31,Billing,True,17.67
6230-BSUXY,2024-05-28 11:36:35,General Inquiry,False,
6231-WFGFH,2024-05-13 17:46:04,Service Outage,False,
6231-WFGFH,2024-05-19 22:35:50,Account,True,7.32
6233-HXJMX,2024-04-03 18:51:36,Account,False,
6233-HXJMX,2024-06-22 06:00:57,Technical,True,2.78
6234-PFPXL,2024-06-17 02:31:42,General Inquiry,True,25.47
6234-RAAPL,2024-04-26 12:35:20,Technical,False,
6234-RAAPL,2024-05-02 05:17:21,General Inquiry,True,5.72
6234-RAAPL,2024-05-25 23:11:25,General Inquiry,True,3.63
6234-RAAPL,2024-06-02 09:20:22,Service Outage,True,3.99
6235-VDHOM,2024-04-03 19:14:21,General Inquiry,True,18.43
6235-VDHOM,2024-04-06 00:43:57,Service Outage,True,47.04
6235-VDHOM,2024-04-29 17:21:16,General Inquiry,False,
6240-EURKS,2024-04-05 05:25:18,Billing,False,
6240-EURKS,2024-04-13 23:51:02,General Inquiry,False,
6240-EURKS,2024-05-09 07:45:01,General Inquiry,False,
6240-EURKS,2024-05-22 18:56:36,Billing,False,
6240-EURKS,2024-06-10 03:47:25,Technical,False,
6242-FEGFD,2024-04-22 12:08:05,Service Outage,True,9.29
6242-FEGFD,2024-05-03 17:15:22,General Inquiry,True,7.23
6242-FEGFD,2024-06-09 05:54:56,General Inquiry,True,9.43
6242-FEGFD,2024-06-10 10:56:50,Billing,True,5.82
6242-MBHPK,2024-05-13 19:15:27,Billing,True,7.15
6242-MBHPK,2024-06-21 08:16:30,Technical,True,2.96
6242-MBHPK,2024-06-28 09:41:16,Billing,True,5.13
6242-SGYTS,2024-05-23 20:28:17,Account,True,5.83
6242-SGYTS,2024-05-28 13:44:04,General Inquiry,True,3.97
6243-OZGFH,2024-04-26 03:19:54,Account,True,14.76
6243-OZGFH,2024-05-24 01:11:33,Account,True,9.6
6244-BESBM,2024-06-09 20:27:42,Billing,True,8.48
6248-BSHKG,2024-04-18 13:30:07,Billing,True,3.84
6248-BSHKG,2024-05-08 17:32:15,Service Outage,True,3.33
6248-BSHKG,2024-05-18 17:26:08,Technical,True,4.44
6248-TKCQV,2024-05-12 09:41:03,Service Outage,True,6.02
6250-CGGUN,2024-06-24 13:04:15,Service Outage,True,8.78
6253-WRFHY,2024-06-04 18:14:01,Technical,True,9.78
6253-WRFHY,2024-06-17 03:51:44,Technical,True,4.62
6257-DTAYD,2024-05-01 11:47:34,Service Outage,False,
6257-DTAYD,2024-05-09 00:59:14,Account,True,3.91
6257-RJOHI,2024-05-10 07:45:13,Service Outage,False,
6258-PVZWJ,2024-05-05 00:54:49,General Inquiry,True,8.53
6259-WJQLC,2024-04-03 11:10:40,Technical,False,
6260-ONULR,2024-06-19 15:59:53,Technical,True,11.1
6261-LHRTG,2024-04-30 09:47:37,Service Outage,True,5.97
6261-LHRTG,2024-05-22 02:07:26,Service Outage,True,2.88
6261-LHRTG,2024-05-25 07:51:03,Service Outage,True,4.03
6261-LHRTG,2024-06-23 02:54:51,Billing,True,3.13
6265-FRMTQ,2024-06-10 17:47:42,Technical,True,3.89
6265-SXWBU,2024-05-01 11:22:04,General Inquiry,True,3.33
6265-SXWBU,2024-05-04 11:28:08,Service Outage,True,3.3
6265-SXWBU,2024-05-17 03:13:52,Service Outage,True,6.88
6265-SXWBU,2024-06-02 19:15:58,Technical,True,11.34
6265-SXWBU,2024-06-14 18:10:42,General Inquiry,True,14.31
6267-DCFFZ,2024-04-14 10:39:47,Technical,True,14.57
6267-DCFFZ,2024-04-20 09:49:53,General Inquiry,True,11.77
6267-DCFFZ,2024-05-22 19:17:17,General Inquiry,True,7.15
6267-DCFFZ,2024-06-27 02:16:03,Service Outage,True,6.04
6270-OMFIW,2024-04-22 23:00:47,General Inquiry,True,21.51
6270-OMFIW,2024-05-12 02:08:42,General Inquiry,True,17.56
6270-OMFIW,2024-05-24 01:15:12,Billing,True,21.9
6270-OMFIW,2024-06-10 03:10:42,General Inquiry,False,
6275-YDUVO,2024-05-24 01:54:41,Technical,False,
6278-FEPBZ,2024-05-20 23:31:21,Billing,True,7.5
6281-FKEWS,2024-04-21 12:12:24,Account,True,3.66
6281-FKEWS,2024-05-25 11:37:21,Technical,True,15.48
6281-FKEWS,2024-05-29 08:49:08,General Inquiry,True,18.22
6281-FKEWS,2024-06-05 02:52:16,General Inquiry,True,4.82
6281-FKEWS,2024-06-15 04:46:20,Billing,True,4.41
6284-AHOOQ,2024-05-03 18:59:37,Service Outage,False,
6284-AHOOQ,2024-06-06 03:40:26,Account,True,16.23
6284-AHOOQ,2024-06-17 08:24:28,Service Outage,False,
6284-AHOOQ,2024-06-30 22:34:28,Service Outage,True,11.08
6284-KMNUF,2024-05-01 21:16:00,Billing,True,4.22
6284-KMNUF,2024-06-20 02:46:52,Service Outage,False,
6285-FTQBF,2024-04-28 20:24:18,Technical,True,8.56
6285-FTQBF,2024-05-14 19:20:09,Technical,True,3.83
6286-SUUWT,2024-05-09 19:16:09,Billing,True,13.66
6288-CHQJB,2024-05-09 22:55:40,General Inquiry,True,3.29
6288-CHQJB,2024-06-09 03:25:49,Billing,True,11.75
6288-CHQJB,2024-06-15 10:02:26,General Inquiry,True,4.39
6288-LBEAR,2024-06-06 17:09:35,Technical,True,8.75
6289-CPNLD,2024-04-09 10:48:53,Technical,True,49.39
6289-CPNLD,2024-04-26 14:22:09,General Inquiry,True,94.24
6292-TOSSS,2024-04-04 14:53:35,General Inquiry,True,3.49
6295-OSINB,2024-04-11 13:14:04,Service Outage,False,
6295-OSINB,2024-04-19 12:13:31,Service Outage,True,8.88
6296-DDOOR,2024-06-15 06:25:15,Billing,True,8.76
6297-NOOPG,2024-06-16 18:34:59,Account,True,3.61
6298-QDFNH,2024-04-24 10:40:56,Billing,True,24.71
6298-QDFNH,2024-06-02 18:14:25,Billing,False,
6300-BWMJX,2024-04-03 09:51:51,Account,True,18.52
6300-BWMJX,2024-05-11 19:01:54,Service Outage,True,5.58
6300-BWMJX,2024-05-14 09:47:50,Technical,True,2.54
6300-BWMJX,2024-05-22 04:58:43,Billing,True,5.31
6304-IJFSQ,2024-04-09 00:08:57,General Inquiry,True,9.85
6304-IJFSQ,2024-04-16 19:57:34,Billing,True,54.25
6304-IJFSQ,2024-05-15 18:05:07,Technical,False,
6304-IJFSQ,2024-05-29 12:47:48,Service Outage,False,
6304-IJFSQ,2024-06-11 05:29:41,Account,True,23.48
6305-YLBMM,2024-06-15 23:47:40,Technical,False,
6308-CQRBU,2024-06-08 03:48:07,Account,True,10.25
6311-UEUME,2024-04-14 03:16:18,Technical,False,
6313-GIDIT,2024-06-08 22:02:27,Service Outage,True,8.65
6313-GIDIT,2024-06-24 13:04:47,Service Outage,False,
6317-YPKDH,2024-05-11 15:51:50,Service Outage,True,13.0
6319-IEJWJ,2024-06-04 13:41:47,Account,False,
6322-PJJDJ,2024-06-24 02:53:56,Account,True,1.66
6323-AYBRX,2024-04-17 09:26:11,Service Outage,False,
6323-AYBRX,2024-06-17 21:05:49,Account,True,57.52
6326-MTTXK,2024-04-21 20:02:04,Technical,False,
6326-MTTXK,2024-06-16 09:33:03,Service Outage,True,58.66
6328-ZPBGN,2024-05-02 16:43:14,Billing,True,51.72
6330-JKLPC,2024-05-30 09:18:11,General Inquiry,False,
6330-JKLPC,2024-06-14 14:46:43,Service Outage,True,172.53
6330-JKLPC,2024-06-17 02:32:08,Service Outage,True,20.6
6330-JKLPC,2024-06-22 06:59:30,Billing,True,9.32
6331-EWIEB,2024-06-09 11:27:54,Service Outage,False,
6331-LWDTQ,2024-04-04 12:07:24,Service Outage,False,
6331-LWDTQ,2024-05-01 21:01:19,Technical,True,19.96
6331-LWDTQ,2024-06-08 18:42:32,General Inquiry,True,15.9
6331-LWDTQ,2024-06-14 14:02:31,Billing,True,12.98
6331-LWDTQ,2024-06-15 06:48:36,Service Outage,True,25.77
6332-FBZRI,2024-04-14 07:04:22,Service Outage,True,12.4
6332-FBZRI,2024-05-10 00:49:54,Technical,True,3.88
6333-YDVLT,2024-04-27 21:55:02,Billing,True,3.68
6333-YDVLT,2024-05-17 22:41:49,Billing,False,
6339-TBELP,2024-05-21 01:08:24,Technical,True,6.35
6339-TBELP,2024-06-23 10:48:01,Technical,True,3.05
6339-YPSAH,2024-04-13 09:43:31,Account,True,3.98
6339-YPSAH,2024-05-07 15:31:53,Account,True,5.71
6341-AEVKX,2024-05-06 18:42:47,General Inquiry,False,
6341-AEVKX,2024-05-20 00:36:51,Service Outage,True,6.39
6341-JVQGF,2024-05-19 07:50:29,Service Outage,True,7.51
6344-SFJVH,2024-04-10 06:26:59,Service Outage,True,4.46
6344-SFJVH,2024-04-26 03:52:32,Account,True,2.91
6344-SFJVH,2024-05-16 22:05:25,Technical,False,
6344-SFJVH,2024-05-27 00:30:25,Billing,True,7.06
6344-SFJVH,2024-06-30 02:04:16,Account,True,4.79
6345-FZOQH,2024-05-09 06:19:43,Account,True,14.71
6345-FZOQH,2024-05-13 01:28:34,Billing,True,13.95
6345-HOVES,2024-04-17 20:53:53,Service Outage,False,
6345-HOVES,2024-04-28 03:31:01,Service Outage,True,9.13
6345-HOVES,2024-06-08 04:18:04,General Inquiry,True,12.95
6345-HOVES,2024-06-30 18:50:09,General Inquiry,True,4.03
6345-ULYRW,2024-05-23 00:50:07,Service Outage,False,
6347-DCUIK,2024-04-02 13:56:40,General Inquiry,True,17.77
6347-DCUIK,2024-06-11 15:40:36,Service Outage,True,16.03
6347-DCUIK,2024-06-24 04:10:23,Billing,True,20.07
6348-SNFUS,2024-04-02 05:34:41,Service Outage,True,4.26
6348-SNFUS,2024-05-03 13:50:19,General Inquiry,True,7.7
6349-JDHQP,2024-05-20 11:38:21,Account,True,4.77
6349-JDHQP,2024-06-21 14:00:25,General Inquiry,True,9.0
6350-XFYGW,2024-06-01 09:38:32,Service Outage,False,
6350-XFYGW,2024-06-18 07:48:27,General Inquiry,True,3.82
6352-GIGGQ,2024-04-02 22:50:26,Service Outage,True,14.05
6352-GIGGQ,2024-06-14 05:45:16,Technical,True,3.94
6352-GIGGQ,2024-06-16 22:06:31,Technical,True,4.41
6352-TWCAU,2024-04-11 06:39:00,Billing,True,23.66
6352-TWCAU,2024-06-28 07:51:12,Service Outage,True,20.52
6353-BRMMA,2024-05-08 23:42:45,Technical,True,10.17
6353-BRMMA,2024-06-17 01:12:07,Technical,True,11.67
6356-ELRKD,2024-06-21 05:05:17,General Inquiry,True,12.64
6356-ELRKD,2024-06-29 13:08:18,Technical,True,109.82
6357-JJPQT,2024-04-12 23:38:50,Billing,True,7.05
6357-JJPQT,2024-04-30 23:17:25,Account,True,2.2
6357-JJPQT,2024-05-17 15:51:59,Technical,True,10.62
6357-JJPQT,2024-06-16 03:17:47,Service Outage,True,4.04
6357-JJPQT,2024-06-25 00:12:07,Service Outage,False,
6358-LYNGM,2024-04-08 02:20:27,Technical,False,
6358-LYNGM,2024-04-19 06:42:02,Service Outage,True,7.0
6358-LYNGM,2024-04-19 23:36:35,Account,True,8.81
6358-LYNGM,2024-05-21 22:06:21,General Inquiry,True,41.98
6360-SVNWV,2024-04-15 00:22:29,Account,False,
6360-SVNWV,2024-04-29 10:17:37,Account,True,4.52
6365-HITVU,2024-05-20 17:45:37,Service Outage,True,7.05
6365-MTGZX,2024-04-09 01:30:49,Billing,True,17.31
6365-MTGZX,2024-04-13 00:33:42,Account,True,37.23
6365-MTGZX,2024-04-14 14:00:16,Service Outage,True,36.65
6365-MTGZX,2024-05-21 01:47:28,General Inquiry,False,
6365-MTGZX,2024-06-14 21:41:53,Billing,False,
6366-XIVKZ,2024-05-19 11:11:30,Account,True,9.49
6366-XIVKZ,2024-05-30 18:38:41,Billing,True,3.32
6366-ZGQGL,2024-06-04 03:53:12,Billing,True,52.17
6366-ZGQGL,2024-06-09 09:42:28,General Inquiry,False,
6366-ZGQGL,2024-06-16 10:59:18,Account,False,
6368-NWMCE,2024-06-07 15:36:38,General Inquiry,True,4.42
6368-TZZDT,2024-04-17 19:40:44,Account,True,4.55
6371-NZYEG,2024-04-15 16:07:56,Account,True,9.57
6371-NZYEG,2024-04-28 04:10:40,Account,True,3.92
6371-NZYEG,2024-06-04 16:30:26,Account,True,8.69
6371-NZYEG,2024-06-29 10:55:52,Service Outage,True,9.43
6372-RFVNS,2024-04-29 06:28:53,Service Outage,True,121.51
6372-RFVNS,2024-06-11 17:36:12,Technical,True,8.99
6374-AFWOX,2024-05-31 22:15:56,Billing,True,5.77
6374-NTQLP,2024-04-07 12:03:49,Billing,True,8.72
6377-KSLXC,2024-06-18 21:44:30,Billing,False,
6377-WHAOX,2024-04-19 05:53:22,Technical,True,4.9
6377-WHAOX,2024-05-03 12:38:02,Billing,True,2.69
6377-WHAOX,2024-05-17 03:48:22,Billing,True,3.98
6379-RXJRQ,2024-05-04 19:58:01,General Inquiry,True,17.26
6379-RXJRQ,2024-05-12 11:59:38,General Inquiry,False,
6379-RXJRQ,2024-05-24 21:34:57,General Inquiry,False,
6379-RXJRQ,2024-06-01 03:37:10,Technical,False,
6380-ARCEH,2024-05-13 17:02:27,Billing,True,2.94
6380-ARCEH,2024-05-15 07:51:24,Account,True,11.41
6383-ZTSIW,2024-04-12 07:05:40,Technical,True,5.4
6383-ZTSIW,2024-04-17 01:20:28,Service Outage,True,5.54
6383-ZTSIW,2024-06-04 00:36:10,Technical,False,
6384-VMJHP,2024-06-30 13:38:08,Technical,True,5.7
6386-SZZKH,2024-05-27 05:25:38,Billing,True,44.96
6388-TABGU,2024-04-08 20:54:25,Service Outage,True,4.26
6388-TABGU,2024-04-17 19:25:08,General Inquiry,True,7.11
6388-TABGU,2024-05-22 12:09:00,Technical,True,17.85
6388-TABGU,2024-05-27 05:31:05,Account,True,2.94
6390-DSAZX,2024-04-25 22:33:20,Account,True,42.69
6390-DSAZX,2024-05-02 07:32:33,General Inquiry,False,
6390-DSAZX,2024-06-22 03:54:51,Billing,True,34.69
6393-WRYZE,2024-04-05 16:32:41,General Inquiry,False,
6394-HHHZM,2024-06-14 12:17:58,General Inquiry,True,6.24
6397-JNZZG,2024-05-07 06:31:00,General Inquiry,False,
6400-BWQKW,2024-04-16 11:29:20,Technical,True,22.77
6400-BWQKW,2024-05-02 21:11:29,General Inquiry,True,63.59
6400-BWQKW,2024-05-22 07:09:44,General Inquiry,True,18.44
6402-EJMWF,2024-04-09 16:32:15,Billing,True,3.32
6402-EJMWF,2024-05-05 20:11:49,Technical,True,3.71
6402-EJMWF,2024-05-09 19:51:11,General Inquiry,False,
6402-EJMWF,2024-06-02 17:47:10,Service Outage,False,
6402-EJMWF,2024-06-17 13:41:24,Account,False,
6402-SSEJG,2024-06-23 16:39:24,General Inquiry,True,3.39
6407-GSJNL,2024-04-02 10:53:14,General Inquiry,True,6.68
6407-UTSLV,2024-04-24 02:11:03,Technical,True,5.25
6407-UTSLV,2024-04-25 06:44:45,Technical,True,1.75
6410-LEFEN,2024-05-11 18:31:17,Account,False,
6413-XKKPU,2024-04-07 22:46:52,Technical,True,28.17
6413-XKKPU,2024-05-04 20:57:11,General Inquiry,False,
6416-JNVRK,2024-04-12 11:53:52,Account,True,13.29
6416-JNVRK,2024-05-08 04:00:14,Technical,True,3.83
6416-TVAIH,2024-05-29 08:10:03,Account,True,41.59
6416-YJTTB,2024-05-13 12:26:36,Account,True,1.47
6416-YJTTB,2024-06-09 14:18:57,Technical,True,8.91
6418-HNFED,2024-06-01 16:30:33,Billing,True,2.31
6418-HNFED,2024-06-05 11:39:14,Account,True,8.98
6418-PIQSP,2024-04-11 13:31:16,Service Outage,True,8.67
6418-PIQSP,2024-04-28 06:55:06,Service Outage,True,11.53
6418-PIQSP,2024-05-24 23:00:49,Technical,True,7.69
6418-PIQSP,2024-06-15 08:55:52,Account,True,4.01
6419-ZTTLE,2024-04-09 01:39:21,General Inquiry,True,5.2
6421-SZVEM,2024-05-17 23:19:58,Account,True,6.64
6421-SZVEM,2024-05-29 22:12:10,Account,True,7.25
6421-SZVEM,2024-06-15 08:00:25,General Inquiry,True,4.99
6424-ELEYH,2024-06-02 15:29:15,Account,False,
6424-ELEYH,2024-06-10 17:50:05,Account,False,
6424-ELEYH,2024-06-15 02:42:26,Service Outage,False,
6425-JWTDV,2024-04-29 11:02:08,Technical,True,6.84
6425-JWTDV,2024-05-26 15:38:48,Technical,False,
6425-JWTDV,2024-05-28 16:53:16,Account,True,4.61
6425-JWTDV,2024-06-22 10:03:55,Account,True,8.88
6427-FEFIG,2024-04-07 20:54:12,Technical,True,9.83
6427-FEFIG,2024-04-29 19:56:42,General Inquiry,True,9.06
6427-FEFIG,2024-05-22 16:46:26,Technical,True,5.66
6427-FEFIG,2024-06-12 14:15:16,Service Outage,True,21.81
6429-SHBCB,2024-05-01 08:35:01,Account,True,8.93
6429-SHBCB,2024-05-28 01:32:04,Billing,True,9.92
6432-TWQLB,2024-06-07 00:55:02,Service Outage,True,30.04
6434-TTGJP,2024-06-20 06:45:12,General Inquiry,True,2.83
6435-SRWBJ,2024-05-03 22:38:45,Billing,True,6.72
6435-SRWBJ,2024-05-07 00:58:26,Account,True,6.77
6435-SRWBJ,2024-06-14 12:10:49,Billing,False,
6435-SRWBJ,2024-06-15 05:33:39,Billing,True,2.03
6435-VWCCY,2024-05-17 20:37:37,Technical,True,3.23
6435-VWCCY,2024-06-03 23:50:14,Account,True,10.0
6435-VWCCY,2024-06-22 03:28:43,Billing,True,14.71
6435-VWCCY,2024-06-28 10:02:44,Billing,True,4.14
6437-UDQJM,2024-04-30 07:16:20,Account,True,6.31
6437-UDQJM,2024-05-13 02:56:54,Technical,True,7.66
6437-UDQJM,2024-06-07 02:01:13,Service Outage,True,10.55
6437-UDQJM,2024-06-13 15:29:48,Billing,False,
6437-UKHMV,2024-05-08 16:45:09,Technical,False,
6437-UKHMV,2024-05-22 16:29:45,Service Outage,True,111.26
6437-UKHMV,2024-06-17 00:24:39,Service Outage,True,23.37
6439-LAJXL,2024-05-02 15:11:29,Billing,True,4.88
6439-LAJXL,2024-06-29 07:10:27,Technical,True,16.2
6439-PKTRR,2024-05-05 13:39:00,General Inquiry,True,8.14
6440-DKQGE,2024-05-24 05:33:42,General Inquiry,True,9.14
6440-DKQGE,2024-06-14 23:55:38,Account,True,3.54
6445-TNRXS,2024-04-28 13:10:59,Billing,True,5.37
6445-TNRXS,2024-06-30 05:54:11,Technical,True,6.23
6447-GORXK,2024-05-18 20:44:14,Account,True,7.4
6457-GIRWB,2024-05-12 16:22:49,Technical,True,25.16
6457-GIRWB,2024-05-30 19:54:56,Service Outage,False,
6457-GIRWB,2024-06-03 06:48:10,Technical,True,10.92
6457-USBER,2024-04-12 17:09:25,Account,True,17.84
6457-USBER,2024-05-31 05:09:45,Technical,False,
6457-USBER,2024-06-06 19:09:51,Service Outage,True,34.42
6461-PPAXN,2024-04-11 23:48:54,Service Outage,True,19.12
6461-SZMCV,2024-06-03 00:05:36,Billing,True,23.7
6463-HHXJR,2024-04-27 08:17:35,Billing,True,7.58
6463-HHXJR,2024-06-15 21:50:01,General Inquiry,True,2.79
6463-HHXJR,2024-06-29 20:01:39,Technical,True,4.72
6464-KEXXH,2024-06-19 22:34:42,General Inquiry,True,5.86
6467-CHFZW,2024-04-05 14:52:53,Billing,True,38.82
6467-CHFZW,2024-06-12 18:52:28,General Inquiry,True,25.66
6469-MRVET,2024-04-03 17:29:40,General Inquiry,True,2.13
6469-MRVET,2024-05-25 12:25:11,Technical,True,5.23
6469-MRVET,2024-06-29 03:58:52,Technical,True,4.65
6469-QJKZW,2024-04-24 10:27:22,Billing,True,8.25
6469-QJKZW,2024-04-26 20:50:19,Account,True,2.91
6469-QJKZW,2024-06-09 00:28:35,General Inquiry,True,3.98
6473-ULUHT,2024-04-13 22:31:56,General Inquiry,True,5.9
6473-ULUHT,2024-05-01 01:32:36,Technical,True,9.18
6474-FVJLC,2024-05-31 00:47:27,Service Outage,True,12.3
6474-FVJLC,2024-06-27 11:17:28,Technical,True,18.6
6476-EPYZR,2024-05-07 02:32:17,Billing,False,
6476-EPYZR,2024-05-22 08:38:16,Account,True,4.7
6476-YHMGA,2024-04-29 21:10:54,Technical,True,3.26
6478-HRRCZ,2024-06-02 19:00:15,Account,True,5.38
6479-SZPLM,2024-04-14 09:51:52,General Inquiry,False,
6479-VDGRK,2024-05-14 13:10:15,Billing,True,2.76
6481-ESCNL,2024-05-02 22:38:22,Technical,False,
6481-ESCNL,2024-05-08 12:13:34,General Inquiry,True,4.23
6481-ESCNL,2024-05-24 13:34:31,Service Outage,True,8.18
6481-LXPWL,2024-04-10 09:39:10,General Inquiry,True,2.33
6481-LXPWL,2024-06-06 09:08:09,Account,True,2.07
6481-OGDOO,2024-06-23 01:55:38,Account,False,
6481-OGDOO,2024-06-24 08:29:52,General Inquiry,False,
6483-OATDN,2024-04-18 10:07:28,Billing,True,12.26
6484-LATFU,2024-06-22 04:38:06,Account,True,8.38
6485-QXWWE,2024-05-01 20:15:06,Service Outage,True,5.14
6490-FGZAT,2024-05-02 05:29:16,Account,True,8.68
6496-JDSSB,2024-04-08 08:13:46,Technical,True,5.61
6496-SLWHQ,2024-04-15 13:33:14,Billing,True,29.25
6497-TILVL,2024-04-30 22:16:27,General Inquiry,True,8.91
6500-JVEGC,2024-06-26 18:43:04,Service Outage,True,2.54
6500-JVEGC,2024-06-29 16:58:55,Account,True,2.34
6502-HCJTI,2024-05-27 18:33:49,Technical,True,89.94
6502-KUGLL,2024-06-05 01:50:22,Account,False,
6502-MJQAE,2024-05-12 05:58:26,Technical,False,
6502-MJQAE,2024-06-25 12:02:23,Billing,True,33.06
6504-VBLFL,2024-05-13 04:27:25,Service Outage,True,13.13
6506-EYCNH,2024-04-07 19:45:11,Service Outage,True,15.85
6507-DTJZV,2024-04-11 21:37:35,Technical,True,3.35
6507-DTJZV,2024-06-01 03:11:42,Technical,False,
6507-ZJSUR,2024-04-07 01:28:49,General Inquiry,True,7.91
6507-ZJSUR,2024-04-08 10:55:34,General Inquiry,True,4.92
6507-ZJSUR,2024-04-14 19:13:51,Technical,True,14.13
6510-UPNKS,2024-04-07 15:56:37,General Inquiry,True,4.11
6510-UPNKS,2024-04-30 20:44:01,General Inquiry,True,7.08
6510-UPNKS,2024-05-20 19:14:03,Service Outage,True,2.35
6516-NKQBO,2024-04-10 11:56:56,Technical,True,4.47
6519-CFDBX,2024-05-06 21:09:50,Technical,True,10.2
6519-CFDBX,2024-05-22 10:56:42,General Inquiry,True,3.0
6519-CFDBX,2024-06-30 07:20:31,Service Outage,True,1.97
6519-ZHPXP,2024-06-30 12:17:54,General Inquiry,True,5.47
6521-YYTYI,2024-04-02 05:24:34,Account,False,
6521-YYTYI,2024-04-08 15:34:17,Billing,False,
6521-YYTYI,2024-04-17 19:09:00,Technical,False,
6521-YYTYI,2024-06-03 15:38:43,Technical,False,
6521-YYTYI,2024-06-13 04:18:41,General Inquiry,False,
6522-OIQSX,2024-05-22 13:26:33,Technical,True,3.23
6522-YRBXD,2024-05-06 17:57:19,Service Outage,False,
6527-PZFPV,2024-05-30 17:47:35,Account,True,7.54
6537-OTKMY,2024-04-07 01:59:47,Billing,True,1.31
6537-OTKMY,2024-04-12 22:03:32,General Inquiry,True,8.85
6537-OTKMY,2024-05-03 11:41:47,Billing,True,4.4
6537-OTKMY,2024-05-27 10:28:58,Billing,True,2.72
6537-OTKMY,2024-06-13 02:12:21,Billing,True,6.5
6537-QLGEX,2024-05-14 19:33:47,Service Outage,True,3.17
6537-QLGEX,2024-06-07 15:35:37,General Inquiry,False,
6537-QLGEX,2024-06-09 10:59:05,Billing,False,
6537-QLGEX,2024-06-19 06:22:56,Service Outage,True,5.79
6537-QLGEX,2024-06-28 14:07:36,General Inquiry,True,5.19
6538-POCHL,2024-04-07 19:36:35,General Inquiry,True,3.96
6538-POCHL,2024-04-18 01:02:51,General Inquiry,True,7.64
6538-POCHL,2024-05-05 20:22:06,Billing,True,6.75
6538-POCHL,2024-05-26 22:07:16,General Inquiry,True,9.02
6538-POCHL,2024-06-06 01:32:09,Billing,False,
6543-CPZMK,2024-04-17 01:45:13,Technical,True,17.63
6543-CPZMK,2024-05-11 20:40:06,General Inquiry,True,14.6
6543-CPZMK,2024-05-20 09:41:43,Billing,True,100.38
6543-CPZMK,2024-06-21 01:59:28,Billing,True,39.3
6543-JXSOO,2024-06-20 04:09:53,Billing,True,3.88
6543-XRMYR,2024-04-26 19:52:18,Service Outage,True,19.61
6546-OPBBH,2024-05-11 09:15:18,Account,True,5.16
6546-OPBBH,2024-05-31 05:50:23,General Inquiry,True,5.12
6549-NNDYT,2024-04-21 03:22:47,Account,True,12.39
6549-NNDYT,2024-04-24 09:54:38,Billing,True,10.74
6549-NNDYT,2024-06-09 10:58:19,General Inquiry,True,5.37
6549-YMFAW,2024-06-22 13:26:27,Service Outage,True,5.57
6551-GNYDG,2024-04-24 06:22:50,Service Outage,True,7.57
6551-GNYDG,2024-05-30 19:00:03,Billing,True,5.53
6551-GNYDG,2024-06-22 05:37:13,Account,True,9.18
6551-ZCOTS,2024-04-23 23:03:15,Account,True,5.23
6551-ZCOTS,2024-06-01 22:04:23,Technical,True,3.1
6556-DBKZF,2024-04-27 01:08:20,Service Outage,True,4.03
6556-DBKZF,2024-05-17 18:28:48,General Inquiry,False,
6557-BZXLQ,2024-06-13 21:06:39,Account,True,10.44
6559-ILWKJ,2024-04-12 22:17:49,Billing,False,
6559-ILWKJ,2024-04-16 17:53:49,General Inquiry,False,
6559-ILWKJ,2024-05-08 20:15:41,Billing,False,
6559-ILWKJ,2024-06-03 13:21:16,Technical,True,24.53
6559-ILWKJ,2024-06-11 02:01:30,Account,True,40.52
6559-RAKOZ,2024-05-02 20:53:17,Service Outage,True,22.44
6559-RAKOZ,2024-06-03 01:54:01,General Inquiry,True,9.17
6563-VNPMN,2024-04-12 10:25:59,Billing,True,5.61
6563-VNPMN,2024-04-28 08:02:24,Technical,True,12.96
6563-VNPMN,2024-06-13 20:44:37,Service Outage,True,7.1
6563-VRERX,2024-06-22 22:13:30,Service Outage,True,5.84
6567-HOOPW,2024-05-13 23:15:37,Technical,False,
6568-POCUI,2024-06-04 03:13:55,Service Outage,True,9.43
6569-KTMDU,2024-04-13 12:23:36,Technical,True,6.56
6572-ADKRS,2024-05-26 03:57:33,Billing,True,12.05
6572-ADKRS,2024-06-20 23:57:17,General Inquiry,True,3.09
6574-MCOEH,2024-04-19 07:43:14,Service Outage,True,6.87
6574-MCOEH,2024-06-29 11:30:53,Billing,True,20.83
6574-MCOEH,2024-06-29 21:35:48,Technical,True,10.97
6575-SUVOI,2024-04-13 20:25:01,General Inquiry,True,2.57
6578-KRMAW,2024-05-01 05:09:37,Billing,True,14.23
6578-KRMAW,2024-05-16 03:46:36,General Inquiry,True,14.59
6578-KRMAW,2024-05-24 02:25:03,Account,True,9.72
6579-JPICP,2024-04-20 07:06:57,General Inquiry,True,3.97
6582-OIVSP,2024-04-29 10:20:41,Billing,True,1.94
6582-OIVSP,2024-05-16 12:28:52,Technical,True,4.96
6582-OIVSP,2024-06-14 18:25:07,Service Outage,True,8.85
6582-PLFUU,2024-05-22 19:05:49,General Inquiry,True,10.96
6582-PLFUU,2024-06-06 07:44:20,General Inquiry,True,7.29
6582-PLFUU,2024-06-27 10:45:06,Service Outage,False,
6583-KQJLK,2024-04-09 16:04:18,General Inquiry,True,11.92
6583-KQJLK,2024-04-27 07:50:16,General Inquiry,True,2.13
6583-KQJLK,2024-05-01 22:25:38,Service Outage,True,4.66
6583-KQJLK,2024-05-02 18:02:23,Billing,True,6.9
6583-SZVGP,2024-04-25 12:34:46,Technical,True,7.54
6584-VQMYT,2024-06-19 12:48:52,General Inquiry,True,2.92
6585-WCEWR,2024-06-10 13:21:20,General Inquiry,True,8.22
6586-MYGKD,2024-05-25 08:18:12,Account,False,
6586-PSJOX,2024-04-08 07:36:50,Billing,True,6.5
6586-PSJOX,2024-06-22 13:56:11,Account,True,4.42
6595-COKXZ,2024-04-08 12:15:37,Billing,False,
6595-COKXZ,2024-04-13 07:06:30,Technical,False,
6595-COKXZ,2024-05-18 03:09:08,Service Outage,True,45.15
6595-COKXZ,2024-06-05 13:23:52,Billing,False,
6595-YGXIT,2024-04-20 17:55:48,Billing,True,39.52
6595-YGXIT,2024-04-25 06:40:42,General Inquiry,True,15.04
6595-YGXIT,2024-06-17 02:37:44,Service Outage,True,38.62
6595-YGXIT,2024-06-20 08:34:58,Technical,True,11.49
6598-KELSS,2024-05-29 18:35:53,Technical,True,6.48
6598-KELSS,2024-06-12 17:54:22,Billing,True,4.85
6598-RFFVI,2024-04-02 11:23:19,Account,False,
6598-RFFVI,2024-06-02 10:30:54,Billing,False,
6599-CEBNN,2024-05-12 00:26:42,Billing,True,16.18
6599-CEBNN,2024-05-24 11:30:56,General Inquiry,True,61.32
6599-CEBNN,2024-06-06 05:32:56,Technical,True,10.88
6599-CEBNN,2024-06-16 11:13:45,Technical,False,
6599-GZWCM,2024-04-18 17:52:10,Account,True,4.13
6599-GZWCM,2024-06-05 12:05:16,Service Outage,True,7.1
6599-GZWCM,2024-06-11 18:22:30,Technical,True,9.0
6599-RCLCJ,2024-06-17 16:29:10,General Inquiry,False,
6599-SFQVE,2024-04-18 12:12:26,Service Outage,False,
6599-SFQVE,2024-06-06 19:40:53,General Inquiry,True,3.23
6603-QWSPR,2024-06-29 05:01:40,Service Outage,True,18.91
6608-QQLVK,2024-04-06 18:29:21,Billing,False,
6608-QQLVK,2024-04-14 08:31:07,Billing,True,38.91
6608-QQLVK,2024-05-04 14:35:58,Billing,True,14.35
6608-QQLVK,2024-05-24 15:28:54,Service Outage,True,12.61
6608-QQLVK,2024-06-01 03:33:58,Billing,True,9.5
6614-FHDBO,2024-04-06 17:50:57,Billing,True,6.9
6614-VBEGU,2024-05-04 05:36:21,Technical,True,4.89
6614-VBEGU,2024-05-18 13:28:49,General Inquiry,True,6.79
6614-VBEGU,2024-06-20 02:21:22,Technical,True,3.98
6614-YOLAC,2024-05-04 16:34:27,Service Outage,True,11.5
6614-YOLAC,2024-05-20 21:54:03,General Inquiry,True,4.64
6614-YWYSC,2024-06-11 16:20:40,Service Outage,True,14.53
6614-YWYSC,2024-06-24 02:33:10,General Inquiry,True,6.66
6615-NGGZJ,2024-04-05 22:07:57,General Inquiry,False,
6615-NGGZJ,2024-05-13 16:43:58,Account,True,58.79
6615-NGGZJ,2024-05-14 05:40:33,Billing,False,
6615-NGGZJ,2024-06-10 17:33:15,Service Outage,True,33.96
6615-ZGEDR,2024-06-02 04:56:44,Service Outage,True,20.24
6615-ZGEDR,2024-06-25 07:45:12,Technical,True,30.52
6616-AALSR,2024-06-27 23:17:52,Technical,True,7.64
6617-WLBQC,2024-05-02 13:57:26,General Inquiry,True,4.87
6617-WLBQC,2024-05-19 18:44:10,Billing,True,6.15
6617-WLBQC,2024-06-01 17:42:54,Technical,True,6.83
6617-WLBQC,2024-06-17 06:10:33,Service Outage,True,7.06
6617-WLBQC,2024-06-26 16:27:25,Account,True,11.75
6619-RPLQZ,2024-05-17 17:41:56,Service Outage,True,5.12
6619-RPLQZ,2024-06-01 18:49:31,General Inquiry,True,3.88
6620-HVDUJ,2024-06-13 17:58:31,Technical,True,4.3
6620-JDYNW,2024-04-10 07:32:38,Billing,True,6.97
6620-JDYNW,2024-05-31 07:14:55,General Inquiry,True,0.97
6620-JDYNW,2024-06-24 06:00:58,Technical,True,4.03
6621-NRZAK,2024-04-25 05:12:25,Billing,True,7.94
6621-NRZAK,2024-06-04 22:23:55,Account,True,2.58
6621-YOBKI,2024-06-25 07:23:52,General Inquiry,True,12.3
6624-JDRDS,2024-04-17 02:03:49,General Inquiry,True,5.77
6624-JDRDS,2024-05-01 10:30:52,Account,True,9.56
6625-FLENO,2024-05-03 12:44:31,Service Outage,True,7.39
6625-FLENO,2024-06-11 21:45:40,General Inquiry,True,5.85
6625-FLENO,2024-06-19 01:41:29,Account,True,1.46
6625-IUTTT,2024-06-16 09:03:02,Account,True,8.45
6625-IUTTT,2024-06-19 16:45:11,Billing,True,6.74
6625-UTXEW,2024-06-16 21:10:31,Technical,True,7.16
6627-CFOSN,2024-06-03 16:03:43,Technical,True,2.57
6627-CFOSN,2024-06-07 02:51:43,Service Outage,True,11.17
6629-CZTTH,2024-04-03 08:02:47,General Inquiry,True,23.66
6629-CZTTH,2024-04-22 12:11:39,Service Outage,True,9.24
6629-CZTTH,2024-05-03 14:55:04,Service Outage,False,
6629-CZTTH,2024-05-14 10:08:35,Billing,False,
6629-CZTTH,2024-05-21 09:18:18,Service Outage,True,13.0
6629-LADHQ,2024-05-08 07:07:58,Technical,True,4.83
6629-LADHQ,2024-06-25 17:24:15,Billing,True,5.2
6630-UJZMY,2024-05-08 02:23:38,Service Outage,True,7.24
6631-HMANX,2024-04-15 04:00:00,Billing,True,10.78
6631-HMANX,2024-06-09 23:17:06,Account,True,6.7
6631-HMANX,2024-06-28 21:05:46,Billing,True,16.25
6633-SYEUS,2024-04-19 10:54:13,Technical,False,
6635-CPNUN,2024-04-05 10:24:09,Technical,True,6.67
6635-CPNUN,2024-04-19 00:09:19,Billing,True,14.29
6635-MYYYZ,2024-04-24 17:10:42,Account,False,
6635-MYYYZ,2024-06-17 11:42:57,Service Outage,False,
6641-XRPSU,2024-04-10 14:48:36,Technical,False,
6641-XRPSU,2024-05-08 05:13:15,Technical,True,28.6
6641-XRPSU,2024-06-15 06:16:45,Technical,True,15.23
6645-MXQJT,2024-05-09 15:10:37,Billing,False,
6645-MXQJT,2024-05-16 15:53:58,Account,True,2.68
6646-JPPHA,2024-06-27 06:35:24,Technical,False,
6646-QVXLR,2024-04-21 22:04:14,General Inquiry,False,
6646-QVXLR,2024-05-07 18:37:39,General Inquiry,False,
6646-QVXLR,2024-06-04 00:25:12,Billing,False,
6646-QVXLR,2024-06-10 07:30:15,General Inquiry,True,19.61
6646-VRFOL,2024-05-09 10:42:40,Technical,False,
6646-VRFOL,2024-06-27 23:38:15,Service Outage,False,
6648-INWPS,2024-04-18 17:14:51,General Inquiry,True,3.69
6650-VJONK,2024-05-12 20:35:52,Service Outage,True,9.83
6651-AZVTJ,2024-06-19 11:08:45,Technical,False,
6652-YFFJO,2024-04-07 11:03:10,Technical,True,2.91
6653-CBBOM,2024-04-04 00:05:41,General Inquiry,True,36.38
6653-CBBOM,2024-04-14 07:28:02,Service Outage,False,
6653-CBBOM,2024-06-04 10:10:18,Technical,False,
6653-CBBOM,2024-06-17 14:18:06,General Inquiry,False,
6653-CBBOM,2024-06-30 02:39:08,Service Outage,False,
6654-QGBZZ,2024-04-14 01:08:09,General Inquiry,True,4.67
6654-QGBZZ,2024-04-16 22:58:09,General Inquiry,True,6.26
6655-LHBYW,2024-05-06 07:03:51,Service Outage,True,4.49
6655-LHBYW,2024-05-20 01:41:49,Technical,True,6.0
6656-GULJQ,2024-05-21 13:03:17,Billing,True,6.12
6656-JWRQX,2024-05-01 19:19:22,General Inquiry,True,1.1
6656-JWRQX,2024-06-09 16:32:30,General Inquiry,True,3.83
6661-HBGWL,2024-05-17 01:21:45,Account,False,
6661-HBGWL,2024-06-11 23:00:13,Account,False,
6661-HBGWL,2024-06-25 09:54:53,Service Outage,False,
6661-HBGWL,2024-06-26 11:43:42,Technical,True,29.3
6663-JOCQO,2024-06-08 08:07:10,Account,True,7.53
6664-FPDAC,2024-04-07 21:25:54,General Inquiry,True,12.54
6664-FPDAC,2024-05-24 00:46:30,Billing,False,
6668-CNMFP,2024-04-14 04:51:25,Account,True,2.05
6670-MFRPK,2024-04-07 03:01:39,Technical,True,1.97
6670-MFRPK,2024-04-26 05:59:45,Technical,True,2.48
6670-MFRPK,2024-05-10 20:01:02,Billing,True,1.23
6671-NGWON,2024-05-09 20:53:03,Technical,False,
6674-KVJHG,2024-05-08 20:20:29,Technical,True,9.12
6674-KVJHG,2024-06-20 02:06:54,Technical,True,2.36
6680-NENYN,2024-04-12 18:02:48,Service Outage,False,
6680-NENYN,2024-04-18 08:24:13,Technical,True,24.28
6680-WKXRZ,2024-04-26 18:59:48,Technical,True,75.18
6680-WKXRZ,2024-05-08 13:44:02,General Inquiry,True,21.82
6680-WKXRZ,2024-05-28 01:55:50,Service Outage,False,
6680-WKXRZ,2024-06-29 00:28:07,Technical,True,16.89
6681-ZSEXG,2024-04-30 04:10:39,Technical,True,7.2
6681-ZSEXG,2024-05-21 21:06:15,Technical,False,
6681-ZSEXG,2024-06-22 21:36:44,General Inquiry,True,2.65
6682-QJDGB,2024-04-23 20:21:20,Service Outage,False,
6682-QJDGB,2024-04-28 18:36:29,Technical,False,
6682-VCIXC,2024-06-17 13:15:31,Technical,True,8.34
6683-VLCTZ,2024-04-20 05:39:59,Account,True,40.35
6683-VLCTZ,2024-05-13 15:40:12,General Inquiry,True,21.06
6683-VLCTZ,2024-06-11 11:04:57,Service Outage,False,
6686-YPGHK,2024-05-24 21:55:23,Service Outage,False,
6686-YPGHK,2024-06-25 01:38:52,Billing,False,
6688-UZPWD,2024-04-19 03:11:45,Billing,True,2.41
6688-UZPWD,2024-05-01 02:20:03,Billing,True,42.8
6688-UZPWD,2024-05-24 09:34:53,Billing,False,
6688-UZPWD,2024-06-03 12:04:07,Service Outage,True,41.17
6688-UZPWD,2024-06-23 07:15:26,General Inquiry,True,31.23
6689-KXGBO,2024-06-01 19:44:31,General Inquiry,False,
6689-KXGBO,2024-06-10 02:56:57,Account,True,12.5
6689-VRRTK,2024-06-08 00:58:55,Service Outage,True,4.0
6691-CCIHA,2024-05-09 23:38:49,Billing,False,
6692-UDPJC,2024-04-22 07:57:11,Billing,False,
6692-YQHXC,2024-06-12 07:04:40,Technical,True,5.23
6692-YQHXC,2024-06-14 20:53:34,Service Outage,True,11.85
6692-YQHXC,2024-06-15 09:58:29,Billing,True,5.07
6692-YQHXC,2024-06-22 07:45:17,Technical,False,
6693-DJWTY,2024-06-25 08:43:05,Service Outage,True,1.83
6693-FRIRW,2024-04-08 12:50:21,Technical,True,8.01
6695-AMZUF,2024-04-17 04:36:56,Account,True,4.15
6695-FRVEC,2024-04-12 16:50:46,Billing,True,6.58
6695-FRVEC,2024-04-19 13:57:09,General Inquiry,True,5.74
6695-FRVEC,2024-05-04 06:10:13,Billing,True,8.42
6695-FRVEC,2024-05-12 05:48:19,Billing,True,4.45
6701-DHKWQ,2024-06-21 17:59:25,Billing,True,9.79
6702-OHFWR,2024-05-30 20:58:50,General Inquiry,True,18.31
6704-UTUKK,2024-04-12 03:37:33,Service Outage,True,12.0
6704-UTUKK,2024-04-20 19:50:15,Account,True,6.94
6704-UTUKK,2024-06-13 01:09:41,Account,True,2.48
6704-UTUKK,2024-06-19 15:37:23,Billing,False,
6704-UTUKK,2024-06-30 03:21:17,Account,True,13.08
6705-LXORM,2024-06-13 15:11:10,General Inquiry,True,5.72
6710-HSJRD,2024-04-21 06:21:15,Technical,True,4.19
6710-HSJRD,2024-05-28 09:29:32,Service Outage,True,2.42
6711-FLDFB,2024-05-05 15:52:37,Account,True,17.82
6711-VTNRE,2024-05-07 02:46:24,Service Outage,True,11.6
6711-VTNRE,2024-06-16 05:24:24,Technical,False,
6713-OKOMC,2024-04-16 17:20:48,Technical,True,3.22
6713-OKOMC,2024-05-01 05:42:47,Billing,True,3.5
6713-OKOMC,2024-05-05 17:53:43,Billing,True,6.13
6715-OFDBP,2024-04-21 11:24:06,General Inquiry,True,13.66
6715-OFDBP,2024-05-21 02:13:18,Account,False,
6718-BDGHG,2024-06-16 22:06:38,Service Outage,True,21.91
6719-FGEDO,2024-06-17 07:23:01,Billing,False,
6719-FGEDO,2024-06-27 07:06:54,Service Outage,True,4.57
6719-OXYBR,2024-04-19 08:41:45,Billing,True,1.94
6719-OXYBR,2024-04-24 05:46:26,Service Outage,True,4.41
6723-CEGQI,2024-06-05 18:44:09,Technical,True,9.82
6726-NNFWD,2024-04-18 20:41:06,Technical,False,
6726-WEXXK,2024-06-18 00:32:39,Account,True,3.99
6726-WEXXK,2024-06-23 03:53:15,General Inquiry,True,8.98
6727-IOTLZ,2024-04-24 01:26:47,Service Outage,True,11.69
6728-CZFEI,2024-04-11 23:12:40,Service Outage,False,
6728-CZFEI,2024-05-11 14:17:37,General Inquiry,True,14.18
6728-CZFEI,2024-05-15 06:41:19,Billing,True,10.18
6728-VOIFY,2024-04-15 06:08:30,Technical,False,
6728-VOIFY,2024-04-16 03:34:40,Billing,True,4.77
6728-WYQBC,2024-04-27 04:51:23,General Inquiry,True,4.29
6728-WYQBC,2024-05-01 00:03:11,Technical,True,14.1
6729-FZWSY,2024-06-22 17:58:07,General Inquiry,True,11.26
6729-GDNGC,2024-04-02 03:44:40,General Inquiry,True,7.24
6729-GDNGC,2024-05-02 14:27:16,Technical,True,3.21
6729-GDNGC,2024-06-02 10:41:36,Service Outage,True,5.61
6729-GDNGC,2024-06-13 14:46:39,General Inquiry,True,3.27
6732-FZUGP,2024-05-19 00:47:24,General Inquiry,True,12.77
6732-FZUGP,2024-05-21 07:05:01,Billing,True,2.32
6732-FZUGP,2024-05-22 10:32:06,Account,True,6.95
6732-VAILE,2024-05-08 15:02:57,Account,True,6.44
6733-LRIZX,2024-04-20 23:55:48,Billing,True,4.19
6733-LRIZX,2024-06-11 10:02:47,Technical,True,8.33
6734-CKRSM,2024-05-12 00:03:24,Service Outage,True,4.12
6734-CKRSM,2024-05-28 12:29:37,Technical,True,7.57
6734-FQAJX,2024-06-06 11:53:48,Billing,True,9.7
6734-GMPVK,2024-05-27 06:20:32,General Inquiry,True,2.55
6734-GMPVK,2024-06-01 18:07:16,Account,False,
6734-GMPVK,2024-06-03 19:04:24,Service Outage,True,6.17
6734-GMPVK,2024-06-12 00:10:16,Service Outage,True,2.75
6734-JDTTV,2024-06-05 19:46:05,Service Outage,True,7.45
6734-PSBAW,2024-04-22 07:59:35,Service Outage,True,2.76
6734-PSBAW,2024-04-23 23:30:31,Billing,True,11.89
6734-PSBAW,2024-06-19 03:00:08,General Inquiry,True,4.51
6736-DHUQI,2024-04-14 05:58:24,Technical,True,8.1
6736-DHUQI,2024-06-05 23:59:10,Account,True,11.41
6738-ISCBM,2024-04-05 22:44:03,Service Outage,True,5.41
6738-ISCBM,2024-05-30 05:56:15,General Inquiry,True,4.82
6741-EGCBI,2024-05-17 14:10:34,Service Outage,False,
6741-EGCBI,2024-06-27 14:03:09,Technical,False,
6743-HHQPF,2024-04-06 04:49:36,General Inquiry,True,3.58
6743-HHQPF,2024-05-17 00:05:08,Service Outage,True,12.62
6743-HHQPF,2024-05-17 11:48:07,Account,False,
6743-HHQPF,2024-05-23 07:23:53,Account,True,1.56
6745-JEFZB,2024-04-05 17:53:19,Account,True,15.15
6746-WAUWT,2024-04-30 19:58:19,Billing,False,
6746-WAUWT,2024-05-24 09:56:06,Service Outage,True,3.11
6746-WAUWT,2024-06-23 01:14:03,General Inquiry,False,
6749-UTDVX,2024-05-01 17:53:35,Account,True,8.42
6752-APNJL,2024-04-30 10:45:26,Account,True,8.21
6752-APNJL,2024-05-28 16:04:11,Technical,True,4.67
6754-LZUKA,2024-05-11 13:34:31,General Inquiry,True,7.4
6754-WKSHP,2024-05-02 09:32:01,Technical,False,
6754-WKSHP,2024-05-16 16:57:05,Technical,True,4.61
6754-WKSHP,2024-05-23 00:16:57,Billing,True,1.32
6754-WKSHP,2024-06-06 19:16:18,General Inquiry,True,6.27
6766-HFKLA,2024-04-13 22:05:30,Service Outage,True,2.34
6769-DCQLI,2024-06-15 23:20:38,Service Outage,True,32.36
6769-DYBQN,2024-04-26 14:55:09,Technical,True,21.83
6769-DYBQN,2024-05-02 00:18:11,Service Outage,False,
6769-DYBQN,2024-05-17 01:43:54,General Inquiry,True,18.13
6769-DYBQN,2024-06-01 19:39:54,Service Outage,False,
6770-UAYGJ,2024-05-08 05:41:49,Technical,True,4.94
6771-XWBDM,2024-04-12 23:34:27,Account,True,19.05
6771-XWBDM,2024-04-27 00:04:55,Technical,True,71.5
6771-XWBDM,2024-05-06 20:43:27,Technical,True,19.86
6772-KSATR,2024-04-07 01:49:20,Billing,True,24.04
6773-LQTVT,2024-04-25 10:21:33,Account,True,8.25
6773-LQTVT,2024-06-19 20:43:24,Billing,True,3.83
6776-TLWOI,2024-04-18 04:06:04,Technical,True,50.35
6776-TLWOI,2024-05-22 23:35:50,Account,True,21.35
6776-TLWOI,2024-06-05 16:52:35,Billing,True,19.6
6777-TGHTM,2024-04-02 16:25:45,Billing,False,
6777-TGHTM,2024-04-19 19:09:06,Account,True,34.21
6777-TGHTM,2024-05-16 08:33:53,Service Outage,True,7.16
6777-TGHTM,2024-06-26 04:04:42,General Inquiry,True,23.13
6778-EICRF,2024-05-29 21:00:06,Billing,True,6.65
6778-EICRF,2024-06-15 09:27:03,Billing,True,9.67
6778-EICRF,2024-06-28 09:47:37,Service Outage,True,6.64
6778-JFCMK,2024-05-09 15:23:09,Billing,True,4.85
6778-JFCMK,2024-06-09 07:08:30,Billing,True,17.08
6778-JFCMK,2024-06-11 11:12:52,Account,False,
6778-YSNIH,2024-05-01 08:21:24,Billing,True,7.2
6778-YSNIH,2024-06-09 07:35:50,General Inquiry,True,9.02
6778-YSNIH,2024-06-22 01:17:13,Account,True,14.44
6786-OBWQR,2024-05-15 07:33:15,Billing,True,3.32
6789-HJBWG,2024-04-13 19:43:50,General Inquiry,True,11.39
6789-HJBWG,2024-04-23 21:57:33,Account,True,9.99
6789-HJBWG,2024-05-31 14:57:17,Service Outage,True,21.88
6791-YBNAK,2024-06-01 21:52:01,Account,True,6.15
6791-YBNAK,2024-06-27 01:35:43,General Inquiry,True,8.08
6794-HKIAJ,2024-04-04 15:34:14,Technical,False,
6794-HKIAJ,2024-04-25 19:10:46,Account,True,4.82
6794-HKIAJ,2024-05-16 13:47:20,Service Outage,False,
6794-HKIAJ,2024-06-02 15:22:42,Account,True,1.59
6794-HKIAJ,2024-06-25 15:08:54,Technical,False,
6797-LNAQX,2024-05-01 21:31:59,Account,False,
6797-LNAQX,2024-05-09 10:47:58,Service Outage,True,47.95
6797-LNAQX,2024-05-24 20:45:13,Billing,True,34.03
6797-LNAQX,2024-06-17 01:27:36,Service Outage,True,34.46
6797-UCJHZ,2024-04-06 07:30:38,Service Outage,True,5.17
6797-UCJHZ,2024-04-28 06:24:37,General Inquiry,True,3.25
6797-UCJHZ,2024-06-02 20:29:18,General Inquiry,True,2.73
6807-SIWJI,2024-04-02 09:07:14,Account,True,6.34
6807-SIWJI,2024-05-06 02:53:04,Service Outage,True,4.64
6807-SIWJI,2024-05-09 11:07:50,Service Outage,True,11.01
6807-SIWJI,2024-05-14 08:30:48,Service Outage,False,
6810-VCAEX,2024-04-24 03:28:41,Billing,True,2.05
6810-VCAEX,2024-04-26 21:17:10,General Inquiry,True,6.98
6810-VCAEX,2024-05-04 19:17:48,Billing,True,9.38
6815-ABQFQ,2024-06-12 22:16:10,Billing,True,2.51
6817-WTYHE,2024-04-02 04:12:22,Billing,True,7.88
6817-WTYHE,2024-04-09 22:08:37,General Inquiry,True,15.57
6817-WTYHE,2024-05-31 07:17:37,General Inquiry,False,
6817-WTYHE,2024-06-24 18:41:52,Account,False,
6818-DJXAA,2024-04-22 19:21:31,Service Outage,True,12.39
6818-DJXAA,2024-04-24 08:57:17,Technical,True,7.88
6818-WOBHJ,2024-04-04 12:49:10,Technical,True,43.9
6818-WOBHJ,2024-06-16 10:53:01,Billing,True,13.31
6821-BUXUX,2024-04-09 02:59:06,General Inquiry,True,19.29
6821-BUXUX,2024-05-27 02:38:33,Billing,True,16.38
6821-JPCDC,2024-05-26 13:17:08,Technical,False,
6825-UYPFK,2024-05-09 06:30:22,Service Outage,False,
6825-UYPFK,2024-05-16 00:56:13,Service Outage,False,
6834-NXDCA,2024-05-10 11:56:56,Service Outage,True,39.89
6834-NXDCA,2024-05-21 22:51:03,Billing,False,
6834-NXDCA,2024-06-02 02:36:34,General Inquiry,True,14.83
6834-NXDCA,2024-06-07 16:38:32,Account,False,
6834-NXDCA,2024-06-29 09:59:35,Account,True,18.56
6837-BJYDQ,2024-05-06 05:34:51,Account,True,3.38
6837-HAEVO,2024-04-08 01:05:05,Service Outage,True,9.63
6837-HAEVO,2024-04-19 02:45:22,Service Outage,True,2.9
6838-HVLXG,2024-06-23 03:26:20,General Inquiry,True,7.86
6838-YAUVY,2024-04-28 10:34:39,Billing,True,3.21
6838-YAUVY,2024-05-10 12:46:55,Account,True,11.49
6838-YAUVY,2024-05-16 20:07:49,Service Outage,True,3.6
6839-ITVZJ,2024-05-15 12:33:29,Account,True,66.02
6844-DZKRF,2024-06-14 14:49:47,Service Outage,True,11.25
6845-RGTYS,2024-05-05 11:14:50,Account,False,
6845-RGTYS,2024-05-15 06:37:49,General Inquiry,False,
6848-HJTXY,2024-04-12 04:09:33,Billing,True,6.27
6848-HJTXY,2024-04-16 06:14:22,General Inquiry,True,4.58
6848-YLDFR,2024-06-13 18:55:47,Technical,True,9.27
6849-WLEYG,2024-04-09 08:44:54,Technical,True,19.02
6849-WLEYG,2024-04-12 02:55:34,Billing,False,
6849-WLEYG,2024-06-05 22:10:36,General Inquiry,False,
6851-WEFYX,2024-04-28 15:51:23,Technical,True,2.34
6851-WEFYX,2024-05-01 03:15:17,Billing,True,6.28
6851-WEFYX,2024-05-22 15:00:25,Technical,True,3.75
6851-WEFYX,2024-05-28 08:12:50,Billing,True,14.25
6851-WEFYX,2024-06-01 16:44:31,Technical,True,4.79
6854-EXGSF,2024-05-02 22:03:27,Service Outage,True,7.41
6855-VLGOS,2024-06-05 06:41:14,General Inquiry,True,3.76
6855-VLGOS,2024-06-10 20:06:20,Account,True,3.6
6856-RAURS,2024-05-10 08:03:37,General Inquiry,True,1.78
6856-RAURS,2024-05-12 14:58:01,Billing,True,8.82
6856-RAURS,2024-05-17 08:31:49,Billing,True,7.64
6856-RAURS,2024-06-23 04:03:56,Account,True,1.89
6856-RAURS,2024-06-29 11:02:03,General Inquiry,True,5.35
6857-VWJDT,2024-04-18 08:58:44,General Inquiry,False,
6857-VWJDT,2024-05-31 10:02:01,General Inquiry,True,9.95
6859-QNXIQ,2024-05-03 13:52:26,Account,True,11.02
6860-YRJZP,2024-04-18 09:37:59,Technical,True,4.72
6860-YRJZP,2024-06-19 11:16:05,General Inquiry,True,6.3
6861-OKBCE,2024-04-10 17:27:56,Service Outage,False,
6861-OKBCE,2024-05-11 09:37:04,Account,True,32.21
6861-OKBCE,2024-06-21 17:27:02,Billing,False,
6862-CQUMB,2024-05-13 11:52:29,Service Outage,True,4.71
6862-CQUMB,2024-06-04 17:58:50,Service Outage,True,6.25
6862-CQUMB,2024-06-12 16:28:16,Technical,True,9.7
6862-CQUMB,2024-06-12 23:25:00,Account,True,4.36
6865-JZNKO,2024-06-09 20:19:04,Billing,True,2.28
6865-JZNKO,2024-06-14 17:48:10,Service Outage,True,2.62
6867-ACCZI,2024-04-25 09:41:23,General Inquiry,True,2.51
6867-ACCZI,2024-06-08 09:42:04,General Inquiry,False,
6869-FGJJC,2024-05-01 17:29:52,Account,True,4.65
6869-FGJJC,2024-05-01 21:19:02,Account,True,12.31
6869-FGJJC,2024-05-20 10:06:09,General Inquiry,True,3.92
6870-ECSHE,2024-04-12 10:04:04,Account,True,3.93
6870-ECSHE,2024-05-15 19:01:24,Billing,True,5.18
6870-ECSHE,2024-06-29 10:35:50,Technical,True,6.72
6870-ZWMNX,2024-04-04 16:43:25,General Inquiry,True,13.11
6870-ZWMNX,2024-05-22 04:46:02,Billing,True,5.7
6872-HXFNF,2024-05-18 22:37:10,Billing,True,4.83
6873-UDNLD,2024-04-24 22:36:58,General Inquiry,True,10.61
6873-UDNLD,2024-05-08 23:54:49,General Inquiry,True,2.59
6873-UDNLD,2024-06-03 13:32:41,Billing,True,4.2
6873-UDNLD,2024-06-05 01:21:03,Service Outage,True,5.89
6873-UDNLD,2024-06-19 19:11:51,Service Outage,True,20.63
6874-SGLHU,2024-04-15 07:45:21,Billing,True,16.98
6874-SGLHU,2024-04-16 11:24:29,General Inquiry,True,2.2
6874-SGLHU,2024-04-29 06:08:19,General Inquiry,True,8.29
6874-SGLHU,2024-06-03 22:13:41,General Inquiry,True,2.21
6874-SGLHU,2024-06-13 10:16:01,Billing,True,21.49
6876-ADESB,2024-04-09 16:14:49,Technical,True,99.48
6876-ADESB,2024-05-23 17:58:51,Technical,False,
6876-ADESB,2024-06-09 20:03:40,Service Outage,False,
6877-LGWXO,2024-04-22 00:47:46,Account,False,
6877-LGWXO,2024-05-16 22:32:57,Technical,False,
6878-GGDWG,2024-04-17 12:39:22,Technical,False,
6878-GGDWG,2024-04-18 00:18:14,Service Outage,False,
6878-GGDWG,2024-05-08 11:25:07,Account,True,2.52
6878-GGDWG,2024-05-29 10:03:54,Billing,True,5.99
6888-SBYAI,2024-05-28 04:46:30,Billing,True,10.17
6890-PFRQX,2024-04-23 06:06:00,Billing,True,11.31
6890-PFRQX,2024-06-14 03:10:17,General Inquiry,True,7.36
6890-PFRQX,2024-06-19 14:37:08,General Inquiry,True,9.8
6891-JPYFF,2024-05-02 16:35:22,Service Outage,True,3.99
6891-JPYFF,2024-06-13 17:13:27,General Inquiry,True,8.85
6892-BOGQE,2024-05-30 21:03:34,Service Outage,False,
6892-EZDTG,2024-05-16 05:01:46,Account,True,12.11
6892-EZDTG,2024-06-15 10:56:38,Technical,True,13.04
6892-XPFPU,2024-05-27 21:49:29,General Inquiry,True,42.81
6893-ODYYE,2024-04-16 14:25:28,Technical,True,5.09
6893-ODYYE,2024-04-25 11:12:05,Service Outage,True,21.08
6893-ODYYE,2024-06-02 20:02:22,Technical,True,6.02
6894-LFHLY,2024-04-29 09:58:12,Billing,False,
6894-LFHLY,2024-05-23 16:36:49,Service Outage,False,
6894-LFHLY,2024-05-31 17:23:23,General Inquiry,True,12.22
6894-LFHLY,2024-06-02 19:34:21,Account,True,29.64
6896-SRVYQ,2024-04-14 16:08:11,Technical,True,2.62
6897-RWMUB,2024-05-19 04:43:10,Billing,True,9.06
6897-UUBNU,2024-05-15 06:03:20,Account,True,4.48
6898-MDLZW,2024-04-11 00:05:43,Billing,False,
6898-MDLZW,2024-06-03 10:05:35,General Inquiry,True,3.29
6899-PPEEA,2024-05-25 21:19:23,Account,True,18.82
6899-PPEEA,2024-05-28 18:53:03,Service Outage,True,20.64
6899-PPEEA,2024-06-27 06:44:18,Service Outage,True,20.72
6900-PXRMS,2024-05-06 12:37:43,Service Outage,True,80.2
6900-PXRMS,2024-06-23 20:32:26,Service Outage,True,26.33
6900-RBKER,2024-04-02 04:32:50,Service Outage,True,8.92
6905-NIQIN,2024-04-14 03:13:28,Technical,False,
6905-NIQIN,2024-05-15 10:53:04,Service Outage,False,
6905-NIQIN,2024-06-18 19:07:28,Technical,False,
6906-ANDWJ,2024-04-07 13:51:22,Service Outage,False,
6906-ANDWJ,2024-04-29 08:48:23,Account,False,
6906-ANDWJ,2024-05-01 06:33:31,General Inquiry,False,
6906-ANDWJ,2024-06-09 21:11:05,Technical,True,22.26
6906-ANDWJ,2024-06-19 16:33:57,Technical,False,
6906-MPARY,2024-05-10 05:09:55,Billing,True,20.35
6906-MPARY,2024-06-30 01:22:15,Service Outage,True,3.26
6907-CQGPN,2024-04-17 02:07:10,Technical,True,9.72
6907-CQGPN,2024-04-30 17:57:29,General Inquiry,True,8.86
6907-FLBER,2024-04-28 19:05:16,Technical,True,3.2
6907-NZZIJ,2024-04-25 15:28:26,General Inquiry,False,
6907-NZZIJ,2024-05-17 05:41:47,Account,False,
6907-NZZIJ,2024-06-22 22:15:42,General Inquiry,True,17.74
6910-HADCM,2024-04-06 08:21:31,Service Outage,True,18.0
6910-HADCM,2024-04-08 07:17:17,General Inquiry,False,
6910-HADCM,2024-05-19 04:30:21,Technical,False,
6910-HADCM,2024-05-20 04:27:36,General Inquiry,False,
6910-HADCM,2024-06-11 00:27:50,General Inquiry,True,59.54
6916-HIJSE,2024-05-05 13:15:10,Billing,True,7.91
6917-FIJHC,2024-05-11 11:59:46,Billing,True,6.32
6917-FIJHC,2024-05-24 06:08:43,Account,True,9.5
6917-IAYHD,2024-05-20 19:01:18,Technical,False,
6917-IAYHD,2024-05-25 08:40:56,Technical,True,7.76
6918-UMQCG,2024-04-07 04:23:49,Account,True,7.9
6918-UMQCG,2024-05-04 06:49:52,Service Outage,True,11.93
6918-UMQCG,2024-05-19 05:31:07,Service Outage,True,12.15
6919-ELBGL,2024-06-18 19:09:52,Account,False,
6921-OZMFH,2024-05-21 05:32:38,Billing,True,11.02
6923-AQONU,2024-05-10 17:10:09,General Inquiry,True,3.97
6923-AQONU,2024-06-25 18:04:51,Billing,True,4.45
6923-EFPNL,2024-04-25 02:02:37,Billing,True,46.63
6923-EFPNL,2024-05-03 13:35:46,Account,True,20.96
6923-EFPNL,2024-05-17 19:08:25,Technical,False,
6923-EFPNL,2024-06-02 00:40:10,General Inquiry,False,
6923-EFPNL,2024-06-07 23:03:05,Account,True,11.57
6923-JHPMP,2024-04-10 23:06:40,Service Outage,True,5.95
6923-JHPMP,2024-06-12 12:07:25,Billing,False,
6924-TDGMT,2024-05-05 16:57:36,Account,True,7.61
6925-BAYGL,2024-05-11 07:14:42,Billing,True,4.8
6925-BAYGL,2024-06-01 09:55:52,Account,True,2.79
6925-BAYGL,2024-06-11 15:28:38,General Inquiry,True,5.21
6927-WTFIV,2024-04-30 08:08:49,Billing,True,35.24
6928-ONTRW,2024-04-05 22:20:51,Service Outage,False,
6928-ONTRW,2024-05-10 23:36:21,Account,True,5.68
6933-FHBZC,2024-04-03 01:27:37,Service Outage,True,22.12
6933-FHBZC,2024-04-13 01:33:42,Technical,True,6.66
6933-FHBZC,2024-04-22 00:44:19,Technical,True,2.4
6933-FHBZC,2024-06-23 16:23:42,Account,True,5.0
6933-VLYFX,2024-05-29 04:33:56,Service Outage,True,2.79
6937-GCDGQ,2024-04-20 18:08:22,Technical,True,9.05
6937-GCDGQ,2024-05-16 02:44:23,Technical,True,7.76
6941-KXRRV,2024-04-08 18:56:38,Service Outage,True,3.66
6941-KXRRV,2024-04-18 21:17:48,Service Outage,True,6.85
6941-KXRRV,2024-06-26 18:57:55,Technical,True,4.21
6941-PMGEP,2024-04-17 08:09:33,General Inquiry,False,
6941-PMGEP,2024-04-25 02:51:19,Service Outage,False,
6941-PMGEP,2024-04-30 08:01:11,General Inquiry,True,13.69
6941-PMGEP,2024-06-14 22:48:04,Billing,True,25.24
6941-PMGEP,2024-06-26 04:12:10,Technical,True,44.22
6942-LBFDP,2024-06-10 12:56:32,Billing,True,7.2
6942-LBFDP,2024-06-10 19:06:19,Technical,True,7.54
6946-LMSQS,2024-05-11 15:02:10,Service Outage,True,22.74
6946-LMSQS,2024-06-21 22:13:03,Service Outage,False,
6954-OOYZZ,2024-04-15 02:35:40,Billing,True,8.99
6954-OOYZZ,2024-05-26 12:14:22,Technical,True,3.31
6956-SMUCM,2024-04-05 10:20:37,Technical,True,33.81
6956-SMUCM,2024-06-06 03:48:18,Technical,False,
6959-GQEGV,2024-04-20 04:48:07,Billing,True,4.54
6959-GQEGV,2024-04-21 06:25:25,Account,False,
6959-GQEGV,2024-04-23 22:05:45,Account,True,7.9
6959-GQEGV,2024-05-27 16:31:19,Service Outage,True,3.69
6959-UWKHF,2024-04-12 03:11:42,Service Outage,True,32.74
6959-UWKHF,2024-06-05 22:32:37,Account,True,27.39
6960-HVYXR,2024-04-16 06:14:04,Service Outage,False,
6960-HVYXR,2024-04-28 14:48:19,General Inquiry,True,16.03
6960-HVYXR,2024-05-01 23:27:06,Account,True,44.76
6960-HVYXR,2024-05-04 21:14:58,Technical,False,
6961-MJKBO,2024-04-21 17:03:53,Technical,True,6.32
6961-MJKBO,2024-05-09 11:03:28,Billing,True,3.66
6963-EZQEE,2024-05-31 21:47:38,Account,True,6.89
6967-QIQRV,2024-05-15 14:35:46,Account,True,6.64
6967-QIQRV,2024-05-29 22:46:48,Service Outage,True,3.11
6967-QIQRV,2024-06-01 23:08:59,Service Outage,True,7.5
6968-GMKPR,2024-04-21 06:58:52,Account,True,5.71
6968-GMKPR,2024-05-03 21:20:37,Technical,False,
6968-GMKPR,2024-05-17 06:24:41,Service Outage,True,5.11
6968-GMKPR,2024-05-19 18:12:22,Billing,True,2.37
6968-GMKPR,2024-06-30 14:18:09,Service Outage,False,
6968-MHOMU,2024-05-18 07:05:03,Service Outage,True,6.69
6968-MHOMU,2024-06-12 11:58:12,Account,True,21.18
6968-MHOMU,2024-06-22 17:13:13,General Inquiry,True,2.43
6968-URWQU,2024-05-15 05:52:34,Technical,True,6.68
6968-URWQU,2024-05-30 16:22:28,Service Outage,True,3.37
6969-MVBAI,2024-04-22 18:47:48,Billing,True,5.58
6969-MVBAI,2024-04-27 16:40:37,General Inquiry,True,5.65
6969-MVBAI,2024-06-03 06:30:02,Account,True,4.02
6969-MVBAI,2024-06-10 23:37:24,Service Outage,True,8.7
6972-SNKKW,2024-05-23 04:39:42,Account,True,14.46
6974-DAFLI,2024-04-23 09:38:02,Billing,True,2.61
6976-BWGLQ,2024-04-16 22:54:21,Account,True,7.2
6979-TNDEU,2024-05-07 09:45:30,Technical,True,16.66
6979-TNDEU,2024-06-17 14:52:05,Technical,True,1.31
6979-ZNSFF,2024-04-27 23:57:26,Technical,True,40.52
6979-ZNSFF,2024-05-17 23:04:26,General Inquiry,False,
6982-SSHFK,2024-04-06 23:40:54,General Inquiry,True,46.53
6982-SSHFK,2024-04-28 13:44:05,General Inquiry,True,17.65
6982-SSHFK,2024-05-13 20:05:15,Billing,False,
6985-HAYWX,2024-04-09 00:05:24,Billing,True,4.98
6985-HAYWX,2024-05-30 13:19:30,Technical,True,8.19
6985-HAYWX,2024-06-21 07:43:57,Service Outage,True,8.63
6986-IJDHX,2024-05-02 00:30:19,Service Outage,True,30.15
6986-IJDHX,2024-05-11 14:36:14,Account,False,
6986-IJDHX,2024-06-07 16:28:38,Service Outage,False,
6986-IJDHX,2024-06-25 13:14:26,Technical,False,
6986-IXNDM,2024-05-31 11:33:27,Account,True,4.04
6986-IXNDM,2024-06-16 08:17:49,Technical,True,5.47
6987-XQSJT,2024-06-22 19:28:41,Technical,True,24.64
6988-CJEYV,2024-04-08 02:22:26,Technical,True,2.78
6988-CJEYV,2024-05-03 23:03:33,Service Outage,False,
6988-CJEYV,2024-06-20 12:51:01,Account,True,5.65
6990-YNRIO,2024-06-04 03:20:02,Service Outage,True,28.51
6990-YNRIO,2024-06-23 11:21:05,Technical,False,
6992-TKNYO,2024-05-12 19:54:46,General Inquiry,True,4.36
6993-OHLXR,2024-04-24 05:55:19,Account,True,6.28
6993-YGFJV,2024-05-25 04:37:28,Service Outage,True,5.47
6994-FGRHH,2024-06-28 02:06:42,General Inquiry,True,8.02
6994-KERXL,2024-06-08 00:38:06,Billing,False,
6994-ORCWG,2024-04-11 13:03:14,Service Outage,True,3.64
6994-ORCWG,2024-05-17 01:33:51,Billing,True,2.17
6994-ORCWG,2024-06-21 03:03:53,Account,True,8.64
6996-KNSML,2024-04-19 16:14:53,Billing,False,
6996-KNSML,2024-05-13 11:59:03,Billing,True,20.46
6996-KNSML,2024-06-03 03:22:03,General Inquiry,True,33.4
6996-KNSML,2024-06-10 14:58:27,Technical,False,
6996-KNSML,2024-06-11 23:32:29,Service Outage,True,49.3
6997-UVGOX,2024-05-21 07:33:15,Account,True,8.24
6999-CHVCF,2024-05-10 19:02:30,Account,True,3.94
6999-CHVCF,2024-06-19 21:18:27,Account,True,7.43
7000-WCEVQ,2024-04-16 16:32:46,Billing,False,
7000-WCEVQ,2024-04-23 13:37:54,Service Outage,True,21.14
7000-WCEVQ,2024-05-02 08:33:08,Billing,True,47.5
7005-CYUIL,2024-04-27 23:16:52,Technical,True,8.39
7005-CYUIL,2024-05-07 21:07:19,Service Outage,True,6.51
7005-CYUIL,2024-05-16 13:33:55,General Inquiry,True,18.09
7008-LZVOZ,2024-04-07 08:34:21,Billing,True,9.5
7008-LZVOZ,2024-04-08 00:49:59,Technical,True,8.51
7009-LGECI,2024-04-18 05:38:53,Technical,True,6.34
7010-BRBUU,2024-04-06 15:17:04,Technical,True,5.37
7010-BRBUU,2024-05-23 02:54:50,General Inquiry,False,
7010-ZMVBF,2024-05-04 11:10:12,Service Outage,True,8.63
7010-ZMVBF,2024-05-08 14:45:07,Service Outage,True,6.23
7011-CVEUC,2024-05-27 23:38:42,Billing,True,2.81
7011-CVEUC,2024-06-06 11:12:25,Service Outage,True,2.53
7014-ZZXAW,2024-06-10 03:16:37,General Inquiry,True,3.88
7016-NVRIC,2024-04-28 21:06:21,Technical,True,7.62
7016-NVRIC,2024-05-15 09:21:01,General Inquiry,True,4.27
7016-NVRIC,2024-05-31 22:56:17,Service Outage,True,6.13
7017-VFHAY,2024-06-09 15:22:54,General Inquiry,True,3.76
7017-VFULY,2024-05-05 00:02:24,Service Outage,True,5.29
7018-FPXHH,2024-04-06 04:25:07,Account,True,7.78
7018-FPXHH,2024-06-25 05:55:45,Technical,False,
7018-WBJNK,2024-04-23 20:54:40,General Inquiry,True,20.79
7018-WBJNK,2024-05-15 15:54:58,General Inquiry,True,2.96
7018-WBJNK,2024-06-14 10:26:34,Account,True,2.78
7021-XSNYE,2024-06-13 12:32:57,Account,True,4.01
7024-OHCCK,2024-04-19 07:43:37,Account,False,
7024-OHCCK,2024-04-27 17:56:28,Technical,False,
7024-OHCCK,2024-05-14 18:45:47,Billing,False,
7026-YMSBE,2024-05-12 06:15:05,Service Outage,True,2.59
7028-DVOIQ,2024-04-12 14:26:57,Technical,False,
7028-DVOIQ,2024-05-04 12:15:26,Service Outage,True,14.44
7028-DVOIQ,2024-05-18 04:05:28,Account,False,
7028-DVOIQ,2024-05-23 08:32:41,Account,True,28.94
7028-DVOIQ,2024-06-24 18:26:23,Service Outage,False,
7029-IJEJK,2024-05-01 01:15:59,Service Outage,True,8.78
7029-IJEJK,2024-06-02 06:30:14,Account,True,10.41
7029-RPUAV,2024-04-19 16:59:01,Service Outage,False,
7029-RPUAV,2024-05-07 07:42:46,Billing,True,26.91
7030-NJVDP,2024-04-08 19:12:22,Service Outage,True,4.66
7030-NJVDP,2024-05-07 09:30:51,Service Outage,True,9.63
7032-LMBHI,2024-05-13 03:55:23,Billing,False,
7032-LMBHI,2024-06-21 03:12:10,Technical,True,6.65
7036-TYDEC,2024-06-08 15:40:27,Service Outage,False,
7036-TYDEC,2024-06-11 01:14:43,Billing,True,5.84
7036-ZZKBD,2024-04-02 03:16:39,Billing,True,10.24
7041-TXQJH,2024-04-13 23:52:18,Account,True,6.47
7041-TXQJH,2024-04-17 03:42:44,Service Outage,True,4.08
7041-TXQJH,2024-04-26 04:50:53,Account,True,25.35
7041-TXQJH,2024-05-09 20:47:54,General Inquiry,True,6.33
7041-TXQJH,2024-05-22 14:42:22,General Inquiry,True,11.88
7044-YAACC,2024-04-12 07:25:39,Technical,True,3.98
7044-YAACC,2024-04-18 08:25:46,Service Outage,True,2.49
7044-YAACC,2024-05-25 08:18:01,Account,True,4.06
7044-YAACC,2024-06-04 18:22:14,Billing,True,20.96
7047-YXDMZ,2024-05-12 19:42:52,Account,True,5.41
7047-YXDMZ,2024-05-19 01:12:49,Technical,True,6.0
7047-YXDMZ,2024-06-28 20:50:19,Technical,True,7.2
7049-GKVZY,2024-04-30 08:12:58,Account,True,7.93
7049-GKVZY,2024-06-22 11:11:45,Billing,True,4.43
7054-DMVAS,2024-04-13 14:01:17,General Inquiry,True,14.8
7054-DMVAS,2024-04-15 22:18:47,Technical,True,8.01
7054-LGEQW,2024-04-23 17:43:14,Technical,True,15.09
7054-LGEQW,2024-05-23 07:38:44,Service Outage,False,
7054-LGEQW,2024-06-24 07:49:30,Billing,False,
7055-VKGDA,2024-04-17 14:55:31,General Inquiry,False,
7056-IMHCC,2024-04-07 16:21:06,Account,True,22.54
7056-IMHCC,2024-05-14 21:22:02,Account,True,16.11
7061-OVMIM,2024-05-04 12:44:10,Technical,True,3.82
7064-FRRSW,2024-04-10 01:49:24,Account,True,13.44
7064-JHXCE,2024-05-07 11:46:54,Billing,True,8.37
7065-YUNRY,2024-05-19 23:12:34,Billing,True,15.58
7067-KSAZT,2024-05-23 06:37:21,General Inquiry,True,33.38
7072-MBHEV,2024-04-14 23:38:27,Technical,True,3.94
7072-MBHEV,2024-05-30 17:19:49,General Inquiry,True,2.85
7072-MBHEV,2024-06-06 07:18:41,Technical,True,10.46
7072-MBHEV,2024-06-15 12:39:13,Service Outage,False,
7073-QETQY,2024-05-11 18:42:18,Service Outage,True,7.8
7074-IEVOJ,2024-04-08 04:24:58,Billing,False,
7074-STDCN,2024-06-25 18:35:40,Billing,True,5.98
7075-BNDVQ,2024-06-10 15:23:34,Service Outage,True,6.86
7077-XJMET,2024-05-26 00:44:50,Account,True,2.74
7077-XJMET,2024-05-30 00:36:20,General Inquiry,True,1.25
7077-XJMET,2024-06-26 12:17:24,Service Outage,True,3.32
7078-NVFAM,2024-04-12 23:24:12,Service Outage,True,2.61
7078-NVFAM,2024-05-12 04:33:38,Technical,False,
7080-TNUWP,2024-04-05 09:28:20,Service Outage,True,11.05
7083-MIOPC,2024-04-05 06:34:07,Service Outage,True,2.76
7083-MIOPC,2024-05-13 08:14:50,Billing,True,17.1
7083-YNSKY,2024-05-05 06:27:41,Account,False,
7083-YNSKY,2024-05-13 08:00:05,Service Outage,True,6.57
7088-FBAWU,2024-06-11 11:28:08,Billing,True,24.22
7089-IVVAZ,2024-06-06 15:49:17,General Inquiry,True,62.06
7089-XXAYG,2024-04-08 20:43:02,Technical,True,4.12
7089-XXAYG,2024-04-16 18:54:12,Billing,True,13.34
7089-XXAYG,2024-04-30 01:54:08,Technical,True,2.47
7089-XXAYG,2024-05-04 06:54:22,Technical,True,8.47
7089-XXAYG,2024-05-23 23:34:28,Service Outage,True,6.12
7094-MSZAO,2024-05-06 00:13:42,General Inquiry,True,3.98
7094-MSZAO,2024-05-17 21:08:10,Billing,True,4.66
7096-UCLNH,2024-04-16 16:47:29,Account,False,
7096-UCLNH,2024-05-27 22:27:49,Account,True,7.93
7096-ZNBZI,2024-04-08 19:04:55,Account,True,14.81
7100-FQPRV,2024-06-12 23:59:12,Service Outage,True,6.44
7102-JJVTX,2024-05-28 01:03:26,Technical,False,
7102-JJVTX,2024-05-30 18:03:07,Account,True,8.46
7102-JJVTX,2024-06-03 23:22:20,Account,True,2.12
7102-JJVTX,2024-06-20 12:47:22,Account,True,9.14
7103-IPXPJ,2024-05-30 13:45:43,Billing,True,8.72
7103-ZGVNT,2024-04-15 12:52:35,Billing,True,3.66
7105-BENQF,2024-04-18 12:39:41,General Inquiry,True,5.21
7105-BENQF,2024-05-21 16:04:26,General Inquiry,True,5.25
7105-BENQF,2024-05-25 04:32:57,General Inquiry,False,
7105-BENQF,2024-05-26 05:23:54,General Inquiry,True,6.8
7105-BENQF,2024-05-31 10:25:55,General Inquiry,True,19.92
7105-MXJLL,2024-04-21 20:10:11,Billing,True,10.03
7105-MXJLL,2024-05-10 19:32:36,Account,True,5.86
7108-DGVUU,2024-04-13 09:17:18,Account,True,5.19
7108-DGVUU,2024-05-07 07:10:48,Billing,True,2.07
7109-MFBYV,2024-04-23 02:07:54,Account,True,16.72
7109-MFBYV,2024-05-30 13:43:33,General Inquiry,True,20.96
7109-MFBYV,2024-06-14 04:25:32,General Inquiry,True,1.66
7110-BDTWG,2024-05-06 00:02:46,Account,True,5.02
7112-OPOTK,2024-06-13 16:13:13,Service Outage,False,
7115-IRDHS,2024-04-07 19:40:21,Billing,True,4.76
7115-IRDHS,2024-05-01 09:43:29,Billing,True,5.09
7120-RFMVS,2024-05-07 00:05:48,Billing,False,
7120-RFMVS,2024-06-08 09:45:33,Service Outage,True,25.22
7120-RFMVS,2024-06-12 22:44:37,Account,False,
7123-WQUHX,2024-04-25 19:25:49,Account,True,8.34
7123-WQUHX,2024-06-05 05:09:19,Billing,True,9.46
7124-UGSUR,2024-05-16 12:10:39,Billing,False,
7124-UGSUR,2024-06-05 03:25:51,Service Outage,False,
7124-UGSUR,2024-06-13 23:47:12,Service Outage,False,
7126-RBHSD,2024-06-18 07:33:41,General Inquiry,True,4.84
7128-GGCNO,2024-04-19 06:56:45,Technical,True,10.22
7128-GGCNO,2024-05-02 00:40:05,General Inquiry,True,10.0
7128-GGCNO,2024-05-23 06:09:51,Technical,True,3.54
7129-ACFOG,2024-05-06 21:32:54,Technical,True,4.04
7129-ACFOG,2024-05-07 11:59:58,Service Outage,True,15.02
7129-AZJDE,2024-04-28 03:46:48,Service Outage,True,3.61
7129-AZJDE,2024-05-20 11:48:08,Technical,True,6.26
7129-AZJDE,2024-05-22 14:24:28,Billing,True,8.74
7129-AZJDE,2024-05-24 11:41:04,Account,True,13.14
7129-AZJDE,2024-06-04 04:27:43,Service Outage,True,4.35
7129-CAKJW,2024-06-24 09:41:42,General Inquiry,True,7.06
7130-CTCUS,2024-04-11 08:37:16,General Inquiry,True,3.7
7130-VTEWQ,2024-06-05 06:04:52,Account,True,67.55
7130-YXBRO,2024-06-01 00:40:17,Technical,True,3.4
7130-YXBRO,2024-06-06 08:23:07,Technical,True,6.43
7130-YXBRO,2024-06-11 22:27:48,Billing,True,2.41
7130-YXBRO,2024-06-19 11:45:44,Account,True,3.35
7133-VBDCG,2024-04-14 11:50:12,Billing,False,
7133-VBDCG,2024-05-14 12:16:24,Account,False,
7133-VBDCG,2024-05-16 05:59:11,Service Outage,True,48.06
7133-VBDCG,2024-06-01 23:47:48,Service Outage,True,25.11
7133-VBDCG,2024-06-22 02:10:42,Service Outage,True,21.6
7134-HBPBS,2024-06-05 11:47:07,General Inquiry,True,5.5
7134-HBPBS,2024-06-07 09:25:45,Technical,True,4.19
7134-HBPBS,2024-06-22 18:53:26,Billing,True,2.68
7134-MJPDY,2024-05-10 05:10:41,Technical,True,7.0
7136-RVDTZ,2024-06-17 21:40:23,Account,False,
7136-RVDTZ,2024-06-30 19:54:06,Billing,False,
7137-NAXML,2024-05-07 23:39:20,Service Outage,True,13.05
7137-NAXML,2024-06-04 22:43:02,Billing,True,13.55
7137-RYLPP,2024-05-17 06:12:53,General Inquiry,False,
7137-RYLPP,2024-05-18 02:28:33,Account,True,14.99
7138-GIRSH,2024-04-03 08:33:02,Technical,True,5.5
7138-GIRSH,2024-05-29 10:00:57,Billing,True,5.08
7138-GIRSH,2024-06-03 16:02:07,Technical,True,7.48
7140-ADSMJ,2024-04-25 10:47:21,Technical,True,4.46
7142-HVGBG,2024-05-14 22:21:43,Billing,True,14.82
7145-FEJWU,2024-05-16 04:26:15,Billing,True,4.83
7145-FEJWU,2024-06-12 06:15:27,Billing,True,2.35
7147-AYBAA,2024-05-12 22:39:23,Billing,True,7.66
7147-AYBAA,2024-05-13 10:35:57,Service Outage,True,1.57
7147-AYBAA,2024-06-12 01:43:14,General Inquiry,True,8.63
7148-XZPHA,2024-05-06 10:24:18,Billing,True,12.23
7153-CHRBV,2024-05-27 20:23:58,General Inquiry,True,18.19
7156-MHUGY,2024-04-08 04:44:29,General Inquiry,False,
7156-MHUGY,2024-06-28 17:18:18,Service Outage,False,
7159-NOKYQ,2024-04-15 18:33:19,Account,True,3.51
7159-NOKYQ,2024-06-26 10:48:05,Account,True,3.99
7161-DFHUF,2024-04-09 12:31:45,General Inquiry,True,3.81
7161-DFHUF,2024-05-13 09:37:53,General Inquiry,True,4.49
7161-DFHUF,2024-06-12 00:25:58,Technical,True,6.99
7163-OCEQI,2024-05-07 18:29:22,General Inquiry,True,4.18
7164-BPTUT,2024-04-04 06:12:03,General Inquiry,True,8.73
7164-BPTUT,2024-05-30 09:32:42,Technical,False,
7169-YWAMK,2024-06-02 19:17:50,Technical,True,9.3
7173-TETGO,2024-04-04 06:59:37,Account,True,8.51
7173-TETGO,2024-04-21 08:06:00,Technical,True,5.19
7173-TETGO,2024-05-04 11:33:20,Account,True,10.28
7173-TETGO,2024-06-25 03:36:14,Service Outage,True,3.52
7175-NTIXE,2024-04-08 19:33:45,Account,True,3.6
7175-NTIXE,2024-05-20 02:47:12,Account,False,
7175-NTIXE,2024-06-04 10:14:17,Account,True,3.0
7176-WIONM,2024-06-05 04:56:54,Account,False,
7176-WIONM,2024-06-08 02:54:33,Account,True,10.77
7176-WIONM,2024-06-19 10:03:32,Account,True,10.9
7180-PISOG,2024-04-07 19:41:19,Service Outage,False,
7180-PISOG,2024-04-14 11:00:18,Billing,True,27.16
7180-PISOG,2024-05-31 22:02:42,Service Outage,True,12.92
7181-BQYBV,2024-04-16 17:33:12,Service Outage,True,22.47
7181-OQCUT,2024-06-30 20:39:45,Technical,True,8.05
7182-OVLBJ,2024-06-02 09:32:59,Service Outage,True,3.28
7182-OVLBJ,2024-06-04 05:28:12,Technical,True,5.34
7182-OVLBJ,2024-06-17 10:23:25,Account,True,2.38
7184-LRUUR,2024-04-09 09:57:28,Technical,True,4.22
7184-LRUUR,2024-04-18 01:13:19,Service Outage,True,2.17
7184-LRUUR,2024-05-01 20:48:43,Service Outage,True,6.94
7188-CBBBA,2024-06-03 12:05:56,General Inquiry,True,6.27
7188-CBBBA,2024-06-05 08:45:36,Account,True,4.56
7188-CBBBA,2024-06-16 11:26:01,Service Outage,True,7.0
7190-XHTWJ,2024-05-03 07:19:27,Service Outage,True,4.01
7190-XHTWJ,2024-06-16 00:55:22,Service Outage,True,1.3
7190-XHTWJ,2024-06-17 00:28:51,Service Outage,True,5.96
7191-ADRGF,2024-05-29 16:29:14,Billing,True,8.04
7191-ADRGF,2024-06-14 03:16:56,Technical,True,4.62
7196-LIWRH,2024-04-30 05:31:26,General Inquiry,False,
7196-LIWRH,2024-06-23 07:40:20,Service Outage,True,9.09
7198-GLXTC,2024-05-10 14:31:48,Technical,False,
7203-OYKCT,2024-04-02 01:22:47,Service Outage,False,
7203-OYKCT,2024-04-29 11:09:06,Account,True,5.78
7203-OYKCT,2024-05-14 00:15:13,General Inquiry,False,
7203-OYKCT,2024-06-01 01:20:21,Account,True,6.15
7203-OYKCT,2024-06-15 22:54:24,Account,True,19.54
7205-BAIAD,2024-06-03 23:08:51,Service Outage,True,3.65
7205-BAIAD,2024-06-05 07:53:04,Technical,False,
7206-GZCDC,2024-04-04 23:52:26,Service Outage,True,55.4
7206-GZCDC,2024-04-16 16:19:11,General Inquiry,True,29.8
7206-GZCDC,2024-06-14 11:27:03,General Inquiry,False,
7206-PQBBZ,2024-04-22 06:41:24,Billing,True,6.6
7206-PQBBZ,2024-05-02 17:26:46,Service Outage,True,9.43
7207-RMRDB,2024-04-04 13:19:59,Technical,False,
7207-RMRDB,2024-04-20 23:19:58,Technical,False,
7208-PSIHR,2024-05-20 15:38:41,Account,True,1.89
7208-PSIHR,2024-06-30 12:44:38,Account,True,9.7
7209-JCUDS,2024-04-02 13:52:07,Service Outage,False,
7209-JCUDS,2024-04-24 10:13:11,Account,True,28.35
7209-JCUDS,2024-04-26 04:08:22,Technical,True,15.96
7209-JCUDS,2024-05-22 00:37:29,Technical,False,
7216-EWTRS,2024-04-12 18:57:40,Service Outage,False,
7216-EWTRS,2024-06-26 07:44:53,General Inquiry,True,24.96
7216-KAOID,2024-04-28 00:22:24,General Inquiry,True,3.82
7216-KAOID,2024-05-19 22:41:45,Account,True,5.13
7216-KAOID,2024-05-24 15:44:24,Billing,True,4.82
7216-KAOID,2024-06-16 14:58:12,Billing,True,6.7
7216-KAOID,2024-06-29 22:12:48,Technical,True,6.7
7218-HKQFK,2024-06-04 01:14:11,Billing,False,
7219-TLZHO,2024-06-21 08:40:02,General Inquiry,True,7.48
7225-CBZPL,2024-05-07 03:29:24,General Inquiry,True,4.17
7225-IILWY,2024-06-10 07:20:20,General Inquiry,True,5.47
7225-IILWY,2024-06-29 15:35:06,Service Outage,True,5.68
7228-OMTPN,2024-04-13 13:06:48,Account,True,17.04
7233-DRTRF,2024-04-09 17:12:06,Billing,True,7.44
7233-DRTRF,2024-04-13 02:43:29,Service Outage,True,3.79
7233-DRTRF,2024-06-23 09:50:08,Technical,True,15.26
7233-PAHHL,2024-04-13 06:59:10,General Inquiry,True,28.97
7234-FECYN,2024-05-17 03:56:10,Service Outage,False,
7234-FECYN,2024-06-17 06:11:41,Account,True,17.14
7234-KMNRQ,2024-04-11 19:21:24,Technical,True,7.48
7234-KMNRQ,2024-04-28 03:29:31,Service Outage,True,6.43
7234-KMNRQ,2024-06-16 07:34:56,General Inquiry,True,2.43
7235-NXZCP,2024-04-13 15:25:58,Service Outage,True,12.4
7235-NXZCP,2024-05-03 23:37:23,Account,True,27.94
7235-NXZCP,2024-05-14 02:23:30,Service Outage,False,
7240-ETPTR,2024-04-20 07:59:18,Service Outage,False,
7240-ETPTR,2024-05-15 22:40:55,Technical,True,15.04
7240-FQLHE,2024-04-26 10:33:53,Service Outage,True,7.6
7240-FQLHE,2024-06-24 12:09:21,General Inquiry,False,
7242-QZLXF,2024-04-06 06:43:51,Technical,False,
7242-QZLXF,2024-04-07 21:27:01,General Inquiry,True,19.54
7242-QZLXF,2024-04-20 20:21:32,Account,False,
7242-QZLXF,2024-05-20 01:51:14,General Inquiry,False,
7242-QZLXF,2024-06-24 13:39:04,Service Outage,False,
7243-LCGGZ,2024-05-20 22:09:40,Account,True,11.52
7244-KXYZN,2024-05-01 16:32:18,Service Outage,True,4.85
7245-NIIWQ,2024-04-04 12:17:52,Billing,True,1.42
7245-NIIWQ,2024-04-09 03:20:53,Service Outage,True,20.67
7245-NIIWQ,2024-06-17 14:16:34,Account,False,
7245-NIIWQ,2024-06-27 11:18:01,Account,False,
7246-ZGQDF,2024-05-18 13:31:21,Billing,True,3.04
7246-ZGQDF,2024-06-13 07:12:46,Billing,True,14.26
7247-XOZPB,2024-04-15 01:58:44,General Inquiry,False,
7248-VZQLC,2024-04-10 06:56:21,Billing,False,
7248-VZQLC,2024-05-02 23:28:37,General Inquiry,False,
7249-WBIYX,2024-04-26 10:45:40,Service Outage,True,19.89
7249-WBIYX,2024-06-04 20:48:51,Account,False,
7250-EQKIY,2024-04-27 03:27:28,Account,False,
7250-EQKIY,2024-05-12 01:08:17,Technical,False,
7251-LJBQN,2024-04-07 04:14:45,Account,True,7.57
7251-XFOIL,2024-04-05 20:48:33,Technical,True,12.09
7252-NTGSS,2024-05-17 00:55:01,Service Outage,True,4.13
7254-IQWOZ,2024-04-28 08:09:30,Account,True,33.11
7268-IGMFD,2024-04-12 17:14:43,Account,True,8.54
7270-BDIOA,2024-04-09 16:28:51,Account,True,26.88
7270-BDIOA,2024-04-23 23:55:26,Technical,True,28.69
7270-BDIOA,2024-05-19 19:03:05,General Inquiry,False,
7270-BDIOA,2024-06-17 12:56:56,Billing,True,8.8
7271-AJDTL,2024-04-04 13:48:04,Billing,True,12.18
7271-AJDTL,2024-04-09 14:30:29,Billing,True,5.16
7271-AJDTL,2024-05-23 20:29:07,General Inquiry,True,6.0
7271-AJDTL,2024-06-13 13:07:45,Account,True,7.51
7272-QDCKA,2024-05-25 14:16:15,General Inquiry,True,2.88
7273-TEFQD,2024-04-13 17:43:27,Billing,True,17.24
7273-TEFQD,2024-05-27 07:39:33,Billing,False,
7273-TEFQD,2024-05-28 10:01:09,General Inquiry,False,
7273-TEFQD,2024-06-24 01:09:31,Account,False,
7274-RTAPZ,2024-05-12 18:53:54,Billing,True,23.38
7274-RTAPZ,2024-05-31 17:51:20,General Inquiry,False,
7277-KAMWT,2024-05-09 09:39:41,General Inquiry,True,11.93
7278-CKDNC,2024-06-12 07:53:15,Billing,True,4.35
7279-BUYWN,2024-04-13 06:40:43,Technical,True,18.87
7279-BUYWN,2024-05-03 21:48:33,Technical,True,14.92
7279-BUYWN,2024-05-12 03:13:53,Account,True,27.18
7279-BUYWN,2024-05-20 02:59:06,Account,True,8.37
7284-BUYEC,2024-04-14 04:17:39,Service Outage,True,3.0
7284-BUYEC,2024-04-23 01:54:04,Service Outage,False,
7284-BUYEC,2024-06-02 07:54:24,General Inquiry,True,9.68
7284-BUYEC,2024-06-09 04:24:47,General Inquiry,True,4.94
7284-ZZLOH,2024-04-26 11:29:11,Service Outage,True,3.33
7284-ZZLOH,2024-06-18 07:42:12,Technical,True,9.44
7284-ZZLOH,2024-06-22 03:22:16,General Inquiry,True,3.13
7285-KLOTR,2024-06-06 07:35:15,Billing,True,9.02
7293-LSCDV,2024-04-03 23:11:57,General Inquiry,True,2.61
7293-LSCDV,2024-06-26 04:09:17,Account,False,
7294-TMAOP,2024-04-02 04:10:15,Technical,False,
7296-PIXQY,2024-04-28 19:25:13,General Inquiry,True,2.25
7296-PIXQY,2024-05-05 21:49:55,Technical,True,4.66
7297-DVYGA,2024-04-22 00:48:42,Technical,False,
7298-IZWLY,2024-06-03 04:09:04,Account,True,2.37
7301-ABVAD,2024-05-29 14:27:04,General Inquiry,True,4.05
7302-ZHMHP,2024-05-11 06:09:17,Billing,True,4.57
7302-ZHMHP,2024-06-30 18:59:26,Account,True,9.34
7305-ZWMAJ,2024-06-05 08:48:24,Account,True,5.47
7306-YDSOI,2024-04-29 17:04:28,Account,True,5.45
7310-EGVHZ,2024-05-25 23:57:18,General Inquiry,True,4.25
7310-EGVHZ,2024-06-03 20:59:00,Account,True,3.98
7311-MQJCH,2024-04-04 15:05:12,Billing,True,3.58
7312-XSBAT,2024-05-02 09:41:00,Service Outage,True,6.4
7312-XSBAT,2024-05-12 23:55:51,Service Outage,True,5.35
7314-OXENN,2024-06-04 10:02:43,Technical,True,88.68
7314-OXENN,2024-06-25 21:21:27,Account,True,31.24
7318-EIVKO,2024-05-08 12:02:53,Billing,True,1.66
7318-EIVKO,2024-05-17 03:22:38,Technical,True,2.93
7318-EIVKO,2024-06-15 09:37:14,Technical,True,4.15
7319-ZNRTR,2024-04-26 13:22:47,Technical,True,6.23
7319-ZNRTR,2024-06-25 17:31:48,Service Outage,False,
7321-KKSDU,2024-05-04 23:14:34,General Inquiry,False,
7321-VGNKU,2024-04-12 04:10:02,Service Outage,True,4.33
7321-VGNKU,2024-05-29 12:44:48,General Inquiry,True,14.64
7321-VGNKU,2024-06-22 05:14:16,Technical,True,21.76
7330-WZLNC,2024-06-11 02:26:19,Technical,True,19.86
7336-RLLRH,2024-04-19 15:28:46,Service Outage,True,11.29
7336-RLLRH,2024-05-06 21:34:59,Account,True,3.58
7337-CINUD,2024-06-17 07:58:54,Billing,True,13.45
7338-ERIVA,2024-05-05 10:43:18,General Inquiry,True,4.95
7338-ERIVA,2024-05-17 16:12:56,Billing,True,6.37
7339-POGZN,2024-06-02 10:59:36,Account,True,4.7
7339-POGZN,2024-06-24 02:10:51,General Inquiry,True,13.3
7340-KEFQE,2024-05-12 11:00:20,Service Outage,True,9.76
7341-LXCAF,2024-05-19 22:46:37,Technical,True,16.99
7341-LXCAF,2024-05-20 15:01:57,General Inquiry,True,17.42
7343-EOBEU,2024-06-07 21:12:47,General Inquiry,True,3.16
7346-MEDWM,2024-05-23 21:03:30,Technical,True,6.92
7346-MEDWM,2024-06-09 08:45:11,Service Outage,False,
7346-MEDWM,2024-06-10 00:20:05,General Inquiry,True,7.86
7351-KYHQH,2024-05-28 17:37:23,General Inquiry,True,5.32
7353-YOWFP,2024-05-18 09:17:16,Account,True,9.87
7354-OIJLX,2024-04-13 06:43:10,General Inquiry,True,2.66
7354-OIJLX,2024-06-13 02:59:33,Technical,False,
7356-IWLFW,2024-05-03 14:57:38,Service Outage,True,3.51
7356-IWLFW,2024-06-05 17:09:21,Technical,False,
7356-IWLFW,2024-06-18 23:47:03,Technical,True,7.59
7356-IWLFW,2024-06-24 22:27:37,Service Outage,False,
7359-PTSXY,2024-05-03 02:43:19,Account,True,19.24
7359-PTSXY,2024-05-04 01:49:26,Account,False,
7359-PTSXY,2024-06-26 03:59:40,Billing,True,20.81
7359-SSBJK,2024-04-27 19:58:29,Service Outage,False,
7359-WWYJV,2024-04-14 10:22:07,Billing,True,6.12
7359-WWYJV,2024-06-17 00:45:13,Service Outage,True,2.22
7359-WWYJV,2024-06-21 20:38:23,General Inquiry,False,
7361-YPXFS,2024-04-28 23:19:44,General Inquiry,False,
7361-YPXFS,2024-06-06 21:02:28,Account,False,
7365-BVCJH,2024-05-11 16:47:29,Account,True,5.41
7365-BVCJH,2024-06-12 06:36:12,Account,False,
7365-BVCJH,2024-06-18 22:30:16,Service Outage,True,13.56
7369-TRPFD,2024-04-12 02:34:36,Technical,True,9.12
7369-TRPFD,2024-05-05 19:31:22,Account,True,6.51
7375-WMVMT,2024-05-29 18:25:53,General Inquiry,True,6.01
7377-DMMRI,2024-06-30 02:25:24,Service Outage,False,
7379-FNIUJ,2024-05-16 03:22:35,Technical,True,4.64
7379-FNIUJ,2024-06-15 01:11:00,Service Outage,True,4.71
7379-POKDZ,2024-06-30 01:55:45,General Inquiry,True,7.43
7384-GHBPI,2024-04-11 07:41:47,Billing,True,20.09
7384-GHBPI,2024-05-22 12:42:01,Technical,True,67.58
7384-GHBPI,2024-05-26 15:33:43,Billing,True,38.51
7384-GHBPI,2024-06-13 01:48:43,Billing,False,
7384-GHBPI,2024-06-30 00:04:45,Service Outage,True,21.34
7389-KBFIT,2024-04-02 00:27:50,Service Outage,True,6.02
7389-KBFIT,2024-05-07 04:14:39,Technical,True,2.58
7389-KBFIT,2024-06-16 23:44:55,Billing,True,7.54
7389-KBFIT,2024-06-26 17:24:12,Billing,False,
7389-KBFIT,2024-06-30 01:51:31,Billing,True,4.18
7394-FKDNK,2024-04-03 09:52:23,Account,True,40.68
7394-LWLYN,2024-05-03 14:14:00,Service Outage,True,5.1
7394-LWLYN,2024-06-14 12:44:38,Billing,True,4.49
7394-LWLYN,2024-06-14 14:45:48,Account,True,3.83
7394-LWLYN,2024-06-26 21:04:48,Technical,True,6.9
7395-IGJOS,2024-04-11 22:49:19,Technical,True,53.94
7395-IGJOS,2024-04-13 19:19:09,General Inquiry,True,17.5
7395-IGJOS,2024-05-26 12:00:56,Service Outage,True,16.91
7395-XWZOY,2024-06-01 20:44:24,General Inquiry,True,7.97
7396-VJUZB,2024-04-03 03:24:05,General Inquiry,True,3.56
7396-VJUZB,2024-04-23 03:37:41,Technical,True,4.57
7396-VJUZB,2024-05-02 08:53:17,General Inquiry,True,3.93
7398-LXGYX,2024-04-07 19:13:47,Technical,True,11.29
7398-LXGYX,2024-06-05 07:43:05,Billing,False,
7398-SKNQZ,2024-05-03 01:39:10,General Inquiry,True,6.16
7398-SKNQZ,2024-05-06 01:08:39,Technical,True,17.9
7398-SKNQZ,2024-05-13 23:45:06,Account,True,3.35
7398-SKNQZ,2024-06-22 11:24:11,Account,True,1.72
7401-JIXNM,2024-05-11 02:01:45,Technical,True,6.16
7401-JIXNM,2024-05-11 18:01:48,Account,True,7.7
7401-RUBNK,2024-04-12 12:55:37,Service Outage,True,9.18
7401-RUBNK,2024-05-23 09:23:12,Billing,True,1.52
7401-RUBNK,2024-05-27 14:35:26,Technical,True,5.97
7401-RUBNK,2024-05-29 06:18:37,General Inquiry,True,15.18
7402-EYFXX,2024-06-06 07:09:30,Technical,True,6.93
7402-PWYJJ,2024-05-13 15:35:36,General Inquiry,True,3.98
7402-PWYJJ,2024-05-25 22:47:57,Billing,True,22.55
7404-JLKQG,2024-04-06 00:23:40,Service Outage,True,2.59
7404-JLKQG,2024-04-18 01:12:44,Service Outage,True,2.94
7404-JLKQG,2024-04-26 00:51:17,Account,True,3.63
7404-JLKQG,2024-05-06 06:04:18,Billing,True,9.32
7407-SUJIZ,2024-04-18 17:50:57,General Inquiry,True,3.64
7407-SUJIZ,2024-05-22 17:45:07,Account,True,6.45
7408-OFWXJ,2024-04-05 03:07:20,Technical,True,2.41
7408-OFWXJ,2024-06-03 02:23:07,General Inquiry,True,6.54
7408-OFWXJ,2024-06-28 16:51:16,General Inquiry,True,3.51
7410-KTVFV,2024-04-20 22:48:37,Account,False,
7410-KTVFV,2024-05-02 14:12:33,Billing,False,
7410-KTVFV,2024-05-22 21:00:48,General Inquiry,True,37.29
7410-YTJIK,2024-04-29 03:28:49,Billing,True,33.3
7410-YTJIK,2024-05-21 21:45:36,General Inquiry,False,
7416-CKTEP,2024-04-10 13:32:22,Account,True,5.89
7416-CKTEP,2024-04-26 05:33:52,Technical,False,
7421-ZLUPA,2024-05-18 01:39:01,Technical,False,
7421-ZLUPA,2024-05-22 16:39:40,Technical,True,15.34
7422-WNBTY,2024-04-02 18:02:00,Service Outage,False,
7422-WNBTY,2024-04-21 16:07:02,Billing,True,6.94
7422-WNBTY,2024-05-16 16:14:30,Account,True,3.49
7426-GSWPO,2024-05-05 09:45:07,Billing,True,10.44
7426-GSWPO,2024-06-09 01:35:32,Billing,True,4.75
7426-GSWPO,2024-06-10 06:29:10,Account,True,6.47
7426-RHZGU,2024-04-20 14:04:26,Billing,True,3.79
7426-WEIJX,2024-04-04 14:17:20,General Inquiry,True,20.17
7426-WEIJX,2024-04-17 22:36:20,Service Outage,True,7.58
7426-WEIJX,2024-04-30 20:22:47,Technical,True,11.21
7426-WEIJX,2024-06-14 03:57:53,Account,True,5.31
7427-AUFPY,2024-04-02 04:22:45,Technical,True,2.12
7432-FFVAR,2024-06-15 06:41:28,Billing,True,1.34
7434-SHXLS,2024-04-14 14:51:40,Account,True,27.24
7434-SHXLS,2024-04-24 19:45:28,General Inquiry,True,41.43
7434-SHXLS,2024-06-05 03:57:10,General Inquiry,False,
7439-DKZTW,2024-04-02 23:24:08,Service Outage,False,
7439-DKZTW,2024-05-13 06:20:34,General Inquiry,True,7.09
7445-WMRBW,2024-05-16 02:27:02,Account,False,
7445-WMRBW,2024-06-04 13:05:11,Billing,True,3.69
7446-SFAOA,2024-06-11 00:19:23,Technical,True,8.87
7446-YPODE,2024-05-21 13:29:38,General Inquiry,True,6.19
7449-HVPIV,2024-05-28 12:47:28,Account,True,2.67
7449-HVPIV,2024-05-28 18:09:22,Service Outage,True,4.9
7449-HVPIV,2024-06-30 15:18:42,Billing,True,2.51
7450-NWRTR,2024-05-04 08:06:32,Technical,True,23.15
7450-NWRTR,2024-05-09 00:07:02,General Inquiry,True,37.32
7450-NWRTR,2024-05-14 21:39:21,Service Outage,True,36.39
7450-NWRTR,2024-06-27 00:05:07,Service Outage,False,
7452-FOLON,2024-04-12 21:59:15,Technical,True,16.17
7452-FOLON,2024-05-13 20:06:15,General Inquiry,True,9.63
7452-FOLON,2024-05-19 14:35:04,General Inquiry,True,8.09
7452-FOLON,2024-05-23 05:53:46,Billing,False,
7459-IMVYU,2024-04-14 11:55:36,Account,True,3.39
7459-IMVYU,2024-04-20 11:36:29,Billing,True,5.37
7459-RRWQZ,2024-06-05 10:15:51,Account,False,
7460-ITWWP,2024-05-07 18:40:03,Service Outage,True,2.55
7460-ITWWP,2024-05-08 22:15:08,Account,False,
7463-IFMQU,2024-05-08 07:27:27,General Inquiry,True,6.46
7465-ZZRVX,2024-06-18 10:12:00,Billing,False,
7465-ZZRVX,2024-06-26 12:49:05,Technical,True,9.33
7470-DYNOE,2024-06-02 12:07:53,Service Outage,True,4.62
7470-DYNOE,2024-06-08 18:45:12,Account,True,17.86
7470-DYNOE,2024-06-13 14:24:41,Billing,True,5.84
7470-DYNOE,2024-06-15 22:10:15,Technical,True,7.32
7470-DYNOE,2024-06-25 04:53:07,Service Outage,True,5.31
7470-MCQTK,2024-05-07 20:31:07,Account,False,
7470-MCQTK,2024-05-28 01:12:14,Technical,True,14.86
7470-MCQTK,2024-06-17 01:14:37,Technical,True,25.83
7471-WNSUF,2024-04-25 00:39:45,Technical,True,4.17
7472-EQOAV,2024-04-15 07:17:30,General Inquiry,True,4.08
7472-EQOAV,2024-04-30 03:03:46,Account,True,11.88
7473-ZBDSN,2024-05-07 16:34:55,Service Outage,True,9.32
7479-NITWS,2024-06-15 18:12:55,Service Outage,True,24.6
7480-QNVZJ,2024-05-08 10:54:25,Service Outage,True,67.59
7480-QNVZJ,2024-06-28 22:55:13,Account,True,13.18
7480-QNVZJ,2024-06-30 10:06:55,Technical,False,
7480-SPLEF,2024-05-26 19:54:43,Technical,True,4.79
7480-SPLEF,2024-06-15 19:57:33,General Inquiry,True,5.01
7481-ATQQS,2024-04-04 19:09:14,Account,True,87.59
7481-ATQQS,2024-06-08 00:53:35,Billing,False,
7483-IQWIB,2024-04-23 17:26:35,General Inquiry,True,12.61
7483-IQWIB,2024-06-11 22:05:22,Service Outage,True,3.78
7486-KSRVI,2024-04-30 03:44:37,Service Outage,True,94.42
7488-MXJIV,2024-05-11 14:42:35,Billing,True,40.39
7493-TPUWZ,2024-06-14 01:19:56,Technical,True,66.6
7495-OOKFY,2024-04-03 11:44:03,Billing,True,16.31
7495-OOKFY,2024-04-13 23:10:02,General Inquiry,False,
7495-OOKFY,2024-04-19 00:10:17,Technical,False,
7495-OOKFY,2024-06-05 07:48:35,Technical,True,64.66
7501-VTYLJ,2024-04-23 17:55:19,Billing,True,1.93
7501-VTYLJ,2024-04-26 01:51:53,Technical,False,
7501-VTYLJ,2024-05-02 11:58:45,Account,True,6.52
7501-VTYLJ,2024-05-18 08:00:00,Billing,False,
7502-BNYGS,2024-04-19 22:18:53,Service Outage,True,8.41
7503-EPSZW,2024-06-17 22:45:26,General Inquiry,True,11.33
7503-MIOGA,2024-04-14 23:23:58,Account,True,3.91
7503-MIOGA,2024-04-27 23:15:49,Account,True,1.57
7503-QQRVF,2024-06-19 22:36:04,Billing,False,
7503-QQRVF,2024-06-21 00:15:54,Service Outage,True,64.05
7503-ZGUZJ,2024-05-22 22:36:06,Service Outage,True,10.74
7503-ZGUZJ,2024-06-28 10:02:20,Technical,False,
7504-UWHNB,2024-04-04 21:58:11,Billing,False,
7504-UWHNB,2024-04-22 14:45:49,Billing,False,
7504-UWHNB,2024-04-26 07:21:46,Billing,True,5.19
7504-UWHNB,2024-05-20 22:04:39,Technical,True,6.45
7508-KBIMB,2024-06-12 08:35:08,Technical,True,3.66
7508-MYBOG,2024-06-01 04:07:14,General Inquiry,False,
7508-SMHXL,2024-05-14 21:24:56,Billing,True,2.16
7508-SMHXL,2024-06-16 05:32:58,General Inquiry,True,14.83
7508-SMHXL,2024-06-16 09:49:41,Service Outage,True,6.91
7508-SMHXL,2024-06-21 06:05:45,Billing,True,24.99
7508-SMHXL,2024-06-27 15:49:26,General Inquiry,True,2.11
7511-YMXVQ,2024-04-02 11:08:54,Billing,True,38.63
7511-YMXVQ,2024-04-06 23:36:15,Service Outage,False,
7511-YMXVQ,2024-05-30 00:24:55,General Inquiry,True,25.72
7511-YMXVQ,2024-06-21 13:13:52,General Inquiry,True,51.76
7515-LODFU,2024-05-30 11:42:53,Service Outage,True,12.39
7516-GMHUV,2024-04-21 01:18:20,General Inquiry,True,11.61
7516-GMHUV,2024-05-30 15:33:48,Technical,False,
7517-LDMPS,2024-04-08 10:34:04,Billing,True,2.02
7517-LDMPS,2024-04-23 12:53:01,Service Outage,True,9.44
7517-LDMPS,2024-06-18 07:23:11,Service Outage,True,3.72
7517-LDMPS,2024-06-26 06:16:31,General Inquiry,True,18.21
7517-SAWMO,2024-04-29 11:19:17,Service Outage,True,27.14
7517-SAWMO,2024-05-24 08:59:16,Technical,False,
7519-JTWQH,2024-05-14 06:36:19,Technical,True,4.58
7519-JTWQH,2024-05-21 15:44:37,General Inquiry,True,6.79
7519-JTWQH,2024-05-25 08:13:53,Service Outage,True,7.36
7520-HQWJU,2024-04-20 15:48:36,Technical,True,5.4
7520-HQWJU,2024-06-07 07:36:15,Service Outage,True,2.57
7520-HQWJU,2024-06-24 21:13:37,Technical,True,8.02
7521-AFHAB,2024-04-18 02:49:44,Service Outage,True,10.64
7521-YXVZY,2024-06-28 05:58:46,Service Outage,True,9.44
7524-VRLPL,2024-04-09 05:46:38,General Inquiry,True,4.13
7524-VRLPL,2024-06-22 11:50:52,General Inquiry,True,8.32
7526-BEZQB,2024-05-25 04:14:16,General Inquiry,False,
7526-BEZQB,2024-06-23 15:59:59,Service Outage,True,12.21
7526-BEZQB,2024-06-25 11:08:38,Service Outage,False,
7526-BEZQB,2024-06-27 18:25:04,Service Outage,True,23.08
7526-IVLYU,2024-04-19 19:35:53,Billing,True,6.53
7527-QNRUS,2024-04-25 15:06:28,Technical,True,2.73
7529-ZDFXI,2024-04-08 18:21:39,General Inquiry,True,10.7
7529-ZDFXI,2024-04-10 10:56:52,Billing,False,
7529-ZDFXI,2024-05-18 02:09:29,Service Outage,True,7.09
7529-ZDFXI,2024-05-27 06:42:43,Service Outage,True,11.33
7529-ZDFXI,2024-06-14 02:20:28,Billing,True,5.78
7531-GQHME,2024-04-14 02:19:59,Technical,True,18.07
7531-GQHME,2024-04-16 13:10:04,General Inquiry,False,
7531-GQHME,2024-04-25 00:58:18,Technical,True,11.04
7531-GQHME,2024-06-22 15:27:11,Account,False,
7534-BFESC,2024-04-26 17:43:19,Technical,False,
7534-BFESC,2024-05-20 10:33:09,Billing,False,
7534-BFESC,2024-06-04 03:52:45,General Inquiry,True,16.66
7537-CBQUZ,2024-04-15 20:16:31,Technical,False,
7537-CBQUZ,2024-06-01 07:23:27,Billing,True,8.88
7537-RBWEA,2024-05-12 10:44:33,Billing,True,3.18
7537-RBWEA,2024-06-13 13:40:08,General Inquiry,True,2.22
7537-RBWEA,2024-06-28 11:03:07,Service Outage,True,6.14
7538-GWHML,2024-04-14 15:21:27,Technical,True,37.14
7538-GWHML,2024-05-02 10:34:42,Service Outage,False,
7538-GWHML,2024-05-06 07:09:59,Billing,True,9.74
7538-GWHML,2024-05-13 19:45:11,General Inquiry,True,67.11
7541-YLXCL,2024-04-21 10:48:10,Service Outage,False,
7541-YLXCL,2024-04-28 08:57:51,General Inquiry,True,20.59
7544-ZVIKX,2024-05-20 21:19:14,General Inquiry,True,6.69
7544-ZVIKX,2024-06-24 14:29:56,Billing,True,3.98
7547-EKNFS,2024-04-09 15:48:04,Billing,True,36.86
7547-EKNFS,2024-04-30 18:05:00,General Inquiry,True,19.66
7547-EKNFS,2024-06-05 23:16:16,Account,True,54.8
7547-EKNFS,2024-06-22 11:32:28,Billing,False,
7548-SEPYI,2024-04-05 04:08:03,General Inquiry,False,
7548-SEPYI,2024-04-22 17:44:53,General Inquiry,False,
7548-SEPYI,2024-05-08 10:52:33,Billing,True,12.55
7548-SEPYI,2024-06-17 11:12:05,Service Outage,False,
7549-MYGPK,2024-04-29 02:11:49,General Inquiry,True,11.28
7549-MYGPK,2024-05-18 22:55:17,Service Outage,False,
7549-MYGPK,2024-05-19 20:12:07,Billing,False,
7549-MYGPK,2024-06-10 06:57:28,General Inquiry,False,
7550-WIQVA,2024-05-26 12:01:53,Technical,True,2.91
7550-WIQVA,2024-06-13 18:33:24,Technical,True,11.42
7550-WIQVA,2024-06-15 23:46:52,Account,True,7.13
7550-WIQVA,2024-06-24 15:07:25,Billing,True,12.9
7550-WIQVA,2024-06-27 17:28:34,Billing,True,5.22
7551-DACSP,2024-05-01 02:55:12,Technical,True,120.52
7551-DACSP,2024-05-31 00:18:48,Technical,False,
7551-JOHTI,2024-06-07 00:49:09,General Inquiry,False,
7552-KEYGT,2024-05-25 23:56:44,Account,True,3.52
7552-KEYGT,2024-06-20 06:34:21,Technical,True,7.84
7554-AKDQF,2024-04-20 06:12:29,Billing,True,7.4
7554-AKDQF,2024-05-21 04:48:52,Service Outage,False,
7554-AKDQF,2024-06-26 09:57:33,General Inquiry,True,2.87
7554-NEWDD,2024-04-13 06:04:19,General Inquiry,True,3.75
7554-NEWDD,2024-04-24 21:23:08,General Inquiry,True,11.16
7560-QJAVJ,2024-05-26 04:38:01,Service Outage,True,12.07
7560-QJAVJ,2024-06-02 16:41:39,Service Outage,True,5.89
7560-QJAVJ,2024-06-09 14:23:49,Technical,True,3.11
7560-QRBXH,2024-05-25 22:35:14,Service Outage,True,7.11
7562-GSUHK,2024-05-04 20:03:36,General Inquiry,False,
7562-GSUHK,2024-05-31 23:06:38,Account,True,35.41
7562-GSUHK,2024-06-09 19:00:11,Account,True,18.76
7562-GSUHK,2024-06-11 14:26:57,Account,True,80.57
7562-UXTPG,2024-05-18 13:38:04,General Inquiry,True,3.31
7562-UXTPG,2024-05-29 16:56:22,Account,True,4.3
7562-UXTPG,2024-06-13 19:28:22,Service Outage,True,3.77
7562-UXTPG,2024-06-29 13:38:47,Account,False,
7563-BIUPC,2024-06-05 02:27:58,Service Outage,True,13.21
7564-GHCVB,2024-04-05 19:05:08,Service Outage,True,4.66
7564-GHCVB,2024-06-22 21:53:14,Technical,True,13.9
7566-DSRLQ,2024-04-04 21:55:10,Billing,True,4.58
7567-ECMCM,2024-04-06 22:55:59,Account,True,8.97
7567-ECMCM,2024-05-20 17:34:20,Technical,True,9.07
7568-PODML,2024-04-14 17:52:50,Service Outage,True,27.39
7568-PODML,2024-05-14 13:10:42,Service Outage,True,30.22
7568-PODML,2024-06-17 20:44:21,Service Outage,True,10.22
7569-NMZYQ,2024-06-09 06:41:53,General Inquiry,True,5.91
7569-NMZYQ,2024-06-16 05:32:05,Billing,True,8.72
7570-WELNY,2024-04-11 19:28:53,Technical,False,
7570-WELNY,2024-04-19 15:50:37,Technical,True,4.14
7570-WELNY,2024-06-14 21:19:38,Service Outage,True,12.02
7571-YXDAD,2024-06-24 13:01:46,Technical,True,57.51
7576-JMYWV,2024-06-02 20:16:52,Service Outage,True,8.51
7576-OYWBN,2024-04-05 14:11:02,General Inquiry,True,40.25
7577-SWIFR,2024-05-02 11:55:26,Billing,True,4.52
7577-SWIFR,2024-06-30 20:15:21,General Inquiry,True,7.98
7579-OOPEC,2024-05-12 01:45:36,Account,True,51.29
7580-UGXNC,2024-04-10 06:52:30,General Inquiry,False,
7580-UGXNC,2024-05-17 11:31:15,Billing,True,16.67
7581-EBBOU,2024-05-19 01:29:53,Technical,True,17.3
7581-EBBOU,2024-06-04 04:07:34,Account,True,12.88
7586-ZATGZ,2024-04-06 22:50:54,Technical,True,9.69
7586-ZATGZ,2024-05-02 15:12:04,Technical,True,6.33
7586-ZATGZ,2024-06-29 02:41:30,General Inquiry,True,4.68
7587-AOVVU,2024-06-27 19:10:14,Service Outage,True,7.18
7587-RZNME,2024-04-12 04:20:59,General Inquiry,True,20.77
7590-VHVEG,2024-06-06 02:57:05,Account,True,5.17
7590-VHVEG,2024-06-15 23:00:06,Technical,True,3.23
7593-XFKDI,2024-04-11 10:00:32,Service Outage,True,15.17
7593-XFKDI,2024-04-15 09:33:57,Service Outage,True,27.02
7594-LZNWR,2024-04-27 06:32:49,Account,True,1.62
7594-LZNWR,2024-06-25 16:02:56,General Inquiry,True,2.21
7594-RQHXR,2024-04-18 22:34:45,Technical,False,
7594-RQHXR,2024-05-18 18:01:49,Service Outage,True,22.2
7595-EHCDL,2024-04-25 22:31:58,Billing,True,2.35
7595-EHCDL,2024-05-29 02:23:43,Service Outage,True,13.1
7595-EHCDL,2024-06-05 12:10:20,Account,True,8.55
7595-EHCDL,2024-06-07 12:43:21,Technical,False,
7595-EHCDL,2024-06-23 19:51:27,Account,True,2.66
7595-EUIVN,2024-04-14 04:48:52,General Inquiry,True,21.04
7595-EUIVN,2024-05-15 17:35:00,Service Outage,True,49.96
7595-EUIVN,2024-05-21 07:00:44,Service Outage,True,78.54
7595-EUIVN,2024-06-15 14:19:27,General Inquiry,True,34.02
7596-LDUXP,2024-04-11 01:23:18,Service Outage,True,9.55
7596-LDUXP,2024-04-21 07:41:31,Account,True,3.38
7596-LDUXP,2024-05-03 18:48:05,Technical,True,6.35
7596-LDUXP,2024-06-10 04:57:34,Billing,True,14.54
7596-LDUXP,2024-06-21 07:27:48,Billing,True,8.14
7596-ZYWBB,2024-06-15 03:06:54,Service Outage,True,4.45
7598-UAASY,2024-05-16 21:05:16,Billing,True,32.48
7598-UAASY,2024-06-05 02:27:47,Billing,False,
7598-UAASY,2024-06-14 02:19:07,Account,True,22.23
7598-UAASY,2024-06-21 11:18:43,Service Outage,True,26.08
7599-FKVXZ,2024-05-18 08:35:44,Billing,False,
7599-NTMDP,2024-04-22 16:03:00,General Inquiry,True,5.09
7601-DHFWZ,2024-05-15 03:40:07,Account,True,20.61
7601-DHFWZ,2024-05-26 15:16:05,General Inquiry,True,6.05
7601-GNDYK,2024-04-13 17:43:10,Billing,True,10.76
7601-GNDYK,2024-04-19 12:43:51,Account,True,3.1
7601-WFVZV,2024-04-06 10:22:15,Technical,True,4.81
7601-WFVZV,2024-04-12 21:38:08,Technical,True,9.34
7601-WFVZV,2024-04-19 06:11:12,General Inquiry,False,
7602-DBTOU,2024-06-14 09:11:00,General Inquiry,True,6.7
7602-MVRMB,2024-05-17 09:36:08,Technical,True,9.79
7602-MVRMB,2024-06-17 17:24:50,Account,False,
7603-USHJS,2024-05-15 20:41:40,Service Outage,True,15.18
7605-BDWDC,2024-05-11 18:30:22,Account,True,4.83
7605-BDWDC,2024-06-16 06:17:24,Account,True,5.37
7605-BDWDC,2024-06-26 22:01:11,Account,True,1.74
7607-QKKTJ,2024-04-16 05:58:25,Account,True,3.59
7607-QKKTJ,2024-04-16 09:00:57,Technical,True,2.33
7611-YKYTC,2024-05-01 05:37:27,Account,True,25.28
7611-YKYTC,2024-05-03 13:57:37,Service Outage,True,12.74
7611-YKYTC,2024-05-11 04:10:29,Technical,True,5.36
7611-YKYTC,2024-05-23 08:29:55,Billing,False,
7611-YKYTC,2024-06-22 06:48:56,Technical,True,5.56
7613-LLQFO,2024-04-28 03:38:31,Technical,True,18.59
7613-LLQFO,2024-06-12 19:37:12,Account,True,28.76
7613-LLQFO,2024-06-14 04:57:09,Account,False,
7614-QVWQL,2024-04-06 07:58:37,Billing,True,17.79
7614-QVWQL,2024-04-27 08:52:03,Account,True,19.63
7614-QVWQL,2024-06-21 16:00:26,Service Outage,True,63.78
7614-QVWQL,2024-06-26 20:33:21,Technical,True,24.8
7614-QVWQL,2024-06-29 16:03:52,Account,False,
7615-ESMYF,2024-04-03 10:24:34,Billing,True,30.07
7615-ESMYF,2024-06-03 07:33:26,Technical,True,11.02
7615-ESMYF,2024-06-23 01:07:01,Service Outage,True,22.46
7615-ESMYF,2024-06-25 20:45:39,Technical,True,11.61
7619-ODSGN,2024-04-08 19:18:16,Service Outage,True,20.74
7619-ODSGN,2024-04-30 08:37:38,Billing,True,77.86
7619-ODSGN,2024-06-07 09:21:48,Billing,True,13.49
7619-PLRLP,2024-04-07 10:17:11,Account,True,9.0
7619-PLRLP,2024-04-16 15:31:08,Technical,True,12.24
7621-VPNET,2024-05-27 07:48:00,Account,True,6.2
7621-VPNET,2024-06-01 10:11:33,Billing,True,3.83
7622-FWGEW,2024-05-13 11:18:16,Account,True,3.32
7622-NXQZR,2024-04-13 02:41:34,Technical,True,10.49
7622-NXQZR,2024-04-25 00:08:59,Technical,False,
7623-HKYRK,2024-06-16 03:32:28,Service Outage,True,8.22
7623-TRNQN,2024-05-08 20:56:04,Billing,True,8.92
7623-TRNQN,2024-06-10 16:56:37,Account,False,
7623-TRNQN,2024-06-24 00:47:23,General Inquiry,False,
7625-XCQRH,2024-04-14 21:36:27,Account,True,7.96
7625-XCQRH,2024-05-26 18:59:44,Account,True,21.48
7625-XCQRH,2024-06-17 07:33:51,General Inquiry,True,24.02
7627-JKIAZ,2024-05-09 17:14:01,Billing,True,16.66
7627-JKIAZ,2024-06-13 00:01:01,Service Outage,False,
7629-WFGLW,2024-04-26 20:19:06,General Inquiry,True,4.06
7629-WIXZF,2024-04-03 05:40:39,Technical,True,5.07
7629-WIXZF,2024-04-21 12:54:07,Service Outage,True,5.97
7629-WIXZF,2024-06-11 12:35:44,Technical,True,8.46
7636-PEPNS,2024-04-02 14:01:57,Service Outage,True,10.82
7636-PEPNS,2024-04-07 00:49:36,Account,True,13.29
7636-PEPNS,2024-05-27 04:51:01,Account,False,
7636-PEPNS,2024-06-13 18:32:04,Technical,True,6.0
7636-XUHWW,2024-06-02 12:21:31,General Inquiry,True,3.07
7636-XUHWW,2024-06-29 08:57:48,General Inquiry,False,
7638-QVMVY,2024-05-01 06:10:56,Account,True,31.93
7638-QVMVY,2024-05-17 05:06:52,General Inquiry,False,
7639-LIAYI,2024-04-23 12:39:01,Account,True,10.86
7639-OPLNG,2024-05-14 09:08:37,Account,True,15.25
7639-SUPCW,2024-04-19 09:41:10,Service Outage,True,30.24
7639-SUPCW,2024-04-22 22:10:26,Billing,True,21.21
7639-SUPCW,2024-04-24 19:08:43,Billing,False,
7639-SUPCW,2024-06-28 17:10:39,Account,False,
7641-EUYET,2024-04-09 19:32:22,Billing,True,20.31
7641-EUYET,2024-05-08 12:15:35,General Inquiry,False,
7641-TQFHN,2024-04-03 20:58:47,General Inquiry,True,3.98
7643-RCHXS,2024-06-07 19:00:12,General Inquiry,False,
7644-OMVMY,2024-04-14 15:46:24,General Inquiry,True,12.51
7647-GYYKX,2024-05-22 20:29:49,Account,True,4.63
7649-PHJVR,2024-04-22 19:48:03,General Inquiry,True,3.78
7649-SIJJF,2024-05-27 19:36:46,Billing,True,4.73
7654-YWJUF,2024-06-06 01:59:10,Account,True,5.49
7654-YWJUF,2024-06-22 11:06:36,Account,True,6.96
7660-HDPJV,2024-06-22 12:57:27,Billing,True,25.63
7661-CPURM,2024-05-08 03:23:53,General Inquiry,True,6.35
7663-RGWBC,2024-04-22 14:04:41,Account,False,
7663-RGWBC,2024-06-18 07:22:50,Technical,False,
7663-YJHSN,2024-05-26 20:23:11,Service Outage,True,6.4
7663-ZTEGJ,2024-05-11 17:10:57,General Inquiry,True,2.6
7663-ZTEGJ,2024-06-26 23:50:15,Billing,True,5.68
7665-TOALD,2024-05-10 11:52:46,Technical,False,
7665-TOALD,2024-05-26 19:46:04,General Inquiry,True,12.69
7665-TOALD,2024-06-17 05:54:34,Billing,True,20.21
7666-WKRON,2024-05-22 04:42:36,General Inquiry,False,
7668-XCFYV,2024-04-06 17:25:44,Service Outage,False,
7668-XCFYV,2024-04-12 11:10:16,General Inquiry,True,9.41
7669-LCRSD,2024-04-11 10:59:41,Account,True,0.68
7669-LCRSD,2024-05-13 00:12:11,General Inquiry,True,10.38
7669-LCRSD,2024-06-04 13:40:15,Technical,True,2.19
7669-LCRSD,2024-06-23 03:36:02,Service Outage,True,5.27
7670-ZBPOQ,2024-05-28 10:44:25,Technical,True,3.95
7672-VFMXZ,2024-04-09 12:53:09,General Inquiry,True,10.27
7672-VFMXZ,2024-06-30 00:57:42,Technical,True,6.94
7673-BQGKU,2024-04-10 16:41:00,Service Outage,True,10.29
7673-LPRNY,2024-05-08 17:17:42,Account,True,13.51
7673-LPRNY,2024-05-23 17:22:07,Account,True,24.12
7673-LPRNY,2024-06-06 11:27:34,Billing,True,7.97
7674-YTAFD,2024-06-06 14:34:07,General Inquiry,True,8.59
7675-OZCZG,2024-05-05 18:12:11,Service Outage,True,31.44
7675-OZCZG,2024-05-06 05:06:58,Account,True,45.07
7675-OZCZG,2024-05-07 00:57:03,Technical,True,11.57
7675-OZCZG,2024-06-26 12:17:42,Service Outage,False,
7675-OZCZG,2024-06-28 00:39:45,Billing,False,
7677-SJJJK,2024-06-02 02:09:18,Technical,True,8.2
7682-AZNDK,2024-04-20 18:53:38,Account,True,8.44
7682-AZNDK,2024-05-05 00:03:08,Billing,True,2.65
7682-AZNDK,2024-06-28 07:56:53,Account,True,7.87
7683-CBDKJ,2024-04-28 11:46:15,Technical,True,11.63
7683-CBDKJ,2024-05-09 06:03:07,Service Outage,True,12.25
7683-CBDKJ,2024-05-20 13:48:36,Technical,True,20.99
7683-CBDKJ,2024-05-31 18:57:28,Service Outage,True,51.26
7690-KPNCU,2024-06-01 09:46:39,General Inquiry,True,4.66
7691-KGKGP,2024-04-02 00:47:57,Account,True,3.97
7693-LCKZL,2024-04-04 00:21:16,Account,True,38.14
7693-LCKZL,2024-04-28 13:58:30,General Inquiry,True,18.61
7693-LCKZL,2024-05-01 05:46:03,Billing,False,
7693-QPEFS,2024-04-04 16:39:27,General Inquiry,True,6.77
7693-QPEFS,2024-04-19 09:55:27,Service Outage,False,
7693-QPEFS,2024-04-27 12:48:54,Service Outage,False,
7693-QPEFS,2024-06-21 10:39:53,Service Outage,True,16.55
7695-PKLCZ,2024-05-28 13:21:45,Billing,True,4.58
7695-PKLCZ,2024-06-07 09:01:45,Service Outage,True,7.63
7696-AMHOD,2024-05-02 03:22:13,Service Outage,True,10.81
7696-AMHOD,2024-05-18 20:44:08,Service Outage,True,20.53
7696-AMHOD,2024-06-15 06:36:30,Billing,True,5.16
7696-AMHOD,2024-06-18 23:21:34,General Inquiry,True,6.17
7696-CFTAT,2024-06-17 10:34:16,Billing,False,
7696-CFTAT,2024-06-24 04:32:25,General Inquiry,True,3.06
7698-YFGEZ,2024-05-18 12:14:20,Account,True,2.83
7698-YFGEZ,2024-06-07 01:01:28,Service Outage,True,4.48
7703-ZEKEF,2024-04-24 09:02:19,General Inquiry,False,
7703-ZEKEF,2024-04-28 10:11:06,General Inquiry,True,21.73
7703-ZEKEF,2024-04-29 14:35:50,Technical,True,21.19
7703-ZEKEF,2024-05-02 12:32:49,Billing,True,20.52
7703-ZEKEF,2024-06-28 13:28:19,Service Outage,False,
7706-DZNKK,2024-06-20 23:39:58,Billing,True,12.72
7706-YLMQA,2024-06-30 18:51:25,General Inquiry,False,
7707-PYBBH,2024-04-29 10:43:34,Technical,True,6.63
7707-PYBBH,2024-06-26 23:03:51,Technical,True,3.24
7710-JSYOA,2024-05-19 17:27:33,Account,True,2.83
7711-GQBZC,2024-04-24 14:10:22,Billing,True,8.98
7711-GQBZC,2024-05-26 22:36:00,Account,True,3.63
7711-GQBZC,2024-06-06 14:29:50,Service Outage,True,20.79
7711-GQBZC,2024-06-08 02:55:10,Billing,True,5.28
7711-YIJWC,2024-05-12 00:01:19,Technical,True,1.8
7716-YTYHG,2024-04-09 07:19:46,Billing,True,31.85
7716-YTYHG,2024-04-14 22:09:00,Technical,False,
7716-YTYHG,2024-04-25 10:33:17,Account,False,
7716-YTYHG,2024-04-30 12:13:18,General Inquiry,True,30.63
7716-YTYHG,2024-05-15 08:37:39,Technical,True,14.26
7717-BICXI,2024-05-28 12:30:26,Account,True,6.69
7718-RXDGG,2024-04-11 14:33:48,Technical,True,24.72
7718-RXDGG,2024-05-08 18:34:34,Service Outage,True,8.24
7718-UPSKJ,2024-04-18 10:59:30,Account,True,3.66
7718-UPSKJ,2024-05-02 04:22:15,Technical,False,
7721-JXEAW,2024-04-18 01:16:17,Billing,False,
7722-CVFXN,2024-05-02 16:50:34,Service Outage,True,1.61
7722-CVFXN,2024-05-12 04:51:02,Account,True,9.78
7722-VJRQD,2024-04-08 06:49:53,Billing,True,4.88
7722-VJRQD,2024-04-10 15:56:39,Account,True,9.74
7722-VJRQD,2024-04-15 19:53:03,Service Outage,True,1.57
7722-VJRQD,2024-05-16 15:52:25,Service Outage,False,
7729-JTEEC,2024-06-11 18:30:55,Account,True,5.51
7730-IUTDZ,2024-05-16 08:04:50,General Inquiry,False,
7733-UDMTP,2024-06-02 20:52:12,Technical,False,
7733-UDMTP,2024-06-08 04:36:49,General Inquiry,True,7.29
7739-LAXOG,2024-05-23 08:08:52,Account,False,
7740-KKCXF,2024-04-08 00:32:48,Technical,True,17.58
7740-KKCXF,2024-04-12 09:20:38,Account,True,7.78
7740-KKCXF,2024-05-13 17:21:05,Technical,True,6.76
7740-KKCXF,2024-05-25 10:54:47,Technical,False,
7740-KKCXF,2024-06-11 01:48:10,Technical,True,3.5
7743-EXURX,2024-04-08 23:10:20,Technical,True,13.56
7746-QYVCO,2024-05-26 15:56:39,General Inquiry,True,4.52
7746-QYVCO,2024-06-12 08:10:05,Technical,True,4.01
7746-QYVCO,2024-06-15 01:01:04,Account,True,4.09
7748-UMTRK,2024-04-30 14:43:20,Technical,False,
7750-EYXWZ,2024-05-26 18:47:40,General Inquiry,True,6.81
7753-USQYQ,2024-04-05 04:42:21,Technical,True,9.44
7753-USQYQ,2024-05-25 06:34:38,Billing,True,9.22
7754-IXRMC,2024-05-14 11:31:13,Service Outage,True,10.06
7754-IXRMC,2024-06-07 10:12:44,Account,True,2.99
7754-IXRMC,2024-06-11 22:02:15,Technical,True,3.61
7758-UJWYS,2024-04-05 07:06:07,Service Outage,True,4.42
7758-XKCBS,2024-05-11 17:42:11,Technical,False,
7760-OYPDY,2024-04-04 12:36:38,Account,True,55.96
7760-OYPDY,2024-05-24 07:00:11,Technical,False,
7764-BDPEE,2024-04-05 21:29:57,Service Outage,True,6.81
7765-LWVVH,2024-04-23 13:49:14,Billing,True,13.86
7765-LWVVH,2024-04-26 19:47:55,Technical,True,9.64
7766-CLTIC,2024-06-10 16:27:26,Account,True,3.92
7766-CLTIC,2024-06-15 20:26:52,Technical,True,5.38
7767-UXAGJ,2024-06-09 23:38:15,Billing,True,55.93
7771-CFQRQ,2024-05-25 23:00:33,Account,True,9.56
7771-ZONAT,2024-06-04 13:16:32,Technical,True,2.23
7774-OJSXI,2024-04-14 23:37:31,General Inquiry,False,
7774-OJSXI,2024-06-13 12:07:27,Technical,False,
7776-QGYJC,2024-04-11 19:36:39,Technical,True,6.91
7776-QWNFX,2024-04-03 07:47:28,Account,False,
7776-QWNFX,2024-05-08 07:21:52,Technical,False,
7776-QWNFX,2024-05-20 07:31:18,Technical,True,9.96
7777-UNYHB,2024-06-01 14:38:28,General Inquiry,True,3.14
7779-LGOVN,2024-04-26 08:44:28,Account,True,17.29
7779-LGOVN,2024-05-02 17:28:03,Account,False,
7779-LGOVN,2024-05-04 10:14:10,Service Outage,False,
7779-LGOVN,2024-05-27 23:01:43,Service Outage,False,
7779-ORAEL,2024-05-21 01:18:43,Technical,True,7.88
7781-EWARA,2024-04-07 13:29:15,Technical,True,9.5
7781-HVGMK,2024-05-01 01:29:12,Account,True,4.2
7783-YKGDV,2024-04-11 22:57:36,Account,True,25.36
7783-YKGDV,2024-04-18 22:01:28,Service Outage,True,30.68
7783-YKGDV,2024-05-29 06:56:43,Technical,True,20.7
7783-YKGDV,2024-06-25 01:40:03,Billing,True,47.91
7786-WBJYI,2024-06-06 01:40:51,Service Outage,False,
7786-WBJYI,2024-06-29 06:33:53,Account,True,54.51
7787-BNTZM,2024-05-26 20:27:11,Service Outage,True,6.28
7789-CRUVC,2024-04-05 19:37:54,Account,True,5.58
7789-CRUVC,2024-06-01 09:35:04,General Inquiry,False,
7789-HKSBS,2024-05-14 04:08:40,Service Outage,True,5.03
7789-HKSBS,2024-05-26 08:15:44,Service Outage,True,8.74
7789-HKSBS,2024-06-15 21:17:35,Account,True,2.88
7794-JASDG,2024-04-11 21:46:40,General Inquiry,True,3.01
7794-JASDG,2024-04-27 07:26:13,Technical,True,11.65
7794-JASDG,2024-05-09 00:39:44,Technical,True,6.12
7794-JASDG,2024-05-28 22:09:32,Technical,True,16.26
7795-CFOCW,2024-06-20 11:34:11,General Inquiry,False,
7797-EJMDP,2024-04-19 09:31:24,General Inquiry,True,3.67
7797-EJMDP,2024-05-11 01:27:17,General Inquiry,True,13.01
7798-JVXYM,2024-05-14 06:33:18,Service Outage,True,9.54
7798-JVXYM,2024-05-24 20:35:32,Technical,True,13.15
7799-DSEWS,2024-04-28 13:19:00,General Inquiry,True,11.1
7799-LGRDP,2024-04-07 15:02:44,Service Outage,True,14.9
7799-LGRDP,2024-04-23 09:02:19,Account,False,
7801-CEDNV,2024-05-15 02:13:21,General Inquiry,True,3.95
7801-CEDNV,2024-05-31 06:54:50,Technical,True,1.99
7801-CEDNV,2024-06-27 12:05:59,Account,True,3.69
7801-KICAO,2024-04-04 05:37:19,Billing,True,5.49
7801-KICAO,2024-04-07 00:39:57,Technical,True,5.25
7801-KICAO,2024-04-28 05:17:03,General Inquiry,True,2.16
7801-KICAO,2024-05-26 01:07:51,Technical,True,2.66
7802-EFKNY,2024-04-08 05:19:31,Service Outage,False,
7802-EFKNY,2024-04-11 11:16:39,Service Outage,False,
7802-EFKNY,2024-05-15 10:54:09,Account,False,
7811-JIVPF,2024-06-22 08:05:12,Account,True,12.77
7812-FZHPE,2024-05-18 22:24:01,General Inquiry,False,
7813-TKCVO,2024-05-26 14:25:20,Billing,True,2.61
7813-ZGGAW,2024-06-23 21:18:50,Service Outage,True,11.13
7814-LEEVE,2024-04-18 19:38:11,Billing,True,23.29
7814-LEEVE,2024-06-21 04:37:03,General Inquiry,True,10.93
7815-PDTHL,2024-04-12 07:47:11,Service Outage,True,7.13
7817-BOQPW,2024-04-25 23:40:31,Technical,False,
7817-BOQPW,2024-05-27 02:04:53,Account,True,19.55
7817-BOQPW,2024-06-12 04:48:45,Account,True,38.07
7817-BOQPW,2024-06-20 14:57:30,Technical,True,86.52
7820-ZYGNY,2024-05-16 08:41:07,General Inquiry,True,6.61
7820-ZYGNY,2024-06-22 10:45:35,Technical,True,10.36
7821-DPRQE,2024-05-27 11:24:23,Account,False,
7821-DPRQE,2024-06-20 14:57:06,General Inquiry,True,13.69
7823-JSOAG,2024-05-02 18:19:34,Billing,True,7.06
7823-JSOAG,2024-06-26 11:11:17,Service Outage,True,4.6
7824-PANSQ,2024-06-01 08:21:02,General Inquiry,True,3.86
7824-PANSQ,2024-06-01 12:51:19,Technical,True,6.92
7825-GKXMW,2024-04-10 02:12:56,General Inquiry,False,
7825-GKXMW,2024-04-30 18:04:32,Service Outage,False,
7825-GKXMW,2024-05-14 15:57:37,Technical,False,
7825-GKXMW,2024-06-21 16:22:54,Account,True,21.11
7825-GKXMW,2024-06-29 19:38:30,Technical,False,
7826-VVKWT,2024-06-02 13:58:03,General Inquiry,True,3.05
7833-PKIHD,2024-06-23 16:21:38,Account,True,4.17
7838-LAZFO,2024-06-04 21:50:18,Technical,True,5.22
7838-LAZFO,2024-06-12 05:37:08,Account,True,15.84
7838-LAZFO,2024-06-24 06:14:41,Technical,True,9.07
7839-NUIAA,2024-04-13 08:55:08,Technical,True,3.98
7839-NUIAA,2024-05-16 14:46:31,Service Outage,False,
7839-NUIAA,2024-06-21 22:07:50,Service Outage,True,2.7
7839-QRKXN,2024-04-27 01:56:40,General Inquiry,True,24.56
7839-QRKXN,2024-06-04 20:47:32,Technical,True,32.59
7845-URHJN,2024-05-08 21:51:39,Account,True,15.9
7845-URHJN,2024-06-18 22:06:37,General Inquiry,True,30.5
7850-THJMU,2024-04-15 07:52:01,Technical,True,3.1
7850-THJMU,2024-06-07 16:16:29,Service Outage,True,3.33
7850-THJMU,2024-06-25 12:54:50,General Inquiry,True,8.28
7850-VWJUU,2024-04-12 16:06:01,Account,True,8.26
7850-VWJUU,2024-04-25 13:14:30,Technical,True,6.51
7850-VWJUU,2024-06-06 18:05:03,General Inquiry,True,2.0
7850-VWJUU,2024-06-12 17:43:41,Account,True,3.34
7850-VWJUU,2024-06-18 01:26:48,General Inquiry,True,3.52
7851-FLGGQ,2024-06-13 16:57:04,General Inquiry,False,
7851-WZEKY,2024-04-06 16:16:15,General Inquiry,True,121.49
7851-WZEKY,2024-06-20 22:27:45,General Inquiry,True,21.17
7852-LECYP,2024-06-09 16:46:16,General Inquiry,True,4.87
7853-GVUDZ,2024-06-28 22:52:27,Service Outage,True,33.01
7853-OETYL,2024-05-23 20:54:07,Technical,False,
7853-WNZSY,2024-06-30 06:52:37,Billing,True,13.88
7854-EDSSA,2024-04-08 17:28:34,General Inquiry,False,
7854-EDSSA,2024-05-25 14:17:36,Billing,False,
7854-EDSSA,2024-06-01 20:51:39,Billing,False,
7854-FOKSF,2024-04-08 00:00:08,Service Outage,True,37.46
7854-FOKSF,2024-04-11 09:08:43,Technical,True,10.69
7854-FOKSF,2024-06-03 02:47:53,Billing,False,
7855-DIWPO,2024-05-12 03:10:20,Service Outage,True,7.63
7855-DIWPO,2024-05-16 03:49:50,Billing,True,5.02
7855-DIWPO,2024-05-21 09:05:05,Technical,False,
7855-DIWPO,2024-06-03 12:06:39,Billing,True,4.85
7855-DIWPO,2024-06-24 19:37:16,General Inquiry,True,7.11
7856-GANIL,2024-04-22 00:14:58,Account,True,6.62
7856-GANIL,2024-06-20 14:23:02,General Inquiry,True,20.8
7858-GTZSP,2024-04-28 11:13:03,General Inquiry,True,3.84
7858-GTZSP,2024-05-15 14:17:26,Billing,True,2.45
7860-KSUGX,2024-06-03 04:57:46,Account,True,4.88
7860-KSUGX,2024-06-22 15:58:07,Account,True,9.26
7861-UVUFT,2024-04-23 23:02:13,Account,True,23.22
7861-UVUFT,2024-05-06 13:25:47,General Inquiry,True,25.28
7861-UVUFT,2024-06-22 19:22:03,Technical,False,
7868-BGSZA,2024-05-24 01:50:03,Account,True,7.75
7868-BGSZA,2024-06-03 23:07:49,Service Outage,True,2.78
7868-TMWMZ,2024-04-28 11:24:18,Account,True,5.25
7872-BAAZR,2024-04-24 18:27:47,Account,True,4.4
7872-RDDLZ,2024-04-23 12:24:44,Billing,True,1.53
7872-RDDLZ,2024-06-07 11:14:59,Technical,True,13.9
7872-RDDLZ,2024-06-19 00:41:06,Billing,True,8.01
7873-CVMAW,2024-04-16 13:10:49,Technical,True,5.27
7873-CVMAW,2024-06-27 17:08:53,Account,False,
7874-ECPQJ,2024-04-09 16:22:37,General Inquiry,True,3.55
7874-ECPQJ,2024-06-20 06:59:19,Technical,True,7.18
7876-AEHIG,2024-04-16 07:38:49,General Inquiry,True,14.99
7876-AEHIG,2024-06-25 09:28:09,Billing,True,2.85
7876-BEUTG,2024-04-09 06:08:40,Technical,True,8.86
7876-BEUTG,2024-04-22 23:22:00,Technical,True,6.44
7876-BEUTG,2024-06-16 00:22:59,Service Outage,True,7.46
7876-DNYAP,2024-04-30 22:13:58,Service Outage,True,12.95
7878-JGDKK,2024-06-11 13:39:42,Account,True,6.3
7878-RTCZG,2024-06-15 07:14:47,Technical,True,13.8
7879-CGSFV,2024-04-07 08:05:21,Technical,True,17.28
7879-CGSFV,2024-06-18 11:25:17,Service Outage,True,4.01
7880-XSOJX,2024-04-26 16:54:55,Service Outage,True,7.91
7880-XSOJX,2024-06-22 02:05:40,General Inquiry,True,5.77
7881-INRLC,2024-04-24 12:33:36,Service Outage,False,
7881-INRLC,2024-05-18 13:05:06,Billing,False,
7881-INRLC,2024-06-18 19:21:47,Account,False,
7881-INRLC,2024-06-21 15:44:27,Account,True,36.6
7881-INRLC,2024-06-24 01:33:14,Service Outage,True,17.75
7883-ROJOC,2024-04-21 03:14:13,Billing,True,15.31
7883-ROJOC,2024-05-12 19:03:43,Technical,True,1.69
7890-VYYWG,2024-04-11 18:16:19,General Inquiry,False,
7890-VYYWG,2024-06-23 04:54:22,Account,False,
7892-POOKP,2024-06-23 17:28:49,Technical,True,53.32
7892-QVYKW,2024-04-06 18:38:48,Service Outage,True,4.12
7892-QVYKW,2024-04-23 19:16:00,Service Outage,False,
7895-VONWT,2024-04-27 21:08:01,General Inquiry,True,7.53
7898-PDWQE,2024-04-26 09:05:56,Account,True,20.0
7898-PDWQE,2024-05-01 22:50:58,General Inquiry,True,7.83
7898-PDWQE,2024-06-04 18:33:22,Billing,True,13.25
7901-HXJVA,2024-04-11 04:06:56,General Inquiry,True,4.7
7901-HXJVA,2024-04-27 22:10:45,Service Outage,True,8.0
7901-IIDQV,2024-04-04 07:56:52,General Inquiry,True,3.99
7901-TBKJX,2024-06-24 09:37:39,General Inquiry,True,7.76
7905-TVXTA,2024-06-13 14:07:32,Billing,True,8.75
7908-QCBCA,2024-06-30 03:07:09,Technical,True,40.75
7909-FIOIY,2024-04-29 11:25:22,Billing,True,2.86
7909-FIOIY,2024-05-02 01:53:26,Account,True,9.94
7909-FIOIY,2024-05-30 02:22:22,Account,True,3.62
7912-SYRQT,2024-04-29 00:33:25,Service Outage,True,15.25
7912-SYRQT,2024-05-24 20:38:01,Billing,True,16.33
7912-SYRQT,2024-05-28 03:28:57,General Inquiry,True,61.98
7912-SYRQT,2024-05-30 12:16:26,General Inquiry,True,32.13
7916-VCCPB,2024-06-07 23:13:35,Account,True,5.79
7921-BEPCI,2024-06-28 09:53:06,Account,True,3.85
7921-LMDFQ,2024-05-13 18:42:49,Service Outage,True,4.12
7923-IYJWY,2024-06-02 02:21:45,Technical,True,2.94
7923-IYJWY,2024-06-10 11:28:33,General Inquiry,True,6.45
7924-GJZFI,2024-05-11 12:43:52,Billing,False,
7924-GJZFI,2024-06-21 03:40:34,General Inquiry,True,5.19
7926-IJOOU,2024-04-12 12:06:51,General Inquiry,False,
7927-AUXBZ,2024-06-30 19:38:46,Technical,True,21.35
7928-VJYAB,2024-06-02 16:02:39,Technical,True,2.25
7932-WPTDS,2024-04-22 19:48:23,Technical,True,31.54
7932-WPTDS,2024-06-06 23:55:31,General Inquiry,False,
7938-OUHIO,2024-05-04 03:19:25,Account,False,
7938-OUHIO,2024-06-01 01:37:43,Technical,False,
7938-OUHIO,2024-06-13 18:40:29,Technical,True,38.52
7940-UQQUG,2024-04-09 20:29:08,Service Outage,True,8.68
7940-UQQUG,2024-05-24 01:55:17,Account,True,2.75
7940-UQQUG,2024-06-29 19:12:15,Technical,True,4.5
7941-RCJOW,2024-04-18 15:26:48,Service Outage,True,3.82
7941-RCJOW,2024-04-22 09:28:06,General Inquiry,True,16.14
7941-RCJOW,2024-05-09 17:53:11,Service Outage,True,3.34
7943-RQCHR,2024-06-14 06:26:17,Account,False,
7945-HLKEA,2024-04-06 08:35:58,General Inquiry,True,10.93
7945-HLKEA,2024-05-26 21:34:03,General Inquiry,True,5.37
7945-HLKEA,2024-05-28 08:07:23,Service Outage,True,17.93
7950-XWOVN,2024-04-05 16:29:16,Service Outage,True,6.77
7950-XWOVN,2024-04-11 05:50:46,Account,True,23.5
7950-XWOVN,2024-06-13 18:39:42,Account,True,3.1
7950-XWOVN,2024-06-22 07:18:07,Account,True,6.67
7951-QKZPL,2024-04-27 14:33:20,Account,True,14.29
7951-VRDVK,2024-05-21 13:28:18,Account,True,5.51
7951-VRDVK,2024-06-11 11:44:29,Service Outage,True,1.6
7957-RYHQD,2024-04-15 09:50:06,General Inquiry,True,31.87
7957-RYHQD,2024-04-15 17:40:12,Account,True,40.41
7957-RYHQD,2024-04-25 13:50:13,General Inquiry,True,76.94
7963-GQRMY,2024-04-17 21:01:14,Account,True,27.69
7963-GQRMY,2024-04-21 03:23:19,Technical,False,
7963-GQRMY,2024-04-25 14:33:44,Service Outage,True,5.48
7963-GQRMY,2024-05-31 18:23:27,Service Outage,False,
7964-VEXDG,2024-05-18 18:57:31,Billing,True,7.63
7964-VEXDG,2024-05-27 13:33:34,Billing,True,6.15
7964-VEXDG,2024-05-29 10:59:05,Account,True,5.09
7964-VEXDG,2024-06-30 11:11:57,Technical,True,2.28
7964-YESJC,2024-05-03 15:50:01,Billing,True,6.1
7964-YESJC,2024-06-19 18:21:52,Technical,True,29.07
7964-YESJC,2024-06-24 11:59:09,Service Outage,True,10.9
7964-ZRKKG,2024-05-04 01:35:58,Technical,True,4.28
7964-ZRKKG,2024-05-19 15:57:58,Service Outage,True,4.98
7964-ZRKKG,2024-06-30 13:38:29,Service Outage,True,2.24
7966-YOTQW,2024-04-11 23:36:32,Technical,True,8.04
7966-YOTQW,2024-04-18 16:02:58,Account,True,13.27
7966-YOTQW,2024-04-27 20:55:24,Service Outage,True,15.76
7967-HYCDE,2024-04-10 10:41:28,Billing,True,13.4
7967-HYCDE,2024-05-20 09:23:56,Technical,True,6.28
7969-AULMZ,2024-05-30 23:23:50,Billing,True,24.76
7969-AULMZ,2024-06-29 19:31:42,General Inquiry,False,
7969-FFOWG,2024-04-22 15:24:24,Account,True,8.23
7971-HLVXI,2024-05-19 02:17:27,Service Outage,False,
7971-HLVXI,2024-05-22 16:12:22,Billing,True,4.42
7975-JMZNT,2024-04-05 20:40:43,Technical,True,6.9
7975-TZMLR,2024-06-22 13:54:53,Service Outage,True,5.98
7976-CICYS,2024-04-14 05:30:59,General Inquiry,True,14.27
7976-CICYS,2024-04-22 13:49:54,Service Outage,True,4.7
7977-HXJKU,2024-04-26 17:11:44,Billing,True,5.05
7977-HXJKU,2024-06-26 13:59:38,General Inquiry,True,4.65
7978-DKUQH,2024-06-06 01:48:58,Service Outage,True,7.19
7979-CORPM,2024-05-03 14:05:04,Service Outage,False,
7979-CORPM,2024-05-08 17:26:58,Technical,False,
7979-CORPM,2024-05-11 08:28:45,Account,True,24.04
7980-MHFLQ,2024-04-22 19:44:46,Billing,True,11.56
7980-MHFLQ,2024-06-08 03:35:44,Billing,True,5.52
7982-VCELR,2024-05-03 05:23:53,Service Outage,True,5.54
7982-VCELR,2024-05-19 02:18:38,Service Outage,False,
7989-AWGEH,2024-06-03 00:33:32,Billing,True,6.24
7989-AWGEH,2024-06-08 21:38:35,Billing,False,
7989-AWGEH,2024-06-26 23:29:15,Service Outage,True,6.12
7989-CHGTL,2024-04-17 11:16:30,Billing,False,
7989-VCQOH,2024-06-27 09:41:02,Account,True,5.76
7993-NQLJE,2024-04-21 10:34:23,Account,True,6.62
7993-NQLJE,2024-05-17 06:15:40,Billing,True,4.45
7993-NQLJE,2024-05-25 16:06:01,Account,True,20.57
7993-NQLJE,2024-05-30 21:16:10,Service Outage,True,6.58
7993-NQLJE,2024-06-29 04:11:19,Billing,True,6.96
7993-PYKOF,2024-04-14 15:19:51,Technical,True,83.03
7993-PYKOF,2024-05-22 10:02:20,Technical,True,36.79
7994-UYIVZ,2024-04-26 12:46:49,Service Outage,True,3.11
7994-UYIVZ,2024-06-11 18:50:57,Account,False,
7994-XIRTR,2024-05-21 13:24:57,Billing,True,13.88
7994-XIRTR,2024-06-02 17:16:50,General Inquiry,True,8.82
7996-MHXLW,2024-06-06 09:18:40,Service Outage,True,9.73
7996-MHXLW,2024-06-11 07:28:57,Billing,False,
7998-WNZEM,2024-04-12 19:57:01,Technical,True,6.1
8000-REIQB,2024-04-23 05:33:21,Technical,True,31.92
8000-REIQB,2024-04-27 00:11:35,General Inquiry,False,
8000-REIQB,2024-05-02 01:20:25,Billing,True,39.33
8000-REIQB,2024-05-13 19:12:06,Service Outage,False,
8007-YYPWD,2024-04-21 10:16:00,Account,True,2.85
8007-YYPWD,2024-06-22 10:12:37,Technical,False,
8008-ESFLK,2024-04-14 02:15:21,Technical,True,2.25
8008-ESFLK,2024-05-20 04:58:25,Billing,False,
8008-ESFLK,2024-06-10 20:30:51,General Inquiry,True,5.36
8008-HAWED,2024-04-24 14:10:25,Technical,True,28.98
8008-HAWED,2024-06-14 23:46:58,General Inquiry,True,10.07
8008-HAWED,2024-06-24 02:32:52,Billing,False,
8008-OTEZX,2024-05-10 03:29:05,Technical,True,6.51
8010-EZLOU,2024-06-16 17:27:12,Account,True,4.39
8012-SOUDQ,2024-04-25 12:29:08,Service Outage,True,4.53
8012-SOUDQ,2024-06-27 21:26:11,Account,True,6.55
8015-IHCGW,2024-06-19 07:31:27,Account,True,4.55
8016-NCFVO,2024-06-20 05:24:04,General Inquiry,True,4.38
8016-ZMGMO,2024-04-19 05:05:55,General Inquiry,True,3.88
8016-ZMGMO,2024-04-20 06:43:51,Account,True,18.79
8016-ZMGMO,2024-05-01 01:54:06,General Inquiry,True,10.39
8016-ZMGMO,2024-06-04 06:31:11,Service Outage,True,2.12
8016-ZMGMO,2024-06-23 02:08:09,Technical,True,14.11
8017-LXHFA,2024-06-25 19:04:05,Technical,False,
8017-UVSZU,2024-04-12 19:57:52,General Inquiry,True,4.65
8017-UVSZU,2024-04-21 10:35:18,Service Outage,True,5.68
8017-UVSZU,2024-05-06 12:26:24,Service Outage,True,3.72
8017-UVSZU,2024-06-13 15:07:18,Technical,True,8.28
8017-UVSZU,2024-06-25 18:59:16,Service Outage,True,4.54
8019-ENHXU,2024-05-27 18:53:42,Billing,True,29.24
8020-BWHYL,2024-04-10 06:11:39,Service Outage,True,19.06
8020-BWHYL,2024-04-12 14:50:29,Technical,False,
8020-BWHYL,2024-06-26 11:37:31,Technical,True,27.64
8022-BECSI,2024-04-12 20:10:54,Billing,True,7.17
8022-BECSI,2024-06-14 19:39:31,Billing,True,2.36
8023-QHAIO,2024-04-22 02:29:51,Account,True,5.71
8023-QHAIO,2024-04-22 21:37:08,Account,True,3.3
8024-XNAFQ,2024-04-16 19:26:20,General Inquiry,True,6.04
8024-XNAFQ,2024-05-04 12:05:10,General Inquiry,True,4.44
8024-XNAFQ,2024-06-25 09:56:08,General Inquiry,True,6.57
8028-PNXHQ,2024-06-20 06:35:40,General Inquiry,True,4.54
8029-XYPWT,2024-04-04 15:43:09,Billing,True,11.89
8029-XYPWT,2024-05-28 13:09:54,Account,True,10.38
8029-XYPWT,2024-06-03 09:24:35,General Inquiry,True,6.95
8029-XYPWT,2024-06-22 17:55:03,Service Outage,True,8.15
8029-XYPWT,2024-06-30 21:31:39,General Inquiry,True,1.8
8033-ATFAS,2024-04-26 21:38:36,Account,False,
8033-ATFAS,2024-05-22 21:28:59,Service Outage,True,5.95
8033-ATFAS,2024-06-05 13:16:11,Technical,True,1.35
8033-VCZGH,2024-05-27 14:54:22,Service Outage,True,6.55
8033-VCZGH,2024-05-31 03:09:00,General Inquiry,True,6.82
8033-VCZGH,2024-06-28 21:02:25,Service Outage,True,1.85
8034-RYTVV,2024-04-15 08:05:54,Service Outage,True,3.75
8034-RYTVV,2024-04-19 16:28:27,Technical,True,9.68
8034-RYTVV,2024-06-05 15:27:28,General Inquiry,True,14.04
8034-RYTVV,2024-06-23 03:37:28,General Inquiry,True,1.76
8035-BUYVG,2024-04-13 21:07:01,Account,False,
8035-BUYVG,2024-04-26 16:35:32,Service Outage,False,
8035-BUYVG,2024-05-13 14:48:15,Service Outage,True,10.65
8039-ACLPL,2024-04-12 15:55:17,Account,False,
8039-ACLPL,2024-04-27 16:27:26,Billing,False,
8040-MNRTF,2024-05-01 01:42:34,Service Outage,False,
8040-MNRTF,2024-05-03 19:41:50,General Inquiry,True,5.17
8040-MNRTF,2024-05-12 10:08:10,Billing,True,7.17
8040-MNRTF,2024-06-25 20:11:43,Technical,True,5.37
8041-TMEID,2024-04-11 04:16:41,Service Outage,True,3.56
8041-TMEID,2024-04-26 22:14:11,Account,False,
8042-JVNFH,2024-04-07 18:56:00,Account,True,11.98
8042-JVNFH,2024-05-12 10:40:26,Technical,False,
8042-JVNFH,2024-05-22 16:35:33,Billing,True,26.68
8042-JVNFH,2024-05-26 04:38:30,Service Outage,False,
8042-RNLKO,2024-06-23 07:35:20,General Inquiry,True,2.92
8043-PNYSD,2024-06-23 10:31:33,Account,True,9.78
8044-BGWPI,2024-04-13 08:32:39,Billing,True,6.13
8044-BGWPI,2024-04-15 14:36:41,General Inquiry,True,3.81
8044-BGWPI,2024-05-01 20:04:57,Account,True,2.76
8046-DNVTL,2024-04-09 01:38:00,Technical,True,3.71
8046-DNVTL,2024-04-11 21:39:50,General Inquiry,True,3.05
8046-DNVTL,2024-05-11 03:12:30,General Inquiry,True,22.46
8048-DSDFQ,2024-04-17 10:03:17,Service Outage,True,4.74
8049-WJCLQ,2024-04-02 20:05:30,Technical,True,5.59
8049-WJCLQ,2024-04-23 23:08:07,General Inquiry,True,6.63
8050-DVOJX,2024-05-27 11:22:15,Account,True,15.49
8050-DVOJX,2024-06-04 13:32:31,Account,True,3.82
8050-WYBND,2024-06-28 22:03:18,General Inquiry,True,7.47
8050-XGRVL,2024-04-16 13:59:21,Technical,True,6.88
8050-XGRVL,2024-04-17 18:32:40,Billing,True,5.54
8050-XGRVL,2024-04-25 16:21:53,Billing,True,20.01
8051-HJRLT,2024-04-07 04:50:17,Technical,True,14.47
8051-HJRLT,2024-04-17 06:44:11,Service Outage,False,
8051-HJRLT,2024-05-05 16:53:50,General Inquiry,False,
8051-HJRLT,2024-05-09 15:42:07,Billing,True,18.75
8051-HJRLT,2024-05-28 15:01:19,Account,True,38.91
8053-WWDRO,2024-06-11 13:16:28,Billing,False,
8058-DMYRU,2024-06-13 01:43:29,Service Outage,True,7.23
8058-INTPH,2024-05-20 20:55:08,Billing,False,
8058-JMEQO,2024-04-29 11:04:55,General Inquiry,True,23.9
8058-JMEQO,2024-06-26 10:04:34,Service Outage,False,
8059-UDZFY,2024-05-06 01:21:21,Billing,True,2.8
8059-UDZFY,2024-05-15 14:33:37,General Inquiry,True,1.96
8059-UDZFY,2024-05-22 16:43:12,General Inquiry,True,8.49
8059-UDZFY,2024-06-21 02:17:05,Billing,True,2.05
8060-HIWJJ,2024-06-06 23:15:10,Service Outage,True,4.41
8060-HIWJJ,2024-06-22 03:18:26,Account,True,4.96
8062-YBDOE,2024-04-29 13:35:29,General Inquiry,True,37.28
8062-YBDOE,2024-05-17 05:11:50,Service Outage,True,20.3
8062-YBDOE,2024-06-16 12:43:28,Technical,False,
8063-GBATB,2024-04-10 15:19:26,Technical,True,23.17
8063-GBATB,2024-05-29 17:02:14,Technical,True,29.66
8063-RJYNF,2024-05-15 19:01:46,General Inquiry,True,21.76
8063-RJYNF,2024-06-06 03:24:12,General Inquiry,False,
8063-RJYNF,2024-06-14 21:07:51,General Inquiry,True,86.13
8063-RJYNF,2024-06-17 20:07:52,Service Outage,False,
8064-RAVOH,2024-04-05 17:01:27,Service Outage,True,10.17
8064-RAVOH,2024-04-20 14:10:31,Account,True,6.39
8064-RAVOH,2024-05-04 18:28:03,Billing,True,2.33
8064-RAVOH,2024-05-31 03:35:23,Billing,True,9.23
8065-BVEPF,2024-04-24 15:35:17,Account,True,1.94
8065-BVEPF,2024-05-01 23:42:47,Account,False,
8065-BVEPF,2024-05-21 21:54:05,Billing,True,9.22
8065-QBYTO,2024-04-02 14:27:48,General Inquiry,True,3.01
8065-QBYTO,2024-05-26 19:23:43,Account,True,5.0
8065-QBYTO,2024-06-29 16:18:45,Billing,True,2.92
8065-YKXKD,2024-04-13 22:42:54,Technical,False,
8065-YKXKD,2024-05-03 20:21:46,Account,True,47.41
8065-YKXKD,2024-05-15 12:11:47,General Inquiry,False,
8065-YKXKD,2024-05-18 22:02:38,Service Outage,False,
8065-YKXKD,2024-06-05 23:35:24,Service Outage,False,
8066-POXGX,2024-04-03 12:40:52,General Inquiry,False,
8066-POXGX,2024-05-14 15:19:30,Technical,True,33.82
8066-POXGX,2024-06-23 23:12:16,General Inquiry,True,28.58
8066-POXGX,2024-06-30 20:26:36,Service Outage,False,
8067-NIOYM,2024-04-29 14:50:36,General Inquiry,True,4.83
8069-RHUXK,2024-06-18 03:15:15,Billing,False,
8069-YQQAJ,2024-06-27 01:21:31,Billing,True,5.79
8069-YQQAJ,2024-06-28 17:00:52,General Inquiry,True,1.92
8070-AAWZP,2024-04-04 15:37:17,Billing,True,5.15
8070-AAWZP,2024-05-28 01:21:19,Account,True,11.56
8070-AAWZP,2024-06-01 19:03:07,General Inquiry,True,2.33
8073-IJDCM,2024-05-01 07:23:36,Service Outage,True,7.93
8076-FEZKJ,2024-04-11 11:54:20,General Inquiry,False,
8076-FEZKJ,2024-05-26 20:55:24,Account,True,8.87
8079-XRJRS,2024-05-03 13:52:17,General Inquiry,True,24.82
8079-XRJRS,2024-05-11 22:04:32,Service Outage,True,15.67
8079-XRJRS,2024-05-16 18:02:52,Service Outage,False,
8079-XRJRS,2024-05-31 17:34:37,Technical,True,48.15
8079-XRJRS,2024-06-22 18:09:25,Technical,True,17.53
8080-DDEMJ,2024-06-15 16:02:49,Billing,True,28.87
8080-DDEMJ,2024-06-26 17:18:28,Technical,True,17.78
8080-POTJR,2024-04-24 21:24:50,General Inquiry,True,8.32
8080-POTJR,2024-05-29 08:12:42,Technical,True,15.99
8080-POTJR,2024-05-30 11:30:48,Technical,True,12.16
8080-POTJR,2024-06-02 19:41:02,Account,True,1.85
8080-POTJR,2024-06-08 16:53:34,Service Outage,True,5.83
8082-GHXOP,2024-05-01 16:28:08,Account,True,8.62
8082-GHXOP,2024-05-03 16:56:16,Service Outage,True,5.46
8083-YTZES,2024-05-17 15:03:18,General Inquiry,False,
8086-OVPWV,2024-06-22 20:15:30,Service Outage,True,28.6
8087-LGYHQ,2024-04-06 18:55:31,Billing,True,5.67
8087-LGYHQ,2024-05-11 12:49:58,Billing,True,4.38
8087-LGYHQ,2024-06-25 12:50:14,Technical,True,4.15
8089-UZWLX,2024-04-05 19:02:27,Technical,True,1.25
8089-UZWLX,2024-04-29 14:47:45,Account,True,6.71
8089-UZWLX,2024-05-11 05:54:56,Account,True,7.91
8089-UZWLX,2024-05-11 12:33:21,Technical,True,6.66
8089-UZWLX,2024-06-08 03:21:57,General Inquiry,True,4.15
8091-TTVAX,2024-04-23 05:48:31,Account,True,8.31
8091-TTVAX,2024-05-13 05:52:05,Billing,False,
8091-TTVAX,2024-06-01 11:36:54,Service Outage,True,9.59
8095-WANWK,2024-05-28 09:43:33,Account,True,6.17
8095-WANWK,2024-05-28 11:04:43,Billing,True,1.59
8098-LLAZX,2024-04-18 12:18:09,Account,False,
8098-LLAZX,2024-04-29 19:41:19,General Inquiry,True,14.02
8098-TDCBU,2024-05-08 03:02:24,Technical,False,
8098-TDCBU,2024-05-20 09:05:11,Billing,True,6.13
8099-MZPUJ,2024-05-28 19:00:39,Account,False,
8099-MZPUJ,2024-06-22 00:23:38,Account,True,9.04
8100-HZZLJ,2024-04-20 01:13:25,General Inquiry,True,5.06
8100-HZZLJ,2024-04-30 19:03:12,Account,True,4.91
8100-HZZLJ,2024-05-13 21:39:59,Technical,False,
8100-PNJMH,2024-05-26 13:29:52,Service Outage,True,7.83
8104-OSKWT,2024-05-02 04:18:11,Account,True,13.49
8106-GWQOK,2024-06-12 03:54:02,Service Outage,True,8.64
8107-KNCIM,2024-04-22 20:39:15,Technical,True,4.9
8107-KNCIM,2024-05-22 03:18:00,General Inquiry,True,11.07
8108-UXRQN,2024-05-03 15:59:22,Technical,True,30.37
8109-YUOHE,2024-06-27 21:29:08,Technical,True,10.94
8111-BKVDS,2024-05-04 21:00:48,General Inquiry,False,
8111-BKVDS,2024-05-26 21:06:39,Service Outage,True,14.59
8111-BKVDS,2024-06-15 16:39:06,Technical,True,9.58
8111-BKVDS,2024-06-18 18:09:20,Account,False,
8111-RKSPX,2024-05-21 23:27:00,Technical,True,60.11
8111-RKSPX,2024-06-30 20:50:26,General Inquiry,False,
8111-SLLHI,2024-04-02 06:52:52,General Inquiry,True,21.86
8111-SLLHI,2024-04-26 05:37:14,Account,True,34.35
8111-SLLHI,2024-04-26 23:31:39,Technical,False,
8111-SLLHI,2024-05-14 01:35:33,Service Outage,True,28.51
8118-TJAFG,2024-06-20 11:57:58,Service Outage,True,5.68
8120-JDCAM,2024-05-23 05:19:45,Technical,True,13.34
8120-JDCAM,2024-06-03 12:09:49,General Inquiry,True,7.49
8123-QBNAZ,2024-05-04 00:31:52,General Inquiry,True,5.74
8123-QBNAZ,2024-05-14 07:07:56,General Inquiry,True,12.05
8123-QBNAZ,2024-05-29 06:47:24,Technical,True,3.94
8123-QBNAZ,2024-06-15 07:19:07,General Inquiry,True,5.85
8123-QBNAZ,2024-06-25 22:58:30,Service Outage,True,2.97
8124-NZVGJ,2024-05-08 18:41:51,General Inquiry,True,7.99
8125-QPFJD,2024-05-22 10:02:25,General Inquiry,True,10.25
8125-QPFJD,2024-06-10 04:29:38,General Inquiry,True,6.65
8128-YVJRG,2024-04-18 13:03:24,Service Outage,False,
8128-YVJRG,2024-06-24 13:23:17,Billing,True,15.03
8132-YPVBX,2024-05-25 21:45:36,General Inquiry,True,33.53
8132-YPVBX,2024-06-23 16:31:19,Billing,True,18.79
8133-ANHHJ,2024-06-30 00:50:00,Billing,True,12.32
8143-ETQTI,2024-05-14 12:50:16,Account,True,6.24
8144-DGHXP,2024-06-11 14:18:32,Account,True,6.33
8146-QQKZH,2024-06-12 03:18:32,Billing,True,6.99
8148-BPLZQ,2024-04-19 04:45:51,General Inquiry,True,4.6
8149-AIQCG,2024-05-03 01:35:59,Service Outage,True,19.13
8149-AIQCG,2024-06-12 05:33:36,Billing,True,2.54
8149-AIQCG,2024-06-12 14:23:07,Account,False,
8149-AIQCG,2024-06-26 21:56:33,Billing,False,
8149-RSOUN,2024-04-12 18:26:35,Service Outage,True,28.96
8150-QUDFX,2024-06-17 22:53:49,Service Outage,True,4.65
8152-VETUR,2024-06-03 22:48:47,General Inquiry,True,4.33
8155-IBNHG,2024-05-23 09:43:21,Billing,False,
8155-IBNHG,2024-06-13 08:13:59,General Inquiry,True,60.49
8155-IBNHG,2024-06-15 02:33:15,Account,False,
8158-WPEZG,2024-06-29 09:23:58,Technical,True,7.21
8160-HOWOX,2024-04-20 22:19:58,General Inquiry,True,2.85
8160-HOWOX,2024-05-08 04:49:09,General Inquiry,True,5.37
8160-HOWOX,2024-05-29 17:11:27,Service Outage,True,5.13
8160-HOWOX,2024-06-18 12:34:06,General Inquiry,True,9.7
8160-HOWOX,2024-06-25 11:25:49,General Inquiry,True,7.61
8161-QYMTT,2024-05-29 16:16:05,Billing,True,3.39
8161-QYMTT,2024-06-02 11:44:45,General Inquiry,True,9.99
8164-OCKUJ,2024-06-18 22:25:15,Service Outage,True,2.51
8165-CBKXO,2024-04-02 14:55:51,Technical,True,4.2
8165-CBKXO,2024-04-15 08:50:53,Account,True,5.7
8165-CBKXO,2024-04-26 06:22:30,Technical,True,7.98
8165-CBKXO,2024-05-30 15:13:06,Technical,True,11.31
8165-CBKXO,2024-06-29 18:14:36,Service Outage,True,24.71
8165-ZJRNM,2024-06-25 00:22:45,Service Outage,True,7.02
8166-ORCHU,2024-05-01 19:29:54,Service Outage,True,17.01
8166-ORCHU,2024-05-23 02:29:36,General Inquiry,True,11.33
8166-ZZTFS,2024-04-20 10:02:24,General Inquiry,False,
8166-ZZTFS,2024-04-28 21:46:38,Account,True,29.87
8166-ZZTFS,2024-06-17 21:06:38,Account,True,19.68
8166-ZZTFS,2024-06-19 23:06:03,General Inquiry,False,
8166-ZZTFS,2024-06-27 10:19:32,Billing,True,20.19
8168-UQWWF,2024-04-04 17:12:02,Billing,True,5.63
8168-UQWWF,2024-05-13 22:20:55,Service Outage,False,
8168-UQWWF,2024-05-26 21:40:13,Service Outage,False,
8168-UQWWF,2024-06-11 03:14:45,General Inquiry,True,24.28
8169-SAEJD,2024-04-03 08:35:00,Service Outage,True,8.37
8169-SAEJD,2024-04-10 06:26:19,General Inquiry,False,
8169-SAEJD,2024-05-02 20:19:55,Service Outage,True,1.8
8169-SAEJD,2024-05-10 04:34:17,Service Outage,True,6.21
8173-RXAYP,2024-05-08 08:33:12,Account,True,3.57
8174-TBVCF,2024-06-17 17:11:41,Billing,True,4.37
8180-AKMJV,2024-06-13 22:45:49,Billing,True,6.14
8182-BJDSI,2024-04-03 23:47:18,Service Outage,True,10.15
8182-BJDSI,2024-04-14 20:12:37,General Inquiry,True,32.07
8182-BJDSI,2024-04-29 04:41:07,Service Outage,True,39.93
8182-BJDSI,2024-05-08 02:28:01,General Inquiry,False,
8182-BJDSI,2024-05-16 00:37:51,General Inquiry,False,
8183-ONMXC,2024-05-02 12:29:49,General Inquiry,False,
8184-WMOFI,2024-04-15 11:33:34,Billing,True,14.21
8185-UPYBR,2024-04-07 08:57:19,Technical,False,
8185-UPYBR,2024-04-16 19:06:48,General Inquiry,False,
8189-HBVRW,2024-04-26 03:26:01,Account,True,25.49
8189-HBVRW,2024-06-17 11:41:20,Technical,False,
8190-ZTQFB,2024-04-20 04:49:16,Service Outage,True,1.07
8190-ZTQFB,2024-05-21 01:56:57,Technical,True,4.16
8191-XWSZG,2024-04-03 03:28:28,Account,True,4.11
8194-PEEBY,2024-06-01 16:40:15,General Inquiry,False,
8197-BFWVU,2024-04-24 01:32:24,Technical,False,
8197-BFWVU,2024-04-30 15:41:58,Technical,True,1.36
8198-RKSZG,2024-06-11 14:17:26,Service Outage,True,4.31
8198-RKSZG,2024-06-30 11:08:39,Account,False,
8199-ZLLSA,2024-04-15 00:36:07,General Inquiry,False,
8199-ZLLSA,2024-05-28 07:05:20,Service Outage,True,26.31
8199-ZLLSA,2024-06-13 16:51:59,Billing,True,15.91
8201-AAXCB,2024-04-15 04:14:17,General Inquiry,True,19.37
8201-AAXCB,2024-04-21 01:00:58,Technical,True,16.71
8201-AAXCB,2024-04-25 00:01:10,Service Outage,True,14.14
8201-AAXCB,2024-06-15 02:30:23,Account,True,7.69
8203-XJZRC,2024-04-03 04:43:00,Billing,True,2.67
8203-XJZRC,2024-06-27 10:29:19,Account,True,15.58
8204-TIFGJ,2024-05-01 02:46:53,Billing,True,11.06
8204-YJCLA,2024-04-29 09:48:29,General Inquiry,False,
8204-YJCLA,2024-05-28 09:30:20,Billing,True,5.36
8205-MQUGY,2024-04-29 20:52:57,General Inquiry,True,2.16
8205-MQUGY,2024-06-03 14:28:51,General Inquiry,True,3.13
8205-MQUGY,2024-06-07 05:50:58,Service Outage,True,4.2
8205-OTCHB,2024-04-16 08:25:21,Account,False,
8205-OTCHB,2024-04-28 04:59:48,Account,True,20.07
8205-OTCHB,2024-05-23 21:01:09,Technical,True,26.8
8205-OTCHB,2024-06-06 15:53:54,General Inquiry,False,
8205-VSLRB,2024-06-03 09:52:55,Technical,True,4.89
8207-DMRVL,2024-06-13 11:30:26,Billing,True,2.28
8207-DMRVL,2024-06-15 12:30:23,Technical,True,6.47
8207-DMRVL,2024-06-30 12:13:27,Service Outage,True,3.08
8207-VVMYB,2024-06-10 11:10:13,Account,True,5.53
8207-VVMYB,2024-06-26 20:53:53,Billing,True,16.97
8208-EUMTE,2024-06-16 08:38:13,Account,False,
8212-CRQXP,2024-05-05 04:28:27,General Inquiry,True,7.86
8212-DJRCH,2024-06-19 13:17:33,Billing,False,
8213-TAZPM,2024-06-28 11:14:17,General Inquiry,True,15.6
8215-NGSPE,2024-06-03 18:44:07,Service Outage,True,3.03
8215-NGSPE,2024-06-27 03:34:51,Service Outage,True,15.56
8215-NGSPE,2024-06-27 19:21:02,Billing,True,13.78
8217-QYOHV,2024-05-19 04:26:37,Technical,True,9.42
8219-VYBVI,2024-05-09 03:23:34,Account,True,7.74
8219-VYBVI,2024-06-26 18:44:51,Billing,True,3.47
8219-VYBVI,2024-06-28 01:30:14,Account,True,7.12
8221-EQDGL,2024-04-07 00:10:13,Billing,True,8.66
8221-EQDGL,2024-05-06 07:39:31,Billing,True,2.89
8221-EQDGL,2024-05-08 07:05:45,Account,True,15.22
8221-EQDGL,2024-05-25 04:10:17,Service Outage,True,16.62
8221-EQDGL,2024-06-28 12:18:36,Account,True,14.57
8224-DWCKX,2024-04-16 08:31:00,General Inquiry,False,
8224-DWCKX,2024-06-19 01:16:28,Billing,True,8.0
8224-IVVPA,2024-04-21 17:54:30,Billing,True,9.68
8224-IVVPA,2024-04-28 16:34:32,Service Outage,False,
8224-IVVPA,2024-04-30 21:33:10,Service Outage,True,4.44
8224-IVVPA,2024-05-19 20:35:50,Technical,True,6.49
8224-KDLKN,2024-04-06 01:13:00,General Inquiry,True,4.98
8224-KDLKN,2024-04-21 08:30:22,Technical,True,5.49
8224-UAXBZ,2024-05-30 06:00:21,General Inquiry,True,3.36
8224-UAXBZ,2024-05-31 22:33:03,Billing,False,
8225-BTJAU,2024-05-24 16:45:06,Account,True,31.74
8225-BTJAU,2024-05-30 11:34:53,Account,True,82.13
8225-BTJAU,2024-06-05 02:57:38,Billing,True,10.98
8226-BXGES,2024-06-26 18:33:49,Service Outage,True,10.29
8229-MYEJZ,2024-04-27 22:08:00,General Inquiry,True,15.94
8229-MYEJZ,2024-05-01 10:24:10,General Inquiry,True,3.5
8229-MYEJZ,2024-05-28 12:14:21,Service Outage,True,6.4
8229-TNIQA,2024-04-14 18:45:46,General Inquiry,True,24.03
8229-TNIQA,2024-06-13 04:36:34,Technical,True,33.02
8231-BSWXX,2024-04-09 10:57:16,Billing,True,9.96
8231-BSWXX,2024-04-16 08:46:28,Technical,True,13.67
8231-BSWXX,2024-04-29 14:19:16,Billing,True,3.98
8231-BSWXX,2024-05-02 09:53:41,Technical,True,2.11
8231-BSWXX,2024-06-02 19:36:16,General Inquiry,True,1.95
8232-CTLKO,2024-05-09 20:08:26,Account,False,
8232-CTLKO,2024-06-30 08:56:41,Technical,True,5.86
8232-UTFOZ,2024-06-20 17:23:12,Service Outage,True,1.52
8234-GSZYK,2024-04-17 16:15:49,Billing,True,8.87
8234-GSZYK,2024-04-28 15:33:06,Technical,False,
8234-GSZYK,2024-05-04 08:05:41,Account,True,7.01
8234-GSZYK,2024-06-27 09:48:51,Billing,True,2.87
8237-ULIXL,2024-04-23 06:27:37,Service Outage,False,
8241-JUIQO,2024-05-05 12:37:31,Service Outage,True,8.29
8242-JSVBO,2024-04-10 00:08:39,Service Outage,True,10.42
8242-JSVBO,2024-04-20 13:34:32,General Inquiry,True,2.29
8242-JSVBO,2024-06-24 05:16:44,Technical,True,9.03
8242-PDSGJ,2024-06-08 20:49:40,Billing,True,4.13
8242-SOQUO,2024-04-08 03:37:32,Technical,True,4.22
8242-SOQUO,2024-06-19 19:38:11,General Inquiry,True,4.44
8242-SOQUO,2024-06-23 10:19:16,Technical,True,8.08
8245-UMPYT,2024-05-09 11:50:05,Service Outage,True,15.89
8245-UMPYT,2024-06-04 00:55:16,Account,False,
8245-UMPYT,2024-06-04 17:55:39,Technical,True,79.31
8245-UMPYT,2024-06-17 11:01:00,Technical,True,25.85
8246-SHFGA,2024-04-02 05:51:09,Technical,True,4.11
8246-SHFGA,2024-04-19 18:24:35,Billing,True,2.56
8246-SHFGA,2024-05-20 08:12:16,Account,True,6.48
8246-SHFGA,2024-06-16 08:42:37,General Inquiry,True,6.73
8250-ZNGGW,2024-04-02 12:52:04,Account,True,5.1
8250-ZNGGW,2024-04-20 14:58:33,Service Outage,True,5.89
8250-ZNGGW,2024-04-21 16:35:15,General Inquiry,False,
8257-RZAHR,2024-05-23 12:40:07,General Inquiry,False,
8257-RZAHR,2024-06-05 01:25:41,Billing,False,
8257-RZAHR,2024-06-07 10:32:11,General Inquiry,True,24.13
8257-RZAHR,2024-06-09 20:32:25,Service Outage,False,
8258-GSTJK,2024-04-19 13:25:45,Billing,False,
8259-DZLIZ,2024-06-09 09:39:40,Technical,True,2.96
8259-NFJTV,2024-06-09 04:42:57,Service Outage,True,3.68
8259-NFJTV,2024-06-09 21:30:09,Account,True,12.49
8259-NFJTV,2024-06-13 02:48:28,Technical,True,3.55
8260-NGFNY,2024-04-02 06:31:01,Technical,True,23.28
8260-NGFNY,2024-05-18 00:12:03,Billing,False,
8262-COGGB,2024-04-06 12:47:12,General Inquiry,True,3.9
8262-COGGB,2024-05-19 15:48:35,Account,True,4.45
8262-COGGB,2024-06-27 19:57:36,General Inquiry,True,6.43
8263-JQAIK,2024-05-27 09:58:23,Account,True,35.18
8263-JQAIK,2024-06-20 04:24:14,Technical,True,26.22
8263-JQAIK,2024-06-30 15:43:26,Billing,False,
8263-OKETD,2024-04-15 13:31:38,General Inquiry,False,
8263-QMNTJ,2024-04-20 19:42:25,Service Outage,True,6.02
8263-QMNTJ,2024-06-30 04:17:57,Technical,True,7.57
8265-HKSOW,2024-04-21 20:04:13,Service Outage,True,3.3
8266-VBFQL,2024-05-11 15:30:38,Account,False,
8266-VBFQL,2024-05-23 06:39:01,Billing,True,8.36
8267-KFGYD,2024-04-24 22:26:05,Service Outage,True,4.68
8267-KFGYD,2024-06-24 22:45:01,Billing,True,0.74
8268-YDIXR,2024-04-13 07:35:07,General Inquiry,True,7.11
8268-YDIXR,2024-05-28 04:47:42,Billing,True,9.37
8268-YDIXR,2024-06-08 00:22:30,Technical,True,4.82
8268-YDIXR,2024-06-11 05:08:17,Technical,True,6.08
8270-RKSAP,2024-05-04 06:06:37,Service Outage,True,8.41
8270-RKSAP,2024-05-11 18:50:12,General Inquiry,True,10.99
8270-RKSAP,2024-05-19 03:04:29,Technical,True,7.08
8270-RKSAP,2024-05-31 17:02:46,Billing,True,4.11
8272-ONJLV,2024-04-04 21:01:43,Service Outage,True,4.29
8272-ONJLV,2024-06-05 06:21:05,Account,False,
8276-MQBYC,2024-04-12 05:44:42,Service Outage,True,28.82
8276-MQBYC,2024-05-12 21:49:42,General Inquiry,False,
8276-MQBYC,2024-06-21 01:50:35,Technical,False,
8277-RVRSV,2024-04-10 17:16:45,General Inquiry,True,3.43
8277-RVRSV,2024-04-14 21:35:09,Billing,True,5.18
8277-RVRSV,2024-04-15 03:47:54,Technical,False,
8277-RVRSV,2024-05-02 22:55:08,Account,True,8.18
8280-MQRQN,2024-05-15 08:38:16,Account,False,
8280-MQRQN,2024-06-20 17:58:41,Service Outage,True,52.06
8286-AFUYI,2024-04-11 04:18:28,Billing,True,4.26
8286-AFUYI,2024-04-13 16:00:28,Account,True,2.34
8286-AFUYI,2024-05-01 14:06:00,Account,True,9.64
8286-AFUYI,2024-05-06 23:53:45,Account,True,2.36
8290-YWKHZ,2024-04-03 09:39:55,Billing,True,45.9
8290-YWKHZ,2024-04-22 06:28:50,General Inquiry,True,25.69
8290-YWKHZ,2024-06-23 23:40:35,Billing,False,
8292-TYSPY,2024-06-09 22:27:22,Account,False,
8294-UIMBA,2024-04-06 12:51:29,General Inquiry,True,10.74
8294-UIMBA,2024-04-18 00:04:41,Service Outage,True,2.85
8294-UIMBA,2024-06-01 20:35:33,Account,True,5.9
8295-FHIVV,2024-06-03 20:30:57,Technical,False,
8295-FHIVV,2024-06-20 23:09:02,Service Outage,False,
8295-KMENE,2024-05-13 09:32:06,Service Outage,False,
8305-VHZBZ,2024-05-13 04:48:46,Technical,False,
8305-VHZBZ,2024-06-27 19:19:31,Technical,False,
8305-VHZBZ,2024-06-29 23:39:49,Technical,True,21.14
8309-IEYJD,2024-04-03 19:02:25,Service Outage,True,5.39
8309-IEYJD,2024-04-11 05:25:50,General Inquiry,True,8.12
8309-IEYJD,2024-04-21 02:15:53,Billing,True,5.55
8309-IEYJD,2024-06-03 05:29:15,Technical,False,
8311-UEUAB,2024-04-12 09:54:43,General Inquiry,True,5.4
8311-UEUAB,2024-04-12 22:54:46,Technical,True,5.46
8311-UEUAB,2024-04-19 23:05:24,Service Outage,True,6.48
8313-NDOIA,2024-04-13 09:14:44,Account,True,4.11
8314-DPQHL,2024-04-02 06:17:02,Account,True,4.43
8314-DPQHL,2024-04-08 14:06:18,Technical,True,4.28
8314-DPQHL,2024-06-06 16:19:34,Technical,True,4.67
8317-BVKSO,2024-04-12 21:40:58,Technical,True,6.33
8317-BVKSO,2024-04-26 18:57:13,Technical,True,2.59
8318-LCNBW,2024-04-13 04:20:11,Service Outage,True,3.79
8318-LCNBW,2024-06-14 20:53:33,General Inquiry,True,9.26
8319-QBEHW,2024-04-06 17:40:42,Billing,True,5.46
8319-QBEHW,2024-06-14 15:49:07,Service Outage,True,9.86
8325-QRPZR,2024-05-11 10:16:14,Account,True,7.0
8325-QRPZR,2024-06-27 03:14:08,Technical,True,8.86
8327-LZKAS,2024-05-20 13:07:38,Account,True,43.28
8327-LZKAS,2024-05-25 11:50:39,Billing,False,
8327-LZKAS,2024-06-25 12:03:55,Technical,False,
8327-WKMIE,2024-04-10 20:12:54,Technical,True,5.14
8327-WKMIE,2024-05-09 12:06:15,Billing,True,2.24
8327-WKMIE,2024-06-03 20:50:33,Service Outage,True,1.46
8329-GWVPJ,2024-04-02 17:46:05,Account,True,4.33
8329-GWVPJ,2024-04-16 04:46:07,General Inquiry,True,5.02
8329-GWVPJ,2024-05-24 02:17:35,Service Outage,True,6.27
8329-GWVPJ,2024-05-27 10:25:29,Account,True,2.56
8331-ZXFOE,2024-06-10 22:37:03,Technical,True,4.0
8332-OSJDW,2024-04-20 10:54:04,General Inquiry,False,
8332-OSJDW,2024-05-13 22:32:00,Service Outage,True,2.19
8332-OSJDW,2024-05-25 14:44:34,Technical,True,5.85
8332-OSJDW,2024-05-27 04:35:12,General Inquiry,True,5.85
8336-TAVKX,2024-05-05 21:43:31,Billing,True,5.58
8337-MSSXB,2024-06-10 03:42:25,Billing,False,
8337-MSSXB,2024-06-26 13:52:25,Account,True,24.22
8337-UPOAQ,2024-05-18 17:45:32,Account,True,34.12
8337-UPOAQ,2024-06-01 07:57:51,General Inquiry,False,
8337-UPOAQ,2024-06-18 10:15:26,General Inquiry,True,19.0
8337-UPOAQ,2024-06-26 07:50:16,General Inquiry,True,17.49
8347-GDTMP,2024-06-06 21:34:57,General Inquiry,True,10.01
8348-HFYIV,2024-05-03 12:28:04,Account,True,103.41
8348-HFYIV,2024-05-14 23:42:06,Technical,True,26.12
8348-JLBUG,2024-04-08 08:49:26,Billing,True,7.87
8348-JLBUG,2024-05-05 22:29:37,Technical,True,3.29
8348-JLBUG,2024-05-18 00:32:02,Technical,True,6.39
8350-NYMVI,2024-05-24 15:27:46,Technical,False,
8356-WUAOJ,2024-04-10 21:30:48,Account,True,8.28
8356-WUAOJ,2024-04-19 05:43:26,Billing,True,15.35
8357-EQXFO,2024-05-09 17:42:52,General Inquiry,False,
8361-LBRDI,2024-05-14 14:03:35,Billing,True,6.77
8361-LTMKD,2024-06-23 20:07:09,General Inquiry,True,38.5
8364-TRMMK,2024-05-02 01:18:49,General Inquiry,False,
8364-TRMMK,2024-05-05 11:46:39,Service Outage,False,
8372-JUXUI,2024-04-09 11:02:45,Technical,True,35.04
8372-JUXUI,2024-05-26 01:19:06,Service Outage,True,8.39
8372-JUXUI,2024-06-18 05:01:34,Technical,True,18.19
8372-JUXUI,2024-06-19 07:47:19,General Inquiry,False,
8374-XGEJJ,2024-04-29 00:15:48,Account,True,37.37
8374-XGEJJ,2024-05-18 19:30:50,Service Outage,False,
8374-XGEJJ,2024-06-04 00:31:06,Service Outage,False,
8374-XGEJJ,2024-06-26 07:56:56,Account,True,18.1
8375-KVTHK,2024-04-07 02:20:29,Account,True,7.52
8378-LKJAF,2024-06-15 17:11:20,Technical,True,7.96
8380-PEFPE,2024-06-04 15:14:43,Billing,True,45.72
8380-PEFPE,2024-06-26 01:08:06,Service Outage,True,21.74
8382-SHQEH,2024-05-09 03:43:26,Service Outage,True,26.72
8382-SHQEH,2024-05-15 05:01:25,Service Outage,False,
8383-SGHJU,2024-05-10 02:49:37,Technical,True,3.35
8384-FZBJK,2024-04-17 01:15:27,General Inquiry,True,3.13
8384-FZBJK,2024-05-02 15:39:31,General Inquiry,True,20.75
8384-FZBJK,2024-06-05 21:36:06,Technical,True,8.98
8387-MOJJT,2024-04-02 00:41:46,General Inquiry,True,16.06
8387-MOJJT,2024-04-17 11:55:07,Billing,False,
8387-MOJJT,2024-06-05 00:00:21,General Inquiry,False,
8387-MOJJT,2024-06-08 04:03:08,Technical,True,6.51
8387-MOJJT,2024-06-26 09:06:03,Billing,False,
8390-FESFV,2024-05-09 18:14:12,General Inquiry,True,2.16
8393-DLHGA,2024-05-28 10:49:44,Account,True,38.65
8393-JMVMB,2024-05-05 03:36:18,Account,False,
8393-JMVMB,2024-06-06 21:42:55,General Inquiry,True,6.04
8393-JMVMB,2024-06-16 09:08:40,Service Outage,False,
8395-ETZKQ,2024-04-16 20:12:17,General Inquiry,True,3.23
8395-ETZKQ,2024-04-28 05:10:53,Billing,True,9.65
8395-ETZKQ,2024-05-26 08:19:54,Billing,True,13.43
8397-MVTAZ,2024-06-20 17:50:05,Account,True,12.15
8398-TBIYD,2024-05-21 04:24:34,Account,True,18.36
8399-YNDCH,2024-04-19 16:57:56,General Inquiry,True,56.2
8399-YNDCH,2024-05-17 19:56:52,Billing,False,
8399-YNDCH,2024-06-13 15:55:26,Technical,True,18.22
8400-WZICQ,2024-04-16 20:49:05,Account,True,7.08
8400-WZICQ,2024-05-16 08:13:25,Account,True,4.99
8400-WZICQ,2024-06-28 04:58:30,Account,True,3.43
8401-EMUWF,2024-05-27 18:59:13,Service Outage,True,6.68
8401-EMUWF,2024-06-25 06:33:57,General Inquiry,True,4.65
8402-EIVQS,2024-05-10 08:03:23,Account,True,3.4
8402-EIVQS,2024-05-25 01:39:57,Service Outage,True,3.61
8402-EIVQS,2024-06-06 02:33:06,Service Outage,True,6.41
8402-EIVQS,2024-06-24 23:37:06,Technical,True,10.08
8402-OOOHJ,2024-05-18 10:03:38,Technical,True,5.33
8404-FYDIB,2024-04-27 18:28:45,Technical,True,3.82
8404-GFGCZ,2024-04-05 06:39:26,Technical,True,7.25
8404-GFGCZ,2024-04-07 06:53:44,Technical,True,8.0
8404-GFGCZ,2024-05-01 19:18:36,Billing,False,
8404-GFGCZ,2024-05-11 11:33:05,Account,True,2.37
8404-VIOMB,2024-04-17 10:02:19,General Inquiry,True,2.68
8404-VIOMB,2024-06-15 09:07:36,General Inquiry,True,5.85
8405-IGQFX,2024-05-05 10:12:29,Service Outage,True,11.17
8406-LNMHF,2024-04-15 16:33:10,General Inquiry,True,4.47
8406-LNMHF,2024-04-30 21:11:16,Technical,True,4.95
8406-LNMHF,2024-05-03 10:04:50,Billing,True,7.66
8406-LNMHF,2024-05-10 07:33:03,Billing,True,7.1
8406-LNMHF,2024-06-20 20:21:52,Billing,True,19.75
8409-WQJUX,2024-04-24 23:22:24,General Inquiry,True,6.43
8410-BGQXN,2024-04-27 22:01:50,Account,False,
8413-VONUO,2024-04-30 07:08:09,Technical,True,8.21
8413-VONUO,2024-05-23 22:52:04,Service Outage,True,17.98
8414-MYSHR,2024-04-17 01:41:40,Account,True,25.31
8414-MYSHR,2024-04-19 23:45:36,Service Outage,True,56.19
8414-MYSHR,2024-05-27 05:14:11,General Inquiry,True,41.03
8414-MYSHR,2024-06-10 23:47:14,General Inquiry,True,70.24
8414-OOEEL,2024-05-18 12:57:16,General Inquiry,True,3.25
8417-FMLZI,2024-04-06 08:17:08,Billing,True,34.22
8417-FMLZI,2024-04-25 14:43:32,General Inquiry,False,
8417-FMLZI,2024-05-28 21:35:18,Technical,False,
8417-GSODA,2024-04-14 05:39:44,General Inquiry,True,5.8
8417-GSODA,2024-04-30 07:38:36,Billing,True,10.88
8417-GSODA,2024-05-18 10:51:24,Technical,True,7.48
8417-GSODA,2024-06-04 06:24:21,Account,True,5.55
8417-GSODA,2024-06-10 08:16:18,Billing,True,4.47
8429-XIBUM,2024-04-11 21:02:01,General Inquiry,True,47.47
8429-XIBUM,2024-05-05 14:25:07,Technical,False,
8429-XIBUM,2024-05-07 21:07:33,General Inquiry,True,43.73
8430-TWCBX,2024-05-08 21:35:54,Account,True,3.3
8433-WPJTV,2024-05-17 23:22:13,Account,True,3.39
8433-WPJTV,2024-06-27 23:27:24,Account,True,22.23
8433-WXGNA,2024-04-24 23:25:38,Technical,True,38.32
8433-WXGNA,2024-05-16 16:09:03,General Inquiry,True,42.92
8434-PNQZX,2024-04-21 09:39:23,Billing,True,9.46
8434-VGEQQ,2024-05-27 09:08:13,General Inquiry,True,2.35
8436-BJUMM,2024-04-21 15:04:30,Technical,False,
8436-BJUMM,2024-05-13 20:03:57,Billing,True,26.96
8439-LTUGF,2024-04-02 20:05:28,Account,True,10.45
8439-LTUGF,2024-05-09 16:13:42,Account,True,11.44
8443-WVPSS,2024-05-15 03:56:24,Billing,False,
8443-WVPSS,2024-06-10 15:51:42,General Inquiry,False,
8443-ZRDBZ,2024-05-29 02:39:22,Technical,True,26.67
8443-ZRDBZ,2024-06-21 03:29:09,Billing,True,24.89
8444-WRIDW,2024-06-06 02:10:55,Account,False,
8444-WRIDW,2024-06-21 05:13:48,Account,False,
8445-DNBAE,2024-04-26 20:47:41,Technical,True,5.91
8445-DNBAE,2024-05-19 18:32:38,Technical,True,6.89
8445-DNBAE,2024-06-06 23:30:07,General Inquiry,True,5.32
8445-DNBAE,2024-06-09 20:18:19,Service Outage,False,
8445-DNBAE,2024-06-30 10:24:14,Account,False,
8450-JOVAH,2024-04-28 12:45:59,Service Outage,True,11.65
8450-JOVAH,2024-06-30 20:19:47,Billing,True,13.7
8450-UYIBU,2024-04-03 06:18:52,Service Outage,True,3.5
8450-UYIBU,2024-05-28 18:44:35,Account,True,3.85
8450-UYIBU,2024-06-13 12:52:27,Technical,True,9.75
8450-UYIBU,2024-06-17 12:32:40,Billing,True,13.47
8454-AATJP,2024-04-11 21:15:49,General Inquiry,True,3.41
8454-AATJP,2024-06-14 13:11:19,Account,True,7.56
8455-HIRAQ,2024-04-18 18:12:53,General Inquiry,True,3.31
8455-HIRAQ,2024-06-08 11:37:43,Account,True,3.76
8455-HIRAQ,2024-06-16 21:25:32,Account,True,3.66
8456-QDAVC,2024-06-02 04:07:00,Billing,True,14.09
8456-QDAVC,2024-06-04 15:58:03,Service Outage,False,
8456-QDAVC,2024-06-30 13:36:57,Account,True,4.08
8461-EFQYM,2024-04-13 06:08:16,Service Outage,True,11.56
8461-EFQYM,2024-05-22 16:30:55,Technical,True,2.13
8461-EFQYM,2024-06-07 09:46:56,Service Outage,False,
8461-EFQYM,2024-06-16 22:09:13,General Inquiry,True,4.01
8461-EFQYM,2024-06-22 04:27:35,Account,False,
8464-EETCQ,2024-05-19 08:17:55,Billing,True,4.64
8465-SBRXP,2024-06-20 20:21:53,Billing,True,10.05
8466-PZBLH,2024-04-06 12:03:50,Billing,False,
8466-PZBLH,2024-06-01 13:59:20,Technical,False,
8468-EHYJA,2024-04-15 05:19:41,Service Outage,True,8.73
8468-EHYJA,2024-04-30 19:39:37,Billing,True,8.43
8468-EHYJA,2024-05-04 08:58:58,Service Outage,True,3.32
8468-EHYJA,2024-05-08 19:11:32,Account,True,4.9
8468-EHYJA,2024-06-15 22:41:09,Account,False,
8468-FZTOE,2024-06-29 21:09:09,General Inquiry,False,
8473-VUVJN,2024-04-02 10:46:07,General Inquiry,True,21.4
8473-VUVJN,2024-04-05 04:32:24,General Inquiry,True,23.55
8473-VUVJN,2024-05-02 14:49:08,Billing,False,
8473-VUVJN,2024-06-25 01:58:55,Service Outage,False,
8474-UMLNT,2024-05-22 08:30:51,Technical,False,
8480-PPONV,2024-04-17 08:51:34,Service Outage,False,
8490-BXHEO,2024-04-24 06:56:41,Service Outage,True,6.07
8490-BXHEO,2024-05-03 07:14:53,Account,True,8.63
8495-LJDFO,2024-05-03 08:04:46,Account,True,13.83
8495-LJDFO,2024-06-03 15:35:30,Billing,True,7.64
8495-LJDFO,2024-06-05 09:13:46,Service Outage,True,30.05
8495-PRWFH,2024-06-14 13:47:07,Service Outage,True,4.75
8496-DMZUK,2024-04-04 04:15:47,General Inquiry,True,20.3
8496-DMZUK,2024-05-30 17:40:54,Account,True,7.42
8496-EJAUI,2024-04-06 09:42:19,Technical,True,20.84
8496-EJAUI,2024-04-19 20:12:15,General Inquiry,False,
8496-EJAUI,2024-05-23 02:42:41,General Inquiry,True,7.15
8496-EJAUI,2024-05-28 07:54:34,Billing,True,42.83
8498-XXGWA,2024-06-24 03:30:37,General Inquiry,True,1.98
8510-AWCXC,2024-04-06 17:08:15,General Inquiry,True,37.49
8510-AWCXC,2024-05-26 05:33:29,General Inquiry,True,16.87
8510-AWCXC,2024-06-03 20:34:32,Billing,False,
8510-TMWYB,2024-04-20 10:07:15,Service Outage,True,6.01
8510-TMWYB,2024-04-26 16:47:30,Technical,True,4.37
8510-TMWYB,2024-05-16 17:42:41,Technical,True,6.41
8513-OLYGY,2024-04-25 17:13:16,General Inquiry,True,1.79
8513-OLYGY,2024-06-24 11:44:39,Billing,True,1.93
8514-VZHEB,2024-06-22 08:55:13,General Inquiry,True,3.07
8515-OCTJS,2024-04-24 12:10:14,General Inquiry,True,12.78
8515-OCTJS,2024-05-03 15:16:22,Billing,False,
8519-IMDHU,2024-04-19 11:40:41,Technical,True,9.64
8519-IMDHU,2024-05-08 04:54:54,Service Outage,True,11.82
8519-IMDHU,2024-06-09 09:24:48,Billing,False,
8519-QJGJD,2024-05-09 00:11:57,Technical,True,13.58
8519-QJGJD,2024-05-15 06:39:34,Billing,True,32.42
8519-QJGJD,2024-05-21 11:12:21,Technical,False,
8532-UEFWH,2024-04-16 20:33:10,Service Outage,True,11.64
8535-SFUTN,2024-04-04 23:55:56,Service Outage,False,
8535-SFUTN,2024-06-08 17:25:51,General Inquiry,True,8.51
8535-SFUTN,2024-06-26 04:41:22,Billing,True,4.58
8540-ZQGEA,2024-04-11 11:09:13,Billing,True,12.34
8540-ZQGEA,2024-04-11 12:58:37,Billing,True,3.52
8540-ZQGEA,2024-04-12 13:40:01,Service Outage,True,23.8
8540-ZQGEA,2024-06-17 15:01:33,Technical,True,3.87
8541-QVFKM,2024-06-21 16:58:48,General Inquiry,True,22.76
8543-MSDMF,2024-04-16 19:46:31,Technical,True,4.39
8543-MSDMF,2024-04-22 01:31:22,Technical,True,1.15
8543-MSDMF,2024-06-29 11:03:42,Billing,True,3.15
8544-GOQSH,2024-05-04 00:46:11,General Inquiry,True,5.12
8548-AWOFC,2024-06-05 22:02:50,Account,True,1.32
8548-AWOFC,2024-06-18 02:53:07,Technical,True,1.92
8550-XSXUQ,2024-04-22 17:10:35,Technical,False,
8550-XSXUQ,2024-05-12 00:34:33,Billing,True,9.2
8550-XSXUQ,2024-06-03 15:22:20,Technical,True,4.52
8550-XSXUQ,2024-06-20 08:36:04,Account,True,4.14
8550-XSXUQ,2024-06-28 09:31:02,Billing,True,1.72
8552-OBVRU,2024-04-17 05:10:53,Technical,True,6.12
8552-OBVRU,2024-04-26 08:53:13,Account,True,5.32
8552-OBVRU,2024-06-03 19:04:29,Account,True,14.99
8552-OBVRU,2024-06-06 13:48:45,Billing,True,3.53
8559-WNQZS,2024-05-05 23:55:13,Service Outage,True,1.67
8559-WNQZS,2024-06-07 12:51:30,Technical,True,6.32
8562-GHPPI,2024-06-15 11:54:19,Account,True,34.91
8563-IIOXK,2024-06-07 18:51:14,Account,False,
8563-OYMQY,2024-04-13 15:46:27,Technical,True,17.78
8563-OYMQY,2024-04-30 03:03:46,Account,True,5.75
8563-OYMQY,2024-05-22 16:44:47,Service Outage,True,9.49
8564-LDKFL,2024-04-20 01:31:49,Service Outage,True,5.36
8564-LDKFL,2024-05-15 15:12:27,Billing,True,5.82
8565-CLBZW,2024-04-09 06:13:44,Billing,True,15.8
8565-HBFNN,2024-05-19 08:52:53,Service Outage,True,2.65
8565-HBFNN,2024-05-19 10:47:42,Billing,True,5.24
8565-HBFNN,2024-06-18 19:28:08,Account,True,1.23
8566-YPRGL,2024-06-12 16:23:58,Account,True,4.72
8566-YPRGL,2024-06-17 20:41:11,Service Outage,False,
8570-KLJYJ,2024-04-09 01:23:10,Service Outage,True,2.48
8570-KLJYJ,2024-04-10 13:48:24,Service Outage,True,3.02
8570-KLJYJ,2024-04-12 06:31:56,Billing,True,1.6
8570-KLJYJ,2024-04-14 16:34:08,Service Outage,True,6.02
8570-KLJYJ,2024-04-27 13:17:34,General Inquiry,True,27.36
8577-QSOCG,2024-06-01 14:10:31,Service Outage,False,
8580-AECUZ,2024-04-11 06:10:25,Account,False,
8580-AECUZ,2024-04-18 22:02:49,General Inquiry,True,58.31
8580-QVLOC,2024-05-15 03:49:04,Technical,False,
8582-KRHPJ,2024-05-30 22:34:24,Billing,True,3.84
8582-KRHPJ,2024-06-24 10:57:41,General Inquiry,False,
8584-KMVXD,2024-04-02 02:25:18,General Inquiry,True,3.37
8584-KMVXD,2024-04-25 15:00:43,Technical,True,7.86
8587-XYZSF,2024-04-12 04:54:26,Account,True,11.5
8587-XYZSF,2024-06-12 16:51:36,Billing,True,5.78
8590-OHDIW,2024-05-13 11:06:25,Account,True,10.34
8590-YFFQO,2024-05-22 05:33:34,Account,True,4.55
8591-NXRCV,2024-04-25 21:52:06,Billing,True,20.46
8591-TKMZH,2024-06-17 17:35:40,Billing,True,5.82
8592-PLTMQ,2024-04-14 10:35:54,General Inquiry,True,3.41
8592-PLTMQ,2024-06-05 10:32:15,Service Outage,True,6.11
8592-PLTMQ,2024-06-24 14:12:37,Technical,True,7.09
8593-WHYHV,2024-05-04 21:11:09,Technical,True,31.22
8593-WHYHV,2024-05-07 08:21:29,General Inquiry,True,10.71
8593-WHYHV,2024-06-19 17:53:02,General Inquiry,False,
8597-CTXVJ,2024-04-20 17:44:29,Billing,True,9.59
8597-CTXVJ,2024-05-23 20:10:24,Account,True,9.78
8597-CWYHH,2024-04-02 13:39:33,Account,True,2.74
8601-QACRS,2024-05-23 07:00:07,General Inquiry,True,29.74
8601-QACRS,2024-06-02 08:04:39,General Inquiry,False,
8601-QACRS,2024-06-09 18:42:07,Account,False,
8601-QACRS,2024-06-15 15:51:32,Billing,False,
8601-QACRS,2024-06-19 13:57:46,General Inquiry,False,
8603-IJWDN,2024-05-07 21:56:59,Account,True,42.43
8605-ITULD,2024-04-07 14:46:54,Billing,True,10.69
8605-ITULD,2024-05-17 20:45:19,Billing,True,0.7
8605-ITULD,2024-06-11 09:04:12,Technical,True,5.46
8606-OEGQZ,2024-04-27 08:03:46,Technical,True,9.38
8606-OEGQZ,2024-05-07 21:26:44,General Inquiry,True,8.36
8608-OZTLB,2024-05-27 04:39:22,Technical,False,
8608-OZTLB,2024-06-29 03:25:30,Technical,True,4.11
8608-OZTLB,2024-06-29 21:22:22,General Inquiry,True,7.05
8610-WFCJF,2024-06-13 15:00:46,General Inquiry,False,
8610-WFCJF,2024-06-23 15:18:42,Service Outage,True,28.08
8610-ZIKJJ,2024-04-24 05:27:18,Billing,True,3.26
8610-ZIKJJ,2024-04-26 10:07:25,Service Outage,True,5.75
8612-GXIDD,2024-04-03 14:42:24,Technical,True,5.55
8614-VGMMV,2024-05-03 17:43:44,Service Outage,True,53.15
8617-ENBDS,2024-04-10 17:23:04,General Inquiry,True,13.08
8617-ENBDS,2024-04-29 15:06:10,Technical,False,
8617-ENBDS,2024-06-06 04:56:08,General Inquiry,True,9.22
8619-IJNDK,2024-05-23 13:54:47,Account,True,9.28
8621-MNIHH,2024-04-11 17:58:34,General Inquiry,False,
8621-MNIHH,2024-05-19 09:00:30,Service Outage,True,41.25
8622-ZLFKO,2024-04-04 02:57:22,Billing,True,3.34
8622-ZLFKO,2024-05-03 08:00:54,Service Outage,True,4.61
8622-ZLFKO,2024-05-13 16:38:59,Billing,True,3.33
8623-TMRBY,2024-05-19 00:04:30,Billing,False,
8623-TMRBY,2024-05-27 09:40:19,Billing,True,40.38
8623-TMRBY,2024-06-05 22:57:38,Billing,False,
8623-ULFNQ,2024-04-14 15:40:21,Account,True,17.75
8624-GIOUT,2024-04-22 05:43:29,Account,False,
8624-GIOUT,2024-05-12 04:39:19,Billing,True,21.33
8624-GIOUT,2024-05-17 13:37:19,General Inquiry,False,
8624-GIOUT,2024-05-21 04:48:13,Billing,False,
8625-AZYZY,2024-05-06 12:53:24,Technical,True,88.75
8625-AZYZY,2024-06-21 06:51:01,Account,False,
8625-AZYZY,2024-06-24 01:15:19,General Inquiry,True,33.37
8626-XHBIE,2024-04-11 23:25:13,Billing,True,10.81
8626-XHBIE,2024-04-12 04:41:27,Account,True,6.47
8626-XHBIE,2024-05-07 18:31:15,Technical,True,3.3
8627-EHGIP,2024-04-17 15:23:49,Technical,False,
8627-EHGIP,2024-04-19 10:59:04,General Inquiry,False,
8627-EHGIP,2024-04-26 00:16:46,Service Outage,False,
8627-EHGIP,2024-05-04 14:20:13,Account,False,
8627-EHGIP,2024-05-31 17:20:54,Technical,False,
8627-ZYGSZ,2024-06-03 12:20:29,General Inquiry,True,9.79
8627-ZYGSZ,2024-06-10 19:47:43,Account,True,4.63
8627-ZYGSZ,2024-06-11 17:19:45,General Inquiry,True,2.37
8627-ZYGSZ,2024-06-28 07:19:49,General Inquiry,True,12.74
8630-FJLIB,2024-06-01 14:42:51,Technical,True,10.31
8630-FJLIB,2024-06-03 02:02:26,Service Outage,False,
8631-NBHFZ,2024-04-29 00:16:09,Account,False,
8631-WUXGY,2024-04-02 20:49:47,Technical,True,3.85
8631-WUXGY,2024-04-30 17:13:13,General Inquiry,True,4.97
8631-WUXGY,2024-05-25 09:47:35,Service Outage,True,4.28
8631-XVRZL,2024-06-10 08:48:39,Billing,True,6.44
8634-MPHTR,2024-04-03 06:20:32,Service Outage,False,
8634-MPHTR,2024-04-17 09:36:34,Technical,False,
8634-MPHTR,2024-04-27 05:27:20,Billing,True,13.01
8634-MPHTR,2024-06-10 11:31:10,Technical,True,14.94
8637-XJIVR,2024-04-06 19:28:42,Billing,False,
8637-XJIVR,2024-05-06 07:58:43,Billing,False,
8637-XJIVR,2024-05-14 13:12:05,General Inquiry,True,20.66
8637-XJIVR,2024-06-22 23:34:29,General Inquiry,True,36.52
8639-NHQEI,2024-05-02 00:50:22,Service Outage,True,4.73
8639-NHQEI,2024-05-07 18:31:18,General Inquiry,True,4.41
8639-NHQEI,2024-05-12 11:30:38,Account,True,3.73
8639-NHQEI,2024-05-18 10:17:32,Account,True,6.65
8639-NHQEI,2024-05-30 07:27:33,Technical,True,6.83
8640-SDGKB,2024-06-13 00:18:32,Service Outage,True,4.18
8642-GVWRF,2024-04-27 12:21:06,Billing,False,
8642-GVWRF,2024-05-24 17:15:47,Account,True,13.55
8644-XLFBW,2024-04-06 21:14:14,Service Outage,False,
8644-XLFBW,2024-06-01 22:38:13,Billing,False,
8644-XYTSV,2024-04-02 06:51:46,Billing,True,4.26
8644-XYTSV,2024-04-07 22:28:37,General Inquiry,False,
8644-XYTSV,2024-04-10 23:03:47,Service Outage,True,5.01
8644-XYTSV,2024-05-10 11:39:42,Technical,False,
8644-XYTSV,2024-05-28 05:19:14,Service Outage,True,6.32
8645-KWHJO,2024-04-17 04:19:34,Service Outage,True,5.4
8646-JCOMS,2024-05-20 17:53:25,Technical,True,9.68
8647-SDTWQ,2024-04-12 14:03:16,Service Outage,True,4.84
8647-SDTWQ,2024-05-16 17:55:26,Service Outage,True,9.77
8647-SDTWQ,2024-06-15 09:20:34,Service Outage,True,3.06
8647-SDTWQ,2024-06-26 02:58:28,General Inquiry,True,7.82
8648-PFRMP,2024-05-26 01:47:53,Billing,True,8.84
8648-PFRMP,2024-06-27 14:27:14,Billing,True,11.73
8651-ENBZX,2024-06-07 18:27:47,Technical,True,6.04
8654-DHAOW,2024-06-06 11:12:46,Technical,True,2.08
8659-IOOPU,2024-04-15 07:00:24,Service Outage,True,5.08
8660-BUETV,2024-04-07 12:48:13,General Inquiry,True,2.21
8660-BUETV,2024-06-28 13:09:39,Billing,False,
8661-BOYNW,2024-06-18 10:36:46,Account,True,6.45
8663-UPDGF,2024-05-13 16:02:12,Billing,True,7.57
8663-UPDGF,2024-06-04 19:22:36,Technical,True,3.16
8663-UPDGF,2024-06-09 22:03:44,Billing,True,5.95
8665-UTDHZ,2024-04-03 17:39:17,General Inquiry,False,
8665-UTDHZ,2024-04-04 00:51:17,Billing,False,
8665-UTDHZ,2024-05-18 15:52:40,Billing,False,
8668-KNZTI,2024-04-19 01:11:39,Technical,True,7.22
8668-KNZTI,2024-04-20 06:43:36,Account,True,3.73
8668-KNZTI,2024-05-31 10:36:39,Account,True,6.58
8668-KNZTI,2024-06-13 05:14:43,Billing,True,5.54
8670-ERCJH,2024-05-11 05:20:27,Service Outage,True,4.44
8670-ERCJH,2024-05-20 05:22:21,Account,True,5.98
8671-KKKOS,2024-04-24 07:37:48,Service Outage,True,11.11
8671-KKKOS,2024-04-24 17:37:04,Billing,False,
8671-KKKOS,2024-06-06 14:19:54,Service Outage,True,5.69
8676-TRMJS,2024-05-15 17:51:02,General Inquiry,True,18.01
8676-TRMJS,2024-06-24 11:53:32,Account,False,
8677-HDZEE,2024-04-12 14:24:42,Account,True,3.23
8677-HDZEE,2024-04-16 17:54:46,Billing,True,3.89
8679-JOEVF,2024-06-03 05:31:30,Account,False,
8679-LZBMD,2024-04-17 07:54:01,Account,True,4.66
8679-LZBMD,2024-06-02 18:29:29,General Inquiry,True,3.24
8679-LZBMD,2024-06-03 21:48:57,General Inquiry,True,3.09
8679-LZBMD,2024-06-11 19:21:48,Technical,True,10.17
8679-LZBMD,2024-06-26 12:55:16,Account,False,
8680-CGLTP,2024-04-15 06:00:55,Technical,True,11.9
8680-CGLTP,2024-04-22 14:03:43,Service Outage,True,5.0
8680-CGLTP,2024-06-01 08:10:56,Billing,False,
8681-ICONS,2024-06-29 13:22:05,Technical,True,6.09
8685-WHQPW,2024-04-20 20:26:19,Technical,True,18.79
8685-WHQPW,2024-04-29 17:10:35,General Inquiry,True,22.02
8685-WHQPW,2024-05-27 13:46:33,General Inquiry,True,48.07
8685-WHQPW,2024-06-02 02:02:45,Technical,False,
8690-ZVLCL,2024-04-14 03:14:09,Account,True,8.87
8690-ZVLCL,2024-04-27 13:08:27,Service Outage,True,9.03
8695-ARGXZ,2024-04-18 10:30:41,Account,True,12.36
8695-ARGXZ,2024-06-12 02:51:16,General Inquiry,True,4.95
8695-WDYEA,2024-04-08 16:06:49,Billing,True,11.53
8695-WDYEA,2024-04-11 09:18:05,Service Outage,True,3.94
8695-WDYEA,2024-06-28 04:33:55,Technical,True,5.0
8696-JKZNU,2024-06-03 16:04:06,Service Outage,True,39.57
8699-ASUFO,2024-04-19 23:49:39,Technical,True,13.3
8699-ASUFO,2024-05-15 04:27:00,Account,True,41.79
8699-ASUFO,2024-05-19 20:07:03,Account,True,4.71
8705-DWKTI,2024-05-03 20:39:28,Technical,True,3.85
8705-DWKTI,2024-05-05 15:15:50,General Inquiry,True,6.72
8705-DWKTI,2024-05-12 11:22:18,Billing,True,2.64
8705-DWKTI,2024-05-30 19:24:53,Account,True,4.32
8705-WZCYL,2024-05-14 20:33:21,Service Outage,True,6.76
8705-WZCYL,2024-06-24 12:37:32,Billing,True,4.25
8706-HRADD,2024-05-14 15:59:30,General Inquiry,True,3.81
8706-HRADD,2024-05-15 03:07:46,Service Outage,False,
8707-HOEDG,2024-05-21 22:21:35,Service Outage,True,10.5
8707-HOEDG,2024-05-27 06:54:47,Billing,False,
8707-RMEZH,2024-05-04 04:13:11,Technical,True,5.06
8707-RMEZH,2024-05-16 19:17:10,Account,True,2.35
8707-RMEZH,2024-05-19 15:26:06,Billing,True,5.59
8708-XPXHZ,2024-04-18 12:52:54,Service Outage,True,33.06
8708-XPXHZ,2024-05-04 15:48:12,General Inquiry,True,86.11
8709-KRDVL,2024-05-03 04:13:16,Account,True,4.4
8709-KRDVL,2024-06-07 13:07:17,Billing,True,4.26
8710-YGLWG,2024-05-02 02:18:24,Technical,True,2.82
8710-YGLWG,2024-05-08 06:54:55,Account,True,5.46
8710-YGLWG,2024-05-12 02:31:12,Billing,True,6.52
8710-YGLWG,2024-05-19 12:27:48,Service Outage,True,23.16
8711-LOBKY,2024-05-03 17:42:29,Billing,True,12.61
8713-IGZSO,2024-04-07 07:16:51,Service Outage,True,13.62
8713-IGZSO,2024-05-05 20:10:53,Account,True,4.63
8714-CTZJW,2024-05-27 02:35:36,Service Outage,False,
8714-EUHJO,2024-05-01 04:59:23,General Inquiry,True,17.55
8714-EUHJO,2024-05-29 02:42:27,Technical,False,
8717-VCTXJ,2024-04-03 16:58:12,General Inquiry,True,4.55
8718-PTMEZ,2024-06-12 04:09:52,Billing,True,8.25
8720-RQSBJ,2024-05-10 01:50:00,Billing,True,6.25
8720-RQSBJ,2024-05-22 01:51:18,Technical,True,15.64
8722-NGNBH,2024-06-07 22:55:53,Technical,True,23.25
8722-NGNBH,2024-06-18 00:50:32,General Inquiry,True,35.98
8725-JEDFD,2024-06-04 01:16:12,Billing,True,10.61
8727-JQFHV,2024-04-10 18:33:22,Service Outage,True,3.65
8727-JQFHV,2024-04-22 04:12:16,Account,True,5.97
8727-JQFHV,2024-06-09 14:46:54,General Inquiry,True,4.05
8727-XDPUD,2024-04-08 13:48:46,Technical,True,5.24
8731-WBBMB,2024-05-08 21:29:16,Technical,True,7.41
8731-WBBMB,2024-06-25 18:05:33,Billing,False,
8734-DKSTZ,2024-04-22 04:18:35,Technical,True,4.28
8734-DKSTZ,2024-05-23 22:04:40,General Inquiry,True,6.88
8734-DKSTZ,2024-06-05 00:59:14,Technical,False,
8734-DKSTZ,2024-06-15 14:33:56,Technical,False,
8734-FNWVH,2024-04-09 04:32:34,Technical,True,17.1
8735-DCXNF,2024-04-03 00:43:25,General Inquiry,True,4.09
8735-DCXNF,2024-06-21 08:48:39,Service Outage,True,1.99
8735-IJJEG,2024-04-09 20:26:05,Service Outage,True,51.56
8735-IJJEG,2024-04-12 19:57:45,Billing,True,15.69
8735-IJJEG,2024-05-09 05:43:27,Service Outage,True,8.21
8735-SDUFN,2024-05-25 08:43:41,Account,True,7.58
8739-QOTTN,2024-04-10 10:52:22,General Inquiry,True,9.06
8739-QOTTN,2024-06-26 00:52:07,Service Outage,True,4.66
8739-WWKDU,2024-04-17 23:44:52,Account,False,
8739-WWKDU,2024-06-25 11:15:06,General Inquiry,False,
8739-XNIKG,2024-04-06 22:12:28,Service Outage,True,5.73
8739-XNIKG,2024-04-24 06:36:30,Billing,True,14.82
8739-XNIKG,2024-06-25 13:48:13,Technical,False,
8739-XNIKG,2024-06-27 03:59:23,Service Outage,True,4.4
8741-LQOBK,2024-04-11 04:44:20,General Inquiry,True,3.95
8741-LQOBK,2024-04-20 02:58:24,Account,False,
8745-PVESG,2024-04-13 01:58:53,Account,True,10.38
8745-PVESG,2024-05-21 09:02:22,Service Outage,True,4.94
8745-PVESG,2024-06-24 00:25:52,Service Outage,True,7.83
8746-BFOAJ,2024-04-25 06:39:39,Billing,True,6.45
8747-UDCOI,2024-06-27 02:26:57,Billing,True,4.49
8748-HFWBO,2024-05-11 17:19:13,Billing,False,
8748-HFWBO,2024-06-06 05:01:03,Billing,True,7.12
8748-HFWBO,2024-06-10 17:52:13,Billing,True,2.95
8748-HFWBO,2024-06-11 16:55:24,Technical,True,7.56
8749-CLJXC,2024-05-03 16:35:19,General Inquiry,True,28.73
8749-JMNKX,2024-04-08 08:01:47,Account,True,36.81
8749-JMNKX,2024-04-29 05:20:19,Account,True,19.8
8749-JMNKX,2024-05-11 17:30:27,Account,False,
8749-JMNKX,2024-05-18 02:47:59,Account,True,23.27
8749-JMNKX,2024-06-14 19:43:34,Service Outage,True,67.18
8749-TZYEC,2024-05-03 09:58:20,Billing,False,
8749-TZYEC,2024-05-20 17:51:46,Account,True,5.26
8749-TZYEC,2024-05-22 17:20:49,General Inquiry,True,3.42
8749-TZYEC,2024-06-18 06:57:29,Technical,True,4.03
8751-EDEKA,2024-04-07 20:05:48,Billing,True,3.01
8751-EDEKA,2024-04-27 10:22:53,Billing,False,
8751-EDEKA,2024-05-16 22:29:22,Service Outage,False,
8751-EDEKA,2024-05-17 08:57:00,Account,True,3.57
8752-GHJFU,2024-04-03 04:32:23,Account,True,3.69
8752-GHJFU,2024-04-11 13:14:59,Technical,True,9.05
8752-GHJFU,2024-05-01 02:42:29,Technical,True,11.95
8752-IMQOS,2024-06-15 02:22:14,General Inquiry,True,3.1
8752-STIVR,2024-05-23 05:14:32,Account,True,23.18
8752-STIVR,2024-06-19 19:37:03,Billing,True,22.55
8755-IWJHN,2024-05-16 16:05:31,General Inquiry,True,9.65
8755-IWJHN,2024-06-25 19:36:44,General Inquiry,True,7.06
8756-RDDLT,2024-05-18 16:22:44,Account,True,8.94
8757-TFHHJ,2024-06-13 04:40:00,Account,True,6.24
8760-ZRHKE,2024-05-19 18:44:32,General Inquiry,True,2.85
8760-ZRHKE,2024-06-20 14:40:01,Billing,False,
8761-NSOBC,2024-04-17 21:33:53,Technical,False,
8761-NSOBC,2024-04-18 20:13:25,Technical,True,23.67
8763-KIAFH,2024-06-06 23:37:55,Technical,True,3.2
8766-PAFNE,2024-05-21 21:57:34,General Inquiry,True,3.0
8766-PAFNE,2024-06-26 21:34:57,Account,True,2.11
8769-KKTPH,2024-05-02 15:56:10,General Inquiry,True,7.05
8769-KKTPH,2024-06-15 05:19:56,Account,True,6.0
8773-HHUOZ,2024-05-01 08:04:19,General Inquiry,False,
8773-HHUOZ,2024-05-04 11:35:25,Billing,True,116.4
8773-HHUOZ,2024-05-09 03:29:30,Technical,False,
8773-HHUOZ,2024-06-20 04:24:25,Service Outage,True,18.77
8774-GSBUN,2024-06-16 09:48:06,Technical,True,15.69
8775-CEBBJ,2024-04-09 18:02:16,Billing,False,
8775-CEBBJ,2024-06-03 23:34:33,Billing,True,57.28
8775-CEBBJ,2024-06-18 00:54:28,Account,False,
8775-CEBBJ,2024-06-29 14:52:57,Billing,False,
8775-ERLNB,2024-05-12 13:02:44,Technical,False,
8775-ERLNB,2024-05-21 12:44:52,Account,True,9.21
8775-ERLNB,2024-06-13 07:54:17,Billing,True,7.85
8775-LHDJH,2024-04-09 00:39:39,Billing,False,
8775-LHDJH,2024-05-27 08:22:05,Service Outage,False,
8777-PVYGU,2024-04-26 19:15:58,Technical,True,12.01
8777-PVYGU,2024-05-01 22:51:19,Account,True,5.3
8777-PVYGU,2024-05-31 17:35:32,Account,True,3.66
8777-PVYGU,2024-06-25 20:10:04,Technical,True,8.63
8778-LMWTJ,2024-04-14 17:18:16,Service Outage,True,6.44
8778-LMWTJ,2024-05-02 11:05:02,Technical,True,26.5
8778-LMWTJ,2024-06-12 11:35:23,General Inquiry,True,4.71
8779-QRDMV,2024-05-17 07:37:27,Technical,False,
8779-QRDMV,2024-05-21 08:51:06,Account,True,23.74
8779-QRDMV,2024-05-26 09:06:22,Technical,True,33.54
8779-QRDMV,2024-05-27 13:11:37,Billing,False,
8779-YIQQA,2024-04-23 19:50:24,General Inquiry,True,4.35
8780-IHCRN,2024-04-07 17:07:52,Technical,True,5.36
8780-IXSTS,2024-05-05 08:17:22,Billing,False,
8780-RSYYU,2024-04-19 08:34:06,General Inquiry,True,2.84
8780-YRMTT,2024-04-18 10:44:18,Account,True,5.04
8780-YRMTT,2024-05-12 10:42:18,Service Outage,True,19.73
8782-NUUOL,2024-04-10 18:10:47,Technical,True,2.29
8782-NUUOL,2024-04-25 07:01:59,Service Outage,True,6.8
8782-NUUOL,2024-06-12 23:39:12,Technical,True,6.55
8782-NUUOL,2024-06-19 21:40:12,Billing,True,6.56
8784-CGILN,2024-05-30 03:41:34,General Inquiry,True,26.12
8785-CJSHH,2024-04-18 12:11:50,General Inquiry,True,0.65
8785-CJSHH,2024-06-24 19:48:54,Technical,True,10.5
8785-EPNCG,2024-05-08 06:59:05,Technical,True,33.22
8788-DOXSU,2024-04-25 16:32:57,General Inquiry,True,5.13
8788-DOXSU,2024-04-30 10:17:31,Service Outage,True,4.08
8788-DOXSU,2024-05-15 22:07:38,Account,True,2.45
8791-GFXLZ,2024-04-16 14:09:36,General Inquiry,True,5.99
8791-GFXLZ,2024-05-03 18:40:54,Account,True,2.8
8791-GFXLZ,2024-06-06 06:13:47,Account,True,5.54
8791-GFXLZ,2024-06-30 23:23:40,Service Outage,True,16.81
8792-AOROI,2024-04-25 23:55:23,General Inquiry,True,3.21
8799-OXZMD,2024-05-11 20:02:27,Billing,True,3.25
8799-OXZMD,2024-05-16 11:49:04,Technical,True,5.29
8799-OXZMD,2024-05-28 23:08:44,Service Outage,True,3.36
8800-JOOCF,2024-05-12 10:24:44,Billing,True,5.9
8800-JOOCF,2024-05-14 01:42:59,Account,True,11.76
8800-JOOCF,2024-05-19 02:19:05,Technical,True,6.32
8800-JOOCF,2024-06-13 08:05:22,Service Outage,True,23.18
8807-ARQET,2024-04-04 00:05:14,Service Outage,True,9.36
8807-ARQET,2024-05-02 01:30:34,General Inquiry,True,4.9
8807-ARQET,2024-05-19 08:59:16,Account,True,5.48
8807-ARQET,2024-06-08 00:06:48,Account,True,2.74
8807-ARQET,2024-06-28 03:04:30,Service Outage,True,4.75
8807-OPMBM,2024-04-12 03:02:27,Technical,True,8.5
8809-XKHMD,2024-05-10 18:25:36,General Inquiry,False,
8809-XKHMD,2024-05-20 07:09:33,Account,False,
8812-ZRHFP,2024-04-24 05:38:02,General Inquiry,True,8.11
8812-ZRHFP,2024-04-29 03:57:51,Billing,True,7.51
8812-ZRHFP,2024-05-21 03:41:02,Technical,True,13.39
8815-LMFLX,2024-04-23 12:49:11,Technical,True,6.58
8816-VXNZD,2024-04-18 08:34:23,General Inquiry,True,7.46
8816-VXNZD,2024-05-06 13:15:54,Account,True,39.76
8816-VXNZD,2024-05-09 14:16:02,Account,True,40.37
8816-VXNZD,2024-05-21 17:41:16,Billing,True,22.12
8818-DOPVL,2024-04-05 17:04:49,General Inquiry,True,2.71
8818-DOPVL,2024-05-04 13:56:13,General Inquiry,True,5.9
8818-XYFCQ,2024-04-24 06:54:15,Service Outage,False,
8818-XYFCQ,2024-05-09 18:02:05,Service Outage,False,
8818-XYFCQ,2024-06-14 21:41:06,General Inquiry,True,39.31
8819-IMISP,2024-04-13 06:33:32,Service Outage,True,2.59
8819-IMISP,2024-05-10 12:39:55,Technical,True,4.78
8819-IMISP,2024-05-20 01:40:07,Billing,False,
8819-IMISP,2024-05-28 12:46:45,Service Outage,True,8.17
8819-WFGGJ,2024-05-01 04:28:29,Service Outage,True,5.77
8819-WFGGJ,2024-05-08 15:27:20,Service Outage,True,5.31
8819-WFGGJ,2024-06-17 19:52:25,General Inquiry,True,9.59
8819-ZBYNA,2024-05-16 17:07:23,Technical,True,13.61
8819-ZBYNA,2024-06-17 16:20:36,General Inquiry,True,6.85
8821-XNHVZ,2024-05-15 16:19:05,Technical,False,
8821-XNHVZ,2024-05-16 14:27:11,Technical,False,
8823-RLPWL,2024-05-10 14:59:27,Technical,True,4.76
8823-RLPWL,2024-05-28 11:06:27,Billing,True,2.94
8823-RLPWL,2024-06-29 17:17:34,General Inquiry,True,6.14
8824-RWFXJ,2024-06-17 13:47:37,General Inquiry,False,
8824-RWFXJ,2024-06-27 01:18:21,Billing,False,
8835-VSDSE,2024-05-07 16:42:08,Account,False,
8835-VSDSE,2024-05-22 08:57:52,Billing,False,
8835-VSDSE,2024-05-23 15:20:41,Service Outage,True,48.62
8835-VSDSE,2024-06-07 21:49:09,Service Outage,True,20.73
8837-VVWLQ,2024-04-23 07:10:50,Billing,False,
8837-VVWLQ,2024-04-28 04:43:11,General Inquiry,False,
8837-VVWLQ,2024-05-18 15:01:30,Service Outage,True,13.93
8837-VVWLQ,2024-06-02 16:01:41,Service Outage,True,14.93
8837-VVWLQ,2024-06-05 00:41:54,Account,True,59.54
8838-GPHZP,2024-05-16 19:10:37,General Inquiry,True,3.96
8840-DQLGN,2024-06-13 19:18:09,Service Outage,True,6.61
8844-TONUD,2024-04-28 05:22:25,Technical,False,
8844-TONUD,2024-06-14 22:38:37,General Inquiry,True,41.75
8844-TONUD,2024-06-20 19:56:58,Technical,True,10.26
8845-LWKGE,2024-04-16 08:15:15,Account,True,20.14
8845-LWKGE,2024-04-19 15:58:11,General Inquiry,True,10.06
8845-LWKGE,2024-05-28 05:28:52,Account,True,8.67
8847-GEOOQ,2024-05-21 04:23:24,General Inquiry,False,
8849-AYPTR,2024-04-25 05:37:10,General Inquiry,True,17.97
8849-AYPTR,2024-04-25 13:59:50,Billing,True,2.07
8849-AYPTR,2024-05-09 02:03:58,General Inquiry,True,3.33
8849-AYPTR,2024-05-29 08:04:22,Account,True,3.51
8849-GYOKR,2024-05-07 11:51:49,Technical,False,
8849-PRIQJ,2024-05-23 08:08:41,Billing,True,4.66
8853-TZDGH,2024-05-06 13:57:34,Service Outage,True,1.95
8854-CCVSQ,2024-04-04 18:58:18,Billing,True,40.69
8857-CUPFQ,2024-04-18 15:33:43,Technical,True,5.31
8857-CUPFQ,2024-04-20 21:27:16,Billing,False,
8857-CUPFQ,2024-05-15 02:08:55,Billing,True,5.78
8857-CUPFQ,2024-06-24 00:58:05,Account,True,17.78
8859-DZTGQ,2024-06-05 18:25:21,General Inquiry,True,2.77
8859-YSTWS,2024-06-18 05:20:52,Technical,True,8.24
8865-TNMNX,2024-04-10 03:40:27,Billing,True,5.59
8865-TNMNX,2024-04-27 09:06:36,General Inquiry,True,9.29
8865-TNMNX,2024-05-14 11:06:43,General Inquiry,True,7.05
8865-TNMNX,2024-05-26 15:01:12,Service Outage,True,9.5
8865-TNMNX,2024-06-07 07:40:05,Technical,True,2.9
8868-GAGIO,2024-04-21 20:47:05,Service Outage,False,
8868-WOZGU,2024-04-27 03:27:19,Account,True,18.94
8868-WOZGU,2024-05-20 21:57:57,Billing,False,
8868-WOZGU,2024-06-01 04:06:54,Billing,True,12.64
8869-LIHMK,2024-06-15 17:25:31,General Inquiry,False,
8869-TORSS,2024-04-29 05:47:10,Account,False,
8869-TORSS,2024-06-28 20:56:14,Service Outage,True,31.05
8873-GLDMH,2024-04-07 06:05:06,Account,True,13.37
8873-GLDMH,2024-04-22 03:23:59,Technical,True,8.78
8873-GLDMH,2024-04-26 18:57:42,Technical,True,7.42
8873-GLDMH,2024-06-12 18:15:40,Billing,True,6.7
8874-EJNSR,2024-05-15 01:26:36,Service Outage,True,5.5
8875-AKBYH,2024-06-11 16:33:43,General Inquiry,False,
8878-HMWBV,2024-04-09 12:46:29,Account,True,17.29
8878-HMWBV,2024-05-29 12:48:41,Service Outage,True,34.92
8878-HMWBV,2024-05-30 04:40:56,Technical,False,
8878-HMWBV,2024-06-02 23:39:22,Service Outage,False,
8878-RYUKI,2024-05-13 19:29:43,Account,True,3.62
8878-RYUKI,2024-05-15 00:21:27,General Inquiry,True,4.21
8878-RYUKI,2024-06-05 20:35:41,General Inquiry,True,5.81
8879-XUAHX,2024-04-16 04:14:23,Service Outage,True,4.93
8879-XUAHX,2024-05-18 19:19:02,Service Outage,False,
8882-TLVRW,2024-05-26 11:24:37,Service Outage,True,4.67
8883-ANODQ,2024-06-15 20:03:54,Billing,True,6.08
8884-ADFVN,2024-05-23 05:32:58,General Inquiry,True,17.87
8884-ADFVN,2024-06-14 07:44:30,Technical,True,27.35
8884-ADFVN,2024-06-17 04:47:55,Technical,True,24.08
8884-FEEWR,2024-06-17 16:15:27,General Inquiry,True,3.31
8884-MRNSU,2024-06-06 01:21:47,Technical,True,4.02
8884-MRNSU,2024-06-23 03:58:01,Account,True,7.14
8885-QSQBX,2024-04-30 03:51:31,General Inquiry,True,5.37
8885-QSQBX,2024-05-18 08:16:15,General Inquiry,True,7.06
8887-IPQNC,2024-06-09 06:43:24,Service Outage,True,2.83
8894-JVDCV,2024-05-10 05:55:57,Account,True,27.96
8894-JVDCV,2024-05-16 07:42:08,Technical,True,3.58
8896-BQTTI,2024-04-15 14:33:11,Billing,True,5.51
8896-BQTTI,2024-05-18 03:32:22,Billing,True,5.48
8898-KASCD,2024-04-11 16:17:54,Technical,False,
8898-KASCD,2024-05-13 00:01:35,Service Outage,True,3.05
8898-KASCD,2024-05-28 06:15:16,Service Outage,False,
8901-HJXTF,2024-06-04 23:09:57,Technical,True,11.94
8901-HJXTF,2024-06-05 10:23:03,Service Outage,False,
8901-HJXTF,2024-06-09 06:36:30,Billing,False,
8901-UPRHR,2024-05-12 04:40:27,Account,False,
8901-UPRHR,2024-06-10 21:03:11,Technical,True,5.89
8902-ZEOVF,2024-05-03 17:53:58,Technical,True,6.01
8902-ZEOVF,2024-05-21 15:06:26,Billing,True,14.43
8902-ZEOVF,2024-06-14 08:12:26,General Inquiry,True,4.19
8903-WMRNW,2024-06-01 21:14:06,Billing,True,9.0
8903-WMRNW,2024-06-20 23:32:24,Account,True,13.03
8903-WMRNW,2024-06-27 08:08:42,Technical,False,
8903-XEBGX,2024-05-12 11:15:58,Account,True,30.83
8903-XEBGX,2024-05-18 05:55:02,Service Outage,True,7.28
8904-OPDCK,2024-04-06 22:58:24,Service Outage,True,3.69
8904-OPDCK,2024-05-05 07:20:00,Service Outage,True,2.37
8905-IAZPF,2024-04-07 06:00:25,Billing,True,2.95
8905-IAZPF,2024-04-19 00:22:49,Technical,False,
8905-IAZPF,2024-04-24 07:53:00,Billing,True,11.49
8905-IAZPF,2024-06-07 15:58:51,General Inquiry,True,13.12
8908-NMQTX,2024-06-21 06:46:59,Service Outage,True,8.62
8908-SLFCJ,2024-05-07 18:35:59,General Inquiry,True,5.97
8908-SLFCJ,2024-05-16 14:46:46,Service Outage,True,8.82
8908-SLFCJ,2024-06-15 21:37:53,Billing,True,9.09
8909-BOLNL,2024-04-13 07:25:58,Technical,False,
8910-ICHIU,2024-04-21 19:45:51,Service Outage,True,5.53
8910-ICHIU,2024-05-16 06:43:33,Account,True,5.39
8910-ICHIU,2024-05-22 13:56:14,General Inquiry,True,7.7
8910-LEDAG,2024-05-01 11:34:49,Technical,True,10.98
8910-LEDAG,2024-05-27 00:01:11,Account,True,6.37
8914-RBTSB,2024-06-11 21:54:00,Technical,False,
8917-SZTTJ,2024-04-20 13:52:55,General Inquiry,True,2.14
8917-SZTTJ,2024-04-25 09:54:20,Service Outage,True,6.41
8917-SZTTJ,2024-06-09 18:26:26,Billing,True,4.44
8919-FYFQZ,2024-06-10 03:46:40,General Inquiry,False,
8919-FYFQZ,2024-06-16 21:22:12,Service Outage,False,
8922-LIEGH,2024-04-03 03:12:02,Account,True,10.64
8922-LIEGH,2024-04-07 13:18:01,Account,False,
8922-LIEGH,2024-06-22 20:01:49,Service Outage,False,
8929-KSWIH,2024-06-29 07:01:23,General Inquiry,True,7.25
8930-XOTDP,2024-04-30 18:31:02,General Inquiry,True,4.0
8931-GJJIQ,2024-04-10 10:42:30,General Inquiry,False,
8931-GJJIQ,2024-04-29 17:33:03,Technical,True,25.85
8931-GJJIQ,2024-06-14 07:02:26,Account,False,
8931-GJJIQ,2024-06-26 07:32:28,Billing,False,
8932-CZHRQ,2024-04-04 11:28:19,Technical,True,5.96
8932-CZHRQ,2024-04-18 06:39:46,General Inquiry,True,3.86
8932-CZHRQ,2024-05-05 04:03:35,Billing,True,10.01
8932-CZHRQ,2024-05-10 20:31:30,General Inquiry,True,40.59
8937-RDTHP,2024-04-13 08:02:49,Technical,True,12.98
8937-RDTHP,2024-05-18 20:50:37,Billing,True,14.97
8938-UMKPI,2024-04-26 07:23:37,Billing,False,
8938-UMKPI,2024-04-26 13:32:26,General Inquiry,True,18.92
8938-UMKPI,2024-05-17 00:39:38,General Inquiry,False,
8938-UMKPI,2024-05-31 15:10:21,Billing,False,
8942-DBMHZ,2024-04-29 08:37:12,Service Outage,True,2.36
8943-URTMR,2024-04-09 10:18:08,General Inquiry,True,22.45
8943-URTMR,2024-04-15 08:40:21,Service Outage,True,15.89
8943-URTMR,2024-06-06 00:36:02,General Inquiry,True,17.4
8943-URTMR,2024-06-29 14:01:30,General Inquiry,False,
8944-AILEF,2024-04-27 09:43:23,Billing,True,3.09
8945-GRKHX,2024-04-15 13:03:20,Service Outage,True,38.41
8945-GRKHX,2024-04-30 19:07:38,General Inquiry,False,
8945-GRKHX,2024-04-30 21:36:58,Technical,True,21.59
8945-GRKHX,2024-06-08 06:36:51,Billing,False,
8945-GRKHX,2024-06-15 23:22:34,Technical,True,14.64
8945-MUQUF,2024-04-07 10:02:05,Billing,False,
8945-MUQUF,2024-05-17 03:06:29,Account,False,
8946-BFWSG,2024-04-03 08:20:36,Account,True,21.72
8947-YRTDV,2024-06-02 11:31:43,Service Outage,False,
8947-YRTDV,2024-06-28 18:05:02,Billing,True,3.04
8949-JTMAY,2024-05-19 07:10:30,Service Outage,False,
8950-MTZNV,2024-04-09 18:38:01,Account,False,
8950-MTZNV,2024-05-01 08:29:46,Account,True,1.66
8950-MTZNV,2024-05-11 09:11:02,General Inquiry,True,10.22
8950-MTZNV,2024-05-27 09:08:26,General Inquiry,True,5.01
8950-MTZNV,2024-06-08 16:20:30,Account,True,6.91
8952-WCVCD,2024-05-30 05:50:02,Technical,True,14.11
8957-THMOA,2024-05-31 21:15:15,General Inquiry,True,17.63
8957-THMOA,2024-06-29 00:02:31,Billing,False,
8958-JPTRR,2024-04-11 14:31:28,General Inquiry,True,14.24
8958-JPTRR,2024-05-12 23:37:27,Billing,True,8.5
8958-JPTRR,2024-06-26 01:03:24,Technical,True,4.17
8961-QDZZJ,2024-05-03 04:26:32,Technical,True,11.98
8961-QDZZJ,2024-05-11 00:37:20,Service Outage,True,6.34
8961-QDZZJ,2024-05-20 10:13:05,Service Outage,True,5.43
8961-QDZZJ,2024-06-01 07:01:54,General Inquiry,True,10.13
8961-QDZZJ,2024-06-14 15:43:42,Technical,True,6.96
8963-JLGJT,2024-04-28 22:24:34,General Inquiry,True,6.41
8963-JLGJT,2024-05-26 19:12:13,Account,True,3.47
8963-JLGJT,2024-06-02 19:19:48,Account,True,10.09
8963-JLGJT,2024-06-11 06:09:33,Service Outage,False,
8963-JLGJT,2024-06-12 17:13:31,Technical,True,4.81
8963-MQVYN,2024-04-23 09:05:07,General Inquiry,True,4.19
8966-KZXXA,2024-04-29 23:59:59,Account,True,6.48
8966-SNIZF,2024-05-12 14:21:08,Service Outage,True,5.42
8967-SZQAS,2024-04-25 00:02:25,Service Outage,True,16.71
8967-SZQAS,2024-04-25 03:18:47,Service Outage,True,1.34
8967-SZQAS,2024-06-20 05:56:30,Account,True,4.83
8967-SZQAS,2024-06-28 06:41:34,Service Outage,True,10.3
8969-PRHFK,2024-04-09 15:31:46,Billing,True,6.01
8969-PRHFK,2024-04-24 03:13:36,Service Outage,True,5.55
8969-PRHFK,2024-04-28 23:46:12,Billing,True,3.01
8969-PRHFK,2024-05-21 09:25:30,Technical,True,4.88
8972-HJWNV,2024-04-30 16:23:40,Billing,True,24.66
8972-HJWNV,2024-05-29 13:32:34,Service Outage,False,
8972-HJWNV,2024-06-22 12:59:39,Technical,False,
8974-OVACP,2024-05-06 00:10:07,Billing,True,4.1
8976-OQHGT,2024-04-27 04:35:37,General Inquiry,False,
8979-CAMGB,2024-06-18 22:24:59,General Inquiry,True,23.5
8980-WQFWL,2024-06-13 13:16:51,Technical,True,8.21
8981-FJGLA,2024-04-22 04:05:27,Billing,False,
8981-FJGLA,2024-04-30 13:01:06,General Inquiry,True,5.51
8981-FJGLA,2024-05-17 04:27:39,General Inquiry,False,
8982-NHAVY,2024-05-05 00:31:34,Billing,True,6.54
8982-NHAVY,2024-05-21 14:20:05,General Inquiry,True,4.05
8982-NHAVY,2024-06-24 10:06:31,Technical,True,5.1
8982-NHAVY,2024-06-26 08:57:44,General Inquiry,True,7.99
8984-EYLLL,2024-04-12 01:50:11,Account,False,
8984-EYLLL,2024-05-10 06:44:07,Service Outage,True,15.39
8984-EYLLL,2024-06-12 08:06:19,Service Outage,True,3.94
8984-HPEMB,2024-06-24 23:35:37,Technical,True,9.76
8985-OOPOS,2024-05-22 12:30:49,Billing,True,8.86
8990-YOZLV,2024-05-13 09:02:46,Service Outage,True,7.1
8990-YOZLV,2024-05-26 17:33:01,Billing,True,8.9
8990-ZXLSU,2024-06-20 20:52:35,Billing,True,3.62
8992-JQYUN,2024-05-01 17:23:10,Account,False,
8992-JQYUN,2024-05-16 15:28:55,Service Outage,False,
8992-JQYUN,2024-05-30 06:40:43,Account,True,20.24
8992-JQYUN,2024-06-18 06:45:29,Billing,True,50.6
8992-JQYUN,2024-06-27 09:40:52,Service Outage,False,
8992-OBVDG,2024-04-05 19:06:15,General Inquiry,True,1.87
8992-OBVDG,2024-04-30 22:18:36,Service Outage,True,7.19
8992-OBVDG,2024-06-10 23:07:25,Account,True,2.3
8992-VONJD,2024-06-05 15:05:50,General Inquiry,True,6.63
8993-IZEUX,2024-04-22 02:48:37,General Inquiry,True,10.92
8993-IZEUX,2024-04-25 16:12:51,General Inquiry,True,6.02
8993-IZEUX,2024-06-11 15:16:55,Technical,True,6.74
8993-PHFWD,2024-05-31 16:37:15,Account,True,15.99
8993-PHFWD,2024-06-30 17:14:26,General Inquiry,False,
8996-ZROXE,2024-05-14 07:18:29,Service Outage,True,3.15
8999-BOHSE,2024-04-27 17:43:20,Service Outage,True,16.65
8999-EXMNO,2024-04-29 21:01:22,Account,True,6.43
8999-XXGNS,2024-04-04 22:53:34,Technical,True,7.06
8999-XXGNS,2024-04-24 09:38:36,General Inquiry,True,6.56
8999-XXGNS,2024-05-16 15:50:35,Billing,True,3.62
8999-XXGNS,2024-06-17 15:26:21,Technical,True,2.47
8999-XXGNS,2024-06-21 07:54:34,Account,True,6.33
8999-YPYBV,2024-04-30 10:49:32,Technical,True,15.61
9003-CPATH,2024-04-27 14:08:12,Account,True,5.79
9003-CPATH,2024-06-23 16:39:21,General Inquiry,True,6.83
9013-AQORL,2024-04-21 21:44:08,Billing,True,11.18
9018-PCIOK,2024-04-13 10:10:04,Technical,True,1.96
9018-PCIOK,2024-05-10 15:01:05,General Inquiry,True,5.79
9018-PCIOK,2024-05-28 13:33:01,Account,False,
9019-QVLZD,2024-04-17 15:15:40,Billing,True,24.86
9025-AOMKI,2024-05-08 08:17:59,Service Outage,True,21.42
9025-AOMKI,2024-05-25 10:58:31,General Inquiry,False,
9025-ZRPVR,2024-05-30 04:39:25,General Inquiry,True,24.31
9026-LHEVG,2024-04-09 19:36:18,Account,True,4.16
9026-LHEVG,2024-05-26 06:44:32,Technical,True,9.97
9026-LHEVG,2024-06-06 05:21:38,Account,True,6.37
9026-RNUJS,2024-05-01 01:37:11,Technical,False,
9026-RNUJS,2024-05-31 03:18:38,General Inquiry,True,24.41
9026-RNUJS,2024-06-28 15:16:40,Technical,False,
9027-YFHQJ,2024-04-29 22:39:42,Service Outage,True,5.25
9028-LIHRP,2024-04-30 09:20:10,Technical,True,7.17
9028-LIHRP,2024-05-30 01:07:36,Account,True,9.82
9028-LIHRP,2024-06-21 23:07:27,Billing,True,2.88
9028-LIHRP,2024-06-24 08:44:56,Service Outage,True,6.03
9029-FEGVJ,2024-04-04 07:04:31,General Inquiry,True,5.74
9030-QGZNL,2024-04-15 16:48:17,Technical,True,9.39
9030-QGZNL,2024-06-19 03:11:56,Technical,True,9.6
9033-EOXWV,2024-04-07 19:10:47,Account,True,42.01
9033-EOXWV,2024-06-19 23:08:01,Technical,False,
9036-CSKBW,2024-04-07 00:13:01,Service Outage,True,1.81
9036-CSKBW,2024-04-20 11:39:20,Billing,True,4.75
9036-CSKBW,2024-04-24 11:51:41,General Inquiry,True,5.44
9036-CSKBW,2024-06-23 13:02:27,Billing,True,4.15
9036-CSKBW,2024-06-26 03:35:43,Service Outage,True,10.43
9039-RBEEE,2024-04-07 14:11:33,Service Outage,True,31.66
9039-RBEEE,2024-04-11 19:11:22,Billing,False,
9039-RBEEE,2024-04-21 13:49:09,General Inquiry,True,42.1
9039-ZVJDC,2024-05-09 07:10:01,Service Outage,True,6.39
9039-ZVJDC,2024-06-26 03:31:23,Billing,True,16.54
9040-KZVWO,2024-05-14 06:03:26,General Inquiry,True,7.45
9040-KZVWO,2024-05-25 21:20:09,Service Outage,True,4.39
9040-KZVWO,2024-05-26 14:03:25,General Inquiry,True,17.45
9040-KZVWO,2024-06-01 14:57:30,Account,True,5.36
9046-DQMTP,2024-05-24 23:18:49,Account,True,6.98
9050-IKDZA,2024-05-21 01:46:01,Billing,True,4.57
9050-IKDZA,2024-06-08 10:46:02,General Inquiry,True,9.4
9050-QLROH,2024-05-18 05:41:28,Service Outage,True,15.29
9050-QLROH,2024-06-02 02:03:56,Billing,False,
9052-DHNKM,2024-04-24 06:36:49,Billing,False,
9052-DHNKM,2024-06-08 08:59:54,Account,True,11.36
9052-VKDUW,2024-04-15 00:41:21,Technical,True,5.47
9052-VKDUW,2024-04-17 15:39:23,Technical,True,6.7
9052-VKDUW,2024-04-30 21:01:40,Account,True,7.6
9052-VKDUW,2024-06-08 06:21:00,Account,True,10.34
9053-EJUNL,2024-04-22 14:36:25,Service Outage,True,5.83
9053-EJUNL,2024-06-01 13:21:22,Technical,True,5.36
9053-EJUNL,2024-06-07 05:56:42,Technical,True,12.18
9053-EJUNL,2024-06-27 01:57:33,Billing,True,7.06
9054-FOWNV,2024-04-16 04:53:20,General Inquiry,True,5.1
9054-FOWNV,2024-05-01 20:01:59,General Inquiry,True,7.18
9054-FOWNV,2024-05-13 20:11:30,Billing,True,5.28
9054-FOWNV,2024-05-18 18:57:58,Technical,True,5.35
9054-FOWNV,2024-06-20 01:59:48,Service Outage,True,6.61
9055-MOJJJ,2024-06-06 07:51:15,Technical,True,19.72
9055-MOJJJ,2024-06-16 18:04:09,Billing,True,2.23
9057-MSWCO,2024-04-30 04:25:12,Account,False,
9057-MSWCO,2024-05-21 02:44:40,Billing,False,
9057-MSWCO,2024-05-21 05:38:44,General Inquiry,True,21.78
9057-SIHCH,2024-05-18 05:27:51,Technical,False,
9057-SIHCH,2024-06-10 11:56:45,Technical,False,
9058-CBREO,2024-04-12 03:21:58,Account,False,
9058-CBREO,2024-05-22 08:00:44,Technical,True,36.45
9058-HRZSV,2024-04-16 09:55:52,Account,True,2.26
9058-HRZSV,2024-06-05 00:44:38,General Inquiry,True,16.78
9058-MJLZC,2024-04-11 20:32:04,Service Outage,True,1.6
9058-MJLZC,2024-04-18 03:36:40,Billing,True,8.66
9058-MJLZC,2024-05-06 08:56:11,Account,True,6.8
9058-MJLZC,2024-05-23 21:36:08,General Inquiry,True,5.01
9058-MJLZC,2024-06-23 21:00:03,Account,True,6.22
9060-HJJRW,2024-05-02 23:41:02,Billing,True,7.7
9060-HJJRW,2024-05-25 01:57:49,Service Outage,True,5.81
9060-HJJRW,2024-06-18 03:49:01,General Inquiry,True,4.47
9060-HJJRW,2024-06-26 21:43:27,General Inquiry,True,3.17
9061-TIHDA,2024-04-25 09:00:06,Account,True,16.99
9061-TIHDA,2024-05-29 09:10:14,Service Outage,True,10.31
9063-ZGTUY,2024-04-25 11:25:46,Service Outage,False,
9063-ZGTUY,2024-05-22 00:45:13,Billing,False,
9063-ZGTUY,2024-06-05 18:05:54,Account,True,43.43
9063-ZGTUY,2024-06-13 23:11:26,General Inquiry,True,39.23
9065-ZCPQX,2024-05-17 19:33:28,Service Outage,False,
9065-ZCPQX,2024-06-10 09:52:27,General Inquiry,True,17.22
9066-QRSDU,2024-06-04 23:02:18,General Inquiry,True,1.8
9067-SQTNS,2024-04-18 15:36:56,Technical,True,10.35
9068-FHQHD,2024-06-02 04:00:28,Account,True,13.02
9069-LGEUL,2024-04-17 14:41:39,Technical,False,
9069-LGEUL,2024-04-28 18:49:41,General Inquiry,True,3.36
9069-LGEUL,2024-05-18 16:47:49,Account,True,13.06
9073-ZZIAY,2024-04-29 20:06:25,General Inquiry,True,5.03
9074-KGVOX,2024-04-18 12:28:22,Service Outage,True,10.21
9074-KGVOX,2024-06-01 18:59:26,Account,True,4.83
9076-AXYIK,2024-04-19 08:48:56,Service Outage,True,4.49
9079-LWTFD,2024-06-13 18:49:15,Account,True,4.11
9084-OAYKL,2024-06-09 06:38:30,Account,True,7.15
9086-YJYXS,2024-04-06 02:07:13,Billing,True,3.4
9087-EYCPR,2024-04-23 19:18:35,Account,True,8.95
9089-UOWJG,2024-05-30 16:27:39,Account,True,10.29
9089-UOWJG,2024-06-03 21:47:47,General Inquiry,True,3.4
9089-UOWJG,2024-06-07 11:32:27,Technical,True,5.05
9089-UOWJG,2024-06-10 09:04:36,General Inquiry,True,1.47
9090-SGQXL,2024-06-25 08:26:00,Account,False,
9090-SGQXL,2024-06-30 13:23:18,Technical,False,
9091-WTUUY,2024-04-29 04:05:30,General Inquiry,True,3.2
9092-GDZKO,2024-04-10 04:02:34,General Inquiry,True,2.98
9093-FPDLG,2024-05-26 15:41:33,General Inquiry,False,
9094-AZPHK,2024-04-21 16:47:20,Billing,False,
9095-HFAFX,2024-04-11 06:09:56,Account,True,19.26
9095-HFAFX,2024-04-11 08:30:17,Service Outage,True,24.45
9095-HFAFX,2024-05-29 09:42:42,Billing,False,
9095-HFAFX,2024-06-12 08:37:36,Technical,True,7.81
9097-ZUBYC,2024-05-09 14:22:14,Service Outage,True,6.82
9099-FTUHS,2024-04-22 15:41:23,General Inquiry,True,4.2
9099-FTUHS,2024-05-07 06:59:17,Billing,True,4.24
9099-FTUHS,2024-05-14 16:01:26,Service Outage,True,4.85
9099-FTUHS,2024-06-16 06:31:40,Account,False,
9099-FTUHS,2024-06-18 05:40:22,Service Outage,True,29.23
9101-BWFSS,2024-04-23 19:28:53,Service Outage,False,
9102-IAYHT,2024-05-02 20:59:56,Billing,False,
9102-IAYHT,2024-06-26 21:18:33,Service Outage,False,
9103-CXVOK,2024-06-09 07:22:09,General Inquiry,True,9.69
9103-TCIHJ,2024-05-27 02:30:47,Billing,True,20.39
9103-TCIHJ,2024-06-16 23:53:00,Service Outage,False,
9103-TCIHJ,2024-06-21 16:56:44,Billing,True,62.51
9107-UKCKY,2024-04-24 07:13:48,Service Outage,True,2.17
9107-UKCKY,2024-05-31 04:46:26,Billing,True,12.61
9107-UKCKY,2024-06-07 09:51:45,Account,True,1.75
9108-EJFJP,2024-05-24 17:52:01,Service Outage,True,16.07
9108-EJFJP,2024-06-23 14:40:47,Service Outage,True,4.08
9110-HSGTV,2024-05-01 11:45:52,General Inquiry,True,14.01
9112-WSNPU,2024-04-06 21:04:51,Billing,False,
9112-WSNPU,2024-05-21 15:55:13,Account,True,3.41
9112-WSNPU,2024-05-23 02:30:08,Account,True,4.73
9112-WSNPU,2024-05-24 13:55:33,Service Outage,False,
9112-WSNPU,2024-06-01 09:59:19,Service Outage,True,6.59
9114-AAFQH,2024-04-14 04:39:55,Technical,True,9.25
9114-AAFQH,2024-04-19 08:22:21,Billing,True,9.77
9114-AAFQH,2024-06-22 03:46:20,Billing,True,9.01
9114-AAFQH,2024-06-30 13:00:49,Account,True,5.43
9114-DPSIA,2024-04-04 03:56:15,Technical,True,1.32
9114-DPSIA,2024-04-05 23:41:14,Account,True,9.03
9114-VEPUF,2024-04-05 17:28:05,Account,True,9.05
9115-YQHGA,2024-06-25 18:22:58,Technical,True,24.38
9117-SHLZX,2024-05-06 16:51:37,Billing,True,19.94
9117-SHLZX,2024-05-29 22:10:32,Account,True,19.15
9117-SHLZX,2024-06-04 15:26:35,Technical,True,55.35
9117-SHLZX,2024-06-29 16:03:53,Billing,False,
9121-PHQSR,2024-05-04 11:12:51,Billing,True,15.03
9121-PHQSR,2024-05-19 10:07:21,General Inquiry,True,6.31
9121-PHQSR,2024-06-20 15:12:32,Account,True,6.81
9127-FHJBZ,2024-05-17 18:24:33,Service Outage,False,
9127-FHJBZ,2024-05-18 17:08:08,Billing,True,10.28
9127-QRZMH,2024-05-16 13:30:42,General Inquiry,True,5.64
9128-CPXKI,2024-04-21 05:01:16,Service Outage,False,
9128-CPXKI,2024-04-24 04:30:51,Account,True,8.55
9129-UXERG,2024-04-15 11:48:57,Billing,True,4.45
9129-UXERG,2024-05-18 07:42:27,Billing,True,2.23
9133-AYJZG,2024-04-05 15:10:52,Service Outage,True,10.36
9133-AYJZG,2024-04-09 07:36:14,General Inquiry,False,
9133-AYJZG,2024-04-18 08:10:20,Technical,True,12.26
9133-AYJZG,2024-05-17 00:07:08,General Inquiry,True,3.01
9133-AYJZG,2024-05-27 15:24:43,General Inquiry,True,3.34
9134-CEQMF,2024-05-07 16:15:02,Service Outage,True,29.14
9134-CEQMF,2024-05-14 09:38:52,General Inquiry,True,59.99
9134-WYRVP,2024-04-03 09:14:56,Technical,True,5.16
9134-WYRVP,2024-05-24 05:30:02,Billing,True,7.17
9134-WYRVP,2024-06-04 13:24:31,Technical,True,7.95
9135-HSWOC,2024-04-11 02:20:30,Billing,True,13.66
9135-HSWOC,2024-05-28 07:48:50,Billing,True,6.59
9135-MGVPY,2024-04-09 14:05:54,Account,True,9.26
9135-MGVPY,2024-05-16 22:57:16,Technical,True,6.88
9136-ALYBR,2024-04-25 13:29:09,Technical,True,16.3
9136-ALYBR,2024-04-28 07:41:06,Service Outage,True,18.2
9136-ALYBR,2024-05-16 01:58:13,Billing,False,
9137-NOQKA,2024-05-20 21:52:47,Technical,True,6.93
9137-NOQKA,2024-06-18 15:43:03,Account,True,18.95
9137-UIYPG,2024-05-29 06:12:48,General Inquiry,True,8.35
9139-TWBAS,2024-05-25 18:53:00,Account,True,6.63
9139-WQQDY,2024-04-11 14:36:42,General Inquiry,True,17.18
9139-WQQDY,2024-04-12 05:49:56,Account,False,
9139-WQQDY,2024-05-10 10:24:20,Account,False,
9140-CZQZZ,2024-05-28 10:36:30,Service Outage,True,13.01
9140-CZQZZ,2024-06-17 20:32:02,General Inquiry,True,26.79
9142-KZXOP,2024-05-29 05:57:17,Account,True,9.49
9142-XMYJH,2024-04-04 13:42:59,Billing,True,1.85
9142-XMYJH,2024-04-17 21:52:55,Technical,True,3.67
9142-XMYJH,2024-05-12 11:53:43,General Inquiry,False,
9143-CANJF,2024-05-26 15:15:45,Account,True,14.62
9143-CANJF,2024-06-21 17:24:01,Technical,True,7.53
9143-CANJF,2024-06-29 12:35:22,Account,True,8.62
9146-JRIOX,2024-04-25 15:56:07,Technical,False,
9146-JRIOX,2024-06-04 13:30:05,Billing,True,14.88
9146-JRIOX,2024-06-11 08:48:22,Account,True,16.14
9150-HEPMB,2024-06-17 00:16:22,Service Outage,False,
9150-KPBJQ,2024-06-23 13:34:11,Service Outage,True,8.48
9152-AMKAK,2024-06-02 20:32:58,Billing,True,1.89
9153-BTBVV,2024-04-05 22:38:04,Billing,True,3.81
9153-BTBVV,2024-06-16 20:23:22,Technical,True,6.35
9154-QDGTH,2024-04-19 01:50:03,Service Outage,True,6.32
9158-VCTQB,2024-05-08 14:22:43,Service Outage,False,
9158-VCTQB,2024-06-15 20:28:32,General Inquiry,True,9.47
9158-VCTQB,2024-06-28 17:17:03,General Inquiry,False,
9163-GHAYE,2024-04-02 02:41:12,Service Outage,True,6.19
9163-GHAYE,2024-05-16 14:10:17,Billing,True,13.43
9167-APMXZ,2024-04-13 22:12:14,Account,True,10.79
9168-INPSZ,2024-05-16 14:51:46,Account,True,11.9
9168-INPSZ,2024-06-29 01:40:22,Technical,True,2.87
9169-BSVIN,2024-05-12 07:55:20,Technical,True,5.83
9169-BSVIN,2024-06-01 13:46:41,Billing,True,4.97
9169-BSVIN,2024-06-06 21:33:32,General Inquiry,True,10.01
9170-ARBTB,2024-05-16 22:40:15,General Inquiry,True,10.43
9170-GYZJC,2024-05-09 19:35:26,Account,False,
9170-GYZJC,2024-05-30 06:22:59,General Inquiry,True,15.72
9172-ANCRX,2024-05-29 03:58:56,Technical,True,8.89
9172-ANCRX,2024-06-21 14:22:13,Technical,True,16.06
9172-JITSM,2024-05-18 11:03:12,Account,False,
9173-IVZVP,2024-05-28 19:24:11,Billing,True,23.34
9174-IHETN,2024-05-27 10:41:45,Technical,True,4.81
9174-IHETN,2024-05-29 22:46:10,Service Outage,False,
9174-IHETN,2024-06-30 23:05:47,Account,True,4.26
9178-JHUVJ,2024-04-14 00:42:37,Service Outage,False,
9178-JHUVJ,2024-05-18 23:55:46,Account,False,
9185-TQCVP,2024-05-18 19:17:29,General Inquiry,True,10.95
9185-TQCVP,2024-06-17 21:02:02,Billing,False,
9189-JWSHV,2024-04-15 19:47:54,Technical,False,
9190-MFJLN,2024-05-05 21:21:27,Account,True,17.39
9190-MFJLN,2024-05-13 16:40:48,General Inquiry,False,
9190-MFJLN,2024-05-14 09:35:49,Service Outage,False,
9190-MFJLN,2024-05-15 08:15:06,General Inquiry,True,12.49
9190-MFJLN,2024-05-21 14:11:37,Billing,True,17.54
9191-MYQKX,2024-04-27 04:57:31,Technical,False,
9191-MYQKX,2024-06-06 21:16:13,Technical,False,
9194-GFVOI,2024-04-24 21:28:09,Account,True,5.02
9194-GFVOI,2024-05-26 13:41:42,Billing,True,7.51
9194-GFVOI,2024-06-09 09:45:54,Service Outage,True,5.13
9199-PWQVC,2024-04-28 03:27:30,Service Outage,True,17.21
9206-GVPEQ,2024-05-22 02:39:05,Service Outage,True,40.6
9206-GVPEQ,2024-05-31 05:40:54,General Inquiry,True,16.44
9207-ZPANB,2024-05-16 16:03:25,Technical,True,5.06
9207-ZPANB,2024-05-28 07:06:48,Technical,True,8.67
9207-ZPANB,2024-06-30 04:37:42,General Inquiry,True,1.37
9208-OLGAQ,2024-04-13 13:02:49,Account,True,9.28
9208-OLGAQ,2024-05-01 11:37:56,General Inquiry,True,2.27
9208-OLGAQ,2024-05-03 16:39:13,General Inquiry,True,5.19
9208-OLGAQ,2024-05-27 11:31:21,Service Outage,True,4.82
9210-IAHGH,2024-04-29 21:31:03,Account,True,23.72
9210-IAHGH,2024-05-19 00:12:33,Account,True,10.05
9210-IAHGH,2024-05-24 18:11:28,Technical,True,16.58
9214-EKVXR,2024-05-23 12:10:19,Billing,True,3.45
9214-EKVXR,2024-06-02 00:17:40,Account,True,15.55
9214-EKVXR,2024-06-07 10:27:03,General Inquiry,False,
9214-EKVXR,2024-06-24 18:54:34,Service Outage,False,
9220-ZNKJI,2024-04-08 08:07:33,Account,True,14.34
9220-ZNKJI,2024-05-16 03:08:51,Billing,True,11.01
9220-ZNKJI,2024-06-06 22:06:41,Technical,True,7.96
9221-OTIVJ,2024-05-22 19:48:39,General Inquiry,False,
9221-OTIVJ,2024-06-28 07:07:26,Service Outage,True,27.67
9223-UCPVT,2024-04-10 20:47:32,Technical,False,
9223-UCPVT,2024-04-17 17:30:33,General Inquiry,False,
9223-UCPVT,2024-05-28 13:57:30,Technical,True,10.16
9223-UCPVT,2024-06-18 22:22:03,General Inquiry,True,30.91
9224-VTYID,2024-05-12 15:59:34,General Inquiry,True,12.22
9224-VTYID,2024-05-18 01:16:44,General Inquiry,True,3.74
9224-VTYID,2024-05-25 15:20:16,Account,True,4.26
9224-VTYID,2024-06-01 03:37:27,Billing,True,2.54
9225-BZLNZ,2024-05-31 22:20:51,Billing,True,19.63
9225-BZLNZ,2024-06-12 11:46:54,General Inquiry,False,
9227-UAQFT,2024-04-07 11:01:30,Billing,True,11.1
9227-UAQFT,2024-05-05 21:06:58,Service Outage,True,13.76
9229-RQABD,2024-04-22 23:53:38,General Inquiry,True,5.94
9231-ZJYAM,2024-04-20 15:29:07,Service Outage,False,
9231-ZJYAM,2024-05-19 19:05:07,General Inquiry,True,48.58
9233-PSYHO,2024-05-02 11:40:14,Billing,True,5.61
9233-PSYHO,2024-05-03 02:38:36,Service Outage,True,4.54
9236-NDUCW,2024-06-28 17:32:17,Technical,True,12.18
9237-HQITU,2024-04-09 18:49:57,Technical,True,11.52
9237-HQITU,2024-04-12 03:29:41,Service Outage,False,
9237-HQITU,2024-04-23 08:01:17,Account,True,17.62
9237-HQITU,2024-05-31 08:55:39,Account,True,18.92
9239-GZHZE,2024-05-06 13:17:35,Service Outage,False,
9239-ZBZZV,2024-04-14 04:09:51,Technical,False,
9239-ZBZZV,2024-05-13 02:40:42,Billing,True,21.84
9239-ZBZZV,2024-06-22 01:55:33,Technical,True,19.97
9242-TKFSV,2024-04-03 23:40:16,Account,True,3.16
9244-ZVAPM,2024-04-13 18:26:55,Account,True,7.87
9244-ZVAPM,2024-06-07 15:57:36,General Inquiry,True,5.36
9248-OJYKK,2024-04-07 11:45:55,Account,True,12.01
9248-OJYKK,2024-06-24 09:11:44,Account,False,
9248-OJYKK,2024-06-25 00:59:54,Service Outage,True,25.92
9249-FXSCK,2024-04-08 16:54:55,Service Outage,False,
9249-FXSCK,2024-04-27 05:57:17,Account,False,
9249-FXSCK,2024-05-14 05:38:52,Service Outage,True,21.22
9250-WYPLL,2024-04-08 07:50:33,Technical,False,
9250-WYPLL,2024-05-06 06:36:38,Billing,True,57.53
9251-WNSOD,2024-05-15 06:48:37,Service Outage,False,
9251-WNSOD,2024-05-28 22:36:50,Service Outage,True,4.1
9251-WNSOD,2024-06-24 04:00:50,Service Outage,True,15.55
9253-QXKBE,2024-04-15 03:43:52,Billing,False,
9253-QXKBE,2024-06-12 22:03:33,General Inquiry,True,22.44
9253-VIFJQ,2024-04-19 18:27:10,General Inquiry,True,5.0
9253-VIFJQ,2024-05-11 22:10:19,General Inquiry,True,1.81
9253-VIFJQ,2024-06-19 20:05:29,General Inquiry,True,1.94
9254-RBFON,2024-05-21 07:35:45,Billing,False,
9256-JTBNZ,2024-06-25 05:09:14,Service Outage,True,7.84
9257-AZMTZ,2024-06-11 00:38:44,Service Outage,True,2.28
9258-CNWAC,2024-06-13 00:05:18,Billing,True,7.29
9259-PACGQ,2024-06-25 14:06:59,General Inquiry,False,
9261-WDCAF,2024-05-21 13:48:28,Technical,True,0.61
9261-WDCAF,2024-05-25 19:01:20,Account,True,9.09
9261-WDCAF,2024-06-06 03:47:14,General Inquiry,True,4.5
9261-WDCAF,2024-06-07 19:00:54,Service Outage,True,9.02
9269-CQOOL,2024-04-03 10:55:33,Technical,False,
9269-CQOOL,2024-06-04 09:29:35,Service Outage,False,
9272-LSVYH,2024-04-03 19:22:11,Billing,True,2.65
9272-LSVYH,2024-04-21 00:24:41,Account,True,3.13
9272-LSVYH,2024-04-29 10:23:17,Technical,True,9.74
9272-LSVYH,2024-05-11 10:50:23,Account,True,6.87
9274-CNFMO,2024-06-20 17:30:03,Service Outage,False,
9274-UARKJ,2024-04-08 10:40:46,General Inquiry,True,15.28
9274-UARKJ,2024-06-05 07:26:04,Service Outage,True,6.39
9274-UARKJ,2024-06-07 01:07:45,Service Outage,True,9.27
9278-VZKCD,2024-04-27 13:59:37,General Inquiry,True,3.69
9278-VZKCD,2024-06-03 21:56:39,Billing,False,
9281-OFDMF,2024-04-22 21:17:53,Service Outage,True,7.67
9281-PKKZE,2024-04-19 08:55:44,General Inquiry,True,5.88
9281-PKKZE,2024-05-13 05:00:05,Account,True,3.9
9281-PKKZE,2024-05-31 06:02:28,General Inquiry,True,2.57
9281-PKKZE,2024-06-13 08:20:22,Account,False,
9281-PKKZE,2024-06-25 00:23:06,Technical,True,4.63
9282-IZGQK,2024-05-07 15:29:32,Technical,True,10.53
9283-LZQOH,2024-04-12 09:24:39,Account,True,37.91
9283-LZQOH,2024-05-13 12:36:24,Technical,True,50.9
9283-LZQOH,2024-06-06 09:43:23,General Inquiry,True,75.83
9283-LZQOH,2024-06-19 15:43:30,Service Outage,True,39.12
9286-BHDQG,2024-05-16 12:38:34,Account,True,6.9
9286-DOJGF,2024-05-20 07:54:28,Account,False,
9286-DOJGF,2024-05-24 08:03:17,Account,False,
9286-DOJGF,2024-05-30 04:58:59,Service Outage,True,13.41
9286-DOJGF,2024-06-25 23:08:20,Billing,True,20.69
9289-LBQVU,2024-05-12 19:13:20,Service Outage,True,7.02
9290-SHCMB,2024-04-28 09:21:09,General Inquiry,True,8.2
9290-SHCMB,2024-06-10 23:43:37,General Inquiry,True,2.78
9294-TDIPC,2024-05-19 06:35:07,General Inquiry,True,7.92
9297-EONCV,2024-06-25 14:19:29,General Inquiry,True,4.18
9298-WGMRW,2024-04-14 22:14:38,Service Outage,True,13.7
9298-WGMRW,2024-05-14 18:00:53,Technical,False,
9300-AGZNL,2024-06-09 01:48:25,General Inquiry,False,
9300-AGZNL,2024-06-30 21:09:04,Service Outage,True,55.69
9300-RENDD,2024-04-02 18:39:45,Billing,True,27.91
9300-RENDD,2024-05-21 10:07:53,Account,False,
9300-RENDD,2024-06-20 19:38:57,General Inquiry,False,
9305-CDSKC,2024-04-20 04:10:40,Billing,True,32.13
9305-CDSKC,2024-06-02 14:02:34,Technical,False,
9305-CDSKC,2024-06-16 19:10:56,Service Outage,True,29.06
9305-CDSKC,2024-06-30 10:06:31,General Inquiry,True,35.6
9306-CPCBC,2024-04-06 14:14:40,Service Outage,True,20.78
9306-CPCBC,2024-05-03 20:58:53,Billing,True,16.3
9308-ANMVE,2024-05-30 02:55:44,General Inquiry,True,11.93
9309-BZGNT,2024-04-21 03:08:35,Technical,True,2.77
9309-BZGNT,2024-05-22 22:46:59,Service Outage,True,7.25
9309-BZGNT,2024-06-01 10:25:33,Account,True,8.81
9309-BZGNT,2024-06-14 06:51:26,Account,False,
9309-BZGNT,2024-06-20 21:15:39,Technical,True,5.05
9313-QOLTZ,2024-05-24 10:25:08,Account,True,3.67
9314-IJWSQ,2024-04-07 20:23:59,Service Outage,True,10.12
9314-IJWSQ,2024-04-12 03:14:41,Technical,True,6.5
9314-QDMDW,2024-06-03 10:31:45,Account,True,3.8
9314-QDMDW,2024-06-18 23:33:38,Account,True,5.54
9317-WZPGV,2024-06-08 20:59:52,Billing,True,15.05
9318-NKNFC,2024-04-16 10:22:08,Technical,True,22.19
9318-NKNFC,2024-05-24 00:12:18,Billing,True,16.27
9318-NKNFC,2024-06-11 02:20:40,General Inquiry,False,
9323-HGFWY,2024-05-18 09:20:49,Technical,False,
9323-HGFWY,2024-06-13 19:25:15,General Inquiry,True,2.12
9327-QSDED,2024-05-18 01:41:33,General Inquiry,True,3.85
9327-QSDED,2024-05-19 14:47:50,Service Outage,True,5.72
9327-QSDED,2024-06-15 21:02:56,Service Outage,True,3.76
9330-DHBFL,2024-05-08 11:16:59,Account,True,4.73
9330-IJWIO,2024-06-10 05:24:47,Service Outage,True,10.31
9330-IJWIO,2024-06-11 10:51:45,Service Outage,True,12.61
9330-IJWIO,2024-06-16 01:29:04,Technical,True,16.97
9330-IJWIO,2024-06-27 16:49:51,Technical,False,
9330-VOFSZ,2024-04-18 11:56:02,Service Outage,True,7.36
9330-VOFSZ,2024-05-22 07:55:31,Technical,True,12.17
9332-GYWLO,2024-04-04 19:10:39,Technical,True,5.88
9332-GYWLO,2024-04-05 15:25:36,General Inquiry,True,2.52
9332-GYWLO,2024-04-23 11:52:14,Service Outage,True,7.39
9332-GYWLO,2024-05-19 17:52:15,Account,True,9.1
9334-GWGOW,2024-04-25 11:10:42,General Inquiry,True,17.3
9337-SRRNI,2024-06-27 21:55:52,Technical,True,6.45
9339-FIIJL,2024-04-20 08:30:07,Billing,True,10.47
9342-VNIMQ,2024-05-06 19:05:16,Billing,True,4.24
9342-VNIMQ,2024-06-17 02:13:59,Billing,True,12.95
9342-VNIMQ,2024-06-20 14:35:00,Service Outage,True,9.3
9348-ROUAI,2024-05-09 06:45:09,General Inquiry,True,3.47
9348-YVOMK,2024-05-12 05:01:14,Billing,False,
9350-ZXYJC,2024-04-21 19:28:41,General Inquiry,True,16.8
9350-ZXYJC,2024-05-28 14:26:12,Service Outage,True,8.55
9351-LZYGF,2024-06-13 17:57:38,General Inquiry,True,3.7
9355-NPPFS,2024-04-19 05:52:13,Service Outage,True,3.95
9355-NPPFS,2024-04-23 05:52:03,Technical,True,8.4
9355-NPPFS,2024-05-17 05:02:50,Account,True,2.42
9356-AXGMP,2024-04-08 17:51:00,Service Outage,True,6.63
9356-AXGMP,2024-05-20 16:15:59,Service Outage,True,5.06
9356-AXGMP,2024-06-19 01:45:25,General Inquiry,False,
9356-AXGMP,2024-06-25 18:57:55,Service Outage,True,5.29
9357-UJRUN,2024-04-06 07:34:40,Billing,True,6.21
9357-UJRUN,2024-04-16 22:35:13,Service Outage,True,8.3
9359-JANWS,2024-06-10 11:39:53,Account,True,16.33
9359-UGBTK,2024-05-20 02:57:31,Account,True,6.58
9359-UGBTK,2024-06-07 08:27:22,Billing,True,9.77
9360-AHGNL,2024-06-07 20:47:49,Technical,True,15.61
9360-OMDZZ,2024-05-15 14:21:26,Service Outage,True,3.79
9360-OMDZZ,2024-06-20 18:22:21,Service Outage,False,
9364-YKUVW,2024-04-03 17:28:48,General Inquiry,True,5.64
9364-YKUVW,2024-06-22 09:59:26,Account,True,4.32
9365-CSLBQ,2024-05-02 13:50:27,General Inquiry,True,3.15
9365-CSLBQ,2024-06-17 16:05:47,Billing,True,4.29
9365-SRSZE,2024-04-06 19:33:43,Technical,True,8.89
9365-SRSZE,2024-05-12 21:56:31,Service Outage,True,5.9
9367-OIUXP,2024-04-21 18:40:08,Technical,True,6.26
9367-OIUXP,2024-05-17 03:52:17,General Inquiry,True,10.97
9367-TCUYN,2024-04-07 11:29:48,Technical,False,
9367-TCUYN,2024-04-29 17:37:47,Billing,True,5.89
9367-TCUYN,2024-05-04 06:41:37,Service Outage,True,4.65
9367-WXLCH,2024-06-23 14:57:36,General Inquiry,False,
9369-XFEHK,2024-04-04 15:07:50,General Inquiry,False,
9369-XFEHK,2024-04-27 03:37:42,Technical,False,
9372-TXXPS,2024-05-11 12:18:54,Account,True,14.61
9372-TXXPS,2024-05-27 18:31:05,Billing,False,
9375-MHRRS,2024-04-24 21:45:34,Account,True,17.84
9378-FXTIZ,2024-05-15 18:00:40,Technical,False,
9378-FXTIZ,2024-06-23 11:44:32,Billing,False,
9381-NDKME,2024-05-01 02:19:33,Billing,True,21.26
9381-NDKME,2024-05-12 22:19:00,General Inquiry,False,
9381-NDKME,2024-05-24 13:12:20,Account,False,
9385-EHGDO,2024-05-09 03:03:07,General Inquiry,True,4.45
9385-NXKDA,2024-05-18 14:10:42,Billing,False,
9385-NXKDA,2024-06-12 11:03:08,General Inquiry,True,7.37
9388-ZEYVT,2024-05-06 23:28:04,Service Outage,False,
9389-ACWBI,2024-06-16 11:19:19,Service Outage,True,1.91
9389-ACWBI,2024-06-19 18:57:36,Service Outage,True,3.32
9391-DXGGG,2024-05-11 07:50:10,Account,True,20.41
9391-DXGGG,2024-05-12 23:38:33,Account,True,5.82
9391-DXGGG,2024-06-15 03:35:02,General Inquiry,True,4.26
9391-EOYLI,2024-04-07 20:55:40,Technical,True,25.49
9391-EOYLI,2024-04-11 04:37:12,Service Outage,False,
9391-EOYLI,2024-04-16 20:39:43,Account,True,30.31
9391-LMANN,2024-05-29 16:59:47,Service Outage,True,2.77
9391-LMANN,2024-06-05 18:43:59,Account,True,4.28
9391-LMANN,2024-06-05 22:55:25,Account,True,4.88
9391-LMANN,2024-06-23 19:22:31,Account,True,12.51
9391-TTOYH,2024-06-15 00:44:28,Account,True,7.28
9391-YZEJW,2024-04-02 23:42:35,Technical,True,7.14
9391-YZEJW,2024-04-08 04:32:17,Service Outage,True,3.16
9391-YZEJW,2024-05-08 07:15:47,Technical,True,6.17
9391-YZEJW,2024-05-10 11:07:49,Service Outage,True,3.54
9391-YZEJW,2024-06-07 22:24:04,Technical,True,9.99
9392-XBGTD,2024-05-16 09:45:07,Technical,True,7.46
9396-ZSFLL,2024-06-02 19:17:11,General Inquiry,True,15.84
9397-TZSHA,2024-05-22 03:15:10,Technical,True,4.5
9398-MMQTO,2024-05-24 12:06:26,Billing,True,14.72
9398-MMQTO,2024-05-25 13:50:24,Account,False,
9402-CXWPL,2024-04-14 01:29:19,Service Outage,True,10.04
9402-CXWPL,2024-04-29 07:16:51,Technical,True,13.85
9402-CXWPL,2024-06-24 03:39:09,Service Outage,True,9.23
9402-ORRAH,2024-05-20 23:53:13,General Inquiry,True,7.76
9402-ORRAH,2024-05-22 21:45:08,Service Outage,True,2.46
9402-ROUMJ,2024-05-25 06:47:18,Account,True,2.39
9405-GPBBG,2024-04-23 05:49:18,Service Outage,True,8.95
9408-SSNVZ,2024-04-24 18:55:02,Billing,False,
9408-SSNVZ,2024-05-04 09:40:42,Service Outage,True,131.66
9408-SSNVZ,2024-05-16 11:58:01,Account,True,49.41
9412-ARGBX,2024-06-02 03:57:53,Account,True,4.64
9412-ARGBX,2024-06-04 04:26:16,General Inquiry,True,26.83
9412-ARGBX,2024-06-14 12:51:51,General Inquiry,False,
9412-GHEEC,2024-04-24 22:31:41,Service Outage,True,13.11
9415-DPEWS,2024-04-06 15:24:19,Service Outage,True,34.53
9415-DPEWS,2024-04-10 22:44:42,Account,False,
9415-DPEWS,2024-05-28 06:05:44,General Inquiry,False,
9415-TPKRV,2024-05-13 18:46:42,General Inquiry,True,1.58
9418-RUKPH,2024-04-13 09:38:10,Account,True,6.65
9418-RUKPH,2024-06-21 07:06:27,Service Outage,True,6.14
9418-RUKPH,2024-06-28 11:35:05,Service Outage,False,
9419-IPPBE,2024-04-30 17:55:25,Technical,True,4.41
9424-CMPOG,2024-04-19 16:19:38,Billing,True,6.54
9424-CMPOG,2024-06-17 22:42:29,Technical,True,10.24
9426-SXNHE,2024-04-07 15:33:31,Account,True,9.75
9426-SXNHE,2024-04-09 07:56:54,General Inquiry,True,1.34
9426-SXNHE,2024-04-18 23:20:03,Billing,False,
9430-FRQOC,2024-05-13 20:15:24,Service Outage,True,27.28
9430-FRQOC,2024-05-25 04:42:03,General Inquiry,False,
9432-VOFYX,2024-04-30 17:55:55,Technical,True,3.08
9432-VOFYX,2024-05-19 09:37:22,Account,True,17.4
9432-VOFYX,2024-06-17 21:56:50,Billing,True,22.93
9432-VOFYX,2024-06-18 17:23:17,Service Outage,True,4.69
9435-JMLSX,2024-04-04 23:05:05,Account,True,7.1
9435-JMLSX,2024-06-13 06:42:28,General Inquiry,True,14.81
9436-ZBZCT,2024-04-28 14:40:18,Billing,True,20.81
9436-ZBZCT,2024-05-18 02:32:44,Service Outage,False,
9441-QHEVC,2024-04-14 18:13:50,Billing,True,2.64
9441-QHEVC,2024-05-22 21:58:18,Account,False,
9441-QHEVC,2024-06-07 21:04:15,Technical,True,5.32
9443-JUBUO,2024-06-11 00:36:48,Billing,True,1.87
9443-JUBUO,2024-06-16 13:35:51,General Inquiry,True,12.99
9444-JTXHZ,2024-04-26 23:02:58,Billing,True,25.83
9444-JTXHZ,2024-05-01 14:07:03,Billing,False,
9444-JTXHZ,2024-05-11 15:20:18,Technical,True,15.34
9444-JTXHZ,2024-05-13 11:46:28,Account,True,10.22
9445-SZLCH,2024-04-07 10:01:40,General Inquiry,True,30.0
9445-SZLCH,2024-04-22 17:19:45,General Inquiry,False,
9447-YPTBX,2024-05-07 08:35:57,Billing,True,13.08
9448-REEVD,2024-05-07 20:09:31,Billing,False,
9448-REEVD,2024-05-17 11:56:14,General Inquiry,False,
9450-TRJUU,2024-04-04 22:25:16,General Inquiry,True,2.66
9450-TRJUU,2024-05-21 04:26:11,General Inquiry,True,9.15
9451-LPGOO,2024-04-06 13:07:43,Service Outage,False,
9451-LPGOO,2024-05-11 06:01:18,General Inquiry,False,
9453-PATOS,2024-05-12 23:38:24,Technical,True,4.17
9453-PATOS,2024-05-16 03:19:05,Account,True,18.69
9462-MJUAW,2024-04-04 15:03:40,Billing,True,32.53
9462-MJUAW,2024-04-29 01:51:14,Technical,False,
9462-MJUAW,2024-06-01 13:10:23,Service Outage,False,
9462-MJUAW,2024-06-16 13:19:01,Billing,True,18.92
9465-RWMXL,2024-06-10 20:03:57,Service Outage,True,8.83
9467-ROOLM,2024-04-13 23:25:36,Account,True,2.61
9469-WEJBT,2024-05-05 17:50:55,Service Outage,True,3.86
9469-WEJBT,2024-06-10 11:29:10,Service Outage,True,7.14
9470-XCCEM,2024-04-10 07:02:11,Technical,True,6.59
9470-XCCEM,2024-04-27 19:15:41,Account,True,18.13
9470-XCCEM,2024-05-31 08:42:33,General Inquiry,True,8.65
9470-XCCEM,2024-06-11 02:11:24,Service Outage,False,
9470-YFUYI,2024-05-13 07:48:03,Billing,True,12.96
9473-CBZOP,2024-05-06 23:39:00,Service Outage,True,9.59
9473-CBZOP,2024-06-26 06:02:16,Account,True,19.67
9474-PHLYD,2024-04-27 05:53:23,Technical,False,
9474-PHLYD,2024-04-28 19:51:36,Account,True,21.49
9474-PHLYD,2024-06-24 23:59:28,Account,True,23.7
9475-NNDGC,2024-04-12 03:30:38,Service Outage,True,14.08
9477-LGWQI,2024-04-10 01:19:17,Technical,True,6.39
9477-LGWQI,2024-05-07 22:20:25,Account,True,4.97
9477-LGWQI,2024-06-01 11:44:56,Account,True,3.63
9479-HYNYL,2024-06-11 03:11:20,General Inquiry,True,3.32
9480-BQJEI,2024-04-14 00:23:52,Service Outage,True,11.6
9480-BQJEI,2024-05-24 00:22:06,General Inquiry,True,7.58
9481-IEBZY,2024-06-14 08:18:45,Service Outage,True,5.53
9481-SFCQY,2024-06-15 02:47:19,Billing,True,6.4
9481-WHGWY,2024-04-19 19:59:00,Technical,True,12.24
9481-WHGWY,2024-04-22 14:41:52,Technical,True,6.88
9481-WHGWY,2024-06-30 17:05:07,Service Outage,True,4.15
9483-GCPWE,2024-04-07 06:02:52,General Inquiry,True,14.55
9488-FYQAU,2024-04-03 21:48:19,Service Outage,True,3.95
9488-FYQAU,2024-06-26 19:53:01,Technical,True,13.83
9488-HGMJH,2024-04-06 19:16:59,Service Outage,False,
9488-HGMJH,2024-04-27 03:26:56,Billing,True,43.14
9488-HGMJH,2024-05-17 18:07:06,Billing,True,26.2
9489-DEDVP,2024-04-07 19:43:46,General Inquiry,True,5.89
9489-UTFKA,2024-06-12 08:25:35,Billing,False,
9489-UTFKA,2024-06-22 00:03:06,Service Outage,True,5.5
9490-DFPMD,2024-04-28 05:38:20,Service Outage,False,
9490-DFPMD,2024-05-27 13:42:00,Account,False,
9490-DFPMD,2024-05-31 01:29:37,Billing,False,
9490-DFPMD,2024-06-24 20:37:37,Technical,True,33.71
9492-TOKRI,2024-04-07 12:26:04,Technical,True,28.26
9492-TOKRI,2024-04-21 20:44:26,Technical,True,25.41
9492-TOKRI,2024-05-08 09:34:24,Service Outage,True,25.27
9492-TOKRI,2024-06-02 06:43:55,Billing,True,93.33
9492-TOKRI,2024-06-15 23:36:52,Service Outage,True,12.5
9494-MRNYX,2024-05-12 09:12:24,Billing,True,4.67
9495-REDIY,2024-05-22 03:16:02,General Inquiry,True,11.04
9495-REDIY,2024-06-04 05:36:02,General Inquiry,True,4.11
9495-REDIY,2024-06-15 19:03:56,Billing,True,5.39
9495-REDIY,2024-06-22 04:36:36,Technical,True,6.92
9495-REDIY,2024-06-25 14:08:03,Account,True,1.28
9495-SKLKD,2024-04-10 08:34:41,General Inquiry,True,5.02
9495-SKLKD,2024-04-28 22:02:28,Technical,True,27.18
9495-SKLKD,2024-05-01 07:42:26,General Inquiry,True,3.83
9495-SKLKD,2024-06-23 08:34:17,Technical,True,3.48
9496-IVVRP,2024-04-11 21:50:47,Technical,True,5.1
9497-QCMMS,2024-04-12 22:17:30,Billing,False,
9497-QCMMS,2024-04-18 15:00:28,General Inquiry,True,14.47
9497-QCMMS,2024-06-27 18:01:07,Service Outage,False,
9498-FIMXL,2024-06-28 20:54:29,General Inquiry,True,1.52
9499-XPZXM,2024-04-02 18:43:35,Service Outage,True,6.06
9499-XPZXM,2024-04-04 18:11:14,Billing,True,3.47
9499-XPZXM,2024-05-08 18:29:46,Service Outage,True,19.43
9500-IWPXQ,2024-05-24 16:02:38,General Inquiry,True,11.63
9500-IWPXQ,2024-06-12 21:17:52,Billing,True,9.4
9500-LTVBP,2024-04-06 23:13:29,Technical,True,6.89
9500-LTVBP,2024-05-21 02:31:37,Account,True,6.54
9500-LTVBP,2024-05-24 14:33:39,Billing,True,4.39
9500-WBGRP,2024-04-18 11:04:56,Account,True,10.46
9501-UKKNL,2024-05-23 06:21:57,Technical,True,2.19
9503-XJUME,2024-04-30 09:27:33,Account,True,6.21
9503-XJUME,2024-05-31 05:08:09,Billing,True,6.83
9504-YAZWB,2024-05-21 06:05:42,Service Outage,True,2.45
9504-YAZWB,2024-06-10 09:58:24,Technical,True,7.57
9504-YAZWB,2024-06-20 18:42:47,Account,True,4.57
9505-SQFSW,2024-04-02 16:33:37,Service Outage,False,
9505-SQFSW,2024-04-05 20:15:40,Billing,True,3.76
9505-SQFSW,2024-05-03 18:41:12,Billing,True,10.92
9505-SQFSW,2024-06-14 12:08:42,Billing,True,7.27
9505-SQFSW,2024-06-22 11:19:36,Technical,True,3.12
9506-UXUSK,2024-05-15 10:26:27,Billing,True,7.5
9506-UXUSK,2024-05-22 08:43:12,Billing,True,6.86
9506-UXUSK,2024-05-28 04:08:04,Account,True,10.31
9506-UXUSK,2024-06-25 12:42:57,General Inquiry,True,5.1
9506-UXUSK,2024-06-27 21:28:55,Technical,True,8.45
9507-EXLTT,2024-04-03 00:48:10,Billing,False,
9507-EXLTT,2024-06-23 18:00:47,Service Outage,False,
9507-HSMMZ,2024-05-15 10:44:15,Account,True,16.92
9508-ILZDG,2024-05-28 09:17:04,General Inquiry,True,5.81
9512-UIBFX,2024-04-07 05:30:50,Technical,True,29.94
9512-UIBFX,2024-04-21 14:46:34,General Inquiry,True,24.97
9512-UIBFX,2024-06-02 07:20:54,Service Outage,True,8.88
9514-JDSKI,2024-06-10 08:00:38,Service Outage,True,24.08
9518-RWHZL,2024-06-09 12:27:46,General Inquiry,True,35.47
9518-XXBXE,2024-04-13 02:14:08,Technical,True,16.48
9518-XXBXE,2024-04-13 15:53:29,Service Outage,True,9.32
9518-XXBXE,2024-06-28 10:28:52,Billing,True,1.99
9522-BNTHX,2024-05-17 11:34:28,General Inquiry,True,1.86
9522-BNTHX,2024-05-18 13:30:11,Technical,True,6.65
9522-BNTHX,2024-05-20 07:51:53,Technical,True,4.89
9522-BNTHX,2024-06-07 13:58:37,Account,True,7.96
9522-BNTHX,2024-06-12 14:13:06,Billing,True,7.75
9522-ZSINC,2024-06-13 07:34:04,Billing,True,8.75
9524-EGPJC,2024-04-05 08:28:13,General Inquiry,False,
9526-BIHHD,2024-05-02 04:10:41,General Inquiry,True,20.74
9526-BIHHD,2024-06-04 15:31:31,General Inquiry,True,18.75
9526-JAWYF,2024-04-15 23:29:14,Billing,True,48.37
9526-JAWYF,2024-04-26 08:52:10,Account,True,19.0
9529-OFXHY,2024-04-29 18:26:06,Billing,True,2.17
9529-OFXHY,2024-05-23 06:01:24,Technical,True,2.6
9530-EHPOH,2024-04-13 18:32:50,Service Outage,True,9.35
9530-EHPOH,2024-06-25 00:48:31,Service Outage,True,16.99
9530-GRMJG,2024-05-13 09:07:24,Service Outage,True,17.88
9531-NSBMR,2024-05-10 11:53:41,Service Outage,True,1.23
9537-JALFH,2024-04-07 20:52:14,Service Outage,True,20.0
9537-JALFH,2024-04-30 10:13:53,Billing,True,9.73
9537-JALFH,2024-05-25 05:06:32,Service Outage,True,6.74
9537-VHDTA,2024-04-04 00:21:57,Billing,True,3.4
9537-VHDTA,2024-04-26 22:44:01,Technical,False,
9540-JYROE,2024-04-22 00:44:51,Service Outage,False,
9540-JYROE,2024-05-17 15:56:04,Service Outage,False,
9541-PWTWO,2024-04-16 05:02:07,Billing,True,12.58
9541-PWTWO,2024-05-25 17:21:55,Account,True,6.14
9541-ZPSEA,2024-04-06 21:45:38,General Inquiry,True,5.33
9541-ZPSEA,2024-05-19 14:20:06,Service Outage,True,5.31
9541-ZPSEA,2024-06-12 07:10:16,Service Outage,True,7.22
9544-PYPSJ,2024-04-23 21:02:36,Service Outage,True,2.45
9544-PYPSJ,2024-05-07 07:16:50,Technical,True,2.69
9544-PYPSJ,2024-06-02 01:58:39,Technical,True,4.98
9546-CQJSU,2024-04-02 18:59:02,Technical,True,36.39
9546-CQJSU,2024-05-18 09:14:46,Billing,False,
9546-KDTRB,2024-04-24 15:35:43,Account,True,3.66
9546-KDTRB,2024-06-07 17:15:48,General Inquiry,True,11.25
9547-ITEFG,2024-05-31 14:01:01,Billing,True,12.2
9547-ITEFG,2024-06-29 05:08:01,Account,True,8.1
9547-ITEFG,2024-06-29 14:37:35,General Inquiry,True,15.2
9548-LERKT,2024-05-06 19:27:46,Service Outage,True,6.64
9548-LERKT,2024-06-13 01:20:08,Account,True,3.39
9548-LIGTA,2024-04-14 06:19:08,Technical,True,1.85
9548-LIGTA,2024-05-10 14:12:37,Billing,True,11.81
9548-ZMVTX,2024-06-01 05:43:17,Account,True,8.31
9548-ZMVTX,2024-06-03 19:02:25,Service Outage,True,4.68
9552-TGUZV,2024-04-18 15:10:24,Billing,False,
9552-TGUZV,2024-04-22 22:52:42,Service Outage,True,6.87
9552-TGUZV,2024-06-18 17:48:47,Billing,True,4.15
9553-DLCLU,2024-04-12 23:31:24,Billing,True,2.53
9553-DLCLU,2024-06-06 04:19:44,Billing,True,12.15
9553-DLCLU,2024-06-08 12:04:08,Technical,True,4.73
9554-DFKIC,2024-04-07 23:59:39,General Inquiry,True,13.25
9554-DFKIC,2024-05-05 03:12:37,General Inquiry,False,
9554-DFKIC,2024-05-25 05:47:33,Billing,True,2.36
9554-DFKIC,2024-05-28 04:00:19,Technical,True,13.38
9554-DFKIC,2024-06-17 05:59:01,General Inquiry,True,6.44
9555-SAHUZ,2024-05-31 00:55:43,Service Outage,True,5.79
9555-SAHUZ,2024-06-20 22:00:20,General Inquiry,True,15.37
9558-IHEZX,2024-06-23 17:56:05,Service Outage,True,6.95
9560-BBZXK,2024-05-15 16:11:45,Billing,True,6.12
9565-AXSMR,2024-04-04 04:19:35,General Inquiry,True,6.22
9565-AXSMR,2024-04-13 13:48:02,Account,True,3.82
9565-DJPIB,2024-05-09 02:49:46,General Inquiry,False,
9565-DJPIB,2024-05-15 21:08:20,Billing,False,
9565-DJPIB,2024-05-21 19:00:12,General Inquiry,True,20.45
9565-DJPIB,2024-06-16 06:15:59,Technical,True,16.85
9565-DJPIB,2024-06-24 09:42:10,Account,True,32.65
9565-FLVCG,2024-05-18 23:27:06,Service Outage,True,1.75
9565-FLVCG,2024-05-27 04:49:50,General Inquiry,False,
9565-FLVCG,2024-05-28 15:35:27,General Inquiry,True,10.34
9565-JSNFM,2024-05-05 01:08:37,General Inquiry,True,16.22
9570-KYEUA,2024-04-23 11:22:37,Account,True,2.51
9570-KYEUA,2024-05-19 12:03:39,Billing,True,2.57
9570-KYEUA,2024-05-21 08:51:41,Service Outage,True,11.82
9571-EDEBV,2024-05-30 11:08:09,Billing,True,11.21
9571-EDEBV,2024-06-08 11:53:48,General Inquiry,True,3.38
9572-MTILT,2024-06-11 04:32:04,General Inquiry,False,
9572-WUKSB,2024-06-04 16:55:24,Technical,True,2.22
9572-WUKSB,2024-06-10 18:49:36,Technical,True,10.03
9572-WUKSB,2024-06-20 19:26:28,Billing,True,5.67
9574-RKJIF,2024-05-12 07:05:01,Technical,False,
9574-RKJIF,2024-05-12 17:17:59,Billing,False,
9574-RKJIF,2024-06-02 19:26:10,General Inquiry,False,
9574-RKJIF,2024-06-18 22:54:29,Account,True,6.45
9574-RKJIF,2024-06-22 05:54:47,General Inquiry,False,
9575-IWCAZ,2024-04-03 07:33:10,General Inquiry,True,19.53
9575-IWCAZ,2024-04-10 10:11:07,Account,True,3.69
9575-IWCAZ,2024-04-17 15:20:45,Billing,True,8.12
9575-IWCAZ,2024-06-19 22:54:39,Technical,True,3.69
9576-ANLXO,2024-04-20 12:00:26,Service Outage,False,
9576-ANLXO,2024-05-13 04:46:41,General Inquiry,True,16.02
9576-ANLXO,2024-06-14 16:26:53,Billing,True,32.37
9576-SYUHJ,2024-05-18 11:09:30,General Inquiry,True,5.89
9576-SYUHJ,2024-06-12 15:23:14,Billing,True,4.29
9577-WJVCQ,2024-04-04 05:35:51,Service Outage,True,2.98
9577-WJVCQ,2024-05-19 00:17:25,General Inquiry,True,4.25
9578-FOMUK,2024-05-24 04:11:14,General Inquiry,True,3.38
9578-VRMNM,2024-05-15 08:26:25,Service Outage,False,
9578-VRMNM,2024-05-24 15:39:21,Billing,True,20.45
9578-VRMNM,2024-05-26 13:16:52,Service Outage,False,
9581-GVBXT,2024-04-24 06:27:57,Account,True,4.98
9584-EXCDZ,2024-04-21 07:20:10,Service Outage,True,2.61
9584-EXCDZ,2024-04-26 10:07:09,General Inquiry,False,
9584-EXCDZ,2024-05-22 01:29:17,Account,True,5.5
9584-EXCDZ,2024-06-13 21:06:38,General Inquiry,True,14.92
9586-JGQKH,2024-05-25 19:54:48,General Inquiry,True,4.43
9586-JGQKH,2024-06-08 15:07:01,Billing,True,6.05
9588-OZDMQ,2024-05-18 16:46:42,Billing,True,1.96
9588-OZDMQ,2024-05-31 05:08:36,Service Outage,True,14.66
9589-ABEPT,2024-06-13 16:49:13,Account,True,4.46
9591-YVTEB,2024-05-19 11:18:19,Billing,True,7.93
9591-YVTEB,2024-06-19 02:50:26,Technical,True,5.11
9593-CVZKR,2024-06-08 02:32:40,General Inquiry,True,6.15
9600-NAXZN,2024-04-22 04:59:06,Service Outage,False,
9600-NAXZN,2024-05-16 11:09:20,General Inquiry,True,32.51
9600-NAXZN,2024-06-19 17:51:10,Service Outage,True,14.72
9600-UDOPK,2024-04-11 02:17:38,Technical,False,
9602-WCXPI,2024-04-09 12:48:51,Service Outage,True,4.06
9603-OAIHC,2024-04-30 10:19:06,General Inquiry,True,5.18
9603-OAIHC,2024-06-30 20:06:34,Service Outage,True,9.05
9605-WGJVW,2024-04-20 16:34:27,Account,True,11.7
9605-WGJVW,2024-06-07 01:57:41,Account,True,7.8
9606-PBKBQ,2024-04-07 07:58:23,Account,True,19.33
9606-PBKBQ,2024-05-11 19:18:49,Service Outage,False,
9609-BENEA,2024-05-03 00:40:19,Service Outage,True,18.76
9611-CTWIH,2024-05-25 08:13:03,Billing,True,19.69
9614-RMGHA,2024-06-15 00:56:29,Account,False,
9617-INGJY,2024-05-11 22:19:01,Billing,True,3.23
9617-UDPEU,2024-04-24 00:53:48,General Inquiry,True,3.69
9618-LFJRU,2024-04-12 21:58:02,Billing,True,20.63
9618-LFJRU,2024-05-03 09:34:42,Billing,True,15.39
9619-GSATL,2024-04-05 04:15:12,Technical,False,
9619-GSATL,2024-06-16 07:48:26,General Inquiry,True,29.15
9620-ENEJV,2024-04-10 03:00:37,General Inquiry,True,5.86
9620-ENEJV,2024-06-17 07:02:48,General Inquiry,True,2.17
9620-QJREV,2024-05-18 07:24:00,Technical,True,20.84
9621-OUPYD,2024-04-08 13:59:40,General Inquiry,True,2.49
9624-EGDEQ,2024-04-20 23:05:42,Billing,True,5.99
9624-EGDEQ,2024-05-13 23:33:12,Account,False,
9624-EGDEQ,2024-05-30 18:10:29,Account,True,5.13
9625-QNLUX,2024-04-15 15:55:53,General Inquiry,True,5.47
9625-QNLUX,2024-05-14 16:35:14,Account,False,
9625-QNLUX,2024-06-19 09:03:08,Account,True,43.97
9625-QSTYE,2024-04-23 12:49:03,Account,False,
9625-QSTYE,2024-04-27 05:17:30,Service Outage,True,46.45
9625-QSTYE,2024-04-28 00:25:22,Service Outage,True,20.77
9625-QSTYE,2024-05-01 21:01:32,General Inquiry,True,31.64
9626-VFRGG,2024-05-09 07:35:57,Service Outage,False,
9626-WEQRM,2024-04-25 13:05:21,Service Outage,True,5.08
9626-WEQRM,2024-05-03 01:23:18,Account,True,4.2
9629-NHXFW,2024-04-12 17:09:04,Technical,True,4.2
9631-RXVJM,2024-05-08 21:19:02,Technical,True,6.02
9631-XEYKE,2024-04-17 19:59:22,General Inquiry,True,1.56
9631-XEYKE,2024-04-19 17:47:53,General Inquiry,False,
9631-XEYKE,2024-04-30 05:14:06,Account,True,1.7
9631-XEYKE,2024-06-05 02:01:12,Technical,True,8.49
9631-XEYKE,2024-06-10 12:49:52,Account,False,
9633-DENPU,2024-05-21 02:02:05,Service Outage,True,7.19
9633-XQABV,2024-04-23 19:52:55,Technical,True,2.62
9633-XQABV,2024-05-22 19:17:42,Account,True,10.17
9637-CDTKZ,2024-06-18 20:22:00,Technical,True,5.03
9637-EIHEQ,2024-06-16 18:27:40,Service Outage,True,48.45
9638-JIQYA,2024-05-14 01:32:06,Service Outage,True,13.71
9639-BUJXT,2024-06-25 09:08:12,Service Outage,True,7.65
9640-ZSLDC,2024-04-04 12:32:11,Technical,True,2.56
9640-ZSLDC,2024-04-06 08:19:10,General Inquiry,True,6.67
9640-ZSLDC,2024-05-15 02:27:43,Billing,True,3.33
9640-ZSLDC,2024-06-28 11:41:43,General Inquiry,True,26.58
9643-AVVWI,2024-04-10 05:57:24,General Inquiry,True,5.49
9643-AVVWI,2024-06-29 04:42:53,General Inquiry,True,4.25
9643-YBLUR,2024-04-14 01:25:20,Technical,True,5.05
9643-YBLUR,2024-04-22 00:57:08,Service Outage,True,7.21
9643-YBLUR,2024-05-03 08:30:07,Billing,False,
9643-YBLUR,2024-06-09 17:47:31,General Inquiry,True,9.18
9643-YBLUR,2024-06-17 19:11:44,General Inquiry,True,5.97
9644-KVCNC,2024-05-19 16:13:42,Account,True,3.93
9644-UMGQA,2024-04-10 17:46:42,Account,True,11.01
9644-UMGQA,2024-05-18 12:51:30,Account,True,6.58
9644-UMGQA,2024-05-21 18:18:09,Account,True,4.72
9646-NMHXE,2024-04-04 00:49:47,Service Outage,False,
9647-ERGBE,2024-04-22 19:30:48,General Inquiry,True,34.68
9648-BCHKM,2024-04-16 21:14:05,General Inquiry,True,15.14
9648-BCHKM,2024-05-11 23:07:46,Technical,True,19.17
9648-BCHKM,2024-05-30 13:38:17,General Inquiry,True,4.52
9650-VBUOG,2024-06-06 01:01:21,Service Outage,False,
9651-GTSAQ,2024-05-21 20:19:17,General Inquiry,False,
9651-GTSAQ,2024-06-16 08:55:59,Technical,True,53.44
9658-WYUFB,2024-04-22 08:18:38,Technical,True,22.58
9658-WYUFB,2024-06-06 12:29:35,Account,False,
9659-QEQSY,2024-06-06 04:04:04,General Inquiry,True,2.46
9661-ACXBS,2024-04-26 16:09:39,Account,True,26.82
9661-ACXBS,2024-06-23 10:00:39,Billing,True,8.73
9661-JALZV,2024-04-30 05:22:32,Account,False,
9661-JALZV,2024-05-22 21:53:26,Account,True,2.93
9661-JALZV,2024-05-26 18:49:13,Account,True,5.23
9667-EQRXU,2024-05-06 00:23:17,Account,False,
9667-EQRXU,2024-06-02 17:38:52,Account,True,44.78
9668-PUGNU,2024-04-04 06:12:39,Account,True,4.21
9670-BPNXF,2024-05-13 09:40:22,Account,True,11.27
9674-EHPPG,2024-04-23 14:06:42,Billing,True,5.87
9680-NIAUV,2024-04-24 04:51:10,Billing,True,13.81
9680-NIAUV,2024-05-18 22:14:06,Billing,False,
9681-KYGYB,2024-04-13 16:03:50,Technical,True,5.24
9681-KYGYB,2024-04-26 12:04:24,Service Outage,True,8.31
9681-KYGYB,2024-06-05 05:56:29,Technical,True,3.91
9681-OXGVC,2024-04-15 22:25:35,Service Outage,True,89.75
9681-OXGVC,2024-05-13 12:10:57,Account,True,29.69
9681-OXGVC,2024-06-13 12:05:58,Technical,False,
9688-YGXVR,2024-04-21 11:26:15,Technical,True,9.14
9688-YGXVR,2024-05-15 07:05:39,Billing,True,10.85
9688-YGXVR,2024-05-19 08:07:32,Technical,True,2.64
9688-YGXVR,2024-06-08 02:09:01,Technical,True,12.9
9688-YGXVR,2024-06-14 12:28:38,General Inquiry,True,24.05
9689-PTNPG,2024-05-14 05:25:33,General Inquiry,True,7.7
9689-PTNPG,2024-06-16 00:55:33,Technical,False,
9689-PTNPG,2024-06-30 03:16:00,Billing,False,
9691-HKOVS,2024-05-08 01:47:01,General Inquiry,True,6.2
9691-HKOVS,2024-06-02 08:06:21,Billing,False,
9692-TUSXH,2024-04-09 20:29:32,Technical,False,
9692-TUSXH,2024-04-10 23:42:33,Billing,False,
9692-TUSXH,2024-06-06 00:50:12,Technical,True,47.35
9692-TUSXH,2024-06-11 00:08:04,Service Outage,True,26.44
9693-XMUOB,2024-05-14 01:36:31,Billing,True,2.96
9693-XMUOB,2024-06-30 17:05:35,General Inquiry,True,3.22
9695-IDRZR,2024-06-14 18:51:27,Billing,True,3.91
9696-RMYBA,2024-04-21 09:48:53,Account,True,10.9
9696-RMYBA,2024-04-21 18:33:00,Billing,True,6.61
9696-RMYBA,2024-05-07 20:45:53,Account,True,10.16
9696-RMYBA,2024-06-18 13:36:40,Technical,True,5.46
9696-RMYBA,2024-06-28 22:01:54,Technical,True,9.02
9699-UBQFS,2024-05-14 23:54:29,General Inquiry,True,9.71
9699-UBQFS,2024-05-28 06:37:22,Service Outage,False,
9699-UBQFS,2024-06-25 11:09:41,Billing,True,2.34
9700-ZCLOT,2024-04-27 08:17:13,Service Outage,True,3.46
9700-ZCLOT,2024-05-27 07:48:04,Technical,False,
9701-CDXHR,2024-04-09 10:44:08,Account,True,3.14
9701-CDXHR,2024-05-07 17:22:28,General Inquiry,True,4.96
9701-CDXHR,2024-06-03 23:47:21,Billing,True,11.53
9701-CDXHR,2024-06-06 12:52:32,Account,True,6.81
9702-AIUJO,2024-04-09 00:39:30,Service Outage,True,8.36
9702-AIUJO,2024-05-31 01:58:53,Billing,True,6.35
9705-IOVQQ,2024-04-11 23:02:13,Billing,True,5.86
9705-IOVQQ,2024-05-29 13:24:55,Account,True,4.83
9705-IOVQQ,2024-06-12 07:50:17,Billing,True,7.81
9705-IOVQQ,2024-06-13 04:50:58,General Inquiry,True,2.66
9705-IOVQQ,2024-06-24 03:49:27,Account,True,9.68
9705-ZJBCG,2024-04-14 22:26:34,Billing,True,3.89
9705-ZJBCG,2024-06-12 08:47:21,Service Outage,True,2.58
9708-HPXWZ,2024-06-06 15:59:39,General Inquiry,True,6.59
9710-NJERN,2024-04-07 02:23:04,Billing,True,5.44
9710-ZUSHQ,2024-04-24 11:25:56,Billing,True,26.04
9710-ZUSHQ,2024-04-27 16:38:46,Billing,True,11.39
9710-ZUSHQ,2024-05-07 04:20:02,Technical,True,17.78
9711-FJTBX,2024-04-22 03:20:39,Account,True,5.91
9714-EDSUC,2024-05-30 11:16:21,Billing,True,9.0
9715-SBVSU,2024-04-26 12:28:08,Billing,True,7.78
9715-SBVSU,2024-04-27 13:19:36,Account,True,4.74
9715-SBVSU,2024-05-05 09:09:47,Account,True,13.0
9715-SBVSU,2024-05-18 15:56:55,Service Outage,True,16.12
9715-SBVSU,2024-06-16 03:36:42,Technical,True,4.3
9715-WZCLW,2024-06-16 12:37:52,Service Outage,True,7.47
9717-IOAAF,2024-05-17 07:27:55,General Inquiry,True,6.52
9717-QEBGU,2024-04-21 20:40:20,General Inquiry,True,8.86
9717-QEBGU,2024-04-27 07:56:54,Service Outage,True,1.46
9717-QEBGU,2024-05-30 02:43:15,Account,True,18.74
9717-QEBGU,2024-06-17 20:08:35,Technical,True,11.46
9717-QEBGU,2024-06-24 18:35:04,Billing,True,9.25
9720-JJJOR,2024-04-06 03:47:02,Account,True,2.72
9720-JJJOR,2024-06-28 23:20:19,Service Outage,True,11.6
9722-UJOJR,2024-04-16 02:51:05,Service Outage,True,24.6
9728-FTTVZ,2024-04-30 23:53:15,Technical,True,30.09
9728-FTTVZ,2024-06-21 14:19:21,General Inquiry,True,15.97
9728-FTTVZ,2024-06-27 07:47:26,Technical,True,25.53
9730-DRTMJ,2024-04-02 09:34:32,Account,False,
9732-EQMWY,2024-06-03 04:43:48,General Inquiry,True,4.36
9732-OUYRN,2024-04-03 23:32:57,Account,True,4.05
9734-UYXQI,2024-04-04 04:14:47,Technical,True,24.46
9734-UYXQI,2024-06-15 17:34:21,General Inquiry,True,19.03
9734-UYXQI,2024-06-20 04:29:28,Service Outage,False,
9734-YWGEX,2024-04-19 11:17:52,Technical,True,14.01
9734-YWGEX,2024-04-30 01:29:41,Account,False,
9734-YWGEX,2024-05-12 11:34:18,General Inquiry,False,
9734-YWGEX,2024-06-20 03:22:57,Technical,True,4.91
9738-QLWTP,2024-05-30 07:22:40,Service Outage,True,3.81
9739-JLPQJ,2024-05-31 07:12:11,General Inquiry,True,3.15
9741-YLNTD,2024-04-09 21:19:37,Billing,True,7.06
9741-YLNTD,2024-05-29 10:34:22,Account,True,11.04
9742-XOKTS,2024-06-13 15:46:09,General Inquiry,True,12.14
9743-DQKQW,2024-04-19 19:03:38,General Inquiry,True,6.24
9743-DQKQW,2024-05-17 12:10:55,Account,True,5.75
9746-MDMBK,2024-05-05 03:43:05,Service Outage,True,5.53
9746-YKGXB,2024-04-24 23:29:16,Technical,True,2.99
9746-YKGXB,2024-05-03 12:37:25,Service Outage,True,6.04
9746-YKGXB,2024-05-03 14:39:20,Technical,False,
9747-DDZOS,2024-04-21 06:30:59,Account,True,13.68
9747-DDZOS,2024-06-01 08:26:15,Billing,True,23.15
9750-BOOHV,2024-06-18 08:14:04,Technical,True,2.55
9752-ZNQUT,2024-04-23 10:37:23,General Inquiry,True,13.17
9752-ZNQUT,2024-04-26 09:52:09,General Inquiry,True,5.31
9752-ZNQUT,2024-04-30 14:33:50,Service Outage,True,5.51
9752-ZNQUT,2024-05-21 16:26:14,Account,True,5.72
9752-ZNQUT,2024-06-01 17:59:54,Account,True,12.42
9754-CLVZW,2024-04-15 08:33:14,Service Outage,True,4.38
9754-CLVZW,2024-06-01 23:53:27,Account,True,3.03
9755-JHNMN,2024-04-30 08:48:03,General Inquiry,False,
9755-JHNMN,2024-05-02 23:59:15,Account,True,29.15
9755-JHNMN,2024-05-20 06:13:58,General Inquiry,True,16.86
9755-JHNMN,2024-06-04 03:05:39,Technical,True,24.94
9758-MFWGD,2024-04-22 16:40:28,Technical,True,8.04
9758-MFWGD,2024-05-09 07:24:11,Technical,True,6.5
9761-XUJWD,2024-04-28 16:33:10,Billing,True,4.59
9761-XUJWD,2024-06-09 08:11:05,General Inquiry,True,6.44
9761-XUJWD,2024-06-26 19:42:48,General Inquiry,True,8.02
9761-XUJWD,2024-06-29 15:48:45,General Inquiry,True,12.25
9762-YAQAA,2024-04-22 08:00:15,Technical,True,13.84
9762-YAQAA,2024-06-08 12:55:44,Billing,True,2.92
9762-YAQAA,2024-06-20 07:34:36,Billing,True,8.17
9763-GRSKD,2024-04-17 08:48:10,Account,True,5.67
9763-GRSKD,2024-04-17 17:21:25,Billing,True,4.31
9763-GRSKD,2024-05-09 07:05:57,Technical,True,5.52
9763-GRSKD,2024-06-02 06:12:27,Service Outage,True,3.36
9763-GRSKD,2024-06-06 03:31:30,Technical,True,4.06
9763-PDTKK,2024-05-17 01:19:39,General Inquiry,True,21.53
9763-PDTKK,2024-06-21 13:03:02,Service Outage,False,
9764-REAFF,2024-04-22 02:25:09,Billing,True,6.59
9764-REAFF,2024-05-01 22:44:02,Service Outage,True,12.88
9764-REAFF,2024-05-15 10:35:28,Service Outage,True,8.49
9767-FFLEM,2024-04-20 10:48:35,Technical,True,9.19
9767-FFLEM,2024-05-24 12:14:54,Service Outage,True,5.03
9767-FFLEM,2024-05-27 19:14:28,Service Outage,True,9.97
9769-TSBZE,2024-06-13 15:06:36,Billing,True,13.88
9770-KXGQU,2024-06-15 10:46:27,Technical,False,
9770-LXDBK,2024-06-02 01:24:57,Technical,True,2.94
9773-PEQBZ,2024-04-09 00:00:07,Account,True,19.98
9773-PEQBZ,2024-06-02 10:28:01,Service Outage,True,4.94
9774-NRNAU,2024-06-01 05:22:49,Technical,True,6.97
9776-CLUJA,2024-05-15 05:57:59,General Inquiry,True,15.74
9776-CLUJA,2024-06-21 07:40:25,Technical,False,
9776-OJUZI,2024-06-06 21:34:23,Service Outage,True,9.15
9776-OJUZI,2024-06-21 05:42:53,General Inquiry,True,5.72
9777-IQHWP,2024-04-24 05:49:13,Account,True,3.24
9777-WJJPR,2024-06-04 01:04:23,General Inquiry,True,7.76
9777-WJJPR,2024-06-17 00:52:32,Billing,True,4.08
9777-WJJPR,2024-06-28 01:30:40,General Inquiry,True,1.6
9779-DPNEJ,2024-05-13 01:42:03,General Inquiry,True,2.15
9779-DPNEJ,2024-05-29 08:35:58,General Inquiry,True,14.92
9779-DPNEJ,2024-06-07 01:44:13,Account,True,4.62
9779-DPNEJ,2024-06-23 11:10:58,Service Outage,False,
9780-FKVVF,2024-04-13 23:32:04,General Inquiry,True,2.83
9780-FKVVF,2024-05-27 03:34:21,Billing,True,10.23
9780-FKVVF,2024-06-15 20:57:16,Technical,False,
9780-FKVVF,2024-06-17 23:06:17,Billing,True,3.33
9782-LGXMC,2024-06-24 19:16:26,Account,True,13.71
9786-IJYDL,2024-05-14 02:57:43,Billing,True,5.03
9786-IJYDL,2024-06-09 16:43:23,Service Outage,True,27.33
9786-YWNHU,2024-06-13 18:20:27,General Inquiry,True,3.09
9787-XVQIU,2024-04-12 03:59:00,Billing,False,
9787-XVQIU,2024-04-13 06:30:23,Technical,False,
9787-XVQIU,2024-06-01 18:56:02,Account,True,24.4
9787-XVQIU,2024-06-02 11:37:39,Technical,False,
9787-XVQIU,2024-06-05 17:51:04,Billing,False,
9788-HNGUT,2024-06-19 20:47:30,Billing,False,
9793-WECQC,2024-04-14 10:06:43,Account,True,2.13
9793-WECQC,2024-04-19 09:17:37,Account,True,4.06
9793-WECQC,2024-05-15 14:23:05,Account,True,6.03
9793-WECQC,2024-05-17 18:28:38,Technical,False,
9793-WECQC,2024-06-08 18:02:38,General Inquiry,True,11.42
9795-NREXC,2024-06-15 03:13:11,Billing,True,3.78
9795-NREXC,2024-06-15 03:40:39,Service Outage,True,5.79
9795-SHUHB,2024-04-13 03:43:21,Account,True,4.2
9795-SHUHB,2024-04-18 19:51:44,Technical,True,4.82
9795-VOWON,2024-04-04 06:48:10,General Inquiry,True,4.84
9795-VOWON,2024-04-12 04:08:37,Billing,True,10.06
9795-VOWON,2024-06-20 02:13:58,Billing,True,6.96
9796-BPKIW,2024-04-10 20:46:57,Service Outage,True,4.19
9796-BPKIW,2024-04-13 19:27:51,Technical,True,11.54
9796-BPKIW,2024-05-05 18:41:36,Service Outage,False,
9796-BPKIW,2024-05-16 18:41:55,Technical,True,2.12
9796-MVYXX,2024-04-20 13:01:27,Technical,True,18.3
9796-MVYXX,2024-06-24 08:40:31,Billing,True,5.6
9798-DRYDS,2024-06-11 05:12:40,Technical,True,4.06
9798-OPFEM,2024-06-09 23:02:43,General Inquiry,True,2.1
9799-CAYJJ,2024-04-10 19:54:21,Billing,True,3.05
9799-CAYJJ,2024-04-16 04:32:33,Billing,True,6.09
9799-CAYJJ,2024-06-26 15:52:15,Billing,True,3.44
9800-ONTFE,2024-04-05 03:19:38,General Inquiry,True,2.81
9800-ONTFE,2024-04-11 21:20:34,Service Outage,True,9.42
9800-ONTFE,2024-05-20 15:59:21,Service Outage,True,3.29
9800-ONTFE,2024-05-31 02:43:48,General Inquiry,True,10.09
9800-ONTFE,2024-06-23 23:43:50,Technical,True,12.11
9801-GDWGV,2024-04-13 04:15:35,General Inquiry,True,40.65
9801-GDWGV,2024-05-17 15:55:17,Billing,True,20.38
9801-GDWGV,2024-06-02 09:38:33,Technical,True,12.67
9801-NOSHQ,2024-05-27 10:24:49,General Inquiry,True,4.43
9802-CAQUT,2024-05-13 01:21:53,Billing,True,7.34
9802-CAQUT,2024-05-30 05:36:00,Billing,False,
9803-FTJCG,2024-06-06 19:03:35,Service Outage,True,7.51
9804-ICWBG,2024-05-08 23:47:20,Service Outage,True,14.87
9804-ICWBG,2024-05-17 23:58:23,Account,True,73.38
9804-ICWBG,2024-05-21 15:39:27,General Inquiry,True,58.61
9804-ICWBG,2024-06-13 10:23:41,Technical,False,
9805-FILKB,2024-05-11 23:38:46,Account,False,
9809-IMGCQ,2024-06-12 22:19:14,Technical,False,
9812-GHVRI,2024-04-19 16:44:22,Billing,True,6.64
9819-FBNSV,2024-05-07 13:36:32,Service Outage,True,3.91
9819-FBNSV,2024-05-13 20:14:06,General Inquiry,True,1.84
9819-FBNSV,2024-05-15 21:30:39,Service Outage,True,6.17
9819-FBNSV,2024-05-30 17:46:44,Billing,True,7.57
9819-FBNSV,2024-06-30 13:10:29,Billing,True,7.41
9820-RMCQV,2024-04-15 09:36:50,Billing,True,23.87
9820-RMCQV,2024-04-30 14:08:54,General Inquiry,True,15.14
9820-RMCQV,2024-05-23 11:58:34,General Inquiry,False,
9821-BESNZ,2024-04-03 03:20:43,Technical,True,18.73
9821-BESNZ,2024-05-14 12:55:59,Service Outage,True,3.66
9821-POOTN,2024-05-18 16:01:21,Technical,True,39.23
9822-BIIGN,2024-05-18 16:57:19,Service Outage,True,10.21
9822-BIIGN,2024-06-08 23:16:21,Service Outage,True,4.65
9822-BIIGN,2024-06-21 04:18:50,Technical,True,4.27
9822-OAOVB,2024-05-28 20:13:55,Account,False,
9822-OAOVB,2024-06-07 14:17:04,Service Outage,True,6.45
9822-WMWVG,2024-06-20 14:02:27,General Inquiry,True,10.92
9823-EALYC,2024-05-03 05:01:47,Service Outage,False,
9824-BEMCV,2024-04-07 07:31:05,Billing,True,28.77
9824-BEMCV,2024-05-15 09:39:06,General Inquiry,False,
9824-BEMCV,2024-06-21 13:41:39,Service Outage,False,
9824-QCJPK,2024-04-04 03:08:48,Service Outage,True,4.06
9825-YCXWZ,2024-05-23 16:24:28,Service Outage,True,10.99
9828-AOQLM,2024-04-08 18:31:47,Service Outage,True,32.43
9828-AOQLM,2024-06-11 10:15:15,General Inquiry,False,
9828-AOQLM,2024-06-14 05:00:59,Billing,False,
9828-QHFBK,2024-04-06 17:47:32,Account,True,44.86
9828-QHFBK,2024-04-21 09:25:21,General Inquiry,True,4.84
9828-QHFBK,2024-05-22 18:08:53,Account,True,8.44
9828-QHFBK,2024-06-14 19:32:27,Billing,True,8.05
9830-ECLEN,2024-04-02 18:03:50,Service Outage,False,
9830-ECLEN,2024-06-02 21:52:39,Billing,True,10.72
9831-BPFRI,2024-04-04 12:06:25,Account,False,
9833-TGFHX,2024-04-27 02:13:25,Technical,True,5.98
9833-TGFHX,2024-05-19 04:00:36,Technical,True,6.68
9833-TGFHX,2024-05-29 13:23:13,Account,True,10.35
9833-TGFHX,2024-06-20 02:41:40,General Inquiry,True,2.82
9833-TGFHX,2024-06-25 12:05:46,Billing,True,9.65
9837-BMCLM,2024-04-23 14:29:28,Billing,True,28.93
9837-BMCLM,2024-06-10 05:24:56,Billing,False,
9837-BMCLM,2024-06-11 12:49:05,General Inquiry,False,
9837-FWLCH,2024-05-04 23:31:50,Account,True,19.14
9837-FWLCH,2024-05-05 22:48:49,Account,True,7.85
9837-FWLCH,2024-05-18 01:54:48,Technical,True,5.04
9838-BFCQT,2024-06-14 23:59:05,General Inquiry,True,18.78
9839-ETQOE,2024-04-11 09:26:04,Technical,True,9.35
9839-ETQOE,2024-05-11 03:20:58,General Inquiry,False,
9839-ETQOE,2024-06-10 01:33:26,Account,True,21.54
9839-ETQOE,2024-06-11 15:18:06,Billing,True,4.79
9839-ETQOE,2024-06-22 01:48:52,Service Outage,True,4.03
9840-DVNDC,2024-04-09 08:03:25,Account,False,
9840-DVNDC,2024-04-10 05:51:55,Account,False,
9840-DVNDC,2024-05-07 05:14:03,Service Outage,True,41.85
9840-DVNDC,2024-06-21 17:22:40,General Inquiry,True,138.82
9840-EFJQB,2024-04-14 07:38:03,General Inquiry,True,5.58
9840-EFJQB,2024-05-13 02:55:41,General Inquiry,False,
9840-EFJQB,2024-06-07 11:09:37,Billing,True,26.39
9840-EFJQB,2024-06-16 21:25:04,Account,True,3.5
9840-EFJQB,2024-06-28 19:35:12,Billing,True,2.16
9842-EFSYY,2024-04-14 18:28:06,Service Outage,True,7.62
9842-EFSYY,2024-04-21 04:00:35,Billing,True,5.57
9845-PEEKO,2024-04-26 04:24:21,Service Outage,True,5.16
9845-PEEKO,2024-06-04 16:04:58,Service Outage,True,10.92
9846-GKXAS,2024-04-30 05:21:34,Service Outage,False,
9846-GKXAS,2024-06-08 04:28:04,Billing,True,19.51
9846-GKXAS,2024-06-11 20:23:16,Billing,True,11.25
9848-JQJTX,2024-05-23 10:57:44,Technical,True,2.96
9848-JQJTX,2024-06-16 11:38:41,Technical,True,2.44
9850-OWRHQ,2024-05-11 22:10:45,General Inquiry,False,
9850-OWRHQ,2024-05-22 18:19:18,Account,False,
9850-OWRHQ,2024-06-14 17:38:38,Technical,False,
9851-KIELU,2024-06-29 22:11:07,General Inquiry,True,38.04
9851-QXEEQ,2024-05-12 16:56:56,Account,False,
9861-PDSZP,2024-05-24 11:34:07,Billing,True,10.38
9861-PDSZP,2024-05-28 17:47:04,General Inquiry,True,8.83
9861-PDSZP,2024-06-09 07:05:45,General Inquiry,False,
9861-PDSZP,2024-06-16 19:47:00,General Inquiry,True,2.39
9862-KJTYK,2024-04-03 01:23:23,General Inquiry,True,6.43
9862-KJTYK,2024-04-10 19:54:32,Billing,True,13.63
9863-JZAIC,2024-04-21 15:20:25,Account,False,
9866-OCCKE,2024-06-05 01:06:23,Technical,True,2.26
9866-QEVEE,2024-04-19 21:24:47,Service Outage,True,23.66
9867-JCZSP,2024-04-09 02:14:00,Technical,False,
9867-JCZSP,2024-04-10 19:43:47,Service Outage,True,4.95
9867-JCZSP,2024-04-18 09:16:08,Service Outage,True,7.11
9867-JCZSP,2024-04-22 13:54:08,Account,True,11.8
9867-XOBQA,2024-04-28 15:45:32,Technical,False,
9867-XOBQA,2024-05-05 23:02:53,General Inquiry,True,8.32
9867-XOBQA,2024-06-04 23:26:22,Billing,True,4.55
9867-XOBQA,2024-06-11 19:11:41,Service Outage,True,4.56
9867-XOBQA,2024-06-20 09:25:44,Service Outage,True,4.9
9871-ELEYA,2024-05-02 02:26:01,Billing,True,5.77
9871-ELEYA,2024-06-09 22:25:13,Billing,True,7.85
9873-MNDKV,2024-04-02 01:50:03,Technical,True,8.7
9873-MNDKV,2024-05-05 09:47:52,Service Outage,True,22.96
9873-MNDKV,2024-06-08 05:15:09,Technical,True,9.99
9873-MNDKV,2024-06-25 02:44:06,General Inquiry,True,7.89
9874-QLCLH,2024-04-11 00:42:04,Service Outage,True,30.26
9874-QLCLH,2024-04-16 00:28:45,Billing,True,36.75
9874-QLCLH,2024-04-26 15:33:53,Technical,True,20.92
9874-QLCLH,2024-06-04 22:53:18,Technical,True,40.8
9878-TNQGW,2024-04-09 07:31:37,Service Outage,True,25.69
9878-TNQGW,2024-05-07 18:08:58,Billing,True,58.85
9880-TDQAC,2024-04-06 04:18:51,Service Outage,True,7.99
9880-TDQAC,2024-06-06 10:56:36,General Inquiry,True,3.97
9881-VCZEP,2024-05-20 23:01:38,Technical,True,6.18
9881-VCZEP,2024-06-24 13:11:09,Service Outage,True,3.72
9885-AIBVB,2024-05-14 05:40:50,Account,True,9.02
9885-AIBVB,2024-05-15 12:51:29,Technical,True,1.36
9885-AIBVB,2024-06-19 09:53:13,General Inquiry,False,
9885-CSMWE,2024-06-23 17:49:13,Service Outage,True,25.55
9888-ZCUMM,2024-05-15 21:41:25,Service Outage,True,6.25
9888-ZCUMM,2024-06-13 19:46:45,Technical,True,5.11
9891-NQDBD,2024-05-13 07:00:24,General Inquiry,True,5.21
9894-EZEWG,2024-04-17 21:30:23,Technical,True,43.23
9894-EZEWG,2024-04-22 17:55:41,Billing,True,36.94
9894-EZEWG,2024-05-23 11:19:18,Billing,True,21.53
9894-EZEWG,2024-06-14 06:29:21,Service Outage,True,51.81
9894-QMIMJ,2024-04-07 11:18:54,Service Outage,True,8.19
9896-UYMIE,2024-04-30 11:45:37,Account,True,7.2
9896-UYMIE,2024-05-19 13:35:32,Service Outage,True,6.47
9897-KXHCM,2024-04-17 17:44:29,Service Outage,True,4.8
9897-KXHCM,2024-04-24 05:00:37,Account,True,13.35
9897-KXHCM,2024-06-22 01:39:21,Billing,True,6.76
9898-KZQDZ,2024-05-01 12:28:50,Technical,False,
9898-KZQDZ,2024-05-19 02:11:21,Account,True,15.29
9898-KZQDZ,2024-05-29 20:00:42,Account,True,48.45
9903-LYSAB,2024-05-02 10:13:05,General Inquiry,True,11.96
9903-LYSAB,2024-05-12 22:06:16,Service Outage,True,10.86
9904-EHEVJ,2024-04-05 09:21:02,Technical,False,
9904-EHEVJ,2024-04-12 21:48:57,Account,True,5.22
9904-EHEVJ,2024-06-22 17:30:52,Account,True,4.87
9906-NHHVC,2024-06-27 09:22:30,Account,True,12.14
9907-SWKKF,2024-04-10 18:46:17,Service Outage,False,
9909-DFRJA,2024-04-24 16:49:40,Technical,True,7.4
9909-DFRJA,2024-04-26 19:33:40,Billing,True,5.28
9909-IDLEK,2024-05-02 14:27:05,Billing,True,2.61
9909-IDLEK,2024-05-10 14:59:17,Account,True,6.54
9909-IDLEK,2024-06-29 21:56:20,Technical,True,6.52
9912-GVSEQ,2024-04-09 10:34:04,Account,False,
9912-GVSEQ,2024-04-16 15:04:46,Billing,False,
9912-GVSEQ,2024-05-01 11:38:03,Technical,False,
9912-OMZDS,2024-04-09 02:28:02,Technical,True,9.27
9912-OMZDS,2024-06-12 00:09:13,General Inquiry,True,3.65
9916-AYHTC,2024-05-02 03:52:42,Billing,True,6.14
9916-AYHTC,2024-06-11 23:45:49,Technical,True,5.55
9917-KWRBE,2024-04-12 09:36:48,Billing,True,9.07
9917-KWRBE,2024-06-05 03:16:18,Service Outage,True,9.07
9917-KWRBE,2024-06-17 12:11:00,General Inquiry,True,4.66
9919-FZDED,2024-06-23 21:21:30,Account,True,6.24
9919-KNPOO,2024-06-01 11:43:23,Account,True,4.61
9919-KNPOO,2024-06-26 17:14:39,General Inquiry,True,20.83
9919-YLNNG,2024-04-13 05:16:38,General Inquiry,True,7.07
9919-YLNNG,2024-06-17 05:28:13,Technical,True,2.81
9921-EZKBY,2024-05-03 09:56:59,Account,True,19.26
9921-EZKBY,2024-05-20 10:24:19,Billing,False,
9921-EZKBY,2024-06-17 03:07:04,Service Outage,True,6.02
9921-QFQUL,2024-04-15 07:16:39,Service Outage,True,9.48
9921-QFQUL,2024-06-28 16:56:37,Service Outage,False,
9921-ZVRHG,2024-04-21 03:07:25,Billing,False,
9921-ZVRHG,2024-05-28 11:46:17,Technical,True,62.81
9926-PJHDQ,2024-04-20 18:22:18,Service Outage,True,8.33
9926-PJHDQ,2024-05-18 06:48:58,General Inquiry,True,6.32
9927-DSWDF,2024-06-12 16:43:22,Technical,True,4.34
9929-PLVPA,2024-04-28 13:45:49,Service Outage,True,12.47
9931-DCEZH,2024-04-23 22:03:18,Account,True,9.83
9931-KGHOA,2024-04-13 15:20:23,Technical,True,3.94
9931-KGHOA,2024-04-15 09:40:14,Billing,True,1.89
9931-KGHOA,2024-05-19 12:32:44,Billing,True,5.76
9932-WBWIK,2024-06-13 03:42:20,Service Outage,True,8.62
9933-QRGTX,2024-06-18 20:36:04,General Inquiry,True,6.27
9938-EKRGF,2024-05-28 17:19:53,Account,True,4.9
9938-PRCVK,2024-04-26 12:35:21,Technical,True,4.4
9938-PRCVK,2024-05-03 01:41:52,Service Outage,True,1.34
9938-PRCVK,2024-05-31 22:30:12,Account,True,4.91
9938-PRCVK,2024-06-01 10:19:02,Billing,True,5.68
9938-TKDGL,2024-04-18 01:53:56,Technical,True,8.51
9938-TKDGL,2024-06-27 16:37:50,Billing,True,5.51
9938-ZREHM,2024-06-13 11:36:14,General Inquiry,True,11.14
9940-HPQPG,2024-06-05 20:49:28,Service Outage,True,28.22
9940-HPQPG,2024-06-08 02:44:47,Service Outage,False,
9940-HPQPG,2024-06-09 08:02:08,Service Outage,True,25.94
9940-HPQPG,2024-06-25 14:00:45,Service Outage,True,17.14
9940-HPQPG,2024-06-29 19:56:59,Service Outage,True,22.13
9940-RHLFB,2024-05-23 05:13:57,General Inquiry,False,
9940-RHLFB,2024-06-01 02:52:21,Technical,True,19.3
9943-VSZUV,2024-04-06 07:05:40,Billing,True,6.15
9943-VSZUV,2024-05-14 04:54:01,General Inquiry,False,
9943-VSZUV,2024-05-24 11:17:57,Technical,True,7.65
9943-VSZUV,2024-06-16 00:48:24,Billing,True,10.83
9943-VSZUV,2024-06-25 13:49:47,Service Outage,True,6.42
9944-AEXBM,2024-04-26 02:09:41,Service Outage,True,11.13
9944-AEXBM,2024-06-01 03:20:06,Service Outage,True,6.39
9944-AEXBM,2024-06-01 21:23:57,Billing,True,5.68
9944-AEXBM,2024-06-09 04:23:37,General Inquiry,True,8.37
9944-HKVVB,2024-04-05 09:40:24,Service Outage,True,17.25
9944-HKVVB,2024-06-19 14:18:12,Service Outage,False,
9945-PSVIP,2024-04-13 10:29:54,Technical,True,4.07
9947-OTFQU,2024-04-08 00:43:07,Technical,True,6.88
9947-OTFQU,2024-06-03 07:22:18,Service Outage,True,20.6
9947-OTFQU,2024-06-18 08:15:12,Billing,True,16.02
9948-YPTDG,2024-04-08 01:21:58,Service Outage,True,49.37
9948-YPTDG,2024-04-19 11:37:53,Service Outage,True,45.63
9948-YPTDG,2024-05-05 22:05:56,Billing,False,
9957-YODKZ,2024-04-06 04:47:42,Technical,True,3.96
9957-YODKZ,2024-06-21 07:44:53,Account,True,5.27
9958-MEKUC,2024-05-01 10:43:20,General Inquiry,True,12.23
9959-WOFKT,2024-05-28 15:00:03,Service Outage,True,1.89
9961-JBNMK,2024-04-08 18:47:31,Service Outage,True,15.13
9961-JBNMK,2024-05-19 15:07:05,Billing,True,19.69
9961-JBNMK,2024-05-24 00:56:44,General Inquiry,True,19.49
9961-JBNMK,2024-06-03 08:23:37,Billing,False,
9961-JBNMK,2024-06-03 18:28:33,General Inquiry,True,21.62
9962-BFPDU,2024-05-25 08:35:00,Technical,False,
9962-BFPDU,2024-06-25 23:01:53,General Inquiry,True,4.23
9962-BFPDU,2024-06-28 15:38:29,General Inquiry,True,10.28
9965-YOKZB,2024-06-15 02:56:36,Service Outage,True,8.55
9965-YOKZB,2024-06-28 20:20:20,Account,False,
9967-ATRFS,2024-05-12 07:19:19,General Inquiry,True,3.01
9968-FFVVH,2024-05-14 11:47:15,Service Outage,True,8.06
9968-FFVVH,2024-05-20 13:09:10,Service Outage,True,6.16
9968-FFVVH,2024-06-12 10:05:32,Account,True,9.65
9968-FFVVH,2024-06-21 09:44:16,Account,True,2.85
9970-QBCDA,2024-06-16 03:04:44,Technical,True,20.5
9972-EWRJS,2024-05-05 07:27:58,Account,True,16.78
9972-NKTFD,2024-06-01 08:58:31,Service Outage,True,1.9
9972-VAFJJ,2024-05-02 03:59:53,Account,True,4.79
9974-JFBHQ,2024-05-10 09:47:15,Account,True,2.01
9974-JFBHQ,2024-05-16 12:47:17,Billing,True,7.83
9974-JFBHQ,2024-05-25 04:18:32,Account,True,8.51
9978-HYCIN,2024-04-02 01:28:17,Account,False,
9978-HYCIN,2024-04-09 07:21:20,Account,True,14.5
9978-HYCIN,2024-06-26 08:44:59,Account,False,
9979-RGMZT,2024-06-17 13:41:32,Technical,True,2.39
9985-MWVIX,2024-04-02 08:45:39,Technical,False,
9985-MWVIX,2024-04-09 17:28:08,Technical,True,26.25
9985-MWVIX,2024-05-17 17:12:43,Technical,True,15.97
9985-MWVIX,2024-06-21 22:53:52,Service Outage,False,
9986-BONCE,2024-06-13 13:00:08,General Inquiry,False,
9987-LUTYD,2024-05-03 11:04:13,Account,True,3.45
9992-RRAMN,2024-04-06 03:39:04,Service Outage,False,
9992-UJOEL,2024-05-17 05:48:17,Account,True,2.16
9992-UJOEL,2024-06-23 02:22:02,Billing,True,8.74
9993-LHIEB,2024-04-02 22:55:40,General Inquiry,True,15.8
9995-HOTOH,2024-06-10 20:44:50,Account,True,3.13
